timestamp,live_pose_0,live_pose_1,live_pose_2,live_pose_3,live_pose_4,live_pose_5,live_pose_6,live_pose_7,live_pose_8,live_pose_9,live_pose_10,live_pose_11,live_pose_12,live_pose_13,live_pose_14,live_pose_15,linear_m,angular_deg
1782485575.507579,0.724609,-0.203368,0.658438,0.500723,0.314418,0.947785,-0.053291,0.222009,-0.613220,0.245651,0.750717,-0.522925,0.000000,0.000000,0.000000,1.000000,0.11441667033580945,49.69893242641134
1782485575.543223,0.724609,-0.203368,0.658438,0.500723,0.314418,0.947785,-0.053291,0.222009,-0.613220,0.245651,0.750717,-0.522925,0.000000,0.000000,0.000000,1.000000,0.11441667033580945,49.69893242641134
1782485575.578307,0.724609,-0.203368,0.658438,0.500723,0.314418,0.947785,-0.053291,0.222009,-0.613220,0.245651,0.750717,-0.522925,0.000000,0.000000,0.000000,1.000000,0.11441667033580945,49.69893242641134
1782485575.613908,0.724609,-0.203368,0.658438,0.500723,0.314418,0.947785,-0.053291,0.222009,-0.613220,0.245651,0.750717,-0.522925,0.000000,0.000000,0.000000,1.000000,0.11441667033580945,49.69893242641134
1782485575.648889,0.724609,-0.203368,0.658438,0.500723,0.314418,0.947785,-0.053291,0.222009,-0.613220,0.245651,0.750717,-0.522925,0.000000,0.000000,0.000000,1.000000,0.11441667033580945,49.69893242641134
1782485575.684326,0.724609,-0.203368,0.658438,0.500723,0.314418,0.947785,-0.053291,0.222009,-0.613220,0.245651,0.750717,-0.522925,0.000000,0.000000,0.000000,1.000000,0.11441667033580945,49.69893242641134
1782485575.720094,0.724609,-0.203368,0.658438,0.500723,0.314418,0.947785,-0.053291,0.222009,-0.613220,0.245651,0.750717,-0.522925,0.000000,0.000000,0.000000,1.000000,0.11441667033580945,49.69893242641134
1782485575.755587,0.724609,-0.203368,0.658438,0.500723,0.314418,0.947785,-0.053291,0.222009,-0.613220,0.245651,0.750717,-0.522925,0.000000,0.000000,0.000000,1.000000,0.11441667033580945,49.69893242641134
1782485575.790947,0.724609,-0.203368,0.658438,0.500723,0.314418,0.947785,-0.053291,0.222009,-0.613220,0.245651,0.750717,-0.522925,0.000000,0.000000,0.000000,1.000000,0.11441667033580945,49.69893242641134
1782485575.826504,0.724609,-0.203368,0.658438,0.500723,0.314418,0.947785,-0.053291,0.222009,-0.613220,0.245651,0.750717,-0.522925,0.000000,0.000000,0.000000,1.000000,0.11441667033580945,49.69893242641134
1782485575.862095,0.724609,-0.203368,0.658438,0.500723,0.314418,0.947785,-0.053291,0.222009,-0.613220,0.245651,0.750717,-0.522925,0.000000,0.000000,0.000000,1.000000,0.11441667033580945,49.69893242641134
1782485575.897649,0.724609,-0.203368,0.658438,0.500723,0.314418,0.947785,-0.053291,0.222009,-0.613220,0.245651,0.750717,-0.522925,0.000000,0.000000,0.000000,1.000000,0.11441667033580945,49.69893242641134
1782485575.933246,0.724609,-0.203368,0.658438,0.500723,0.314418,0.947785,-0.053291,0.222009,-0.613220,0.245651,0.750717,-0.522925,0.000000,0.000000,0.000000,1.000000,0.11441667033580945,49.69893242641134
1782485575.968602,0.724609,-0.203368,0.658438,0.500723,0.314418,0.947785,-0.053291,0.222009,-0.613220,0.245651,0.750717,-0.522925,0.000000,0.000000,0.000000,1.000000,0.11441667033580945,49.69893242641134
1782485576.004724,0.724609,-0.203368,0.658438,0.500723,0.314418,0.947785,-0.053291,0.222009,-0.613220,0.245651,0.750717,-0.522925,0.000000,0.000000,0.000000,1.000000,0.11441667033580945,49.69893242641134
1782485576.040841,0.724609,-0.203368,0.658438,0.500723,0.314418,0.947785,-0.053291,0.222009,-0.613220,0.245651,0.750717,-0.522925,0.000000,0.000000,0.000000,1.000000,0.11441667033580945,49.69893242641134
1782485576.076565,0.724609,-0.203368,0.658438,0.500723,0.314418,0.947785,-0.053291,0.222009,-0.613220,0.245651,0.750717,-0.522925,0.000000,0.000000,0.000000,1.000000,0.11441667033580945,49.69893242641134
1782485576.112258,0.724609,-0.203368,0.658438,0.500723,0.314418,0.947785,-0.053291,0.222009,-0.613220,0.245651,0.750717,-0.522925,0.000000,0.000000,0.000000,1.000000,0.11441667033580945,49.69893242641134
1782485576.147795,0.724609,-0.203368,0.658438,0.500723,0.314418,0.947785,-0.053291,0.222009,-0.613220,0.245651,0.750717,-0.522925,0.000000,0.000000,0.000000,1.000000,0.11441667033580945,49.69893242641134
1782485576.183119,0.724609,-0.203368,0.658438,0.500723,0.314418,0.947785,-0.053291,0.222009,-0.613220,0.245651,0.750717,-0.522925,0.000000,0.000000,0.000000,1.000000,0.11441667033580945,49.69893242641134
1782485576.218779,0.724609,-0.203368,0.658438,0.500723,0.314418,0.947785,-0.053291,0.222009,-0.613220,0.245651,0.750717,-0.522925,0.000000,0.000000,0.000000,1.000000,0.11441667033580945,49.69893242641134
1782485576.254142,0.724609,-0.203368,0.658438,0.500723,0.314418,0.947785,-0.053291,0.222009,-0.613220,0.245651,0.750717,-0.522925,0.000000,0.000000,0.000000,1.000000,0.11441667033580945,49.69893242641134
1782485576.289532,0.724609,-0.203368,0.658438,0.500723,0.314418,0.947785,-0.053291,0.222009,-0.613220,0.245651,0.750717,-0.522925,0.000000,0.000000,0.000000,1.000000,0.11441667033580945,49.69893242641134
1782485576.325120,0.724609,-0.203368,0.658438,0.500723,0.314418,0.947785,-0.053291,0.222009,-0.613220,0.245651,0.750717,-0.522925,0.000000,0.000000,0.000000,1.000000,0.11441667033580945,49.69893242641134
1782485576.360750,0.724609,-0.203368,0.658438,0.500723,0.314418,0.947785,-0.053291,0.222009,-0.613220,0.245651,0.750717,-0.522925,0.000000,0.000000,0.000000,1.000000,0.11441667033580945,49.69893242641134
1782485576.396494,0.724609,-0.203368,0.658438,0.500723,0.314418,0.947785,-0.053291,0.222009,-0.613220,0.245651,0.750717,-0.522925,0.000000,0.000000,0.000000,1.000000,0.11441667033580945,49.69893242641134
1782485576.431724,0.724609,-0.203368,0.658438,0.500723,0.314418,0.947785,-0.053291,0.222009,-0.613220,0.245651,0.750717,-0.522925,0.000000,0.000000,0.000000,1.000000,0.11441667033580945,49.69893242641134
1782485576.467470,0.724609,-0.203368,0.658438,0.500723,0.314418,0.947785,-0.053291,0.222009,-0.613220,0.245651,0.750717,-0.522925,0.000000,0.000000,0.000000,1.000000,0.11441667033580945,49.69893242641134
1782485576.503165,0.724609,-0.203368,0.658438,0.500723,0.314418,0.947785,-0.053291,0.222009,-0.613220,0.245651,0.750717,-0.522925,0.000000,0.000000,0.000000,1.000000,0.11441667033580945,49.69893242641134
1782485576.539108,0.724609,-0.203368,0.658438,0.500723,0.314418,0.947785,-0.053291,0.222009,-0.613220,0.245651,0.750717,-0.522925,0.000000,0.000000,0.000000,1.000000,0.11441667033580945,49.69893242641134
1782485576.574721,0.724609,-0.203368,0.658438,0.500723,0.314418,0.947785,-0.053291,0.222009,-0.613220,0.245651,0.750717,-0.522925,0.000000,0.000000,0.000000,1.000000,0.11441667033580945,49.69893242641134
1782485576.609837,0.724609,-0.203368,0.658438,0.500723,0.314418,0.947785,-0.053291,0.222009,-0.613220,0.245651,0.750717,-0.522925,0.000000,0.000000,0.000000,1.000000,0.11441667033580945,49.69893242641134
1782485576.645413,0.724609,-0.203368,0.658438,0.500723,0.314418,0.947785,-0.053291,0.222009,-0.613220,0.245651,0.750717,-0.522925,0.000000,0.000000,0.000000,1.000000,0.11441667033580945,49.69893242641134
1782485576.680649,0.724609,-0.203368,0.658438,0.500723,0.314418,0.947785,-0.053291,0.222009,-0.613220,0.245651,0.750717,-0.522925,0.000000,0.000000,0.000000,1.000000,0.11441667033580945,49.69893242641134
1782485576.716188,0.724609,-0.203368,0.658438,0.500723,0.314418,0.947785,-0.053291,0.222009,-0.613220,0.245651,0.750717,-0.522925,0.000000,0.000000,0.000000,1.000000,0.11441667033580945,49.69893242641134
1782485576.751734,0.724609,-0.203368,0.658438,0.500723,0.314418,0.947785,-0.053291,0.222009,-0.613220,0.245651,0.750717,-0.522925,0.000000,0.000000,0.000000,1.000000,0.11441667033580945,49.69893242641134
1782485576.787325,0.724609,-0.203368,0.658438,0.500723,0.314418,0.947785,-0.053291,0.222009,-0.613220,0.245651,0.750717,-0.522925,0.000000,0.000000,0.000000,1.000000,0.11441667033580945,49.69893242641134
1782485576.823264,0.724609,-0.203368,0.658438,0.500723,0.314418,0.947785,-0.053291,0.222009,-0.613220,0.245651,0.750717,-0.522925,0.000000,0.000000,0.000000,1.000000,0.11441667033580945,49.69893242641134
1782485576.858988,0.724609,-0.203368,0.658438,0.500723,0.314418,0.947785,-0.053291,0.222009,-0.613220,0.245651,0.750717,-0.522925,0.000000,0.000000,0.000000,1.000000,0.11441667033580945,49.69893242641134
1782485576.894855,0.724609,-0.203368,0.658438,0.500723,0.314418,0.947785,-0.053291,0.222009,-0.613220,0.245651,0.750717,-0.522925,0.000000,0.000000,0.000000,1.000000,0.11441667033580945,49.69893242641134
1782485576.930586,0.724609,-0.203368,0.658438,0.500723,0.314418,0.947785,-0.053291,0.222009,-0.613220,0.245651,0.750717,-0.522925,0.000000,0.000000,0.000000,1.000000,0.11441667033580945,49.69893242641134
1782485576.965653,0.724609,-0.203368,0.658438,0.500723,0.314418,0.947785,-0.053291,0.222009,-0.613220,0.245651,0.750717,-0.522925,0.000000,0.000000,0.000000,1.000000,0.11441667033580945,49.69893242641134
1782485577.001549,0.724609,-0.203368,0.658438,0.500723,0.314418,0.947785,-0.053291,0.222009,-0.613220,0.245651,0.750717,-0.522925,0.000000,0.000000,0.000000,1.000000,0.11441667033580945,49.69893242641134
1782485577.037477,0.724609,-0.203368,0.658438,0.500723,0.314418,0.947785,-0.053291,0.222009,-0.613220,0.245651,0.750717,-0.522925,0.000000,0.000000,0.000000,1.000000,0.11441667033580945,49.69893242641134
1782485577.072747,0.724609,-0.203368,0.658438,0.500723,0.314418,0.947785,-0.053291,0.222009,-0.613220,0.245651,0.750717,-0.522925,0.000000,0.000000,0.000000,1.000000,0.11441667033580945,49.69893242641134
1782485577.108652,0.724609,-0.203368,0.658438,0.500723,0.314418,0.947785,-0.053291,0.222009,-0.613220,0.245651,0.750717,-0.522925,0.000000,0.000000,0.000000,1.000000,0.11441667033580945,49.69893242641134
1782485577.144957,0.724609,-0.203368,0.658438,0.500723,0.314418,0.947785,-0.053291,0.222009,-0.613220,0.245651,0.750717,-0.522925,0.000000,0.000000,0.000000,1.000000,0.11441667033580945,49.69893242641134
1782485577.181067,0.724609,-0.203368,0.658438,0.500723,0.314418,0.947785,-0.053291,0.222009,-0.613220,0.245651,0.750717,-0.522925,0.000000,0.000000,0.000000,1.000000,0.11441667033580945,49.69893242641134
1782485577.216658,0.724609,-0.203368,0.658438,0.500723,0.314418,0.947785,-0.053291,0.222009,-0.613220,0.245651,0.750717,-0.522925,0.000000,0.000000,0.000000,1.000000,0.11441667033580945,49.69893242641134
1782485577.252211,0.724609,-0.203368,0.658438,0.500723,0.314418,0.947785,-0.053291,0.222009,-0.613220,0.245651,0.750717,-0.522925,0.000000,0.000000,0.000000,1.000000,0.11441667033580945,49.69893242641134
1782485577.288165,0.724609,-0.203368,0.658438,0.500723,0.314418,0.947785,-0.053291,0.222009,-0.613220,0.245651,0.750717,-0.522925,0.000000,0.000000,0.000000,1.000000,0.11441667033580945,49.69893242641134
1782485577.323633,0.724609,-0.203368,0.658438,0.500723,0.314418,0.947785,-0.053291,0.222009,-0.613220,0.245651,0.750717,-0.522925,0.000000,0.000000,0.000000,1.000000,0.11441667033580945,49.69893242641134
1782485577.359685,0.724609,-0.203368,0.658438,0.500723,0.314418,0.947785,-0.053291,0.222009,-0.613220,0.245651,0.750717,-0.522925,0.000000,0.000000,0.000000,1.000000,0.11441667033580945,49.69893242641134
1782485577.394306,0.724609,-0.203368,0.658438,0.500723,0.314418,0.947785,-0.053291,0.222009,-0.613220,0.245651,0.750717,-0.522925,0.000000,0.000000,0.000000,1.000000,0.11441667033580945,49.69893242641134
1782485577.429527,0.724609,-0.203368,0.658438,0.500723,0.314418,0.947785,-0.053291,0.222009,-0.613220,0.245651,0.750717,-0.522925,0.000000,0.000000,0.000000,1.000000,0.11441667033580945,49.69893242641134
1782485577.464697,0.724609,-0.203368,0.658438,0.500723,0.314418,0.947785,-0.053291,0.222009,-0.613220,0.245651,0.750717,-0.522925,0.000000,0.000000,0.000000,1.000000,0.11441667033580945,49.69893242641134
1782485577.499927,0.724609,-0.203368,0.658438,0.500723,0.314418,0.947785,-0.053291,0.222009,-0.613220,0.245651,0.750717,-0.522925,0.000000,0.000000,0.000000,1.000000,0.11441667033580945,49.69893242641134
1782485577.534561,0.724609,-0.203368,0.658438,0.500723,0.314418,0.947785,-0.053291,0.222009,-0.613220,0.245651,0.750717,-0.522925,0.000000,0.000000,0.000000,1.000000,0.11441667033580945,49.69893242641134
1782485577.569802,0.724609,-0.203368,0.658438,0.500723,0.314418,0.947785,-0.053291,0.222009,-0.613220,0.245651,0.750717,-0.522925,0.000000,0.000000,0.000000,1.000000,0.11441667033580945,49.69893242641134
1782485577.605064,0.724609,-0.203368,0.658438,0.500723,0.314418,0.947785,-0.053291,0.222009,-0.613220,0.245651,0.750717,-0.522925,0.000000,0.000000,0.000000,1.000000,0.11441667033580945,49.69893242641134
1782485577.640535,0.724609,-0.203368,0.658438,0.500723,0.314418,0.947785,-0.053291,0.222009,-0.613220,0.245651,0.750717,-0.522925,0.000000,0.000000,0.000000,1.000000,0.11441667033580945,49.69893242641134
1782485577.676345,0.724609,-0.203368,0.658438,0.500723,0.314418,0.947785,-0.053291,0.222009,-0.613220,0.245651,0.750717,-0.522925,0.000000,0.000000,0.000000,1.000000,0.11441667033580945,49.69893242641134
1782485577.711945,0.724609,-0.203368,0.658438,0.500723,0.314418,0.947785,-0.053291,0.222009,-0.613220,0.245651,0.750717,-0.522925,0.000000,0.000000,0.000000,1.000000,0.11441667033580945,49.69893242641134
1782485577.747564,0.724609,-0.203368,0.658438,0.500723,0.314418,0.947785,-0.053291,0.222009,-0.613220,0.245651,0.750717,-0.522925,0.000000,0.000000,0.000000,1.000000,0.11441667033580945,49.69893242641134
1782485577.783333,0.724609,-0.203368,0.658438,0.500723,0.314418,0.947785,-0.053291,0.222009,-0.613220,0.245651,0.750717,-0.522925,0.000000,0.000000,0.000000,1.000000,0.11441667033580945,49.69893242641134
1782485577.819050,0.724609,-0.203368,0.658438,0.500723,0.314418,0.947785,-0.053291,0.222009,-0.613220,0.245651,0.750717,-0.522925,0.000000,0.000000,0.000000,1.000000,0.11441667033580945,49.69893242641134
1782485577.854854,0.724609,-0.203368,0.658438,0.500723,0.314418,0.947785,-0.053291,0.222009,-0.613220,0.245651,0.750717,-0.522925,0.000000,0.000000,0.000000,1.000000,0.11441667033580945,49.69893242641134
1782485577.890951,0.724609,-0.203368,0.658438,0.500723,0.314418,0.947785,-0.053291,0.222009,-0.613220,0.245651,0.750717,-0.522925,0.000000,0.000000,0.000000,1.000000,0.11441667033580945,49.69893242641134
1782485577.926127,0.724609,-0.203368,0.658438,0.500723,0.314418,0.947785,-0.053291,0.222009,-0.613220,0.245651,0.750717,-0.522925,0.000000,0.000000,0.000000,1.000000,0.11441667033580945,49.69893242641134
1782485577.961980,0.724609,-0.203368,0.658438,0.500723,0.314418,0.947785,-0.053291,0.222009,-0.613220,0.245651,0.750717,-0.522925,0.000000,0.000000,0.000000,1.000000,0.11441667033580945,49.69893242641134
1782485577.997666,0.724609,-0.203368,0.658438,0.500723,0.314418,0.947785,-0.053291,0.222009,-0.613220,0.245651,0.750717,-0.522925,0.000000,0.000000,0.000000,1.000000,0.11441667033580945,49.69893242641134
1782485578.033247,0.724609,-0.203368,0.658438,0.500723,0.314418,0.947785,-0.053291,0.222009,-0.613220,0.245651,0.750717,-0.522925,0.000000,0.000000,0.000000,1.000000,0.11441667033580945,49.69893242641134
1782485578.068745,0.724609,-0.203368,0.658438,0.500723,0.314418,0.947785,-0.053291,0.222009,-0.613220,0.245651,0.750717,-0.522925,0.000000,0.000000,0.000000,1.000000,0.11441667033580945,49.69893242641134
1782485578.104301,0.724609,-0.203368,0.658438,0.500723,0.314418,0.947785,-0.053291,0.222009,-0.613220,0.245651,0.750717,-0.522925,0.000000,0.000000,0.000000,1.000000,0.11441667033580945,49.69893242641134
1782485578.139767,0.724609,-0.203368,0.658438,0.500723,0.314418,0.947785,-0.053291,0.222009,-0.613220,0.245651,0.750717,-0.522925,0.000000,0.000000,0.000000,1.000000,0.11441667033580945,49.69893242641134
1782485578.175270,0.724609,-0.203368,0.658438,0.500723,0.314418,0.947785,-0.053291,0.222009,-0.613220,0.245651,0.750717,-0.522925,0.000000,0.000000,0.000000,1.000000,0.11441667033580945,49.69893242641134
1782485578.211031,0.724609,-0.203368,0.658438,0.500723,0.314418,0.947785,-0.053291,0.222009,-0.613220,0.245651,0.750717,-0.522925,0.000000,0.000000,0.000000,1.000000,0.11441667033580945,49.69893242641134
1782485578.247239,0.724609,-0.203368,0.658438,0.500723,0.314418,0.947785,-0.053291,0.222009,-0.613220,0.245651,0.750717,-0.522925,0.000000,0.000000,0.000000,1.000000,0.11441667033580945,49.69893242641134
1782485578.283080,0.724609,-0.203368,0.658438,0.500723,0.314418,0.947785,-0.053291,0.222009,-0.613220,0.245651,0.750717,-0.522925,0.000000,0.000000,0.000000,1.000000,0.11441667033580945,49.69893242641134
1782485578.318479,0.724609,-0.203368,0.658438,0.500723,0.314418,0.947785,-0.053291,0.222009,-0.613220,0.245651,0.750717,-0.522925,0.000000,0.000000,0.000000,1.000000,0.11441667033580945,49.69893242641134
1782485578.353856,0.724609,-0.203368,0.658438,0.500723,0.314418,0.947785,-0.053291,0.222009,-0.613220,0.245651,0.750717,-0.522925,0.000000,0.000000,0.000000,1.000000,0.11441667033580945,49.69893242641134
1782485578.389216,0.724609,-0.203368,0.658438,0.500723,0.314418,0.947785,-0.053291,0.222009,-0.613220,0.245651,0.750717,-0.522925,0.000000,0.000000,0.000000,1.000000,0.11441667033580945,49.69893242641134
1782485578.424827,0.724609,-0.203368,0.658438,0.500723,0.314418,0.947785,-0.053291,0.222009,-0.613220,0.245651,0.750717,-0.522925,0.000000,0.000000,0.000000,1.000000,0.11441667033580945,49.69893242641134
1782485578.460852,0.724609,-0.203368,0.658438,0.500723,0.314418,0.947785,-0.053291,0.222009,-0.613220,0.245651,0.750717,-0.522925,0.000000,0.000000,0.000000,1.000000,0.11441667033580945,49.69893242641134
1782485578.496816,0.724609,-0.203368,0.658438,0.500723,0.314418,0.947785,-0.053291,0.222009,-0.613220,0.245651,0.750717,-0.522925,0.000000,0.000000,0.000000,1.000000,0.11441667033580945,49.69893242641134
1782485578.532355,0.724609,-0.203368,0.658438,0.500723,0.314418,0.947785,-0.053291,0.222009,-0.613220,0.245651,0.750717,-0.522925,0.000000,0.000000,0.000000,1.000000,0.11441667033580945,49.69893242641134
1782485578.568195,0.724609,-0.203368,0.658438,0.500723,0.314418,0.947785,-0.053291,0.222009,-0.613220,0.245651,0.750717,-0.522925,0.000000,0.000000,0.000000,1.000000,0.11441667033580945,49.69893242641134
1782485578.603905,0.724609,-0.203368,0.658438,0.500723,0.314418,0.947785,-0.053291,0.222009,-0.613220,0.245651,0.750717,-0.522925,0.000000,0.000000,0.000000,1.000000,0.11441667033580945,49.69893242641134
1782485578.639872,0.724609,-0.203368,0.658438,0.500723,0.314418,0.947785,-0.053291,0.222009,-0.613220,0.245651,0.750717,-0.522925,0.000000,0.000000,0.000000,1.000000,0.11441667033580945,49.69893242641134
1782485578.675966,0.724609,-0.203368,0.658438,0.500723,0.314418,0.947785,-0.053291,0.222009,-0.613220,0.245651,0.750717,-0.522925,0.000000,0.000000,0.000000,1.000000,0.11441667033580945,49.69893242641134
1782485578.711724,0.724609,-0.203368,0.658438,0.500723,0.314418,0.947785,-0.053291,0.222009,-0.613220,0.245651,0.750717,-0.522925,0.000000,0.000000,0.000000,1.000000,0.11441667033580945,49.69893242641134
1782485578.747785,0.724609,-0.203368,0.658438,0.500723,0.314418,0.947785,-0.053291,0.222009,-0.613220,0.245651,0.750717,-0.522925,0.000000,0.000000,0.000000,1.000000,0.11441667033580945,49.69893242641134
1782485578.783881,0.724609,-0.203368,0.658438,0.500723,0.314418,0.947785,-0.053291,0.222009,-0.613220,0.245651,0.750717,-0.522925,0.000000,0.000000,0.000000,1.000000,0.11441667033580945,49.69893242641134
1782485578.819549,0.724609,-0.203368,0.658438,0.500723,0.314418,0.947785,-0.053291,0.222009,-0.613220,0.245651,0.750717,-0.522925,0.000000,0.000000,0.000000,1.000000,0.11441667033580945,49.69893242641134
1782485578.855536,0.724609,-0.203368,0.658438,0.500723,0.314418,0.947785,-0.053291,0.222009,-0.613220,0.245651,0.750717,-0.522925,0.000000,0.000000,0.000000,1.000000,0.11441667033580945,49.69893242641134
1782485578.891463,0.724609,-0.203368,0.658438,0.500723,0.314418,0.947785,-0.053291,0.222009,-0.613220,0.245651,0.750717,-0.522925,0.000000,0.000000,0.000000,1.000000,0.11441667033580945,49.69893242641134
1782485578.927126,0.724609,-0.203368,0.658438,0.500723,0.314418,0.947785,-0.053291,0.222009,-0.613220,0.245651,0.750717,-0.522925,0.000000,0.000000,0.000000,1.000000,0.11441667033580945,49.69893242641134
1782485578.962657,0.724609,-0.203368,0.658438,0.500723,0.314418,0.947785,-0.053291,0.222009,-0.613220,0.245651,0.750717,-0.522925,0.000000,0.000000,0.000000,1.000000,0.11441667033580945,49.69893242641134
1782485578.998738,0.724609,-0.203368,0.658438,0.500723,0.314418,0.947785,-0.053291,0.222009,-0.613220,0.245651,0.750717,-0.522925,0.000000,0.000000,0.000000,1.000000,0.11441667033580945,49.69893242641134
1782485579.034298,0.724609,-0.203368,0.658438,0.500723,0.314418,0.947785,-0.053291,0.222009,-0.613220,0.245651,0.750717,-0.522925,0.000000,0.000000,0.000000,1.000000,0.11441667033580945,49.69893242641134
1782485579.070323,0.724609,-0.203368,0.658438,0.500723,0.314418,0.947785,-0.053291,0.222009,-0.613220,0.245651,0.750717,-0.522925,0.000000,0.000000,0.000000,1.000000,0.11441667033580945,49.69893242641134
1782485579.106419,0.724609,-0.203368,0.658438,0.500723,0.314418,0.947785,-0.053291,0.222009,-0.613220,0.245651,0.750717,-0.522925,0.000000,0.000000,0.000000,1.000000,0.11441667033580945,49.69893242641134
1782485579.142048,0.724609,-0.203368,0.658438,0.500723,0.314418,0.947785,-0.053291,0.222009,-0.613220,0.245651,0.750717,-0.522925,0.000000,0.000000,0.000000,1.000000,0.11441667033580945,49.69893242641134
1782485579.177941,0.724609,-0.203368,0.658438,0.500723,0.314418,0.947785,-0.053291,0.222009,-0.613220,0.245651,0.750717,-0.522925,0.000000,0.000000,0.000000,1.000000,0.11441667033580945,49.69893242641134
1782485579.213867,0.724609,-0.203368,0.658438,0.500723,0.314418,0.947785,-0.053291,0.222009,-0.613220,0.245651,0.750717,-0.522925,0.000000,0.000000,0.000000,1.000000,0.11441667033580945,49.69893242641134
1782485579.249673,0.724609,-0.203368,0.658438,0.500723,0.314418,0.947785,-0.053291,0.222009,-0.613220,0.245651,0.750717,-0.522925,0.000000,0.000000,0.000000,1.000000,0.11441667033580945,49.69893242641134
1782485579.285351,0.724609,-0.203368,0.658438,0.500723,0.314418,0.947785,-0.053291,0.222009,-0.613220,0.245651,0.750717,-0.522925,0.000000,0.000000,0.000000,1.000000,0.11441667033580945,49.69893242641134
1782485579.321269,0.724609,-0.203368,0.658438,0.500723,0.314418,0.947785,-0.053291,0.222009,-0.613220,0.245651,0.750717,-0.522925,0.000000,0.000000,0.000000,1.000000,0.11441667033580945,49.69893242641134
1782485579.357207,0.724609,-0.203368,0.658438,0.500723,0.314418,0.947785,-0.053291,0.222009,-0.613220,0.245651,0.750717,-0.522925,0.000000,0.000000,0.000000,1.000000,0.11441667033580945,49.69893242641134
1782485579.393074,0.724609,-0.203368,0.658438,0.500723,0.314418,0.947785,-0.053291,0.222009,-0.613220,0.245651,0.750717,-0.522925,0.000000,0.000000,0.000000,1.000000,0.11441667033580945,49.69893242641134
1782485579.428810,0.724609,-0.203368,0.658438,0.500723,0.314418,0.947785,-0.053291,0.222009,-0.613220,0.245651,0.750717,-0.522925,0.000000,0.000000,0.000000,1.000000,0.11441667033580945,49.69893242641134
1782485579.464819,0.724609,-0.203368,0.658438,0.500723,0.314418,0.947785,-0.053291,0.222009,-0.613220,0.245651,0.750717,-0.522925,0.000000,0.000000,0.000000,1.000000,0.11441667033580945,49.69893242641134
1782485579.500867,0.724609,-0.203368,0.658438,0.500723,0.314418,0.947785,-0.053291,0.222009,-0.613220,0.245651,0.750717,-0.522925,0.000000,0.000000,0.000000,1.000000,0.11441667033580945,49.69893242641134
1782485579.536963,0.724609,-0.203368,0.658438,0.500723,0.314418,0.947785,-0.053291,0.222009,-0.613220,0.245651,0.750717,-0.522925,0.000000,0.000000,0.000000,1.000000,0.11441667033580945,49.69893242641134
1782485579.573090,0.724609,-0.203368,0.658438,0.500723,0.314418,0.947785,-0.053291,0.222009,-0.613220,0.245651,0.750717,-0.522925,0.000000,0.000000,0.000000,1.000000,0.11441667033580945,49.69893242641134
1782485579.609225,0.724609,-0.203368,0.658438,0.500723,0.314418,0.947785,-0.053291,0.222009,-0.613220,0.245651,0.750717,-0.522925,0.000000,0.000000,0.000000,1.000000,0.11441667033580945,49.69893242641134
1782485579.645124,0.724609,-0.203368,0.658438,0.500723,0.314418,0.947785,-0.053291,0.222009,-0.613220,0.245651,0.750717,-0.522925,0.000000,0.000000,0.000000,1.000000,0.11441667033580945,49.69893242641134
1782485579.680951,0.724609,-0.203368,0.658438,0.500723,0.314418,0.947785,-0.053291,0.222009,-0.613220,0.245651,0.750717,-0.522925,0.000000,0.000000,0.000000,1.000000,0.11441667033580945,49.69893242641134
1782485579.716843,0.724609,-0.203368,0.658438,0.500723,0.314418,0.947785,-0.053291,0.222009,-0.613220,0.245651,0.750717,-0.522925,0.000000,0.000000,0.000000,1.000000,0.11441667033580945,49.69893242641134
1782485579.752631,0.724609,-0.203368,0.658438,0.500723,0.314418,0.947785,-0.053291,0.222009,-0.613220,0.245651,0.750717,-0.522925,0.000000,0.000000,0.000000,1.000000,0.11441667033580945,49.69893242641134
1782485579.788688,0.724609,-0.203368,0.658438,0.500723,0.314418,0.947785,-0.053291,0.222009,-0.613220,0.245651,0.750717,-0.522925,0.000000,0.000000,0.000000,1.000000,0.11441667033580945,49.69893242641134
1782485579.825020,0.724609,-0.203368,0.658438,0.500723,0.314418,0.947785,-0.053291,0.222009,-0.613220,0.245651,0.750717,-0.522925,0.000000,0.000000,0.000000,1.000000,0.11441667033580945,49.69893242641134
1782485579.861246,0.724609,-0.203368,0.658438,0.500723,0.314418,0.947785,-0.053291,0.222009,-0.613220,0.245651,0.750717,-0.522925,0.000000,0.000000,0.000000,1.000000,0.11441667033580945,49.69893242641134
1782485579.897335,0.724609,-0.203368,0.658438,0.500723,0.314418,0.947785,-0.053291,0.222009,-0.613220,0.245651,0.750717,-0.522925,0.000000,0.000000,0.000000,1.000000,0.11441667033580945,49.69893242641134
1782485579.932343,0.724609,-0.203368,0.658438,0.500723,0.314418,0.947785,-0.053291,0.222009,-0.613220,0.245651,0.750717,-0.522925,0.000000,0.000000,0.000000,1.000000,0.11441667033580945,49.69893242641134
1782485579.968509,0.724609,-0.203368,0.658438,0.500723,0.314418,0.947785,-0.053291,0.222009,-0.613220,0.245651,0.750717,-0.522925,0.000000,0.000000,0.000000,1.000000,0.11441667033580945,49.69893242641134
1782485580.004236,0.724609,-0.203368,0.658438,0.500723,0.314418,0.947785,-0.053291,0.222009,-0.613220,0.245651,0.750717,-0.522925,0.000000,0.000000,0.000000,1.000000,0.11441667033580945,49.69893242641134
1782485580.039754,0.724609,-0.203368,0.658438,0.500723,0.314418,0.947785,-0.053291,0.222009,-0.613220,0.245651,0.750717,-0.522925,0.000000,0.000000,0.000000,1.000000,0.11441667033580945,49.69893242641134
1782485580.075824,0.724609,-0.203368,0.658438,0.500723,0.314418,0.947785,-0.053291,0.222009,-0.613220,0.245651,0.750717,-0.522925,0.000000,0.000000,0.000000,1.000000,0.11441667033580945,49.69893242641134
1782485580.111715,0.724609,-0.203368,0.658438,0.500723,0.314418,0.947785,-0.053291,0.222009,-0.613220,0.245651,0.750717,-0.522925,0.000000,0.000000,0.000000,1.000000,0.11441667033580945,49.69893242641134
1782485580.147585,0.724609,-0.203368,0.658438,0.500723,0.314418,0.947785,-0.053291,0.222009,-0.613220,0.245651,0.750717,-0.522925,0.000000,0.000000,0.000000,1.000000,0.11441667033580945,49.69893242641134
1782485580.183285,0.724609,-0.203368,0.658438,0.500723,0.314418,0.947785,-0.053291,0.222009,-0.613220,0.245651,0.750717,-0.522925,0.000000,0.000000,0.000000,1.000000,0.11441667033580945,49.69893242641134
1782485580.218603,0.724609,-0.203368,0.658438,0.500723,0.314418,0.947785,-0.053291,0.222009,-0.613220,0.245651,0.750717,-0.522925,0.000000,0.000000,0.000000,1.000000,0.11441667033580945,49.69893242641134
1782485580.254247,0.724609,-0.203368,0.658438,0.500723,0.314418,0.947785,-0.053291,0.222009,-0.613220,0.245651,0.750717,-0.522925,0.000000,0.000000,0.000000,1.000000,0.11441667033580945,49.69893242641134
1782485580.290316,0.724609,-0.203368,0.658438,0.500723,0.314418,0.947785,-0.053291,0.222009,-0.613220,0.245651,0.750717,-0.522925,0.000000,0.000000,0.000000,1.000000,0.11441667033580945,49.69893242641134
1782485580.326123,0.724609,-0.203368,0.658438,0.500723,0.314418,0.947785,-0.053291,0.222009,-0.613220,0.245651,0.750717,-0.522925,0.000000,0.000000,0.000000,1.000000,0.11441667033580945,49.69893242641134
1782485580.361801,0.724609,-0.203368,0.658438,0.500723,0.314418,0.947785,-0.053291,0.222009,-0.613220,0.245651,0.750717,-0.522925,0.000000,0.000000,0.000000,1.000000,0.11441667033580945,49.69893242641134
1782485580.397424,0.724609,-0.203368,0.658438,0.500723,0.314418,0.947785,-0.053291,0.222009,-0.613220,0.245651,0.750717,-0.522925,0.000000,0.000000,0.000000,1.000000,0.11441667033580945,49.69893242641134
1782485580.433215,0.724609,-0.203368,0.658438,0.500723,0.314418,0.947785,-0.053291,0.222009,-0.613220,0.245651,0.750717,-0.522925,0.000000,0.000000,0.000000,1.000000,0.11441667033580945,49.69893242641134
1782485580.469118,0.724609,-0.203368,0.658438,0.500723,0.314418,0.947785,-0.053291,0.222009,-0.613220,0.245651,0.750717,-0.522925,0.000000,0.000000,0.000000,1.000000,0.11441667033580945,49.69893242641134
1782485580.504919,0.724609,-0.203368,0.658438,0.500723,0.314418,0.947785,-0.053291,0.222009,-0.613220,0.245651,0.750717,-0.522925,0.000000,0.000000,0.000000,1.000000,0.11441667033580945,49.69893242641134
1782485580.540841,0.724609,-0.203368,0.658438,0.500723,0.314418,0.947785,-0.053291,0.222009,-0.613220,0.245651,0.750717,-0.522925,0.000000,0.000000,0.000000,1.000000,0.11441667033580945,49.69893242641134
1782485580.576695,0.724609,-0.203368,0.658438,0.500723,0.314418,0.947785,-0.053291,0.222009,-0.613220,0.245651,0.750717,-0.522925,0.000000,0.000000,0.000000,1.000000,0.11441667033580945,49.69893242641134
1782485580.612361,0.724609,-0.203368,0.658438,0.500723,0.314418,0.947785,-0.053291,0.222009,-0.613220,0.245651,0.750717,-0.522925,0.000000,0.000000,0.000000,1.000000,0.11441667033580945,49.69893242641134
1782485580.647768,0.724609,-0.203368,0.658438,0.500723,0.314418,0.947785,-0.053291,0.222009,-0.613220,0.245651,0.750717,-0.522925,0.000000,0.000000,0.000000,1.000000,0.11441667033580945,49.69893242641134
1782485580.683899,0.724609,-0.203368,0.658438,0.500723,0.314418,0.947785,-0.053291,0.222009,-0.613220,0.245651,0.750717,-0.522925,0.000000,0.000000,0.000000,1.000000,0.11441667033580945,49.69893242641134
1782485580.719886,0.724609,-0.203368,0.658438,0.500723,0.314418,0.947785,-0.053291,0.222009,-0.613220,0.245651,0.750717,-0.522925,0.000000,0.000000,0.000000,1.000000,0.11441667033580945,49.69893242641134
1782485580.755571,0.724609,-0.203368,0.658438,0.500723,0.314418,0.947785,-0.053291,0.222009,-0.613220,0.245651,0.750717,-0.522925,0.000000,0.000000,0.000000,1.000000,0.11441667033580945,49.69893242641134
1782485580.791237,0.724609,-0.203368,0.658438,0.500723,0.314418,0.947785,-0.053291,0.222009,-0.613220,0.245651,0.750717,-0.522925,0.000000,0.000000,0.000000,1.000000,0.11441667033580945,49.69893242641134
1782485580.827225,0.724609,-0.203368,0.658438,0.500723,0.314418,0.947785,-0.053291,0.222009,-0.613220,0.245651,0.750717,-0.522925,0.000000,0.000000,0.000000,1.000000,0.11441667033580945,49.69893242641134
1782485580.862462,0.724609,-0.203368,0.658438,0.500723,0.314418,0.947785,-0.053291,0.222009,-0.613220,0.245651,0.750717,-0.522925,0.000000,0.000000,0.000000,1.000000,0.11441667033580945,49.69893242641134
1782485580.898074,0.724609,-0.203368,0.658438,0.500723,0.314418,0.947785,-0.053291,0.222009,-0.613220,0.245651,0.750717,-0.522925,0.000000,0.000000,0.000000,1.000000,0.11441667033580945,49.69893242641134
1782485580.933803,0.724609,-0.203368,0.658438,0.500723,0.314418,0.947785,-0.053291,0.222009,-0.613220,0.245651,0.750717,-0.522925,0.000000,0.000000,0.000000,1.000000,0.11441667033580945,49.69893242641134
1782485580.969290,0.724609,-0.203368,0.658438,0.500723,0.314418,0.947785,-0.053291,0.222009,-0.613220,0.245651,0.750717,-0.522925,0.000000,0.000000,0.000000,1.000000,0.11441667033580945,49.69893242641134
1782485581.005051,0.724609,-0.203368,0.658438,0.500723,0.314418,0.947785,-0.053291,0.222009,-0.613220,0.245651,0.750717,-0.522925,0.000000,0.000000,0.000000,1.000000,0.11441667033580945,49.69893242641134
1782485581.040567,0.724609,-0.203368,0.658438,0.500723,0.314418,0.947785,-0.053291,0.222009,-0.613220,0.245651,0.750717,-0.522925,0.000000,0.000000,0.000000,1.000000,0.11441667033580945,49.69893242641134
1782485581.076022,0.724609,-0.203368,0.658438,0.500723,0.314418,0.947785,-0.053291,0.222009,-0.613220,0.245651,0.750717,-0.522925,0.000000,0.000000,0.000000,1.000000,0.11441667033580945,49.69893242641134
1782485581.112143,0.724609,-0.203368,0.658438,0.500723,0.314418,0.947785,-0.053291,0.222009,-0.613220,0.245651,0.750717,-0.522925,0.000000,0.000000,0.000000,1.000000,0.11441667033580945,49.69893242641134
1782485581.148091,0.724609,-0.203368,0.658438,0.500723,0.314418,0.947785,-0.053291,0.222009,-0.613220,0.245651,0.750717,-0.522925,0.000000,0.000000,0.000000,1.000000,0.11441667033580945,49.69893242641134
1782485581.183670,0.724609,-0.203368,0.658438,0.500723,0.314418,0.947785,-0.053291,0.222009,-0.613220,0.245651,0.750717,-0.522925,0.000000,0.000000,0.000000,1.000000,0.11441667033580945,49.69893242641134
1782485581.219141,0.724609,-0.203368,0.658438,0.500723,0.314418,0.947785,-0.053291,0.222009,-0.613220,0.245651,0.750717,-0.522925,0.000000,0.000000,0.000000,1.000000,0.11441667033580945,49.69893242641134
1782485581.254636,0.724609,-0.203368,0.658438,0.500723,0.314418,0.947785,-0.053291,0.222009,-0.613220,0.245651,0.750717,-0.522925,0.000000,0.000000,0.000000,1.000000,0.11441667033580945,49.69893242641134
1782485581.290109,0.724609,-0.203368,0.658438,0.500723,0.314418,0.947785,-0.053291,0.222009,-0.613220,0.245651,0.750717,-0.522925,0.000000,0.000000,0.000000,1.000000,0.11441667033580945,49.69893242641134
1782485581.325797,0.724609,-0.203368,0.658438,0.500723,0.314418,0.947785,-0.053291,0.222009,-0.613220,0.245651,0.750717,-0.522925,0.000000,0.000000,0.000000,1.000000,0.11441667033580945,49.69893242641134
1782485581.361582,0.724609,-0.203368,0.658438,0.500723,0.314418,0.947785,-0.053291,0.222009,-0.613220,0.245651,0.750717,-0.522925,0.000000,0.000000,0.000000,1.000000,0.11441667033580945,49.69893242641134
1782485581.397287,0.724609,-0.203368,0.658438,0.500723,0.314418,0.947785,-0.053291,0.222009,-0.613220,0.245651,0.750717,-0.522925,0.000000,0.000000,0.000000,1.000000,0.11441667033580945,49.69893242641134
1782485581.432757,0.724609,-0.203368,0.658438,0.500723,0.314418,0.947785,-0.053291,0.222009,-0.613220,0.245651,0.750717,-0.522925,0.000000,0.000000,0.000000,1.000000,0.11441667033580945,49.69893242641134
1782485581.468528,0.724609,-0.203368,0.658438,0.500723,0.314418,0.947785,-0.053291,0.222009,-0.613220,0.245651,0.750717,-0.522925,0.000000,0.000000,0.000000,1.000000,0.11441667033580945,49.69893242641134
1782485581.504049,0.724609,-0.203368,0.658438,0.500723,0.314418,0.947785,-0.053291,0.222009,-0.613220,0.245651,0.750717,-0.522925,0.000000,0.000000,0.000000,1.000000,0.11441667033580945,49.69893242641134
1782485581.539303,0.724609,-0.203368,0.658438,0.500723,0.314418,0.947785,-0.053291,0.222009,-0.613220,0.245651,0.750717,-0.522925,0.000000,0.000000,0.000000,1.000000,0.11441667033580945,49.69893242641134
1782485581.574786,0.724609,-0.203368,0.658438,0.500723,0.314418,0.947785,-0.053291,0.222009,-0.613220,0.245651,0.750717,-0.522925,0.000000,0.000000,0.000000,1.000000,0.11441667033580945,49.69893242641134
1782485581.610195,0.724609,-0.203368,0.658438,0.500723,0.314418,0.947785,-0.053291,0.222009,-0.613220,0.245651,0.750717,-0.522925,0.000000,0.000000,0.000000,1.000000,0.11441667033580945,49.69893242641134
1782485581.645386,0.724609,-0.203368,0.658438,0.500723,0.314418,0.947785,-0.053291,0.222009,-0.613220,0.245651,0.750717,-0.522925,0.000000,0.000000,0.000000,1.000000,0.11441667033580945,49.69893242641134
1782485581.680618,0.724609,-0.203368,0.658438,0.500723,0.314418,0.947785,-0.053291,0.222009,-0.613220,0.245651,0.750717,-0.522925,0.000000,0.000000,0.000000,1.000000,0.11441667033580945,49.69893242641134
1782485581.715833,0.724609,-0.203368,0.658438,0.500723,0.314418,0.947785,-0.053291,0.222009,-0.613220,0.245651,0.750717,-0.522925,0.000000,0.000000,0.000000,1.000000,0.11441667033580945,49.69893242641134
1782485581.751146,0.724609,-0.203368,0.658438,0.500723,0.314418,0.947785,-0.053291,0.222009,-0.613220,0.245651,0.750717,-0.522925,0.000000,0.000000,0.000000,1.000000,0.11441667033580945,49.69893242641134
1782485581.786830,0.724609,-0.203368,0.658438,0.500723,0.314418,0.947785,-0.053291,0.222009,-0.613220,0.245651,0.750717,-0.522925,0.000000,0.000000,0.000000,1.000000,0.11441667033580945,49.69893242641134
1782485581.822186,0.724609,-0.203368,0.658438,0.500723,0.314418,0.947785,-0.053291,0.222009,-0.613220,0.245651,0.750717,-0.522925,0.000000,0.000000,0.000000,1.000000,0.11441667033580945,49.69893242641134
1782485581.857731,0.724609,-0.203368,0.658438,0.500723,0.314418,0.947785,-0.053291,0.222009,-0.613220,0.245651,0.750717,-0.522925,0.000000,0.000000,0.000000,1.000000,0.11441667033580945,49.69893242641134
1782485581.893152,0.724609,-0.203368,0.658438,0.500723,0.314418,0.947785,-0.053291,0.222009,-0.613220,0.245651,0.750717,-0.522925,0.000000,0.000000,0.000000,1.000000,0.11441667033580945,49.69893242641134
1782485581.927861,0.724609,-0.203368,0.658438,0.500723,0.314418,0.947785,-0.053291,0.222009,-0.613220,0.245651,0.750717,-0.522925,0.000000,0.000000,0.000000,1.000000,0.11441667033580945,49.69893242641134
1782485581.962723,0.724609,-0.203368,0.658438,0.500723,0.314418,0.947785,-0.053291,0.222009,-0.613220,0.245651,0.750717,-0.522925,0.000000,0.000000,0.000000,1.000000,0.11441667033580945,49.69893242641134
1782485581.998327,0.724609,-0.203368,0.658438,0.500723,0.314418,0.947785,-0.053291,0.222009,-0.613220,0.245651,0.750717,-0.522925,0.000000,0.000000,0.000000,1.000000,0.11441667033580945,49.69893242641134
1782485582.032762,0.724609,-0.203368,0.658438,0.500723,0.314418,0.947785,-0.053291,0.222009,-0.613220,0.245651,0.750717,-0.522925,0.000000,0.000000,0.000000,1.000000,0.11441667033580945,49.69893242641134
1782485582.068117,0.724609,-0.203368,0.658438,0.500723,0.314418,0.947785,-0.053291,0.222009,-0.613220,0.245651,0.750717,-0.522925,0.000000,0.000000,0.000000,1.000000,0.11441667033580945,49.69893242641134
1782485582.103381,0.724609,-0.203368,0.658438,0.500723,0.314418,0.947785,-0.053291,0.222009,-0.613220,0.245651,0.750717,-0.522925,0.000000,0.000000,0.000000,1.000000,0.11441667033580945,49.69893242641134
1782485582.138868,0.724609,-0.203368,0.658438,0.500723,0.314418,0.947785,-0.053291,0.222009,-0.613220,0.245651,0.750717,-0.522925,0.000000,0.000000,0.000000,1.000000,0.11441667033580945,49.69893242641134
1782485582.174365,0.724609,-0.203368,0.658438,0.500723,0.314418,0.947785,-0.053291,0.222009,-0.613220,0.245651,0.750717,-0.522925,0.000000,0.000000,0.000000,1.000000,0.11441667033580945,49.69893242641134
1782485582.210003,0.724609,-0.203368,0.658438,0.500723,0.314418,0.947785,-0.053291,0.222009,-0.613220,0.245651,0.750717,-0.522925,0.000000,0.000000,0.000000,1.000000,0.11441667033580945,49.69893242641134
1782485582.245594,0.724609,-0.203368,0.658438,0.500723,0.314418,0.947785,-0.053291,0.222009,-0.613220,0.245651,0.750717,-0.522925,0.000000,0.000000,0.000000,1.000000,0.11441667033580945,49.69893242641134
1782485582.281156,0.724609,-0.203368,0.658438,0.500723,0.314418,0.947785,-0.053291,0.222009,-0.613220,0.245651,0.750717,-0.522925,0.000000,0.000000,0.000000,1.000000,0.11441667033580945,49.69893242641134
1782485582.316704,0.724609,-0.203368,0.658438,0.500723,0.314418,0.947785,-0.053291,0.222009,-0.613220,0.245651,0.750717,-0.522925,0.000000,0.000000,0.000000,1.000000,0.11441667033580945,49.69893242641134
1782485582.352163,0.724609,-0.203368,0.658438,0.500723,0.314418,0.947785,-0.053291,0.222009,-0.613220,0.245651,0.750717,-0.522925,0.000000,0.000000,0.000000,1.000000,0.11441667033580945,49.69893242641134
1782485582.387726,0.724609,-0.203368,0.658438,0.500723,0.314418,0.947785,-0.053291,0.222009,-0.613220,0.245651,0.750717,-0.522925,0.000000,0.000000,0.000000,1.000000,0.11441667033580945,49.69893242641134
1782485582.423436,0.724609,-0.203368,0.658438,0.500723,0.314418,0.947785,-0.053291,0.222009,-0.613220,0.245651,0.750717,-0.522925,0.000000,0.000000,0.000000,1.000000,0.11441667033580945,49.69893242641134
1782485582.459439,0.724609,-0.203368,0.658438,0.500723,0.314418,0.947785,-0.053291,0.222009,-0.613220,0.245651,0.750717,-0.522925,0.000000,0.000000,0.000000,1.000000,0.11441667033580945,49.69893242641134
1782485582.495259,0.724609,-0.203368,0.658438,0.500723,0.314418,0.947785,-0.053291,0.222009,-0.613220,0.245651,0.750717,-0.522925,0.000000,0.000000,0.000000,1.000000,0.11441667033580945,49.69893242641134
1782485582.530949,0.724609,-0.203368,0.658438,0.500723,0.314418,0.947785,-0.053291,0.222009,-0.613220,0.245651,0.750717,-0.522925,0.000000,0.000000,0.000000,1.000000,0.11441667033580945,49.69893242641134
1782485582.566342,0.724609,-0.203368,0.658438,0.500723,0.314418,0.947785,-0.053291,0.222009,-0.613220,0.245651,0.750717,-0.522925,0.000000,0.000000,0.000000,1.000000,0.11441667033580945,49.69893242641134
1782485582.600800,0.724609,-0.203368,0.658438,0.500723,0.314418,0.947785,-0.053291,0.222009,-0.613220,0.245651,0.750717,-0.522925,0.000000,0.000000,0.000000,1.000000,0.11441667033580945,49.69893242641134
1782485582.636305,0.724609,-0.203368,0.658438,0.500723,0.314418,0.947785,-0.053291,0.222009,-0.613220,0.245651,0.750717,-0.522925,0.000000,0.000000,0.000000,1.000000,0.11441667033580945,49.69893242641134
1782485582.671744,0.724609,-0.203368,0.658438,0.500723,0.314418,0.947785,-0.053291,0.222009,-0.613220,0.245651,0.750717,-0.522925,0.000000,0.000000,0.000000,1.000000,0.11441667033580945,49.69893242641134
1782485582.707533,0.724609,-0.203368,0.658438,0.500723,0.314418,0.947785,-0.053291,0.222009,-0.613220,0.245651,0.750717,-0.522925,0.000000,0.000000,0.000000,1.000000,0.11441667033580945,49.69893242641134
1782485582.742654,0.724609,-0.203368,0.658438,0.500723,0.314418,0.947785,-0.053291,0.222009,-0.613220,0.245651,0.750717,-0.522925,0.000000,0.000000,0.000000,1.000000,0.11441667033580945,49.69893242641134
1782485582.777297,0.724609,-0.203368,0.658438,0.500723,0.314418,0.947785,-0.053291,0.222009,-0.613220,0.245651,0.750717,-0.522925,0.000000,0.000000,0.000000,1.000000,0.11441667033580945,49.69893242641134
1782485582.812787,0.724609,-0.203368,0.658438,0.500723,0.314418,0.947785,-0.053291,0.222009,-0.613220,0.245651,0.750717,-0.522925,0.000000,0.000000,0.000000,1.000000,0.11441667033580945,49.69893242641134
1782485582.848517,0.724609,-0.203368,0.658438,0.500723,0.314418,0.947785,-0.053291,0.222009,-0.613220,0.245651,0.750717,-0.522925,0.000000,0.000000,0.000000,1.000000,0.11441667033580945,49.69893242641134
1782485582.883798,0.724609,-0.203368,0.658438,0.500723,0.314418,0.947785,-0.053291,0.222009,-0.613220,0.245651,0.750717,-0.522925,0.000000,0.000000,0.000000,1.000000,0.11441667033580945,49.69893242641134
1782485582.918743,0.724609,-0.203368,0.658438,0.500723,0.314418,0.947785,-0.053291,0.222009,-0.613220,0.245651,0.750717,-0.522925,0.000000,0.000000,0.000000,1.000000,0.11441667033580945,49.69893242641134
1782485582.954410,0.724609,-0.203368,0.658438,0.500723,0.314418,0.947785,-0.053291,0.222009,-0.613220,0.245651,0.750717,-0.522925,0.000000,0.000000,0.000000,1.000000,0.11441667033580945,49.69893242641134
1782485582.990030,0.724609,-0.203368,0.658438,0.500723,0.314418,0.947785,-0.053291,0.222009,-0.613220,0.245651,0.750717,-0.522925,0.000000,0.000000,0.000000,1.000000,0.11441667033580945,49.69893242641134
1782485583.025518,0.724609,-0.203368,0.658438,0.500723,0.314418,0.947785,-0.053291,0.222009,-0.613220,0.245651,0.750717,-0.522925,0.000000,0.000000,0.000000,1.000000,0.11441667033580945,49.69893242641134
1782485583.061069,0.724609,-0.203368,0.658438,0.500723,0.314418,0.947785,-0.053291,0.222009,-0.613220,0.245651,0.750717,-0.522925,0.000000,0.000000,0.000000,1.000000,0.11441667033580945,49.69893242641134
1782485583.096929,0.724609,-0.203368,0.658438,0.500723,0.314418,0.947785,-0.053291,0.222009,-0.613220,0.245651,0.750717,-0.522925,0.000000,0.000000,0.000000,1.000000,0.11441667033580945,49.69893242641134
1782485583.133025,0.724609,-0.203368,0.658438,0.500723,0.314418,0.947785,-0.053291,0.222009,-0.613220,0.245651,0.750717,-0.522925,0.000000,0.000000,0.000000,1.000000,0.11441667033580945,49.69893242641134
1782485583.168603,0.724609,-0.203368,0.658438,0.500723,0.314418,0.947785,-0.053291,0.222009,-0.613220,0.245651,0.750717,-0.522925,0.000000,0.000000,0.000000,1.000000,0.11441667033580945,49.69893242641134
1782485583.203501,0.724609,-0.203368,0.658438,0.500723,0.314418,0.947785,-0.053291,0.222009,-0.613220,0.245651,0.750717,-0.522925,0.000000,0.000000,0.000000,1.000000,0.11441667033580945,49.69893242641134
1782485583.238427,0.724609,-0.203368,0.658438,0.500723,0.314418,0.947785,-0.053291,0.222009,-0.613220,0.245651,0.750717,-0.522925,0.000000,0.000000,0.000000,1.000000,0.11441667033580945,49.69893242641134
1782485583.274593,0.724609,-0.203368,0.658438,0.500723,0.314418,0.947785,-0.053291,0.222009,-0.613220,0.245651,0.750717,-0.522925,0.000000,0.000000,0.000000,1.000000,0.11441667033580945,49.69893242641134
1782485583.309842,0.724609,-0.203368,0.658438,0.500723,0.314418,0.947785,-0.053291,0.222009,-0.613220,0.245651,0.750717,-0.522925,0.000000,0.000000,0.000000,1.000000,0.11441667033580945,49.69893242641134
1782485583.344989,0.724609,-0.203368,0.658438,0.500723,0.314418,0.947785,-0.053291,0.222009,-0.613220,0.245651,0.750717,-0.522925,0.000000,0.000000,0.000000,1.000000,0.11441667033580945,49.69893242641134
1782485583.380320,0.724609,-0.203368,0.658438,0.500723,0.314418,0.947785,-0.053291,0.222009,-0.613220,0.245651,0.750717,-0.522925,0.000000,0.000000,0.000000,1.000000,0.11441667033580945,49.69893242641134
1782485583.414540,0.724609,-0.203368,0.658438,0.500723,0.314418,0.947785,-0.053291,0.222009,-0.613220,0.245651,0.750717,-0.522925,0.000000,0.000000,0.000000,1.000000,0.11441667033580945,49.69893242641134
1782485583.449823,0.724609,-0.203368,0.658438,0.500723,0.314418,0.947785,-0.053291,0.222009,-0.613220,0.245651,0.750717,-0.522925,0.000000,0.000000,0.000000,1.000000,0.11441667033580945,49.69893242641134
1782485583.485097,0.724609,-0.203368,0.658438,0.500723,0.314418,0.947785,-0.053291,0.222009,-0.613220,0.245651,0.750717,-0.522925,0.000000,0.000000,0.000000,1.000000,0.11441667033580945,49.69893242641134
1782485583.520496,0.724609,-0.203368,0.658438,0.500723,0.314418,0.947785,-0.053291,0.222009,-0.613220,0.245651,0.750717,-0.522925,0.000000,0.000000,0.000000,1.000000,0.11441667033580945,49.69893242641134
1782485583.556144,0.724609,-0.203368,0.658438,0.500723,0.314418,0.947785,-0.053291,0.222009,-0.613220,0.245651,0.750717,-0.522925,0.000000,0.000000,0.000000,1.000000,0.11441667033580945,49.69893242641134
1782485583.591755,0.724609,-0.203368,0.658438,0.500723,0.314418,0.947785,-0.053291,0.222009,-0.613220,0.245651,0.750717,-0.522925,0.000000,0.000000,0.000000,1.000000,0.11441667033580945,49.69893242641134
1782485583.627167,0.724609,-0.203368,0.658438,0.500723,0.314418,0.947785,-0.053291,0.222009,-0.613220,0.245651,0.750717,-0.522925,0.000000,0.000000,0.000000,1.000000,0.11441667033580945,49.69893242641134
1782485583.662066,0.724609,-0.203368,0.658438,0.500723,0.314418,0.947785,-0.053291,0.222009,-0.613220,0.245651,0.750717,-0.522925,0.000000,0.000000,0.000000,1.000000,0.11441667033580945,49.69893242641134
1782485583.697881,0.724609,-0.203368,0.658438,0.500723,0.314418,0.947785,-0.053291,0.222009,-0.613220,0.245651,0.750717,-0.522925,0.000000,0.000000,0.000000,1.000000,0.11441667033580945,49.69893242641134
1782485583.733243,0.724609,-0.203368,0.658438,0.500723,0.314418,0.947785,-0.053291,0.222009,-0.613220,0.245651,0.750717,-0.522925,0.000000,0.000000,0.000000,1.000000,0.11441667033580945,49.69893242641134
1782485583.768664,0.724609,-0.203368,0.658438,0.500723,0.314418,0.947785,-0.053291,0.222009,-0.613220,0.245651,0.750717,-0.522925,0.000000,0.000000,0.000000,1.000000,0.11441667033580945,49.69893242641134
1782485583.804182,0.724609,-0.203368,0.658438,0.500723,0.314418,0.947785,-0.053291,0.222009,-0.613220,0.245651,0.750717,-0.522925,0.000000,0.000000,0.000000,1.000000,0.11441667033580945,49.69893242641134
1782485583.839564,0.724609,-0.203368,0.658438,0.500723,0.314418,0.947785,-0.053291,0.222009,-0.613220,0.245651,0.750717,-0.522925,0.000000,0.000000,0.000000,1.000000,0.11441667033580945,49.69893242641134
1782485583.875542,0.724609,-0.203368,0.658438,0.500723,0.314418,0.947785,-0.053291,0.222009,-0.613220,0.245651,0.750717,-0.522925,0.000000,0.000000,0.000000,1.000000,0.11441667033580945,49.69893242641134
1782485583.911405,0.724609,-0.203368,0.658438,0.500723,0.314418,0.947785,-0.053291,0.222009,-0.613220,0.245651,0.750717,-0.522925,0.000000,0.000000,0.000000,1.000000,0.11441667033580945,49.69893242641134
1782485583.946934,0.724609,-0.203368,0.658438,0.500723,0.314418,0.947785,-0.053291,0.222009,-0.613220,0.245651,0.750717,-0.522925,0.000000,0.000000,0.000000,1.000000,0.11441667033580945,49.69893242641134
1782485583.981845,0.724609,-0.203368,0.658438,0.500723,0.314418,0.947785,-0.053291,0.222009,-0.613220,0.245651,0.750717,-0.522925,0.000000,0.000000,0.000000,1.000000,0.11441667033580945,49.69893242641134
1782485584.017173,0.724609,-0.203368,0.658438,0.500723,0.314418,0.947785,-0.053291,0.222009,-0.613220,0.245651,0.750717,-0.522925,0.000000,0.000000,0.000000,1.000000,0.11441667033580945,49.69893242641134
1782485584.052710,0.724609,-0.203368,0.658438,0.500723,0.314418,0.947785,-0.053291,0.222009,-0.613220,0.245651,0.750717,-0.522925,0.000000,0.000000,0.000000,1.000000,0.11441667033580945,49.69893242641134
1782485584.088018,0.724609,-0.203368,0.658438,0.500723,0.314418,0.947785,-0.053291,0.222009,-0.613220,0.245651,0.750717,-0.522925,0.000000,0.000000,0.000000,1.000000,0.11441667033580945,49.69893242641134
1782485584.123798,0.724609,-0.203368,0.658438,0.500723,0.314418,0.947785,-0.053291,0.222009,-0.613220,0.245651,0.750717,-0.522925,0.000000,0.000000,0.000000,1.000000,0.11441667033580945,49.69893242641134
1782485584.159321,0.724609,-0.203368,0.658438,0.500723,0.314418,0.947785,-0.053291,0.222009,-0.613220,0.245651,0.750717,-0.522925,0.000000,0.000000,0.000000,1.000000,0.11441667033580945,49.69893242641134
1782485584.195485,0.724609,-0.203368,0.658438,0.500723,0.314418,0.947785,-0.053291,0.222009,-0.613220,0.245651,0.750717,-0.522925,0.000000,0.000000,0.000000,1.000000,0.11441667033580945,49.69893242641134
1782485584.231054,0.724609,-0.203368,0.658438,0.500723,0.314418,0.947785,-0.053291,0.222009,-0.613220,0.245651,0.750717,-0.522925,0.000000,0.000000,0.000000,1.000000,0.11441667033580945,49.69893242641134
1782485584.266394,0.724609,-0.203368,0.658438,0.500723,0.314418,0.947785,-0.053291,0.222009,-0.613220,0.245651,0.750717,-0.522925,0.000000,0.000000,0.000000,1.000000,0.11441667033580945,49.69893242641134
1782485584.301696,0.724609,-0.203368,0.658438,0.500723,0.314418,0.947785,-0.053291,0.222009,-0.613220,0.245651,0.750717,-0.522925,0.000000,0.000000,0.000000,1.000000,0.11441667033580945,49.69893242641134
1782485584.337070,0.724609,-0.203368,0.658438,0.500723,0.314418,0.947785,-0.053291,0.222009,-0.613220,0.245651,0.750717,-0.522925,0.000000,0.000000,0.000000,1.000000,0.11441667033580945,49.69893242641134
1782485584.372413,0.724609,-0.203368,0.658438,0.500723,0.314418,0.947785,-0.053291,0.222009,-0.613220,0.245651,0.750717,-0.522925,0.000000,0.000000,0.000000,1.000000,0.11441667033580945,49.69893242641134
1782485584.408095,0.724609,-0.203368,0.658438,0.500723,0.314418,0.947785,-0.053291,0.222009,-0.613220,0.245651,0.750717,-0.522925,0.000000,0.000000,0.000000,1.000000,0.11441667033580945,49.69893242641134
1782485584.443404,0.724609,-0.203368,0.658438,0.500723,0.314418,0.947785,-0.053291,0.222009,-0.613220,0.245651,0.750717,-0.522925,0.000000,0.000000,0.000000,1.000000,0.11441667033580945,49.69893242641134
1782485584.478663,0.724609,-0.203368,0.658438,0.500723,0.314418,0.947785,-0.053291,0.222009,-0.613220,0.245651,0.750717,-0.522925,0.000000,0.000000,0.000000,1.000000,0.11441667033580945,49.69893242641134
1782485584.513503,0.724609,-0.203368,0.658438,0.500723,0.314418,0.947785,-0.053291,0.222009,-0.613220,0.245651,0.750717,-0.522925,0.000000,0.000000,0.000000,1.000000,0.11441667033580945,49.69893242641134
1782485584.549033,0.724609,-0.203368,0.658438,0.500723,0.314418,0.947785,-0.053291,0.222009,-0.613220,0.245651,0.750717,-0.522925,0.000000,0.000000,0.000000,1.000000,0.11441667033580945,49.69893242641134
1782485584.584630,0.724609,-0.203368,0.658438,0.500723,0.314418,0.947785,-0.053291,0.222009,-0.613220,0.245651,0.750717,-0.522925,0.000000,0.000000,0.000000,1.000000,0.11441667033580945,49.69893242641134
1782485584.620384,0.724609,-0.203368,0.658438,0.500723,0.314418,0.947785,-0.053291,0.222009,-0.613220,0.245651,0.750717,-0.522925,0.000000,0.000000,0.000000,1.000000,0.11441667033580945,49.69893242641134
1782485584.655987,0.724609,-0.203368,0.658438,0.500723,0.314418,0.947785,-0.053291,0.222009,-0.613220,0.245651,0.750717,-0.522925,0.000000,0.000000,0.000000,1.000000,0.11441667033580945,49.69893242641134
1782485584.692114,0.724609,-0.203368,0.658438,0.500723,0.314418,0.947785,-0.053291,0.222009,-0.613220,0.245651,0.750717,-0.522925,0.000000,0.000000,0.000000,1.000000,0.11441667033580945,49.69893242641134
1782485584.727832,0.724609,-0.203368,0.658438,0.500723,0.314418,0.947785,-0.053291,0.222009,-0.613220,0.245651,0.750717,-0.522925,0.000000,0.000000,0.000000,1.000000,0.11441667033580945,49.69893242641134
1782485584.764026,0.724609,-0.203368,0.658438,0.500723,0.314418,0.947785,-0.053291,0.222009,-0.613220,0.245651,0.750717,-0.522925,0.000000,0.000000,0.000000,1.000000,0.11441667033580945,49.69893242641134
1782485584.799653,0.724609,-0.203368,0.658438,0.500723,0.314418,0.947785,-0.053291,0.222009,-0.613220,0.245651,0.750717,-0.522925,0.000000,0.000000,0.000000,1.000000,0.11441667033580945,49.69893242641134
1782485584.835804,0.724609,-0.203368,0.658438,0.500723,0.314418,0.947785,-0.053291,0.222009,-0.613220,0.245651,0.750717,-0.522925,0.000000,0.000000,0.000000,1.000000,0.11441667033580945,49.69893242641134
1782485584.871637,0.724609,-0.203368,0.658438,0.500723,0.314418,0.947785,-0.053291,0.222009,-0.613220,0.245651,0.750717,-0.522925,0.000000,0.000000,0.000000,1.000000,0.11441667033580945,49.69893242641134
1782485584.907284,0.724609,-0.203368,0.658438,0.500723,0.314418,0.947785,-0.053291,0.222009,-0.613220,0.245651,0.750717,-0.522925,0.000000,0.000000,0.000000,1.000000,0.11441667033580945,49.69893242641134
1782485584.942270,0.724609,-0.203368,0.658438,0.500723,0.314418,0.947785,-0.053291,0.222009,-0.613220,0.245651,0.750717,-0.522925,0.000000,0.000000,0.000000,1.000000,0.11441667033580945,49.69893242641134
1782485584.976927,0.724609,-0.203368,0.658438,0.500723,0.314418,0.947785,-0.053291,0.222009,-0.613220,0.245651,0.750717,-0.522925,0.000000,0.000000,0.000000,1.000000,0.11441667033580945,49.69893242641134
1782485585.012825,0.724609,-0.203368,0.658438,0.500723,0.314418,0.947785,-0.053291,0.222009,-0.613220,0.245651,0.750717,-0.522925,0.000000,0.000000,0.000000,1.000000,0.11441667033580945,49.69893242641134
1782485585.048659,0.724609,-0.203368,0.658438,0.500723,0.314418,0.947785,-0.053291,0.222009,-0.613220,0.245651,0.750717,-0.522925,0.000000,0.000000,0.000000,1.000000,0.11441667033580945,49.69893242641134
1782485585.084692,0.724609,-0.203368,0.658438,0.500723,0.314418,0.947785,-0.053291,0.222009,-0.613220,0.245651,0.750717,-0.522925,0.000000,0.000000,0.000000,1.000000,0.11441667033580945,49.69893242641134
1782485585.120200,0.724609,-0.203368,0.658438,0.500723,0.314418,0.947785,-0.053291,0.222009,-0.613220,0.245651,0.750717,-0.522925,0.000000,0.000000,0.000000,1.000000,0.11441667033580945,49.69893242641134
1782485585.155703,0.724609,-0.203368,0.658438,0.500723,0.314418,0.947785,-0.053291,0.222009,-0.613220,0.245651,0.750717,-0.522925,0.000000,0.000000,0.000000,1.000000,0.11441667033580945,49.69893242641134
1782485585.191270,0.724609,-0.203368,0.658438,0.500723,0.314418,0.947785,-0.053291,0.222009,-0.613220,0.245651,0.750717,-0.522925,0.000000,0.000000,0.000000,1.000000,0.11441667033580945,49.69893242641134
1782485585.226951,0.724609,-0.203368,0.658438,0.500723,0.314418,0.947785,-0.053291,0.222009,-0.613220,0.245651,0.750717,-0.522925,0.000000,0.000000,0.000000,1.000000,0.11441667033580945,49.69893242641134
1782485585.262595,0.724609,-0.203368,0.658438,0.500723,0.314418,0.947785,-0.053291,0.222009,-0.613220,0.245651,0.750717,-0.522925,0.000000,0.000000,0.000000,1.000000,0.11441667033580945,49.69893242641134
1782485585.298078,0.724609,-0.203368,0.658438,0.500723,0.314418,0.947785,-0.053291,0.222009,-0.613220,0.245651,0.750717,-0.522925,0.000000,0.000000,0.000000,1.000000,0.11441667033580945,49.69893242641134
1782485585.333784,0.724609,-0.203368,0.658438,0.500723,0.314418,0.947785,-0.053291,0.222009,-0.613220,0.245651,0.750717,-0.522925,0.000000,0.000000,0.000000,1.000000,0.11441667033580945,49.69893242641134
1782485585.369682,0.724609,-0.203368,0.658438,0.500723,0.314418,0.947785,-0.053291,0.222009,-0.613220,0.245651,0.750717,-0.522925,0.000000,0.000000,0.000000,1.000000,0.11441667033580945,49.69893242641134
1782485585.405036,0.724609,-0.203368,0.658438,0.500723,0.314418,0.947785,-0.053291,0.222009,-0.613220,0.245651,0.750717,-0.522925,0.000000,0.000000,0.000000,1.000000,0.11441667033580945,49.69893242641134
1782485585.440345,0.724609,-0.203368,0.658438,0.500723,0.314418,0.947785,-0.053291,0.222009,-0.613220,0.245651,0.750717,-0.522925,0.000000,0.000000,0.000000,1.000000,0.11441667033580945,49.69893242641134
1782485585.475933,0.724609,-0.203368,0.658438,0.500723,0.314418,0.947785,-0.053291,0.222009,-0.613220,0.245651,0.750717,-0.522925,0.000000,0.000000,0.000000,1.000000,0.11441667033580945,49.69893242641134
1782485585.511386,0.724609,-0.203368,0.658438,0.500723,0.314418,0.947785,-0.053291,0.222009,-0.613220,0.245651,0.750717,-0.522925,0.000000,0.000000,0.000000,1.000000,0.11441667033580945,49.69893242641134
1782485585.546275,0.724609,-0.203368,0.658438,0.500723,0.314418,0.947785,-0.053291,0.222009,-0.613220,0.245651,0.750717,-0.522925,0.000000,0.000000,0.000000,1.000000,0.11441667033580945,49.69893242641134
1782485585.580958,0.724609,-0.203368,0.658438,0.500723,0.314418,0.947785,-0.053291,0.222009,-0.613220,0.245651,0.750717,-0.522925,0.000000,0.000000,0.000000,1.000000,0.11441667033580945,49.69893242641134
1782485585.615562,0.724609,-0.203368,0.658438,0.500723,0.314418,0.947785,-0.053291,0.222009,-0.613220,0.245651,0.750717,-0.522925,0.000000,0.000000,0.000000,1.000000,0.11441667033580945,49.69893242641134
1782485585.650180,0.724609,-0.203368,0.658438,0.500723,0.314418,0.947785,-0.053291,0.222009,-0.613220,0.245651,0.750717,-0.522925,0.000000,0.000000,0.000000,1.000000,0.11441667033580945,49.69893242641134
1782485585.685132,0.724609,-0.203368,0.658438,0.500723,0.314418,0.947785,-0.053291,0.222009,-0.613220,0.245651,0.750717,-0.522925,0.000000,0.000000,0.000000,1.000000,0.11441667033580945,49.69893242641134
1782485585.720786,0.724609,-0.203368,0.658438,0.500723,0.314418,0.947785,-0.053291,0.222009,-0.613220,0.245651,0.750717,-0.522925,0.000000,0.000000,0.000000,1.000000,0.11441667033580945,49.69893242641134
1782485585.756027,0.724609,-0.203368,0.658438,0.500723,0.314418,0.947785,-0.053291,0.222009,-0.613220,0.245651,0.750717,-0.522925,0.000000,0.000000,0.000000,1.000000,0.11441667033580945,49.69893242641134
1782485585.791561,0.724609,-0.203368,0.658438,0.500723,0.314418,0.947785,-0.053291,0.222009,-0.613220,0.245651,0.750717,-0.522925,0.000000,0.000000,0.000000,1.000000,0.11441667033580945,49.69893242641134
1782485585.827038,0.724609,-0.203368,0.658438,0.500723,0.314418,0.947785,-0.053291,0.222009,-0.613220,0.245651,0.750717,-0.522925,0.000000,0.000000,0.000000,1.000000,0.11441667033580945,49.69893242641134
1782485585.862808,0.724609,-0.203368,0.658438,0.500723,0.314418,0.947785,-0.053291,0.222009,-0.613220,0.245651,0.750717,-0.522925,0.000000,0.000000,0.000000,1.000000,0.11441667033580945,49.69893242641134
1782485585.899065,0.724609,-0.203368,0.658438,0.500723,0.314418,0.947785,-0.053291,0.222009,-0.613220,0.245651,0.750717,-0.522925,0.000000,0.000000,0.000000,1.000000,0.11441667033580945,49.69893242641134
1782485585.935113,0.724609,-0.203368,0.658438,0.500723,0.314418,0.947785,-0.053291,0.222009,-0.613220,0.245651,0.750717,-0.522925,0.000000,0.000000,0.000000,1.000000,0.11441667033580945,49.69893242641134
1782485585.970913,0.724609,-0.203368,0.658438,0.500723,0.314418,0.947785,-0.053291,0.222009,-0.613220,0.245651,0.750717,-0.522925,0.000000,0.000000,0.000000,1.000000,0.11441667033580945,49.69893242641134
1782485586.007213,0.724609,-0.203368,0.658438,0.500723,0.314418,0.947785,-0.053291,0.222009,-0.613220,0.245651,0.750717,-0.522925,0.000000,0.000000,0.000000,1.000000,0.11441667033580945,49.69893242641134
1782485586.043295,0.724609,-0.203368,0.658438,0.500723,0.314418,0.947785,-0.053291,0.222009,-0.613220,0.245651,0.750717,-0.522925,0.000000,0.000000,0.000000,1.000000,0.11441667033580945,49.69893242641134
1782485586.079188,0.724609,-0.203368,0.658438,0.500723,0.314418,0.947785,-0.053291,0.222009,-0.613220,0.245651,0.750717,-0.522925,0.000000,0.000000,0.000000,1.000000,0.11441667033580945,49.69893242641134
1782485586.115472,0.724609,-0.203368,0.658438,0.500723,0.314418,0.947785,-0.053291,0.222009,-0.613220,0.245651,0.750717,-0.522925,0.000000,0.000000,0.000000,1.000000,0.11441667033580945,49.69893242641134
1782485586.151535,0.724609,-0.203368,0.658438,0.500723,0.314418,0.947785,-0.053291,0.222009,-0.613220,0.245651,0.750717,-0.522925,0.000000,0.000000,0.000000,1.000000,0.11441667033580945,49.69893242641134
1782485586.187284,0.724609,-0.203368,0.658438,0.500723,0.314418,0.947785,-0.053291,0.222009,-0.613220,0.245651,0.750717,-0.522925,0.000000,0.000000,0.000000,1.000000,0.11441667033580945,49.69893242641134
1782485586.223001,0.724609,-0.203368,0.658438,0.500723,0.314418,0.947785,-0.053291,0.222009,-0.613220,0.245651,0.750717,-0.522925,0.000000,0.000000,0.000000,1.000000,0.11441667033580945,49.69893242641134
1782485586.259212,0.724609,-0.203368,0.658438,0.500723,0.314418,0.947785,-0.053291,0.222009,-0.613220,0.245651,0.750717,-0.522925,0.000000,0.000000,0.000000,1.000000,0.11441667033580945,49.69893242641134
1782485586.295152,0.724609,-0.203368,0.658438,0.500723,0.314418,0.947785,-0.053291,0.222009,-0.613220,0.245651,0.750717,-0.522925,0.000000,0.000000,0.000000,1.000000,0.11441667033580945,49.69893242641134
1782485586.331076,0.724609,-0.203368,0.658438,0.500723,0.314418,0.947785,-0.053291,0.222009,-0.613220,0.245651,0.750717,-0.522925,0.000000,0.000000,0.000000,1.000000,0.11441667033580945,49.69893242641134
1782485586.366988,0.724609,-0.203368,0.658438,0.500723,0.314418,0.947785,-0.053291,0.222009,-0.613220,0.245651,0.750717,-0.522925,0.000000,0.000000,0.000000,1.000000,0.11441667033580945,49.69893242641134
1782485586.402643,0.724609,-0.203368,0.658438,0.500723,0.314418,0.947785,-0.053291,0.222009,-0.613220,0.245651,0.750717,-0.522925,0.000000,0.000000,0.000000,1.000000,0.11441667033580945,49.69893242641134
1782485586.438305,0.724609,-0.203368,0.658438,0.500723,0.314418,0.947785,-0.053291,0.222009,-0.613220,0.245651,0.750717,-0.522925,0.000000,0.000000,0.000000,1.000000,0.11441667033580945,49.69893242641134
1782485586.474109,0.724609,-0.203368,0.658438,0.500723,0.314418,0.947785,-0.053291,0.222009,-0.613220,0.245651,0.750717,-0.522925,0.000000,0.000000,0.000000,1.000000,0.11441667033580945,49.69893242641134
1782485586.510085,0.724609,-0.203368,0.658438,0.500723,0.314418,0.947785,-0.053291,0.222009,-0.613220,0.245651,0.750717,-0.522925,0.000000,0.000000,0.000000,1.000000,0.11441667033580945,49.69893242641134
1782485586.545744,0.724609,-0.203368,0.658438,0.500723,0.314418,0.947785,-0.053291,0.222009,-0.613220,0.245651,0.750717,-0.522925,0.000000,0.000000,0.000000,1.000000,0.11441667033580945,49.69893242641134
1782485586.582004,0.724609,-0.203368,0.658438,0.500723,0.314418,0.947785,-0.053291,0.222009,-0.613220,0.245651,0.750717,-0.522925,0.000000,0.000000,0.000000,1.000000,0.11441667033580945,49.69893242641134
1782485586.618099,0.724609,-0.203368,0.658438,0.500723,0.314418,0.947785,-0.053291,0.222009,-0.613220,0.245651,0.750717,-0.522925,0.000000,0.000000,0.000000,1.000000,0.11441667033580945,49.69893242641134
1782485586.653742,0.724609,-0.203368,0.658438,0.500723,0.314418,0.947785,-0.053291,0.222009,-0.613220,0.245651,0.750717,-0.522925,0.000000,0.000000,0.000000,1.000000,0.11441667033580945,49.69893242641134
1782485586.689330,0.724609,-0.203368,0.658438,0.500723,0.314418,0.947785,-0.053291,0.222009,-0.613220,0.245651,0.750717,-0.522925,0.000000,0.000000,0.000000,1.000000,0.11441667033580945,49.69893242641134
1782485586.724463,0.724609,-0.203368,0.658438,0.500723,0.314418,0.947785,-0.053291,0.222009,-0.613220,0.245651,0.750717,-0.522925,0.000000,0.000000,0.000000,1.000000,0.11441667033580945,49.69893242641134
1782485586.759984,0.724609,-0.203368,0.658438,0.500723,0.314418,0.947785,-0.053291,0.222009,-0.613220,0.245651,0.750717,-0.522925,0.000000,0.000000,0.000000,1.000000,0.11441667033580945,49.69893242641134
1782485586.795309,0.724609,-0.203368,0.658438,0.500723,0.314418,0.947785,-0.053291,0.222009,-0.613220,0.245651,0.750717,-0.522925,0.000000,0.000000,0.000000,1.000000,0.11441667033580945,49.69893242641134
1782485586.830880,0.724609,-0.203368,0.658438,0.500723,0.314418,0.947785,-0.053291,0.222009,-0.613220,0.245651,0.750717,-0.522925,0.000000,0.000000,0.000000,1.000000,0.11441667033580945,49.69893242641134
1782485586.866544,0.724609,-0.203368,0.658438,0.500723,0.314418,0.947785,-0.053291,0.222009,-0.613220,0.245651,0.750717,-0.522925,0.000000,0.000000,0.000000,1.000000,0.11441667033580945,49.69893242641134
1782485586.902300,0.724609,-0.203368,0.658438,0.500723,0.314418,0.947785,-0.053291,0.222009,-0.613220,0.245651,0.750717,-0.522925,0.000000,0.000000,0.000000,1.000000,0.11441667033580945,49.69893242641134
1782485586.937996,0.724609,-0.203368,0.658438,0.500723,0.314418,0.947785,-0.053291,0.222009,-0.613220,0.245651,0.750717,-0.522925,0.000000,0.000000,0.000000,1.000000,0.11441667033580945,49.69893242641134
1782485586.974171,0.724609,-0.203368,0.658438,0.500723,0.314418,0.947785,-0.053291,0.222009,-0.613220,0.245651,0.750717,-0.522925,0.000000,0.000000,0.000000,1.000000,0.11441667033580945,49.69893242641134
1782485587.010181,0.724609,-0.203368,0.658438,0.500723,0.314418,0.947785,-0.053291,0.222009,-0.613220,0.245651,0.750717,-0.522925,0.000000,0.000000,0.000000,1.000000,0.11441667033580945,49.69893242641134
1782485587.045972,0.724609,-0.203368,0.658438,0.500723,0.314418,0.947785,-0.053291,0.222009,-0.613220,0.245651,0.750717,-0.522925,0.000000,0.000000,0.000000,1.000000,0.11441667033580945,49.69893242641134
1782485587.082379,0.724609,-0.203368,0.658438,0.500723,0.314418,0.947785,-0.053291,0.222009,-0.613220,0.245651,0.750717,-0.522925,0.000000,0.000000,0.000000,1.000000,0.11441667033580945,49.69893242641134
1782485587.118460,0.724609,-0.203368,0.658438,0.500723,0.314418,0.947785,-0.053291,0.222009,-0.613220,0.245651,0.750717,-0.522925,0.000000,0.000000,0.000000,1.000000,0.11441667033580945,49.69893242641134
1782485587.154336,0.724609,-0.203368,0.658438,0.500723,0.314418,0.947785,-0.053291,0.222009,-0.613220,0.245651,0.750717,-0.522925,0.000000,0.000000,0.000000,1.000000,0.11441667033580945,49.69893242641134
1782485587.189645,0.724609,-0.203368,0.658438,0.500723,0.314418,0.947785,-0.053291,0.222009,-0.613220,0.245651,0.750717,-0.522925,0.000000,0.000000,0.000000,1.000000,0.11441667033580945,49.69893242641134
1782485587.225382,0.724609,-0.203368,0.658438,0.500723,0.314418,0.947785,-0.053291,0.222009,-0.613220,0.245651,0.750717,-0.522925,0.000000,0.000000,0.000000,1.000000,0.11441667033580945,49.69893242641134
1782485587.261589,0.724609,-0.203368,0.658438,0.500723,0.314418,0.947785,-0.053291,0.222009,-0.613220,0.245651,0.750717,-0.522925,0.000000,0.000000,0.000000,1.000000,0.11441667033580945,49.69893242641134
1782485587.297768,0.724609,-0.203368,0.658438,0.500723,0.314418,0.947785,-0.053291,0.222009,-0.613220,0.245651,0.750717,-0.522925,0.000000,0.000000,0.000000,1.000000,0.11441667033580945,49.69893242641134
1782485587.333961,0.724609,-0.203368,0.658438,0.500723,0.314418,0.947785,-0.053291,0.222009,-0.613220,0.245651,0.750717,-0.522925,0.000000,0.000000,0.000000,1.000000,0.11441667033580945,49.69893242641134
1782485587.369789,0.724609,-0.203368,0.658438,0.500723,0.314418,0.947785,-0.053291,0.222009,-0.613220,0.245651,0.750717,-0.522925,0.000000,0.000000,0.000000,1.000000,0.11441667033580945,49.69893242641134
1782485587.404925,0.724609,-0.203368,0.658438,0.500723,0.314418,0.947785,-0.053291,0.222009,-0.613220,0.245651,0.750717,-0.522925,0.000000,0.000000,0.000000,1.000000,0.11441667033580945,49.69893242641134
1782485587.439959,0.724609,-0.203368,0.658438,0.500723,0.314418,0.947785,-0.053291,0.222009,-0.613220,0.245651,0.750717,-0.522925,0.000000,0.000000,0.000000,1.000000,0.11441667033580945,49.69893242641134
1782485587.475778,0.724609,-0.203368,0.658438,0.500723,0.314418,0.947785,-0.053291,0.222009,-0.613220,0.245651,0.750717,-0.522925,0.000000,0.000000,0.000000,1.000000,0.11441667033580945,49.69893242641134
1782485587.510765,0.724609,-0.203368,0.658438,0.500723,0.314418,0.947785,-0.053291,0.222009,-0.613220,0.245651,0.750717,-0.522925,0.000000,0.000000,0.000000,1.000000,0.11441667033580945,49.69893242641134
1782485587.546554,0.724609,-0.203368,0.658438,0.500723,0.314418,0.947785,-0.053291,0.222009,-0.613220,0.245651,0.750717,-0.522925,0.000000,0.000000,0.000000,1.000000,0.11441667033580945,49.69893242641134
1782485587.582415,0.724609,-0.203368,0.658438,0.500723,0.314418,0.947785,-0.053291,0.222009,-0.613220,0.245651,0.750717,-0.522925,0.000000,0.000000,0.000000,1.000000,0.11441667033580945,49.69893242641134
1782485587.618042,0.724609,-0.203368,0.658438,0.500723,0.314418,0.947785,-0.053291,0.222009,-0.613220,0.245651,0.750717,-0.522925,0.000000,0.000000,0.000000,1.000000,0.11441667033580945,49.69893242641134
1782485587.653758,0.724609,-0.203368,0.658438,0.500723,0.314418,0.947785,-0.053291,0.222009,-0.613220,0.245651,0.750717,-0.522925,0.000000,0.000000,0.000000,1.000000,0.11441667033580945,49.69893242641134
1782485587.689260,0.724609,-0.203368,0.658438,0.500723,0.314418,0.947785,-0.053291,0.222009,-0.613220,0.245651,0.750717,-0.522925,0.000000,0.000000,0.000000,1.000000,0.11441667033580945,49.69893242641134
1782485587.724856,0.724609,-0.203368,0.658438,0.500723,0.314418,0.947785,-0.053291,0.222009,-0.613220,0.245651,0.750717,-0.522925,0.000000,0.000000,0.000000,1.000000,0.11441667033580945,49.69893242641134
1782485587.760978,0.724609,-0.203368,0.658438,0.500723,0.314418,0.947785,-0.053291,0.222009,-0.613220,0.245651,0.750717,-0.522925,0.000000,0.000000,0.000000,1.000000,0.11441667033580945,49.69893242641134
1782485587.797230,0.724609,-0.203368,0.658438,0.500723,0.314418,0.947785,-0.053291,0.222009,-0.613220,0.245651,0.750717,-0.522925,0.000000,0.000000,0.000000,1.000000,0.11441667033580945,49.69893242641134
1782485587.833039,0.724609,-0.203368,0.658438,0.500723,0.314418,0.947785,-0.053291,0.222009,-0.613220,0.245651,0.750717,-0.522925,0.000000,0.000000,0.000000,1.000000,0.11441667033580945,49.69893242641134
1782485587.868978,0.724609,-0.203368,0.658438,0.500723,0.314418,0.947785,-0.053291,0.222009,-0.613220,0.245651,0.750717,-0.522925,0.000000,0.000000,0.000000,1.000000,0.11441667033580945,49.69893242641134
1782485587.904977,0.724609,-0.203368,0.658438,0.500723,0.314418,0.947785,-0.053291,0.222009,-0.613220,0.245651,0.750717,-0.522925,0.000000,0.000000,0.000000,1.000000,0.11441667033580945,49.69893242641134
1782485587.940946,0.724609,-0.203368,0.658438,0.500723,0.314418,0.947785,-0.053291,0.222009,-0.613220,0.245651,0.750717,-0.522925,0.000000,0.000000,0.000000,1.000000,0.11441667033580945,49.69893242641134
1782485587.977171,0.724609,-0.203368,0.658438,0.500723,0.314418,0.947785,-0.053291,0.222009,-0.613220,0.245651,0.750717,-0.522925,0.000000,0.000000,0.000000,1.000000,0.11441667033580945,49.69893242641134
1782485588.013210,0.724609,-0.203368,0.658438,0.500723,0.314418,0.947785,-0.053291,0.222009,-0.613220,0.245651,0.750717,-0.522925,0.000000,0.000000,0.000000,1.000000,0.11441667033580945,49.69893242641134
1782485588.049129,0.724609,-0.203368,0.658438,0.500723,0.314418,0.947785,-0.053291,0.222009,-0.613220,0.245651,0.750717,-0.522925,0.000000,0.000000,0.000000,1.000000,0.11441667033580945,49.69893242641134
1782485588.085332,0.724609,-0.203368,0.658438,0.500723,0.314418,0.947785,-0.053291,0.222009,-0.613220,0.245651,0.750717,-0.522925,0.000000,0.000000,0.000000,1.000000,0.11441667033580945,49.69893242641134
1782485588.120528,0.724609,-0.203368,0.658438,0.500723,0.314418,0.947785,-0.053291,0.222009,-0.613220,0.245651,0.750717,-0.522925,0.000000,0.000000,0.000000,1.000000,0.11441667033580945,49.69893242641134
1782485588.156580,0.724609,-0.203368,0.658438,0.500723,0.314418,0.947785,-0.053291,0.222009,-0.613220,0.245651,0.750717,-0.522925,0.000000,0.000000,0.000000,1.000000,0.11441667033580945,49.69893242641134
1782485588.192879,0.724609,-0.203368,0.658438,0.500723,0.314418,0.947785,-0.053291,0.222009,-0.613220,0.245651,0.750717,-0.522925,0.000000,0.000000,0.000000,1.000000,0.11441667033580945,49.69893242641134
1782485588.228695,0.724609,-0.203368,0.658438,0.500723,0.314418,0.947785,-0.053291,0.222009,-0.613220,0.245651,0.750717,-0.522925,0.000000,0.000000,0.000000,1.000000,0.11441667033580945,49.69893242641134
1782485588.264267,0.724609,-0.203368,0.658438,0.500723,0.314418,0.947785,-0.053291,0.222009,-0.613220,0.245651,0.750717,-0.522925,0.000000,0.000000,0.000000,1.000000,0.11441667033580945,49.69893242641134
1782485588.300375,0.724609,-0.203368,0.658438,0.500723,0.314418,0.947785,-0.053291,0.222009,-0.613220,0.245651,0.750717,-0.522925,0.000000,0.000000,0.000000,1.000000,0.11441667033580945,49.69893242641134
1782485588.335581,0.724609,-0.203368,0.658438,0.500723,0.314418,0.947785,-0.053291,0.222009,-0.613220,0.245651,0.750717,-0.522925,0.000000,0.000000,0.000000,1.000000,0.11441667033580945,49.69893242641134
1782485588.371421,0.724609,-0.203368,0.658438,0.500723,0.314418,0.947785,-0.053291,0.222009,-0.613220,0.245651,0.750717,-0.522925,0.000000,0.000000,0.000000,1.000000,0.11441667033580945,49.69893242641134
1782485588.407349,0.724609,-0.203368,0.658438,0.500723,0.314418,0.947785,-0.053291,0.222009,-0.613220,0.245651,0.750717,-0.522925,0.000000,0.000000,0.000000,1.000000,0.11441667033580945,49.69893242641134
1782485588.443596,0.724609,-0.203368,0.658438,0.500723,0.314418,0.947785,-0.053291,0.222009,-0.613220,0.245651,0.750717,-0.522925,0.000000,0.000000,0.000000,1.000000,0.11441667033580945,49.69893242641134
1782485588.479541,0.724609,-0.203368,0.658438,0.500723,0.314418,0.947785,-0.053291,0.222009,-0.613220,0.245651,0.750717,-0.522925,0.000000,0.000000,0.000000,1.000000,0.11441667033580945,49.69893242641134
1782485588.514447,0.724609,-0.203368,0.658438,0.500723,0.314418,0.947785,-0.053291,0.222009,-0.613220,0.245651,0.750717,-0.522925,0.000000,0.000000,0.000000,1.000000,0.11441667033580945,49.69893242641134
1782485588.550506,0.724609,-0.203368,0.658438,0.500723,0.314418,0.947785,-0.053291,0.222009,-0.613220,0.245651,0.750717,-0.522925,0.000000,0.000000,0.000000,1.000000,0.11441667033580945,49.69893242641134
1782485588.586534,0.724609,-0.203368,0.658438,0.500723,0.314418,0.947785,-0.053291,0.222009,-0.613220,0.245651,0.750717,-0.522925,0.000000,0.000000,0.000000,1.000000,0.11441667033580945,49.69893242641134
1782485588.622630,0.724609,-0.203368,0.658438,0.500723,0.314418,0.947785,-0.053291,0.222009,-0.613220,0.245651,0.750717,-0.522925,0.000000,0.000000,0.000000,1.000000,0.11441667033580945,49.69893242641134
1782485588.658714,0.724609,-0.203368,0.658438,0.500723,0.314418,0.947785,-0.053291,0.222009,-0.613220,0.245651,0.750717,-0.522925,0.000000,0.000000,0.000000,1.000000,0.11441667033580945,49.69893242641134
1782485588.694836,0.724609,-0.203368,0.658438,0.500723,0.314418,0.947785,-0.053291,0.222009,-0.613220,0.245651,0.750717,-0.522925,0.000000,0.000000,0.000000,1.000000,0.11441667033580945,49.69893242641134
1782485588.730928,0.724609,-0.203368,0.658438,0.500723,0.314418,0.947785,-0.053291,0.222009,-0.613220,0.245651,0.750717,-0.522925,0.000000,0.000000,0.000000,1.000000,0.11441667033580945,49.69893242641134
1782485588.766777,0.724609,-0.203368,0.658438,0.500723,0.314418,0.947785,-0.053291,0.222009,-0.613220,0.245651,0.750717,-0.522925,0.000000,0.000000,0.000000,1.000000,0.11441667033580945,49.69893242641134
1782485588.803103,0.724609,-0.203368,0.658438,0.500723,0.314418,0.947785,-0.053291,0.222009,-0.613220,0.245651,0.750717,-0.522925,0.000000,0.000000,0.000000,1.000000,0.11441667033580945,49.69893242641134
1782485588.839171,0.724609,-0.203368,0.658438,0.500723,0.314418,0.947785,-0.053291,0.222009,-0.613220,0.245651,0.750717,-0.522925,0.000000,0.000000,0.000000,1.000000,0.11441667033580945,49.69893242641134
1782485588.875067,0.724609,-0.203368,0.658438,0.500723,0.314418,0.947785,-0.053291,0.222009,-0.613220,0.245651,0.750717,-0.522925,0.000000,0.000000,0.000000,1.000000,0.11441667033580945,49.69893242641134
1782485588.911303,0.724609,-0.203368,0.658438,0.500723,0.314418,0.947785,-0.053291,0.222009,-0.613220,0.245651,0.750717,-0.522925,0.000000,0.000000,0.000000,1.000000,0.11441667033580945,49.69893242641134
1782485588.947460,0.724609,-0.203368,0.658438,0.500723,0.314418,0.947785,-0.053291,0.222009,-0.613220,0.245651,0.750717,-0.522925,0.000000,0.000000,0.000000,1.000000,0.11441667033580945,49.69893242641134
1782485588.982911,0.724609,-0.203368,0.658438,0.500723,0.314418,0.947785,-0.053291,0.222009,-0.613220,0.245651,0.750717,-0.522925,0.000000,0.000000,0.000000,1.000000,0.11441667033580945,49.69893242641134
1782485589.019039,0.724609,-0.203368,0.658438,0.500723,0.314418,0.947785,-0.053291,0.222009,-0.613220,0.245651,0.750717,-0.522925,0.000000,0.000000,0.000000,1.000000,0.11441667033580945,49.69893242641134
1782485589.054889,0.724609,-0.203368,0.658438,0.500723,0.314418,0.947785,-0.053291,0.222009,-0.613220,0.245651,0.750717,-0.522925,0.000000,0.000000,0.000000,1.000000,0.11441667033580945,49.69893242641134
1782485589.091136,0.724609,-0.203368,0.658438,0.500723,0.314418,0.947785,-0.053291,0.222009,-0.613220,0.245651,0.750717,-0.522925,0.000000,0.000000,0.000000,1.000000,0.11441667033580945,49.69893242641134
1782485589.127056,0.724609,-0.203368,0.658438,0.500723,0.314418,0.947785,-0.053291,0.222009,-0.613220,0.245651,0.750717,-0.522925,0.000000,0.000000,0.000000,1.000000,0.11441667033580945,49.69893242641134
1782485589.162822,0.724609,-0.203368,0.658438,0.500723,0.314418,0.947785,-0.053291,0.222009,-0.613220,0.245651,0.750717,-0.522925,0.000000,0.000000,0.000000,1.000000,0.11441667033580945,49.69893242641134
1782485589.198811,0.724609,-0.203368,0.658438,0.500723,0.314418,0.947785,-0.053291,0.222009,-0.613220,0.245651,0.750717,-0.522925,0.000000,0.000000,0.000000,1.000000,0.11441667033580945,49.69893242641134
1782485589.234943,0.724609,-0.203368,0.658438,0.500723,0.314418,0.947785,-0.053291,0.222009,-0.613220,0.245651,0.750717,-0.522925,0.000000,0.000000,0.000000,1.000000,0.11441667033580945,49.69893242641134
1782485589.270677,0.724609,-0.203368,0.658438,0.500723,0.314418,0.947785,-0.053291,0.222009,-0.613220,0.245651,0.750717,-0.522925,0.000000,0.000000,0.000000,1.000000,0.11441667033580945,49.69893242641134
1782485589.306861,0.724609,-0.203368,0.658438,0.500723,0.314418,0.947785,-0.053291,0.222009,-0.613220,0.245651,0.750717,-0.522925,0.000000,0.000000,0.000000,1.000000,0.11441667033580945,49.69893242641134
1782485589.341973,0.724609,-0.203368,0.658438,0.500723,0.314418,0.947785,-0.053291,0.222009,-0.613220,0.245651,0.750717,-0.522925,0.000000,0.000000,0.000000,1.000000,0.11441667033580945,49.69893242641134
1782485589.377436,0.724609,-0.203368,0.658438,0.500723,0.314418,0.947785,-0.053291,0.222009,-0.613220,0.245651,0.750717,-0.522925,0.000000,0.000000,0.000000,1.000000,0.11441667033580945,49.69893242641134
1782485589.413662,0.724609,-0.203368,0.658438,0.500723,0.314418,0.947785,-0.053291,0.222009,-0.613220,0.245651,0.750717,-0.522925,0.000000,0.000000,0.000000,1.000000,0.11441667033580945,49.69893242641134
1782485589.449153,0.724609,-0.203368,0.658438,0.500723,0.314418,0.947785,-0.053291,0.222009,-0.613220,0.245651,0.750717,-0.522925,0.000000,0.000000,0.000000,1.000000,0.11441667033580945,49.69893242641134
1782485589.484540,0.724609,-0.203368,0.658438,0.500723,0.314418,0.947785,-0.053291,0.222009,-0.613220,0.245651,0.750717,-0.522925,0.000000,0.000000,0.000000,1.000000,0.11441667033580945,49.69893242641134
1782485589.520213,0.724609,-0.203368,0.658438,0.500723,0.314418,0.947785,-0.053291,0.222009,-0.613220,0.245651,0.750717,-0.522925,0.000000,0.000000,0.000000,1.000000,0.11441667033580945,49.69893242641134
1782485589.556161,0.724609,-0.203368,0.658438,0.500723,0.314418,0.947785,-0.053291,0.222009,-0.613220,0.245651,0.750717,-0.522925,0.000000,0.000000,0.000000,1.000000,0.11441667033580945,49.69893242641134
1782485589.592278,0.724609,-0.203368,0.658438,0.500723,0.314418,0.947785,-0.053291,0.222009,-0.613220,0.245651,0.750717,-0.522925,0.000000,0.000000,0.000000,1.000000,0.11441667033580945,49.69893242641134
1782485589.628179,0.724609,-0.203368,0.658438,0.500723,0.314418,0.947785,-0.053291,0.222009,-0.613220,0.245651,0.750717,-0.522925,0.000000,0.000000,0.000000,1.000000,0.11441667033580945,49.69893242641134
1782485589.664328,0.724609,-0.203368,0.658438,0.500723,0.314418,0.947785,-0.053291,0.222009,-0.613220,0.245651,0.750717,-0.522925,0.000000,0.000000,0.000000,1.000000,0.11441667033580945,49.69893242641134
1782485589.700275,0.724609,-0.203368,0.658438,0.500723,0.314418,0.947785,-0.053291,0.222009,-0.613220,0.245651,0.750717,-0.522925,0.000000,0.000000,0.000000,1.000000,0.11441667033580945,49.69893242641134
1782485589.735876,0.724609,-0.203368,0.658438,0.500723,0.314418,0.947785,-0.053291,0.222009,-0.613220,0.245651,0.750717,-0.522925,0.000000,0.000000,0.000000,1.000000,0.11441667033580945,49.69893242641134
1782485589.771616,0.724609,-0.203368,0.658438,0.500723,0.314418,0.947785,-0.053291,0.222009,-0.613220,0.245651,0.750717,-0.522925,0.000000,0.000000,0.000000,1.000000,0.11441667033580945,49.69893242641134
1782485589.807469,0.724609,-0.203368,0.658438,0.500723,0.314418,0.947785,-0.053291,0.222009,-0.613220,0.245651,0.750717,-0.522925,0.000000,0.000000,0.000000,1.000000,0.11441667033580945,49.69893242641134
1782485589.843194,0.724609,-0.203368,0.658438,0.500723,0.314418,0.947785,-0.053291,0.222009,-0.613220,0.245651,0.750717,-0.522925,0.000000,0.000000,0.000000,1.000000,0.11441667033580945,49.69893242641134
1782485589.878911,0.724609,-0.203368,0.658438,0.500723,0.314418,0.947785,-0.053291,0.222009,-0.613220,0.245651,0.750717,-0.522925,0.000000,0.000000,0.000000,1.000000,0.11441667033580945,49.69893242641134
1782485589.914905,0.724609,-0.203368,0.658438,0.500723,0.314418,0.947785,-0.053291,0.222009,-0.613220,0.245651,0.750717,-0.522925,0.000000,0.000000,0.000000,1.000000,0.11441667033580945,49.69893242641134
1782485589.950565,0.724609,-0.203368,0.658438,0.500723,0.314418,0.947785,-0.053291,0.222009,-0.613220,0.245651,0.750717,-0.522925,0.000000,0.000000,0.000000,1.000000,0.11441667033580945,49.69893242641134
1782485589.986374,0.724609,-0.203368,0.658438,0.500723,0.314418,0.947785,-0.053291,0.222009,-0.613220,0.245651,0.750717,-0.522925,0.000000,0.000000,0.000000,1.000000,0.11441667033580945,49.69893242641134
1782485590.022175,0.724609,-0.203368,0.658438,0.500723,0.314418,0.947785,-0.053291,0.222009,-0.613220,0.245651,0.750717,-0.522925,0.000000,0.000000,0.000000,1.000000,0.11441667033580945,49.69893242641134
1782485590.058157,0.724609,-0.203368,0.658438,0.500723,0.314418,0.947785,-0.053291,0.222009,-0.613220,0.245651,0.750717,-0.522925,0.000000,0.000000,0.000000,1.000000,0.11441667033580945,49.69893242641134
1782485590.094301,0.724609,-0.203368,0.658438,0.500723,0.314418,0.947785,-0.053291,0.222009,-0.613220,0.245651,0.750717,-0.522925,0.000000,0.000000,0.000000,1.000000,0.11441667033580945,49.69893242641134
1782485590.130616,0.724609,-0.203368,0.658438,0.500723,0.314418,0.947785,-0.053291,0.222009,-0.613220,0.245651,0.750717,-0.522925,0.000000,0.000000,0.000000,1.000000,0.11441667033580945,49.69893242641134
1782485590.166982,0.724609,-0.203368,0.658438,0.500723,0.314418,0.947785,-0.053291,0.222009,-0.613220,0.245651,0.750717,-0.522925,0.000000,0.000000,0.000000,1.000000,0.11441667033580945,49.69893242641134
1782485590.202626,0.724609,-0.203368,0.658438,0.500723,0.314418,0.947785,-0.053291,0.222009,-0.613220,0.245651,0.750717,-0.522925,0.000000,0.000000,0.000000,1.000000,0.11441667033580945,49.69893242641134
1782485590.239042,0.724609,-0.203368,0.658438,0.500723,0.314418,0.947785,-0.053291,0.222009,-0.613220,0.245651,0.750717,-0.522925,0.000000,0.000000,0.000000,1.000000,0.11441667033580945,49.69893242641134
1782485590.275503,0.724609,-0.203368,0.658438,0.500723,0.314418,0.947785,-0.053291,0.222009,-0.613220,0.245651,0.750717,-0.522925,0.000000,0.000000,0.000000,1.000000,0.11441667033580945,49.69893242641134
1782485590.311805,0.724609,-0.203368,0.658438,0.500723,0.314418,0.947785,-0.053291,0.222009,-0.613220,0.245651,0.750717,-0.522925,0.000000,0.000000,0.000000,1.000000,0.11441667033580945,49.69893242641134
1782485590.348192,0.724609,-0.203368,0.658438,0.500723,0.314418,0.947785,-0.053291,0.222009,-0.613220,0.245651,0.750717,-0.522925,0.000000,0.000000,0.000000,1.000000,0.11441667033580945,49.69893242641134
1782485590.384414,0.724609,-0.203368,0.658438,0.500723,0.314418,0.947785,-0.053291,0.222009,-0.613220,0.245651,0.750717,-0.522925,0.000000,0.000000,0.000000,1.000000,0.11441667033580945,49.69893242641134
1782485590.419826,0.724609,-0.203368,0.658438,0.500723,0.314418,0.947785,-0.053291,0.222009,-0.613220,0.245651,0.750717,-0.522925,0.000000,0.000000,0.000000,1.000000,0.11441667033580945,49.69893242641134
1782485590.455352,0.724609,-0.203368,0.658438,0.500723,0.314418,0.947785,-0.053291,0.222009,-0.613220,0.245651,0.750717,-0.522925,0.000000,0.000000,0.000000,1.000000,0.11441667033580945,49.69893242641134
1782485590.490885,0.724609,-0.203368,0.658438,0.500723,0.314418,0.947785,-0.053291,0.222009,-0.613220,0.245651,0.750717,-0.522925,0.000000,0.000000,0.000000,1.000000,0.11441667033580945,49.69893242641134
1782485590.526502,0.724609,-0.203368,0.658438,0.500723,0.314418,0.947785,-0.053291,0.222009,-0.613220,0.245651,0.750717,-0.522925,0.000000,0.000000,0.000000,1.000000,0.11441667033580945,49.69893242641134
1782485590.561689,0.724609,-0.203368,0.658438,0.500723,0.314418,0.947785,-0.053291,0.222009,-0.613220,0.245651,0.750717,-0.522925,0.000000,0.000000,0.000000,1.000000,0.11441667033580945,49.69893242641134
1782485590.597587,0.724609,-0.203368,0.658438,0.500723,0.314418,0.947785,-0.053291,0.222009,-0.613220,0.245651,0.750717,-0.522925,0.000000,0.000000,0.000000,1.000000,0.11441667033580945,49.69893242641134
1782485590.633559,0.724609,-0.203368,0.658438,0.500723,0.314418,0.947785,-0.053291,0.222009,-0.613220,0.245651,0.750717,-0.522925,0.000000,0.000000,0.000000,1.000000,0.11441667033580945,49.69893242641134
1782485590.669888,0.724609,-0.203368,0.658438,0.500723,0.314418,0.947785,-0.053291,0.222009,-0.613220,0.245651,0.750717,-0.522925,0.000000,0.000000,0.000000,1.000000,0.11441667033580945,49.69893242641134
1782485590.705963,0.724609,-0.203368,0.658438,0.500723,0.314418,0.947785,-0.053291,0.222009,-0.613220,0.245651,0.750717,-0.522925,0.000000,0.000000,0.000000,1.000000,0.11441667033580945,49.69893242641134
1782485590.742153,0.724609,-0.203368,0.658438,0.500723,0.314418,0.947785,-0.053291,0.222009,-0.613220,0.245651,0.750717,-0.522925,0.000000,0.000000,0.000000,1.000000,0.11441667033580945,49.69893242641134
1782485590.778393,0.724609,-0.203368,0.658438,0.500723,0.314418,0.947785,-0.053291,0.222009,-0.613220,0.245651,0.750717,-0.522925,0.000000,0.000000,0.000000,1.000000,0.11441667033580945,49.69893242641134
1782485590.814282,0.724609,-0.203368,0.658438,0.500723,0.314418,0.947785,-0.053291,0.222009,-0.613220,0.245651,0.750717,-0.522925,0.000000,0.000000,0.000000,1.000000,0.11441667033580945,49.69893242641134
1782485590.850382,0.724609,-0.203368,0.658438,0.500723,0.314418,0.947785,-0.053291,0.222009,-0.613220,0.245651,0.750717,-0.522925,0.000000,0.000000,0.000000,1.000000,0.11441667033580945,49.69893242641134
1782485590.885978,0.724609,-0.203368,0.658438,0.500723,0.314418,0.947785,-0.053291,0.222009,-0.613220,0.245651,0.750717,-0.522925,0.000000,0.000000,0.000000,1.000000,0.11441667033580945,49.69893242641134
1782485590.922251,0.724609,-0.203368,0.658438,0.500723,0.314418,0.947785,-0.053291,0.222009,-0.613220,0.245651,0.750717,-0.522925,0.000000,0.000000,0.000000,1.000000,0.11441667033580945,49.69893242641134
1782485590.957900,0.724609,-0.203368,0.658438,0.500723,0.314418,0.947785,-0.053291,0.222009,-0.613220,0.245651,0.750717,-0.522925,0.000000,0.000000,0.000000,1.000000,0.11441667033580945,49.69893242641134
1782485590.993939,0.724609,-0.203368,0.658438,0.500723,0.314418,0.947785,-0.053291,0.222009,-0.613220,0.245651,0.750717,-0.522925,0.000000,0.000000,0.000000,1.000000,0.11441667033580945,49.69893242641134
1782485591.029525,0.724609,-0.203368,0.658438,0.500723,0.314418,0.947785,-0.053291,0.222009,-0.613220,0.245651,0.750717,-0.522925,0.000000,0.000000,0.000000,1.000000,0.11441667033580945,49.69893242641134
1782485591.064684,0.724609,-0.203368,0.658438,0.500723,0.314418,0.947785,-0.053291,0.222009,-0.613220,0.245651,0.750717,-0.522925,0.000000,0.000000,0.000000,1.000000,0.11441667033580945,49.69893242641134
1782485591.099853,0.724609,-0.203368,0.658438,0.500723,0.314418,0.947785,-0.053291,0.222009,-0.613220,0.245651,0.750717,-0.522925,0.000000,0.000000,0.000000,1.000000,0.11441667033580945,49.69893242641134
1782485591.135295,0.724609,-0.203368,0.658438,0.500723,0.314418,0.947785,-0.053291,0.222009,-0.613220,0.245651,0.750717,-0.522925,0.000000,0.000000,0.000000,1.000000,0.11441667033580945,49.69893242641134
1782485591.171114,0.724609,-0.203368,0.658438,0.500723,0.314418,0.947785,-0.053291,0.222009,-0.613220,0.245651,0.750717,-0.522925,0.000000,0.000000,0.000000,1.000000,0.11441667033580945,49.69893242641134
1782485591.207270,0.724609,-0.203368,0.658438,0.500723,0.314418,0.947785,-0.053291,0.222009,-0.613220,0.245651,0.750717,-0.522925,0.000000,0.000000,0.000000,1.000000,0.11441667033580945,49.69893242641134
1782485591.243333,0.724609,-0.203368,0.658438,0.500723,0.314418,0.947785,-0.053291,0.222009,-0.613220,0.245651,0.750717,-0.522925,0.000000,0.000000,0.000000,1.000000,0.11441667033580945,49.69893242641134
1782485591.279090,0.724609,-0.203368,0.658438,0.500723,0.314418,0.947785,-0.053291,0.222009,-0.613220,0.245651,0.750717,-0.522925,0.000000,0.000000,0.000000,1.000000,0.11441667033580945,49.69893242641134
1782485591.315165,0.724609,-0.203368,0.658438,0.500723,0.314418,0.947785,-0.053291,0.222009,-0.613220,0.245651,0.750717,-0.522925,0.000000,0.000000,0.000000,1.000000,0.11441667033580945,49.69893242641134
1782485591.350801,0.724609,-0.203368,0.658438,0.500723,0.314418,0.947785,-0.053291,0.222009,-0.613220,0.245651,0.750717,-0.522925,0.000000,0.000000,0.000000,1.000000,0.11441667033580945,49.69893242641134
1782485591.386378,0.724609,-0.203368,0.658438,0.500723,0.314418,0.947785,-0.053291,0.222009,-0.613220,0.245651,0.750717,-0.522925,0.000000,0.000000,0.000000,1.000000,0.11441667033580945,49.69893242641134
1782485591.422162,0.724609,-0.203368,0.658438,0.500723,0.314418,0.947785,-0.053291,0.222009,-0.613220,0.245651,0.750717,-0.522925,0.000000,0.000000,0.000000,1.000000,0.11441667033580945,49.69893242641134
1782485591.457777,0.724609,-0.203368,0.658438,0.500723,0.314418,0.947785,-0.053291,0.222009,-0.613220,0.245651,0.750717,-0.522925,0.000000,0.000000,0.000000,1.000000,0.11441667033580945,49.69893242641134
1782485591.497790,0.724609,-0.203368,0.658438,0.500723,0.314418,0.947785,-0.053291,0.222009,-0.613220,0.245651,0.750717,-0.522925,0.000000,0.000000,0.000000,1.000000,0.11441667033580945,49.69893242641134
1782485591.533296,0.724609,-0.203368,0.658438,0.500723,0.314418,0.947785,-0.053291,0.222009,-0.613220,0.245651,0.750717,-0.522925,0.000000,0.000000,0.000000,1.000000,0.11441667033580945,49.69893242641134
1782485591.569026,0.724609,-0.203368,0.658438,0.500723,0.314418,0.947785,-0.053291,0.222009,-0.613220,0.245651,0.750717,-0.522925,0.000000,0.000000,0.000000,1.000000,0.11441667033580945,49.69893242641134
1782485591.605188,0.724609,-0.203368,0.658438,0.500723,0.314418,0.947785,-0.053291,0.222009,-0.613220,0.245651,0.750717,-0.522925,0.000000,0.000000,0.000000,1.000000,0.11441667033580945,49.69893242641134
1782485591.641457,0.724609,-0.203368,0.658438,0.500723,0.314418,0.947785,-0.053291,0.222009,-0.613220,0.245651,0.750717,-0.522925,0.000000,0.000000,0.000000,1.000000,0.11441667033580945,49.69893242641134
1782485591.677048,0.724609,-0.203368,0.658438,0.500723,0.314418,0.947785,-0.053291,0.222009,-0.613220,0.245651,0.750717,-0.522925,0.000000,0.000000,0.000000,1.000000,0.11441667033580945,49.69893242641134
1782485591.712897,0.724609,-0.203368,0.658438,0.500723,0.314418,0.947785,-0.053291,0.222009,-0.613220,0.245651,0.750717,-0.522925,0.000000,0.000000,0.000000,1.000000,0.11441667033580945,49.69893242641134
1782485591.749157,0.724609,-0.203368,0.658438,0.500723,0.314418,0.947785,-0.053291,0.222009,-0.613220,0.245651,0.750717,-0.522925,0.000000,0.000000,0.000000,1.000000,0.11441667033580945,49.69893242641134
1782485591.785237,0.724609,-0.203368,0.658438,0.500723,0.314418,0.947785,-0.053291,0.222009,-0.613220,0.245651,0.750717,-0.522925,0.000000,0.000000,0.000000,1.000000,0.11441667033580945,49.69893242641134
1782485591.821022,0.724609,-0.203368,0.658438,0.500723,0.314418,0.947785,-0.053291,0.222009,-0.613220,0.245651,0.750717,-0.522925,0.000000,0.000000,0.000000,1.000000,0.11441667033580945,49.69893242641134
1782485591.857360,0.724609,-0.203368,0.658438,0.500723,0.314418,0.947785,-0.053291,0.222009,-0.613220,0.245651,0.750717,-0.522925,0.000000,0.000000,0.000000,1.000000,0.11441667033580945,49.69893242641134
1782485591.893256,0.724609,-0.203368,0.658438,0.500723,0.314418,0.947785,-0.053291,0.222009,-0.613220,0.245651,0.750717,-0.522925,0.000000,0.000000,0.000000,1.000000,0.11441667033580945,49.69893242641134
1782485591.929026,0.724609,-0.203368,0.658438,0.500723,0.314418,0.947785,-0.053291,0.222009,-0.613220,0.245651,0.750717,-0.522925,0.000000,0.000000,0.000000,1.000000,0.11441667033580945,49.69893242641134
1782485591.964623,0.724609,-0.203368,0.658438,0.500723,0.314418,0.947785,-0.053291,0.222009,-0.613220,0.245651,0.750717,-0.522925,0.000000,0.000000,0.000000,1.000000,0.11441667033580945,49.69893242641134
1782485592.000811,0.724609,-0.203368,0.658438,0.500723,0.314418,0.947785,-0.053291,0.222009,-0.613220,0.245651,0.750717,-0.522925,0.000000,0.000000,0.000000,1.000000,0.11441667033580945,49.69893242641134
1782485592.036612,0.724609,-0.203368,0.658438,0.500723,0.314418,0.947785,-0.053291,0.222009,-0.613220,0.245651,0.750717,-0.522925,0.000000,0.000000,0.000000,1.000000,0.11441667033580945,49.69893242641134
1782485592.071958,0.724609,-0.203368,0.658438,0.500723,0.314418,0.947785,-0.053291,0.222009,-0.613220,0.245651,0.750717,-0.522925,0.000000,0.000000,0.000000,1.000000,0.11441667033580945,49.69893242641134
1782485592.107872,0.724609,-0.203368,0.658438,0.500723,0.314418,0.947785,-0.053291,0.222009,-0.613220,0.245651,0.750717,-0.522925,0.000000,0.000000,0.000000,1.000000,0.11441667033580945,49.69893242641134
1782485592.143313,0.724609,-0.203368,0.658438,0.500723,0.314418,0.947785,-0.053291,0.222009,-0.613220,0.245651,0.750717,-0.522925,0.000000,0.000000,0.000000,1.000000,0.11441667033580945,49.69893242641134
1782485592.179175,0.724609,-0.203368,0.658438,0.500723,0.314418,0.947785,-0.053291,0.222009,-0.613220,0.245651,0.750717,-0.522925,0.000000,0.000000,0.000000,1.000000,0.11441667033580945,49.69893242641134
1782485592.215493,0.724609,-0.203368,0.658438,0.500723,0.314418,0.947785,-0.053291,0.222009,-0.613220,0.245651,0.750717,-0.522925,0.000000,0.000000,0.000000,1.000000,0.11441667033580945,49.69893242641134
1782485592.251442,0.724609,-0.203368,0.658438,0.500723,0.314418,0.947785,-0.053291,0.222009,-0.613220,0.245651,0.750717,-0.522925,0.000000,0.000000,0.000000,1.000000,0.11441667033580945,49.69893242641134
1782485592.287167,0.724609,-0.203368,0.658438,0.500723,0.314418,0.947785,-0.053291,0.222009,-0.613220,0.245651,0.750717,-0.522925,0.000000,0.000000,0.000000,1.000000,0.11441667033580945,49.69893242641134
1782485592.323147,0.724609,-0.203368,0.658438,0.500723,0.314418,0.947785,-0.053291,0.222009,-0.613220,0.245651,0.750717,-0.522925,0.000000,0.000000,0.000000,1.000000,0.11441667033580945,49.69893242641134
1782485592.358447,0.724609,-0.203368,0.658438,0.500723,0.314418,0.947785,-0.053291,0.222009,-0.613220,0.245651,0.750717,-0.522925,0.000000,0.000000,0.000000,1.000000,0.11441667033580945,49.69893242641134
1782485592.394174,0.724609,-0.203368,0.658438,0.500723,0.314418,0.947785,-0.053291,0.222009,-0.613220,0.245651,0.750717,-0.522925,0.000000,0.000000,0.000000,1.000000,0.11441667033580945,49.69893242641134
1782485592.430535,0.724609,-0.203368,0.658438,0.500723,0.314418,0.947785,-0.053291,0.222009,-0.613220,0.245651,0.750717,-0.522925,0.000000,0.000000,0.000000,1.000000,0.11441667033580945,49.69893242641134
1782485592.465999,0.724609,-0.203368,0.658438,0.500723,0.314418,0.947785,-0.053291,0.222009,-0.613220,0.245651,0.750717,-0.522925,0.000000,0.000000,0.000000,1.000000,0.11441667033580945,49.69893242641134
1782485592.501725,0.724609,-0.203368,0.658438,0.500723,0.314418,0.947785,-0.053291,0.222009,-0.613220,0.245651,0.750717,-0.522925,0.000000,0.000000,0.000000,1.000000,0.11441667033580945,49.69893242641134
1782485592.537549,0.724609,-0.203368,0.658438,0.500723,0.314418,0.947785,-0.053291,0.222009,-0.613220,0.245651,0.750717,-0.522925,0.000000,0.000000,0.000000,1.000000,0.11441667033580945,49.69893242641134
1782485592.573817,0.724609,-0.203368,0.658438,0.500723,0.314418,0.947785,-0.053291,0.222009,-0.613220,0.245651,0.750717,-0.522925,0.000000,0.000000,0.000000,1.000000,0.11441667033580945,49.69893242641134
1782485592.610053,0.724609,-0.203368,0.658438,0.500723,0.314418,0.947785,-0.053291,0.222009,-0.613220,0.245651,0.750717,-0.522925,0.000000,0.000000,0.000000,1.000000,0.11441667033580945,49.69893242641134
1782485592.646010,0.724609,-0.203368,0.658438,0.500723,0.314418,0.947785,-0.053291,0.222009,-0.613220,0.245651,0.750717,-0.522925,0.000000,0.000000,0.000000,1.000000,0.11441667033580945,49.69893242641134
1782485592.681678,0.724609,-0.203368,0.658438,0.500723,0.314418,0.947785,-0.053291,0.222009,-0.613220,0.245651,0.750717,-0.522925,0.000000,0.000000,0.000000,1.000000,0.11441667033580945,49.69893242641134
1782485592.717749,0.724609,-0.203368,0.658438,0.500723,0.314418,0.947785,-0.053291,0.222009,-0.613220,0.245651,0.750717,-0.522925,0.000000,0.000000,0.000000,1.000000,0.11441667033580945,49.69893242641134
1782485592.752953,0.724609,-0.203368,0.658438,0.500723,0.314418,0.947785,-0.053291,0.222009,-0.613220,0.245651,0.750717,-0.522925,0.000000,0.000000,0.000000,1.000000,0.11441667033580945,49.69893242641134
1782485592.788600,0.724609,-0.203368,0.658438,0.500723,0.314418,0.947785,-0.053291,0.222009,-0.613220,0.245651,0.750717,-0.522925,0.000000,0.000000,0.000000,1.000000,0.11441667033580945,49.69893242641134
1782485592.824256,0.724609,-0.203368,0.658438,0.500723,0.314418,0.947785,-0.053291,0.222009,-0.613220,0.245651,0.750717,-0.522925,0.000000,0.000000,0.000000,1.000000,0.11441667033580945,49.69893242641134
1782485592.860033,0.724609,-0.203368,0.658438,0.500723,0.314418,0.947785,-0.053291,0.222009,-0.613220,0.245651,0.750717,-0.522925,0.000000,0.000000,0.000000,1.000000,0.11441667033580945,49.69893242641134
1782485592.895483,0.724609,-0.203368,0.658438,0.500723,0.314418,0.947785,-0.053291,0.222009,-0.613220,0.245651,0.750717,-0.522925,0.000000,0.000000,0.000000,1.000000,0.11441667033580945,49.69893242641134
1782485592.931244,0.724609,-0.203368,0.658438,0.500723,0.314418,0.947785,-0.053291,0.222009,-0.613220,0.245651,0.750717,-0.522925,0.000000,0.000000,0.000000,1.000000,0.11441667033580945,49.69893242641134
1782485592.966982,0.724609,-0.203368,0.658438,0.500723,0.314418,0.947785,-0.053291,0.222009,-0.613220,0.245651,0.750717,-0.522925,0.000000,0.000000,0.000000,1.000000,0.11441667033580945,49.69893242641134
1782485593.003368,0.724609,-0.203368,0.658438,0.500723,0.314418,0.947785,-0.053291,0.222009,-0.613220,0.245651,0.750717,-0.522925,0.000000,0.000000,0.000000,1.000000,0.11441667033580945,49.69893242641134
1782485593.039595,0.724609,-0.203368,0.658438,0.500723,0.314418,0.947785,-0.053291,0.222009,-0.613220,0.245651,0.750717,-0.522925,0.000000,0.000000,0.000000,1.000000,0.11441667033580945,49.69893242641134
1782485593.075844,0.724609,-0.203368,0.658438,0.500723,0.314418,0.947785,-0.053291,0.222009,-0.613220,0.245651,0.750717,-0.522925,0.000000,0.000000,0.000000,1.000000,0.11441667033580945,49.69893242641134
1782485593.112037,0.724609,-0.203368,0.658438,0.500723,0.314418,0.947785,-0.053291,0.222009,-0.613220,0.245651,0.750717,-0.522925,0.000000,0.000000,0.000000,1.000000,0.11441667033580945,49.69893242641134
1782485593.148160,0.724609,-0.203368,0.658438,0.500723,0.314418,0.947785,-0.053291,0.222009,-0.613220,0.245651,0.750717,-0.522925,0.000000,0.000000,0.000000,1.000000,0.11441667033580945,49.69893242641134
1782485593.184284,0.724609,-0.203368,0.658438,0.500723,0.314418,0.947785,-0.053291,0.222009,-0.613220,0.245651,0.750717,-0.522925,0.000000,0.000000,0.000000,1.000000,0.11441667033580945,49.69893242641134
1782485593.220382,0.724609,-0.203368,0.658438,0.500723,0.314418,0.947785,-0.053291,0.222009,-0.613220,0.245651,0.750717,-0.522925,0.000000,0.000000,0.000000,1.000000,0.11441667033580945,49.69893242641134
1782485593.256569,0.724609,-0.203368,0.658438,0.500723,0.314418,0.947785,-0.053291,0.222009,-0.613220,0.245651,0.750717,-0.522925,0.000000,0.000000,0.000000,1.000000,0.11441667033580945,49.69893242641134
1782485593.292745,0.724609,-0.203368,0.658438,0.500723,0.314418,0.947785,-0.053291,0.222009,-0.613220,0.245651,0.750717,-0.522925,0.000000,0.000000,0.000000,1.000000,0.11441667033580945,49.69893242641134
1782485593.328607,0.724609,-0.203368,0.658438,0.500723,0.314418,0.947785,-0.053291,0.222009,-0.613220,0.245651,0.750717,-0.522925,0.000000,0.000000,0.000000,1.000000,0.11441667033580945,49.69893242641134
1782485593.364620,0.724609,-0.203368,0.658438,0.500723,0.314418,0.947785,-0.053291,0.222009,-0.613220,0.245651,0.750717,-0.522925,0.000000,0.000000,0.000000,1.000000,0.11441667033580945,49.69893242641134
1782485593.400925,0.724609,-0.203368,0.658438,0.500723,0.314418,0.947785,-0.053291,0.222009,-0.613220,0.245651,0.750717,-0.522925,0.000000,0.000000,0.000000,1.000000,0.11441667033580945,49.69893242641134
1782485593.437164,0.724609,-0.203368,0.658438,0.500723,0.314418,0.947785,-0.053291,0.222009,-0.613220,0.245651,0.750717,-0.522925,0.000000,0.000000,0.000000,1.000000,0.11441667033580945,49.69893242641134
1782485593.473422,0.724609,-0.203368,0.658438,0.500723,0.314418,0.947785,-0.053291,0.222009,-0.613220,0.245651,0.750717,-0.522925,0.000000,0.000000,0.000000,1.000000,0.11441667033580945,49.69893242641134
1782485593.509530,0.724609,-0.203368,0.658438,0.500723,0.314418,0.947785,-0.053291,0.222009,-0.613220,0.245651,0.750717,-0.522925,0.000000,0.000000,0.000000,1.000000,0.11441667033580945,49.69893242641134
1782485593.545577,0.724609,-0.203368,0.658438,0.500723,0.314418,0.947785,-0.053291,0.222009,-0.613220,0.245651,0.750717,-0.522925,0.000000,0.000000,0.000000,1.000000,0.11441667033580945,49.69893242641134
1782485593.581348,0.724609,-0.203368,0.658438,0.500723,0.314418,0.947785,-0.053291,0.222009,-0.613220,0.245651,0.750717,-0.522925,0.000000,0.000000,0.000000,1.000000,0.11441667033580945,49.69893242641134
1782485593.617471,0.724609,-0.203368,0.658438,0.500723,0.314418,0.947785,-0.053291,0.222009,-0.613220,0.245651,0.750717,-0.522925,0.000000,0.000000,0.000000,1.000000,0.11441667033580945,49.69893242641134
1782485593.653621,0.724609,-0.203368,0.658438,0.500723,0.314418,0.947785,-0.053291,0.222009,-0.613220,0.245651,0.750717,-0.522925,0.000000,0.000000,0.000000,1.000000,0.11441667033580945,49.69893242641134
1782485593.689441,0.724609,-0.203368,0.658438,0.500723,0.314418,0.947785,-0.053291,0.222009,-0.613220,0.245651,0.750717,-0.522925,0.000000,0.000000,0.000000,1.000000,0.11441667033580945,49.69893242641134
1782485593.725366,0.724609,-0.203368,0.658438,0.500723,0.314418,0.947785,-0.053291,0.222009,-0.613220,0.245651,0.750717,-0.522925,0.000000,0.000000,0.000000,1.000000,0.11441667033580945,49.69893242641134
1782485593.760899,0.724609,-0.203368,0.658438,0.500723,0.314418,0.947785,-0.053291,0.222009,-0.613220,0.245651,0.750717,-0.522925,0.000000,0.000000,0.000000,1.000000,0.11441667033580945,49.69893242641134
1782485593.796996,0.724609,-0.203368,0.658438,0.500723,0.314418,0.947785,-0.053291,0.222009,-0.613220,0.245651,0.750717,-0.522925,0.000000,0.000000,0.000000,1.000000,0.11441667033580945,49.69893242641134
1782485593.832647,0.724609,-0.203368,0.658438,0.500723,0.314418,0.947785,-0.053291,0.222009,-0.613220,0.245651,0.750717,-0.522925,0.000000,0.000000,0.000000,1.000000,0.11441667033580945,49.69893242641134
1782485593.868004,0.724609,-0.203368,0.658438,0.500723,0.314418,0.947785,-0.053291,0.222009,-0.613220,0.245651,0.750717,-0.522925,0.000000,0.000000,0.000000,1.000000,0.11441667033580945,49.69893242641134
1782485593.903799,0.724609,-0.203368,0.658438,0.500723,0.314418,0.947785,-0.053291,0.222009,-0.613220,0.245651,0.750717,-0.522925,0.000000,0.000000,0.000000,1.000000,0.11441667033580945,49.69893242641134
1782485593.939921,0.724609,-0.203368,0.658438,0.500723,0.314418,0.947785,-0.053291,0.222009,-0.613220,0.245651,0.750717,-0.522925,0.000000,0.000000,0.000000,1.000000,0.11441667033580945,49.69893242641134
1782485593.976068,0.724609,-0.203368,0.658438,0.500723,0.314418,0.947785,-0.053291,0.222009,-0.613220,0.245651,0.750717,-0.522925,0.000000,0.000000,0.000000,1.000000,0.11441667033580945,49.69893242641134
1782485594.012430,0.724609,-0.203368,0.658438,0.500723,0.314418,0.947785,-0.053291,0.222009,-0.613220,0.245651,0.750717,-0.522925,0.000000,0.000000,0.000000,1.000000,0.11441667033580945,49.69893242641134
1782485594.048698,0.724609,-0.203368,0.658438,0.500723,0.314418,0.947785,-0.053291,0.222009,-0.613220,0.245651,0.750717,-0.522925,0.000000,0.000000,0.000000,1.000000,0.11441667033580945,49.69893242641134
1782485594.084764,0.724609,-0.203368,0.658438,0.500723,0.314418,0.947785,-0.053291,0.222009,-0.613220,0.245651,0.750717,-0.522925,0.000000,0.000000,0.000000,1.000000,0.11441667033580945,49.69893242641134
1782485594.120996,0.724609,-0.203368,0.658438,0.500723,0.314418,0.947785,-0.053291,0.222009,-0.613220,0.245651,0.750717,-0.522925,0.000000,0.000000,0.000000,1.000000,0.11441667033580945,49.69893242641134
1782485594.157248,0.724609,-0.203368,0.658438,0.500723,0.314418,0.947785,-0.053291,0.222009,-0.613220,0.245651,0.750717,-0.522925,0.000000,0.000000,0.000000,1.000000,0.11441667033580945,49.69893242641134
1782485594.193391,0.724609,-0.203368,0.658438,0.500723,0.314418,0.947785,-0.053291,0.222009,-0.613220,0.245651,0.750717,-0.522925,0.000000,0.000000,0.000000,1.000000,0.11441667033580945,49.69893242641134
1782485594.229446,0.724609,-0.203368,0.658438,0.500723,0.314418,0.947785,-0.053291,0.222009,-0.613220,0.245651,0.750717,-0.522925,0.000000,0.000000,0.000000,1.000000,0.11441667033580945,49.69893242641134
1782485594.265223,0.724609,-0.203368,0.658438,0.500723,0.314418,0.947785,-0.053291,0.222009,-0.613220,0.245651,0.750717,-0.522925,0.000000,0.000000,0.000000,1.000000,0.11441667033580945,49.69893242641134
1782485594.301436,0.724609,-0.203368,0.658438,0.500723,0.314418,0.947785,-0.053291,0.222009,-0.613220,0.245651,0.750717,-0.522925,0.000000,0.000000,0.000000,1.000000,0.11441667033580945,49.69893242641134
1782485594.336677,0.724609,-0.203368,0.658438,0.500723,0.314418,0.947785,-0.053291,0.222009,-0.613220,0.245651,0.750717,-0.522925,0.000000,0.000000,0.000000,1.000000,0.11441667033580945,49.69893242641134
1782485594.372795,0.724609,-0.203368,0.658438,0.500723,0.314418,0.947785,-0.053291,0.222009,-0.613220,0.245651,0.750717,-0.522925,0.000000,0.000000,0.000000,1.000000,0.11441667033580945,49.69893242641134
1782485594.408673,0.724609,-0.203368,0.658438,0.500723,0.314418,0.947785,-0.053291,0.222009,-0.613220,0.245651,0.750717,-0.522925,0.000000,0.000000,0.000000,1.000000,0.11441667033580945,49.69893242641134
1782485594.443823,0.724609,-0.203368,0.658438,0.500723,0.314418,0.947785,-0.053291,0.222009,-0.613220,0.245651,0.750717,-0.522925,0.000000,0.000000,0.000000,1.000000,0.11441667033580945,49.69893242641134
1782485594.479152,0.724609,-0.203368,0.658438,0.500723,0.314418,0.947785,-0.053291,0.222009,-0.613220,0.245651,0.750717,-0.522925,0.000000,0.000000,0.000000,1.000000,0.11441667033580945,49.69893242641134
1782485594.515363,0.724609,-0.203368,0.658438,0.500723,0.314418,0.947785,-0.053291,0.222009,-0.613220,0.245651,0.750717,-0.522925,0.000000,0.000000,0.000000,1.000000,0.11441667033580945,49.69893242641134
1782485594.551530,0.724609,-0.203368,0.658438,0.500723,0.314418,0.947785,-0.053291,0.222009,-0.613220,0.245651,0.750717,-0.522925,0.000000,0.000000,0.000000,1.000000,0.11441667033580945,49.69893242641134
1782485594.587366,0.724609,-0.203368,0.658438,0.500723,0.314418,0.947785,-0.053291,0.222009,-0.613220,0.245651,0.750717,-0.522925,0.000000,0.000000,0.000000,1.000000,0.11441667033580945,49.69893242641134
1782485594.623490,0.724609,-0.203368,0.658438,0.500723,0.314418,0.947785,-0.053291,0.222009,-0.613220,0.245651,0.750717,-0.522925,0.000000,0.000000,0.000000,1.000000,0.11441667033580945,49.69893242641134
1782485594.659710,0.724609,-0.203368,0.658438,0.500723,0.314418,0.947785,-0.053291,0.222009,-0.613220,0.245651,0.750717,-0.522925,0.000000,0.000000,0.000000,1.000000,0.11441667033580945,49.69893242641134
1782485594.695503,0.724609,-0.203368,0.658438,0.500723,0.314418,0.947785,-0.053291,0.222009,-0.613220,0.245651,0.750717,-0.522925,0.000000,0.000000,0.000000,1.000000,0.11441667033580945,49.69893242641134
1782485594.731133,0.724609,-0.203368,0.658438,0.500723,0.314418,0.947785,-0.053291,0.222009,-0.613220,0.245651,0.750717,-0.522925,0.000000,0.000000,0.000000,1.000000,0.11441667033580945,49.69893242641134
1782485594.767361,0.724609,-0.203368,0.658438,0.500723,0.314418,0.947785,-0.053291,0.222009,-0.613220,0.245651,0.750717,-0.522925,0.000000,0.000000,0.000000,1.000000,0.11441667033580945,49.69893242641134
1782485594.803519,0.724609,-0.203368,0.658438,0.500723,0.314418,0.947785,-0.053291,0.222009,-0.613220,0.245651,0.750717,-0.522925,0.000000,0.000000,0.000000,1.000000,0.11441667033580945,49.69893242641134
1782485594.839601,0.724609,-0.203368,0.658438,0.500723,0.314418,0.947785,-0.053291,0.222009,-0.613220,0.245651,0.750717,-0.522925,0.000000,0.000000,0.000000,1.000000,0.11441667033580945,49.69893242641134
1782485594.875196,0.724609,-0.203368,0.658438,0.500723,0.314418,0.947785,-0.053291,0.222009,-0.613220,0.245651,0.750717,-0.522925,0.000000,0.000000,0.000000,1.000000,0.11441667033580945,49.69893242641134
1782485594.910771,0.724609,-0.203368,0.658438,0.500723,0.314418,0.947785,-0.053291,0.222009,-0.613220,0.245651,0.750717,-0.522925,0.000000,0.000000,0.000000,1.000000,0.11441667033580945,49.69893242641134
1782485594.946956,0.724609,-0.203368,0.658438,0.500723,0.314418,0.947785,-0.053291,0.222009,-0.613220,0.245651,0.750717,-0.522925,0.000000,0.000000,0.000000,1.000000,0.11441667033580945,49.69893242641134
1782485594.982843,0.724609,-0.203368,0.658438,0.500723,0.314418,0.947785,-0.053291,0.222009,-0.613220,0.245651,0.750717,-0.522925,0.000000,0.000000,0.000000,1.000000,0.11441667033580945,49.69893242641134
1782485595.018845,0.724609,-0.203368,0.658438,0.500723,0.314418,0.947785,-0.053291,0.222009,-0.613220,0.245651,0.750717,-0.522925,0.000000,0.000000,0.000000,1.000000,0.11441667033580945,49.69893242641134
1782485595.054583,0.724609,-0.203368,0.658438,0.500723,0.314418,0.947785,-0.053291,0.222009,-0.613220,0.245651,0.750717,-0.522925,0.000000,0.000000,0.000000,1.000000,0.11441667033580945,49.69893242641134
1782485595.089958,0.724609,-0.203368,0.658438,0.500723,0.314418,0.947785,-0.053291,0.222009,-0.613220,0.245651,0.750717,-0.522925,0.000000,0.000000,0.000000,1.000000,0.11441667033580945,49.69893242641134
1782485595.125725,0.724609,-0.203368,0.658438,0.500723,0.314418,0.947785,-0.053291,0.222009,-0.613220,0.245651,0.750717,-0.522925,0.000000,0.000000,0.000000,1.000000,0.11441667033580945,49.69893242641134
1782485595.161714,0.724609,-0.203368,0.658438,0.500723,0.314418,0.947785,-0.053291,0.222009,-0.613220,0.245651,0.750717,-0.522925,0.000000,0.000000,0.000000,1.000000,0.11441667033580945,49.69893242641134
1782485595.198253,0.724609,-0.203368,0.658438,0.500723,0.314418,0.947785,-0.053291,0.222009,-0.613220,0.245651,0.750717,-0.522925,0.000000,0.000000,0.000000,1.000000,0.11441667033580945,49.69893242641134
1782485595.233900,0.724609,-0.203368,0.658438,0.500723,0.314418,0.947785,-0.053291,0.222009,-0.613220,0.245651,0.750717,-0.522925,0.000000,0.000000,0.000000,1.000000,0.11441667033580945,49.69893242641134
1782485595.270025,0.724609,-0.203368,0.658438,0.500723,0.314418,0.947785,-0.053291,0.222009,-0.613220,0.245651,0.750717,-0.522925,0.000000,0.000000,0.000000,1.000000,0.11441667033580945,49.69893242641134
1782485595.306077,0.724609,-0.203368,0.658438,0.500723,0.314418,0.947785,-0.053291,0.222009,-0.613220,0.245651,0.750717,-0.522925,0.000000,0.000000,0.000000,1.000000,0.11441667033580945,49.69893242641134
1782485595.342203,0.724609,-0.203368,0.658438,0.500723,0.314418,0.947785,-0.053291,0.222009,-0.613220,0.245651,0.750717,-0.522925,0.000000,0.000000,0.000000,1.000000,0.11441667033580945,49.69893242641134
1782485595.378289,0.724609,-0.203368,0.658438,0.500723,0.314418,0.947785,-0.053291,0.222009,-0.613220,0.245651,0.750717,-0.522925,0.000000,0.000000,0.000000,1.000000,0.11441667033580945,49.69893242641134
1782485595.414328,0.724609,-0.203368,0.658438,0.500723,0.314418,0.947785,-0.053291,0.222009,-0.613220,0.245651,0.750717,-0.522925,0.000000,0.000000,0.000000,1.000000,0.11441667033580945,49.69893242641134
1782485595.450326,0.724609,-0.203368,0.658438,0.500723,0.314418,0.947785,-0.053291,0.222009,-0.613220,0.245651,0.750717,-0.522925,0.000000,0.000000,0.000000,1.000000,0.11441667033580945,49.69893242641134
1782485595.486484,0.724609,-0.203368,0.658438,0.500723,0.314418,0.947785,-0.053291,0.222009,-0.613220,0.245651,0.750717,-0.522925,0.000000,0.000000,0.000000,1.000000,0.11441667033580945,49.69893242641134
1782485595.522570,0.724609,-0.203368,0.658438,0.500723,0.314418,0.947785,-0.053291,0.222009,-0.613220,0.245651,0.750717,-0.522925,0.000000,0.000000,0.000000,1.000000,0.11441667033580945,49.69893242641134
1782485595.558337,0.724609,-0.203368,0.658438,0.500723,0.314418,0.947785,-0.053291,0.222009,-0.613220,0.245651,0.750717,-0.522925,0.000000,0.000000,0.000000,1.000000,0.11441667033580945,49.69893242641134
1782485595.593544,0.724609,-0.203368,0.658438,0.500723,0.314418,0.947785,-0.053291,0.222009,-0.613220,0.245651,0.750717,-0.522925,0.000000,0.000000,0.000000,1.000000,0.11441667033580945,49.69893242641134
1782485595.629416,0.724609,-0.203368,0.658438,0.500723,0.314418,0.947785,-0.053291,0.222009,-0.613220,0.245651,0.750717,-0.522925,0.000000,0.000000,0.000000,1.000000,0.11441667033580945,49.69893242641134
1782485595.665536,0.724609,-0.203368,0.658438,0.500723,0.314418,0.947785,-0.053291,0.222009,-0.613220,0.245651,0.750717,-0.522925,0.000000,0.000000,0.000000,1.000000,0.11441667033580945,49.69893242641134
1782485595.701574,0.724609,-0.203368,0.658438,0.500723,0.314418,0.947785,-0.053291,0.222009,-0.613220,0.245651,0.750717,-0.522925,0.000000,0.000000,0.000000,1.000000,0.11441667033580945,49.69893242641134
1782485595.737232,0.724609,-0.203368,0.658438,0.500723,0.314418,0.947785,-0.053291,0.222009,-0.613220,0.245651,0.750717,-0.522925,0.000000,0.000000,0.000000,1.000000,0.11441667033580945,49.69893242641134
1782485595.773076,0.724609,-0.203368,0.658438,0.500723,0.314418,0.947785,-0.053291,0.222009,-0.613220,0.245651,0.750717,-0.522925,0.000000,0.000000,0.000000,1.000000,0.11441667033580945,49.69893242641134
1782485595.808960,0.724609,-0.203368,0.658438,0.500723,0.314418,0.947785,-0.053291,0.222009,-0.613220,0.245651,0.750717,-0.522925,0.000000,0.000000,0.000000,1.000000,0.11441667033580945,49.69893242641134
1782485595.844719,0.724609,-0.203368,0.658438,0.500723,0.314418,0.947785,-0.053291,0.222009,-0.613220,0.245651,0.750717,-0.522925,0.000000,0.000000,0.000000,1.000000,0.11441667033580945,49.69893242641134
1782485595.880101,0.724609,-0.203368,0.658438,0.500723,0.314418,0.947785,-0.053291,0.222009,-0.613220,0.245651,0.750717,-0.522925,0.000000,0.000000,0.000000,1.000000,0.11441667033580945,49.69893242641134
1782485595.915906,0.724609,-0.203368,0.658438,0.500723,0.314418,0.947785,-0.053291,0.222009,-0.613220,0.245651,0.750717,-0.522925,0.000000,0.000000,0.000000,1.000000,0.11441667033580945,49.69893242641134
1782485595.951571,0.724609,-0.203368,0.658438,0.500723,0.314418,0.947785,-0.053291,0.222009,-0.613220,0.245651,0.750717,-0.522925,0.000000,0.000000,0.000000,1.000000,0.11441667033580945,49.69893242641134
1782485595.987392,0.724609,-0.203368,0.658438,0.500723,0.314418,0.947785,-0.053291,0.222009,-0.613220,0.245651,0.750717,-0.522925,0.000000,0.000000,0.000000,1.000000,0.11441667033580945,49.69893242641134
1782485596.022720,0.724609,-0.203368,0.658438,0.500723,0.314418,0.947785,-0.053291,0.222009,-0.613220,0.245651,0.750717,-0.522925,0.000000,0.000000,0.000000,1.000000,0.11441667033580945,49.69893242641134
1782485596.058806,0.724609,-0.203368,0.658438,0.500723,0.314418,0.947785,-0.053291,0.222009,-0.613220,0.245651,0.750717,-0.522925,0.000000,0.000000,0.000000,1.000000,0.11441667033580945,49.69893242641134
1782485596.094580,0.724609,-0.203368,0.658438,0.500723,0.314418,0.947785,-0.053291,0.222009,-0.613220,0.245651,0.750717,-0.522925,0.000000,0.000000,0.000000,1.000000,0.11441667033580945,49.69893242641134
1782485596.130209,0.724609,-0.203368,0.658438,0.500723,0.314418,0.947785,-0.053291,0.222009,-0.613220,0.245651,0.750717,-0.522925,0.000000,0.000000,0.000000,1.000000,0.11441667033580945,49.69893242641134
1782485596.166276,0.724609,-0.203368,0.658438,0.500723,0.314418,0.947785,-0.053291,0.222009,-0.613220,0.245651,0.750717,-0.522925,0.000000,0.000000,0.000000,1.000000,0.11441667033580945,49.69893242641134
1782485596.202350,0.724609,-0.203368,0.658438,0.500723,0.314418,0.947785,-0.053291,0.222009,-0.613220,0.245651,0.750717,-0.522925,0.000000,0.000000,0.000000,1.000000,0.11441667033580945,49.69893242641134
1782485596.238010,0.724609,-0.203368,0.658438,0.500723,0.314418,0.947785,-0.053291,0.222009,-0.613220,0.245651,0.750717,-0.522925,0.000000,0.000000,0.000000,1.000000,0.11441667033580945,49.69893242641134
1782485596.274225,0.724609,-0.203368,0.658438,0.500723,0.314418,0.947785,-0.053291,0.222009,-0.613220,0.245651,0.750717,-0.522925,0.000000,0.000000,0.000000,1.000000,0.11441667033580945,49.69893242641134
1782485596.310179,0.724609,-0.203368,0.658438,0.500723,0.314418,0.947785,-0.053291,0.222009,-0.613220,0.245651,0.750717,-0.522925,0.000000,0.000000,0.000000,1.000000,0.11441667033580945,49.69893242641134
1782485596.345700,0.724609,-0.203368,0.658438,0.500723,0.314418,0.947785,-0.053291,0.222009,-0.613220,0.245651,0.750717,-0.522925,0.000000,0.000000,0.000000,1.000000,0.11441667033580945,49.69893242641134
1782485596.381929,0.724609,-0.203368,0.658438,0.500723,0.314418,0.947785,-0.053291,0.222009,-0.613220,0.245651,0.750717,-0.522925,0.000000,0.000000,0.000000,1.000000,0.11441667033580945,49.69893242641134
1782485596.417825,0.724609,-0.203368,0.658438,0.500723,0.314418,0.947785,-0.053291,0.222009,-0.613220,0.245651,0.750717,-0.522925,0.000000,0.000000,0.000000,1.000000,0.11441667033580945,49.69893242641134
1782485596.453568,0.724609,-0.203368,0.658438,0.500723,0.314418,0.947785,-0.053291,0.222009,-0.613220,0.245651,0.750717,-0.522925,0.000000,0.000000,0.000000,1.000000,0.11441667033580945,49.69893242641134
1782485596.489350,0.724609,-0.203368,0.658438,0.500723,0.314418,0.947785,-0.053291,0.222009,-0.613220,0.245651,0.750717,-0.522925,0.000000,0.000000,0.000000,1.000000,0.11441667033580945,49.69893242641134
1782485596.525172,0.724609,-0.203368,0.658438,0.500723,0.314418,0.947785,-0.053291,0.222009,-0.613220,0.245651,0.750717,-0.522925,0.000000,0.000000,0.000000,1.000000,0.11441667033580945,49.69893242641134
1782485596.561389,0.724609,-0.203368,0.658438,0.500723,0.314418,0.947785,-0.053291,0.222009,-0.613220,0.245651,0.750717,-0.522925,0.000000,0.000000,0.000000,1.000000,0.11441667033580945,49.69893242641134
1782485596.597513,0.724609,-0.203368,0.658438,0.500723,0.314418,0.947785,-0.053291,0.222009,-0.613220,0.245651,0.750717,-0.522925,0.000000,0.000000,0.000000,1.000000,0.11441667033580945,49.69893242641134
1782485596.633781,0.724609,-0.203368,0.658438,0.500723,0.314418,0.947785,-0.053291,0.222009,-0.613220,0.245651,0.750717,-0.522925,0.000000,0.000000,0.000000,1.000000,0.11441667033580945,49.69893242641134
1782485596.669424,0.724609,-0.203368,0.658438,0.500723,0.314418,0.947785,-0.053291,0.222009,-0.613220,0.245651,0.750717,-0.522925,0.000000,0.000000,0.000000,1.000000,0.11441667033580945,49.69893242641134
1782485596.704792,0.724609,-0.203368,0.658438,0.500723,0.314418,0.947785,-0.053291,0.222009,-0.613220,0.245651,0.750717,-0.522925,0.000000,0.000000,0.000000,1.000000,0.11441667033580945,49.69893242641134
1782485596.740516,0.724609,-0.203368,0.658438,0.500723,0.314418,0.947785,-0.053291,0.222009,-0.613220,0.245651,0.750717,-0.522925,0.000000,0.000000,0.000000,1.000000,0.11441667033580945,49.69893242641134
1782485596.776751,0.724609,-0.203368,0.658438,0.500723,0.314418,0.947785,-0.053291,0.222009,-0.613220,0.245651,0.750717,-0.522925,0.000000,0.000000,0.000000,1.000000,0.11441667033580945,49.69893242641134
1782485596.813076,0.724609,-0.203368,0.658438,0.500723,0.314418,0.947785,-0.053291,0.222009,-0.613220,0.245651,0.750717,-0.522925,0.000000,0.000000,0.000000,1.000000,0.11441667033580945,49.69893242641134
1782485596.849325,0.724609,-0.203368,0.658438,0.500723,0.314418,0.947785,-0.053291,0.222009,-0.613220,0.245651,0.750717,-0.522925,0.000000,0.000000,0.000000,1.000000,0.11441667033580945,49.69893242641134
1782485596.885597,0.724609,-0.203368,0.658438,0.500723,0.314418,0.947785,-0.053291,0.222009,-0.613220,0.245651,0.750717,-0.522925,0.000000,0.000000,0.000000,1.000000,0.11441667033580945,49.69893242641134
1782485596.921191,0.724609,-0.203368,0.658438,0.500723,0.314418,0.947785,-0.053291,0.222009,-0.613220,0.245651,0.750717,-0.522925,0.000000,0.000000,0.000000,1.000000,0.11441667033580945,49.69893242641134
1782485596.956335,0.724609,-0.203368,0.658438,0.500723,0.314418,0.947785,-0.053291,0.222009,-0.613220,0.245651,0.750717,-0.522925,0.000000,0.000000,0.000000,1.000000,0.11441667033580945,49.69893242641134
1782485596.992510,0.724609,-0.203368,0.658438,0.500723,0.314418,0.947785,-0.053291,0.222009,-0.613220,0.245651,0.750717,-0.522925,0.000000,0.000000,0.000000,1.000000,0.11441667033580945,49.69893242641134
1782485597.028622,0.724609,-0.203368,0.658438,0.500723,0.314418,0.947785,-0.053291,0.222009,-0.613220,0.245651,0.750717,-0.522925,0.000000,0.000000,0.000000,1.000000,0.11441667033580945,49.69893242641134
1782485597.064812,0.724609,-0.203368,0.658438,0.500723,0.314418,0.947785,-0.053291,0.222009,-0.613220,0.245651,0.750717,-0.522925,0.000000,0.000000,0.000000,1.000000,0.11441667033580945,49.69893242641134
1782485597.101011,0.724609,-0.203368,0.658438,0.500723,0.314418,0.947785,-0.053291,0.222009,-0.613220,0.245651,0.750717,-0.522925,0.000000,0.000000,0.000000,1.000000,0.11441667033580945,49.69893242641134
1782485597.136740,0.724609,-0.203368,0.658438,0.500723,0.314418,0.947785,-0.053291,0.222009,-0.613220,0.245651,0.750717,-0.522925,0.000000,0.000000,0.000000,1.000000,0.11441667033580945,49.69893242641134
1782485597.172936,0.724609,-0.203368,0.658438,0.500723,0.314418,0.947785,-0.053291,0.222009,-0.613220,0.245651,0.750717,-0.522925,0.000000,0.000000,0.000000,1.000000,0.11441667033580945,49.69893242641134
1782485597.209051,0.724609,-0.203368,0.658438,0.500723,0.314418,0.947785,-0.053291,0.222009,-0.613220,0.245651,0.750717,-0.522925,0.000000,0.000000,0.000000,1.000000,0.11441667033580945,49.69893242641134
1782485597.244869,0.724609,-0.203368,0.658438,0.500723,0.314418,0.947785,-0.053291,0.222009,-0.613220,0.245651,0.750717,-0.522925,0.000000,0.000000,0.000000,1.000000,0.11441667033580945,49.69893242641134
1782485597.281192,0.724609,-0.203368,0.658438,0.500723,0.314418,0.947785,-0.053291,0.222009,-0.613220,0.245651,0.750717,-0.522925,0.000000,0.000000,0.000000,1.000000,0.11441667033580945,49.69893242641134
1782485597.316329,0.724609,-0.203368,0.658438,0.500723,0.314418,0.947785,-0.053291,0.222009,-0.613220,0.245651,0.750717,-0.522925,0.000000,0.000000,0.000000,1.000000,0.11441667033580945,49.69893242641134
1782485597.352315,0.724609,-0.203368,0.658438,0.500723,0.314418,0.947785,-0.053291,0.222009,-0.613220,0.245651,0.750717,-0.522925,0.000000,0.000000,0.000000,1.000000,0.11441667033580945,49.69893242641134
1782485597.388221,0.724609,-0.203368,0.658438,0.500723,0.314418,0.947785,-0.053291,0.222009,-0.613220,0.245651,0.750717,-0.522925,0.000000,0.000000,0.000000,1.000000,0.11441667033580945,49.69893242641134
1782485597.424328,0.724609,-0.203368,0.658438,0.500723,0.314418,0.947785,-0.053291,0.222009,-0.613220,0.245651,0.750717,-0.522925,0.000000,0.000000,0.000000,1.000000,0.11441667033580945,49.69893242641134
1782485597.460208,0.724609,-0.203368,0.658438,0.500723,0.314418,0.947785,-0.053291,0.222009,-0.613220,0.245651,0.750717,-0.522925,0.000000,0.000000,0.000000,1.000000,0.11441667033580945,49.69893242641134
1782485597.495957,0.724609,-0.203368,0.658438,0.500723,0.314418,0.947785,-0.053291,0.222009,-0.613220,0.245651,0.750717,-0.522925,0.000000,0.000000,0.000000,1.000000,0.11441667033580945,49.69893242641134
1782485597.531762,0.724609,-0.203368,0.658438,0.500723,0.314418,0.947785,-0.053291,0.222009,-0.613220,0.245651,0.750717,-0.522925,0.000000,0.000000,0.000000,1.000000,0.11441667033580945,49.69893242641134
1782485597.567880,0.724609,-0.203368,0.658438,0.500723,0.314418,0.947785,-0.053291,0.222009,-0.613220,0.245651,0.750717,-0.522925,0.000000,0.000000,0.000000,1.000000,0.11441667033580945,49.69893242641134
1782485597.603999,0.724609,-0.203368,0.658438,0.500723,0.314418,0.947785,-0.053291,0.222009,-0.613220,0.245651,0.750717,-0.522925,0.000000,0.000000,0.000000,1.000000,0.11441667033580945,49.69893242641134
1782485597.640174,0.724609,-0.203368,0.658438,0.500723,0.314418,0.947785,-0.053291,0.222009,-0.613220,0.245651,0.750717,-0.522925,0.000000,0.000000,0.000000,1.000000,0.11441667033580945,49.69893242641134
1782485597.675877,0.724609,-0.203368,0.658438,0.500723,0.314418,0.947785,-0.053291,0.222009,-0.613220,0.245651,0.750717,-0.522925,0.000000,0.000000,0.000000,1.000000,0.11441667033580945,49.69893242641134
1782485597.711647,0.724609,-0.203368,0.658438,0.500723,0.314418,0.947785,-0.053291,0.222009,-0.613220,0.245651,0.750717,-0.522925,0.000000,0.000000,0.000000,1.000000,0.11441667033580945,49.69893242641134
1782485597.747507,0.724609,-0.203368,0.658438,0.500723,0.314418,0.947785,-0.053291,0.222009,-0.613220,0.245651,0.750717,-0.522925,0.000000,0.000000,0.000000,1.000000,0.11441667033580945,49.69893242641134
1782485597.783455,0.724609,-0.203368,0.658438,0.500723,0.314418,0.947785,-0.053291,0.222009,-0.613220,0.245651,0.750717,-0.522925,0.000000,0.000000,0.000000,1.000000,0.11441667033580945,49.69893242641134
1782485597.819534,0.724609,-0.203368,0.658438,0.500723,0.314418,0.947785,-0.053291,0.222009,-0.613220,0.245651,0.750717,-0.522925,0.000000,0.000000,0.000000,1.000000,0.11441667033580945,49.69893242641134
1782485597.855433,0.724609,-0.203368,0.658438,0.500723,0.314418,0.947785,-0.053291,0.222009,-0.613220,0.245651,0.750717,-0.522925,0.000000,0.000000,0.000000,1.000000,0.11441667033580945,49.69893242641134
1782485597.891326,0.724609,-0.203368,0.658438,0.500723,0.314418,0.947785,-0.053291,0.222009,-0.613220,0.245651,0.750717,-0.522925,0.000000,0.000000,0.000000,1.000000,0.11441667033580945,49.69893242641134
1782485597.926545,0.724609,-0.203368,0.658438,0.500723,0.314418,0.947785,-0.053291,0.222009,-0.613220,0.245651,0.750717,-0.522925,0.000000,0.000000,0.000000,1.000000,0.11441667033580945,49.69893242641134
1782485597.961906,0.724609,-0.203368,0.658438,0.500723,0.314418,0.947785,-0.053291,0.222009,-0.613220,0.245651,0.750717,-0.522925,0.000000,0.000000,0.000000,1.000000,0.11441667033580945,49.69893242641134
1782485597.997601,0.724609,-0.203368,0.658438,0.500723,0.314418,0.947785,-0.053291,0.222009,-0.613220,0.245651,0.750717,-0.522925,0.000000,0.000000,0.000000,1.000000,0.11441667033580945,49.69893242641134
1782485598.033373,0.724609,-0.203368,0.658438,0.500723,0.314418,0.947785,-0.053291,0.222009,-0.613220,0.245651,0.750717,-0.522925,0.000000,0.000000,0.000000,1.000000,0.11441667033580945,49.69893242641134
1782485598.068523,0.724609,-0.203368,0.658438,0.500723,0.314418,0.947785,-0.053291,0.222009,-0.613220,0.245651,0.750717,-0.522925,0.000000,0.000000,0.000000,1.000000,0.11441667033580945,49.69893242641134
1782485598.104260,0.724609,-0.203368,0.658438,0.500723,0.314418,0.947785,-0.053291,0.222009,-0.613220,0.245651,0.750717,-0.522925,0.000000,0.000000,0.000000,1.000000,0.11441667033580945,49.69893242641134
1782485598.140463,0.724609,-0.203368,0.658438,0.500723,0.314418,0.947785,-0.053291,0.222009,-0.613220,0.245651,0.750717,-0.522925,0.000000,0.000000,0.000000,1.000000,0.11441667033580945,49.69893242641134
1782485598.176548,0.724609,-0.203368,0.658438,0.500723,0.314418,0.947785,-0.053291,0.222009,-0.613220,0.245651,0.750717,-0.522925,0.000000,0.000000,0.000000,1.000000,0.11441667033580945,49.69893242641134
1782485598.212157,0.724609,-0.203368,0.658438,0.500723,0.314418,0.947785,-0.053291,0.222009,-0.613220,0.245651,0.750717,-0.522925,0.000000,0.000000,0.000000,1.000000,0.11441667033580945,49.69893242641134
1782485598.248097,0.724609,-0.203368,0.658438,0.500723,0.314418,0.947785,-0.053291,0.222009,-0.613220,0.245651,0.750717,-0.522925,0.000000,0.000000,0.000000,1.000000,0.11441667033580945,49.69893242641134
1782485598.283756,0.724609,-0.203368,0.658438,0.500723,0.314418,0.947785,-0.053291,0.222009,-0.613220,0.245651,0.750717,-0.522925,0.000000,0.000000,0.000000,1.000000,0.11441667033580945,49.69893242641134
1782485598.318899,0.724609,-0.203368,0.658438,0.500723,0.314418,0.947785,-0.053291,0.222009,-0.613220,0.245651,0.750717,-0.522925,0.000000,0.000000,0.000000,1.000000,0.11441667033580945,49.69893242641134
1782485598.354663,0.724609,-0.203368,0.658438,0.500723,0.314418,0.947785,-0.053291,0.222009,-0.613220,0.245651,0.750717,-0.522925,0.000000,0.000000,0.000000,1.000000,0.11441667033580945,49.69893242641134
1782485598.390448,0.724609,-0.203368,0.658438,0.500723,0.314418,0.947785,-0.053291,0.222009,-0.613220,0.245651,0.750717,-0.522925,0.000000,0.000000,0.000000,1.000000,0.11441667033580945,49.69893242641134
1782485598.426054,0.724609,-0.203368,0.658438,0.500723,0.314418,0.947785,-0.053291,0.222009,-0.613220,0.245651,0.750717,-0.522925,0.000000,0.000000,0.000000,1.000000,0.11441667033580945,49.69893242641134
1782485598.461145,0.724609,-0.203368,0.658438,0.500723,0.314418,0.947785,-0.053291,0.222009,-0.613220,0.245651,0.750717,-0.522925,0.000000,0.000000,0.000000,1.000000,0.11441667033580945,49.69893242641134
1782485598.496971,0.724609,-0.203368,0.658438,0.500723,0.314418,0.947785,-0.053291,0.222009,-0.613220,0.245651,0.750717,-0.522925,0.000000,0.000000,0.000000,1.000000,0.11441667033580945,49.69893242641134
1782485598.540939,0.724609,-0.203368,0.658438,0.500723,0.314418,0.947785,-0.053291,0.222009,-0.613220,0.245651,0.750717,-0.522925,0.000000,0.000000,0.000000,1.000000,0.11441667033580945,49.69893242641134
1782485598.576576,0.724609,-0.203368,0.658438,0.500723,0.314418,0.947785,-0.053291,0.222009,-0.613220,0.245651,0.750717,-0.522925,0.000000,0.000000,0.000000,1.000000,0.11441667033580945,49.69893242641134
1782485598.611059,0.724609,-0.203368,0.658438,0.500723,0.314418,0.947785,-0.053291,0.222009,-0.613220,0.245651,0.750717,-0.522925,0.000000,0.000000,0.000000,1.000000,0.11441667033580945,49.69893242641134
1782485598.646474,0.724609,-0.203368,0.658438,0.500723,0.314418,0.947785,-0.053291,0.222009,-0.613220,0.245651,0.750717,-0.522925,0.000000,0.000000,0.000000,1.000000,0.11441667033580945,49.69893242641134
1782485598.682184,0.724609,-0.203368,0.658438,0.500723,0.314418,0.947785,-0.053291,0.222009,-0.613220,0.245651,0.750717,-0.522925,0.000000,0.000000,0.000000,1.000000,0.11441667033580945,49.69893242641134
1782485598.718314,0.724609,-0.203368,0.658438,0.500723,0.314418,0.947785,-0.053291,0.222009,-0.613220,0.245651,0.750717,-0.522925,0.000000,0.000000,0.000000,1.000000,0.11441667033580945,49.69893242641134
1782485598.754156,0.724609,-0.203368,0.658438,0.500723,0.314418,0.947785,-0.053291,0.222009,-0.613220,0.245651,0.750717,-0.522925,0.000000,0.000000,0.000000,1.000000,0.11441667033580945,49.69893242641134
1782485598.790595,0.724609,-0.203368,0.658438,0.500723,0.314418,0.947785,-0.053291,0.222009,-0.613220,0.245651,0.750717,-0.522925,0.000000,0.000000,0.000000,1.000000,0.11441667033580945,49.69893242641134
1782485598.826528,0.724609,-0.203368,0.658438,0.500723,0.314418,0.947785,-0.053291,0.222009,-0.613220,0.245651,0.750717,-0.522925,0.000000,0.000000,0.000000,1.000000,0.11441667033580945,49.69893242641134
1782485598.862254,0.724609,-0.203368,0.658438,0.500723,0.314418,0.947785,-0.053291,0.222009,-0.613220,0.245651,0.750717,-0.522925,0.000000,0.000000,0.000000,1.000000,0.11441667033580945,49.69893242641134
1782485598.897687,0.724609,-0.203368,0.658438,0.500723,0.314418,0.947785,-0.053291,0.222009,-0.613220,0.245651,0.750717,-0.522925,0.000000,0.000000,0.000000,1.000000,0.11441667033580945,49.69893242641134
1782485598.933273,0.724609,-0.203368,0.658438,0.500723,0.314418,0.947785,-0.053291,0.222009,-0.613220,0.245651,0.750717,-0.522925,0.000000,0.000000,0.000000,1.000000,0.11441667033580945,49.69893242641134
1782485598.968570,0.724609,-0.203368,0.658438,0.500723,0.314418,0.947785,-0.053291,0.222009,-0.613220,0.245651,0.750717,-0.522925,0.000000,0.000000,0.000000,1.000000,0.11441667033580945,49.69893242641134
1782485599.003963,0.724609,-0.203368,0.658438,0.500723,0.314418,0.947785,-0.053291,0.222009,-0.613220,0.245651,0.750717,-0.522925,0.000000,0.000000,0.000000,1.000000,0.11441667033580945,49.69893242641134
1782485599.041609,0.724609,-0.203368,0.658438,0.500723,0.314418,0.947785,-0.053291,0.222009,-0.613220,0.245651,0.750717,-0.522925,0.000000,0.000000,0.000000,1.000000,0.11441667033580945,49.69893242641134
1782485599.077465,0.724609,-0.203368,0.658438,0.500723,0.314418,0.947785,-0.053291,0.222009,-0.613220,0.245651,0.750717,-0.522925,0.000000,0.000000,0.000000,1.000000,0.11441667033580945,49.69893242641134
1782485599.113396,0.724609,-0.203368,0.658438,0.500723,0.314418,0.947785,-0.053291,0.222009,-0.613220,0.245651,0.750717,-0.522925,0.000000,0.000000,0.000000,1.000000,0.11441667033580945,49.69893242641134
1782485599.148664,0.724609,-0.203368,0.658438,0.500723,0.314418,0.947785,-0.053291,0.222009,-0.613220,0.245651,0.750717,-0.522925,0.000000,0.000000,0.000000,1.000000,0.11441667033580945,49.69893242641134
1782485599.184367,0.724609,-0.203368,0.658438,0.500723,0.314418,0.947785,-0.053291,0.222009,-0.613220,0.245651,0.750717,-0.522925,0.000000,0.000000,0.000000,1.000000,0.11441667033580945,49.69893242641134
1782485599.220166,0.724609,-0.203368,0.658438,0.500723,0.314418,0.947785,-0.053291,0.222009,-0.613220,0.245651,0.750717,-0.522925,0.000000,0.000000,0.000000,1.000000,0.11441667033580945,49.69893242641134
1782485599.255723,0.724609,-0.203368,0.658438,0.500723,0.314418,0.947785,-0.053291,0.222009,-0.613220,0.245651,0.750717,-0.522925,0.000000,0.000000,0.000000,1.000000,0.11441667033580945,49.69893242641134
1782485599.291170,0.724609,-0.203368,0.658438,0.500723,0.314418,0.947785,-0.053291,0.222009,-0.613220,0.245651,0.750717,-0.522925,0.000000,0.000000,0.000000,1.000000,0.11441667033580945,49.69893242641134
1782485599.326327,0.724609,-0.203368,0.658438,0.500723,0.314418,0.947785,-0.053291,0.222009,-0.613220,0.245651,0.750717,-0.522925,0.000000,0.000000,0.000000,1.000000,0.11441667033580945,49.69893242641134
1782485599.362152,0.724609,-0.203368,0.658438,0.500723,0.314418,0.947785,-0.053291,0.222009,-0.613220,0.245651,0.750717,-0.522925,0.000000,0.000000,0.000000,1.000000,0.11441667033580945,49.69893242641134
1782485599.397481,0.724609,-0.203368,0.658438,0.500723,0.314418,0.947785,-0.053291,0.222009,-0.613220,0.245651,0.750717,-0.522925,0.000000,0.000000,0.000000,1.000000,0.11441667033580945,49.69893242641134
1782485599.432811,0.724609,-0.203368,0.658438,0.500723,0.314418,0.947785,-0.053291,0.222009,-0.613220,0.245651,0.750717,-0.522925,0.000000,0.000000,0.000000,1.000000,0.11441667033580945,49.69893242641134
1782485599.468586,0.724609,-0.203368,0.658438,0.500723,0.314418,0.947785,-0.053291,0.222009,-0.613220,0.245651,0.750717,-0.522925,0.000000,0.000000,0.000000,1.000000,0.11441667033580945,49.69893242641134
1782485599.504379,0.724609,-0.203368,0.658438,0.500723,0.314418,0.947785,-0.053291,0.222009,-0.613220,0.245651,0.750717,-0.522925,0.000000,0.000000,0.000000,1.000000,0.11441667033580945,49.69893242641134
1782485599.541772,0.724609,-0.203368,0.658438,0.500723,0.314418,0.947785,-0.053291,0.222009,-0.613220,0.245651,0.750717,-0.522925,0.000000,0.000000,0.000000,1.000000,0.11441667033580945,49.69893242641134
1782485599.577493,0.724609,-0.203368,0.658438,0.500723,0.314418,0.947785,-0.053291,0.222009,-0.613220,0.245651,0.750717,-0.522925,0.000000,0.000000,0.000000,1.000000,0.11441667033580945,49.69893242641134
1782485599.613036,0.724609,-0.203368,0.658438,0.500723,0.314418,0.947785,-0.053291,0.222009,-0.613220,0.245651,0.750717,-0.522925,0.000000,0.000000,0.000000,1.000000,0.11441667033580945,49.69893242641134
1782485599.648689,0.724609,-0.203368,0.658438,0.500723,0.314418,0.947785,-0.053291,0.222009,-0.613220,0.245651,0.750717,-0.522925,0.000000,0.000000,0.000000,1.000000,0.11441667033580945,49.69893242641134
1782485599.683672,0.724609,-0.203368,0.658438,0.500723,0.314418,0.947785,-0.053291,0.222009,-0.613220,0.245651,0.750717,-0.522925,0.000000,0.000000,0.000000,1.000000,0.11441667033580945,49.69893242641134
1782485599.719555,0.724609,-0.203368,0.658438,0.500723,0.314418,0.947785,-0.053291,0.222009,-0.613220,0.245651,0.750717,-0.522925,0.000000,0.000000,0.000000,1.000000,0.11441667033580945,49.69893242641134
1782485599.755377,0.724609,-0.203368,0.658438,0.500723,0.314418,0.947785,-0.053291,0.222009,-0.613220,0.245651,0.750717,-0.522925,0.000000,0.000000,0.000000,1.000000,0.11441667033580945,49.69893242641134
1782485599.791241,0.724609,-0.203368,0.658438,0.500723,0.314418,0.947785,-0.053291,0.222009,-0.613220,0.245651,0.750717,-0.522925,0.000000,0.000000,0.000000,1.000000,0.11441667033580945,49.69893242641134
1782485599.826853,0.724609,-0.203368,0.658438,0.500723,0.314418,0.947785,-0.053291,0.222009,-0.613220,0.245651,0.750717,-0.522925,0.000000,0.000000,0.000000,1.000000,0.11441667033580945,49.69893242641134
1782485599.862677,0.724609,-0.203368,0.658438,0.500723,0.314418,0.947785,-0.053291,0.222009,-0.613220,0.245651,0.750717,-0.522925,0.000000,0.000000,0.000000,1.000000,0.11441667033580945,49.69893242641134
1782485599.898237,0.724609,-0.203368,0.658438,0.500723,0.314418,0.947785,-0.053291,0.222009,-0.613220,0.245651,0.750717,-0.522925,0.000000,0.000000,0.000000,1.000000,0.11441667033580945,49.69893242641134
1782485599.934483,0.724609,-0.203368,0.658438,0.500723,0.314418,0.947785,-0.053291,0.222009,-0.613220,0.245651,0.750717,-0.522925,0.000000,0.000000,0.000000,1.000000,0.11441667033580945,49.69893242641134
1782485599.970111,0.724609,-0.203368,0.658438,0.500723,0.314418,0.947785,-0.053291,0.222009,-0.613220,0.245651,0.750717,-0.522925,0.000000,0.000000,0.000000,1.000000,0.11441667033580945,49.69893242641134
1782485600.005886,0.724609,-0.203368,0.658438,0.500723,0.314418,0.947785,-0.053291,0.222009,-0.613220,0.245651,0.750717,-0.522925,0.000000,0.000000,0.000000,1.000000,0.11441667033580945,49.69893242641134
1782485600.042091,0.724609,-0.203368,0.658438,0.500723,0.314418,0.947785,-0.053291,0.222009,-0.613220,0.245651,0.750717,-0.522925,0.000000,0.000000,0.000000,1.000000,0.11441667033580945,49.69893242641134
1782485600.078131,0.724609,-0.203368,0.658438,0.500723,0.314418,0.947785,-0.053291,0.222009,-0.613220,0.245651,0.750717,-0.522925,0.000000,0.000000,0.000000,1.000000,0.11441667033580945,49.69893242641134
1782485600.114489,0.724609,-0.203368,0.658438,0.500723,0.314418,0.947785,-0.053291,0.222009,-0.613220,0.245651,0.750717,-0.522925,0.000000,0.000000,0.000000,1.000000,0.11441667033580945,49.69893242641134
1782485600.150844,0.724609,-0.203368,0.658438,0.500723,0.314418,0.947785,-0.053291,0.222009,-0.613220,0.245651,0.750717,-0.522925,0.000000,0.000000,0.000000,1.000000,0.11441667033580945,49.69893242641134
1782485600.187131,0.724609,-0.203368,0.658438,0.500723,0.314418,0.947785,-0.053291,0.222009,-0.613220,0.245651,0.750717,-0.522925,0.000000,0.000000,0.000000,1.000000,0.11441667033580945,49.69893242641134
1782485600.223122,0.724609,-0.203368,0.658438,0.500723,0.314418,0.947785,-0.053291,0.222009,-0.613220,0.245651,0.750717,-0.522925,0.000000,0.000000,0.000000,1.000000,0.11441667033580945,49.69893242641134
1782485600.258813,0.724609,-0.203368,0.658438,0.500723,0.314418,0.947785,-0.053291,0.222009,-0.613220,0.245651,0.750717,-0.522925,0.000000,0.000000,0.000000,1.000000,0.11441667033580945,49.69893242641134
1782485600.294986,0.724609,-0.203368,0.658438,0.500723,0.314418,0.947785,-0.053291,0.222009,-0.613220,0.245651,0.750717,-0.522925,0.000000,0.000000,0.000000,1.000000,0.11441667033580945,49.69893242641134
1782485600.331049,0.724609,-0.203368,0.658438,0.500723,0.314418,0.947785,-0.053291,0.222009,-0.613220,0.245651,0.750717,-0.522925,0.000000,0.000000,0.000000,1.000000,0.11441667033580945,49.69893242641134
1782485600.366847,0.724609,-0.203368,0.658438,0.500723,0.314418,0.947785,-0.053291,0.222009,-0.613220,0.245651,0.750717,-0.522925,0.000000,0.000000,0.000000,1.000000,0.11441667033580945,49.69893242641134
1782485600.402848,0.724609,-0.203368,0.658438,0.500723,0.314418,0.947785,-0.053291,0.222009,-0.613220,0.245651,0.750717,-0.522925,0.000000,0.000000,0.000000,1.000000,0.11441667033580945,49.69893242641134
1782485600.438978,0.724609,-0.203368,0.658438,0.500723,0.314418,0.947785,-0.053291,0.222009,-0.613220,0.245651,0.750717,-0.522925,0.000000,0.000000,0.000000,1.000000,0.11441667033580945,49.69893242641134
1782485600.474776,0.724609,-0.203368,0.658438,0.500723,0.314418,0.947785,-0.053291,0.222009,-0.613220,0.245651,0.750717,-0.522925,0.000000,0.000000,0.000000,1.000000,0.11441667033580945,49.69893242641134
1782485600.510586,0.724609,-0.203368,0.658438,0.500723,0.314418,0.947785,-0.053291,0.222009,-0.613220,0.245651,0.750717,-0.522925,0.000000,0.000000,0.000000,1.000000,0.11441667033580945,49.69893242641134
1782485600.546803,0.724609,-0.203368,0.658438,0.500723,0.314418,0.947785,-0.053291,0.222009,-0.613220,0.245651,0.750717,-0.522925,0.000000,0.000000,0.000000,1.000000,0.11441667033580945,49.69893242641134
1782485600.582412,0.724609,-0.203368,0.658438,0.500723,0.314418,0.947785,-0.053291,0.222009,-0.613220,0.245651,0.750717,-0.522925,0.000000,0.000000,0.000000,1.000000,0.11441667033580945,49.69893242641134
1782485600.618423,0.724609,-0.203368,0.658438,0.500723,0.314418,0.947785,-0.053291,0.222009,-0.613220,0.245651,0.750717,-0.522925,0.000000,0.000000,0.000000,1.000000,0.11441667033580945,49.69893242641134
1782485600.654607,0.724609,-0.203368,0.658438,0.500723,0.314418,0.947785,-0.053291,0.222009,-0.613220,0.245651,0.750717,-0.522925,0.000000,0.000000,0.000000,1.000000,0.11441667033580945,49.69893242641134
1782485600.690832,0.724609,-0.203368,0.658438,0.500723,0.314418,0.947785,-0.053291,0.222009,-0.613220,0.245651,0.750717,-0.522925,0.000000,0.000000,0.000000,1.000000,0.11441667033580945,49.69893242641134
1782485600.726812,0.724609,-0.203368,0.658438,0.500723,0.314418,0.947785,-0.053291,0.222009,-0.613220,0.245651,0.750717,-0.522925,0.000000,0.000000,0.000000,1.000000,0.11441667033580945,49.69893242641134
1782485600.762355,0.724609,-0.203368,0.658438,0.500723,0.314418,0.947785,-0.053291,0.222009,-0.613220,0.245651,0.750717,-0.522925,0.000000,0.000000,0.000000,1.000000,0.11441667033580945,49.69893242641134
1782485600.798165,0.724609,-0.203368,0.658438,0.500723,0.314418,0.947785,-0.053291,0.222009,-0.613220,0.245651,0.750717,-0.522925,0.000000,0.000000,0.000000,1.000000,0.11441667033580945,49.69893242641134
1782485600.833221,0.724609,-0.203368,0.658438,0.500723,0.314418,0.947785,-0.053291,0.222009,-0.613220,0.245651,0.750717,-0.522925,0.000000,0.000000,0.000000,1.000000,0.11441667033580945,49.69893242641134
1782485600.869457,0.724609,-0.203368,0.658438,0.500723,0.314418,0.947785,-0.053291,0.222009,-0.613220,0.245651,0.750717,-0.522925,0.000000,0.000000,0.000000,1.000000,0.11441667033580945,49.69893242641134
1782485600.905612,0.724609,-0.203368,0.658438,0.500723,0.314418,0.947785,-0.053291,0.222009,-0.613220,0.245651,0.750717,-0.522925,0.000000,0.000000,0.000000,1.000000,0.11441667033580945,49.69893242641134
1782485600.941772,0.724609,-0.203368,0.658438,0.500723,0.314418,0.947785,-0.053291,0.222009,-0.613220,0.245651,0.750717,-0.522925,0.000000,0.000000,0.000000,1.000000,0.11441667033580945,49.69893242641134
1782485600.977441,0.724609,-0.203368,0.658438,0.500723,0.314418,0.947785,-0.053291,0.222009,-0.613220,0.245651,0.750717,-0.522925,0.000000,0.000000,0.000000,1.000000,0.11441667033580945,49.69893242641134
1782485601.013165,0.724609,-0.203368,0.658438,0.500723,0.314418,0.947785,-0.053291,0.222009,-0.613220,0.245651,0.750717,-0.522925,0.000000,0.000000,0.000000,1.000000,0.11441667033580945,49.69893242641134
1782485601.049192,0.724609,-0.203368,0.658438,0.500723,0.314418,0.947785,-0.053291,0.222009,-0.613220,0.245651,0.750717,-0.522925,0.000000,0.000000,0.000000,1.000000,0.11441667033580945,49.69893242641134
1782485601.085224,0.724609,-0.203368,0.658438,0.500723,0.314418,0.947785,-0.053291,0.222009,-0.613220,0.245651,0.750717,-0.522925,0.000000,0.000000,0.000000,1.000000,0.11441667033580945,49.69893242641134
1782485601.121258,0.724609,-0.203368,0.658438,0.500723,0.314418,0.947785,-0.053291,0.222009,-0.613220,0.245651,0.750717,-0.522925,0.000000,0.000000,0.000000,1.000000,0.11441667033580945,49.69893242641134
1782485601.156705,0.724609,-0.203368,0.658438,0.500723,0.314418,0.947785,-0.053291,0.222009,-0.613220,0.245651,0.750717,-0.522925,0.000000,0.000000,0.000000,1.000000,0.11441667033580945,49.69893242641134
1782485601.192739,0.724609,-0.203368,0.658438,0.500723,0.314418,0.947785,-0.053291,0.222009,-0.613220,0.245651,0.750717,-0.522925,0.000000,0.000000,0.000000,1.000000,0.11441667033580945,49.69893242641134
1782485601.228809,0.724609,-0.203368,0.658438,0.500723,0.314418,0.947785,-0.053291,0.222009,-0.613220,0.245651,0.750717,-0.522925,0.000000,0.000000,0.000000,1.000000,0.11441667033580945,49.69893242641134
1782485601.264917,0.724609,-0.203368,0.658438,0.500723,0.314418,0.947785,-0.053291,0.222009,-0.613220,0.245651,0.750717,-0.522925,0.000000,0.000000,0.000000,1.000000,0.11441667033580945,49.69893242641134
1782485601.300151,0.724609,-0.203368,0.658438,0.500723,0.314418,0.947785,-0.053291,0.222009,-0.613220,0.245651,0.750717,-0.522925,0.000000,0.000000,0.000000,1.000000,0.11441667033580945,49.69893242641134
1782485601.335160,0.724609,-0.203368,0.658438,0.500723,0.314418,0.947785,-0.053291,0.222009,-0.613220,0.245651,0.750717,-0.522925,0.000000,0.000000,0.000000,1.000000,0.11441667033580945,49.69893242641134
1782485601.371091,0.724609,-0.203368,0.658438,0.500723,0.314418,0.947785,-0.053291,0.222009,-0.613220,0.245651,0.750717,-0.522925,0.000000,0.000000,0.000000,1.000000,0.11441667033580945,49.69893242641134
1782485601.407265,0.724609,-0.203368,0.658438,0.500723,0.314418,0.947785,-0.053291,0.222009,-0.613220,0.245651,0.750717,-0.522925,0.000000,0.000000,0.000000,1.000000,0.11441667033580945,49.69893242641134
1782485601.441818,0.724609,-0.203368,0.658438,0.500723,0.314418,0.947785,-0.053291,0.222009,-0.613220,0.245651,0.750717,-0.522925,0.000000,0.000000,0.000000,1.000000,0.11441667033580945,49.69893242641134
1782485601.477220,0.724609,-0.203368,0.658438,0.500723,0.314418,0.947785,-0.053291,0.222009,-0.613220,0.245651,0.750717,-0.522925,0.000000,0.000000,0.000000,1.000000,0.11441667033580945,49.69893242641134
1782485601.513238,0.724609,-0.203368,0.658438,0.500723,0.314418,0.947785,-0.053291,0.222009,-0.613220,0.245651,0.750717,-0.522925,0.000000,0.000000,0.000000,1.000000,0.11441667033580945,49.69893242641134
1782485601.549391,0.724609,-0.203368,0.658438,0.500723,0.314418,0.947785,-0.053291,0.222009,-0.613220,0.245651,0.750717,-0.522925,0.000000,0.000000,0.000000,1.000000,0.11441667033580945,49.69893242641134
1782485601.585688,0.724609,-0.203368,0.658438,0.500723,0.314418,0.947785,-0.053291,0.222009,-0.613220,0.245651,0.750717,-0.522925,0.000000,0.000000,0.000000,1.000000,0.11441667033580945,49.69893242641134
1782485601.621833,0.724609,-0.203368,0.658438,0.500723,0.314418,0.947785,-0.053291,0.222009,-0.613220,0.245651,0.750717,-0.522925,0.000000,0.000000,0.000000,1.000000,0.11441667033580945,49.69893242641134
1782485601.658109,0.724609,-0.203368,0.658438,0.500723,0.314418,0.947785,-0.053291,0.222009,-0.613220,0.245651,0.750717,-0.522925,0.000000,0.000000,0.000000,1.000000,0.11441667033580945,49.69893242641134
1782485601.693972,0.724609,-0.203368,0.658438,0.500723,0.314418,0.947785,-0.053291,0.222009,-0.613220,0.245651,0.750717,-0.522925,0.000000,0.000000,0.000000,1.000000,0.11441667033580945,49.69893242641134
1782485601.729848,0.724609,-0.203368,0.658438,0.500723,0.314418,0.947785,-0.053291,0.222009,-0.613220,0.245651,0.750717,-0.522925,0.000000,0.000000,0.000000,1.000000,0.11441667033580945,49.69893242641134
1782485601.765883,0.724609,-0.203368,0.658438,0.500723,0.314418,0.947785,-0.053291,0.222009,-0.613220,0.245651,0.750717,-0.522925,0.000000,0.000000,0.000000,1.000000,0.11441667033580945,49.69893242641134
1782485601.801701,0.724609,-0.203368,0.658438,0.500723,0.314418,0.947785,-0.053291,0.222009,-0.613220,0.245651,0.750717,-0.522925,0.000000,0.000000,0.000000,1.000000,0.11441667033580945,49.69893242641134
1782485601.837241,0.724609,-0.203368,0.658438,0.500723,0.314418,0.947785,-0.053291,0.222009,-0.613220,0.245651,0.750717,-0.522925,0.000000,0.000000,0.000000,1.000000,0.11441667033580945,49.69893242641134
1782485601.872923,0.724609,-0.203368,0.658438,0.500723,0.314418,0.947785,-0.053291,0.222009,-0.613220,0.245651,0.750717,-0.522925,0.000000,0.000000,0.000000,1.000000,0.11441667033580945,49.69893242641134
1782485601.908571,0.724609,-0.203368,0.658438,0.500723,0.314418,0.947785,-0.053291,0.222009,-0.613220,0.245651,0.750717,-0.522925,0.000000,0.000000,0.000000,1.000000,0.11441667033580945,49.69893242641134
1782485601.944501,0.724609,-0.203368,0.658438,0.500723,0.314418,0.947785,-0.053291,0.222009,-0.613220,0.245651,0.750717,-0.522925,0.000000,0.000000,0.000000,1.000000,0.11441667033580945,49.69893242641134
1782485601.980007,0.724609,-0.203368,0.658438,0.500723,0.314418,0.947785,-0.053291,0.222009,-0.613220,0.245651,0.750717,-0.522925,0.000000,0.000000,0.000000,1.000000,0.11441667033580945,49.69893242641134
1782485602.015436,0.724609,-0.203368,0.658438,0.500723,0.314418,0.947785,-0.053291,0.222009,-0.613220,0.245651,0.750717,-0.522925,0.000000,0.000000,0.000000,1.000000,0.11441667033580945,49.69893242641134
1782485602.051231,0.724609,-0.203368,0.658438,0.500723,0.314418,0.947785,-0.053291,0.222009,-0.613220,0.245651,0.750717,-0.522925,0.000000,0.000000,0.000000,1.000000,0.11441667033580945,49.69893242641134
1782485602.086938,0.724609,-0.203368,0.658438,0.500723,0.314418,0.947785,-0.053291,0.222009,-0.613220,0.245651,0.750717,-0.522925,0.000000,0.000000,0.000000,1.000000,0.11441667033580945,49.69893242641134
1782485602.122989,0.724609,-0.203368,0.658438,0.500723,0.314418,0.947785,-0.053291,0.222009,-0.613220,0.245651,0.750717,-0.522925,0.000000,0.000000,0.000000,1.000000,0.11441667033580945,49.69893242641134
1782485602.159034,0.724609,-0.203368,0.658438,0.500723,0.314418,0.947785,-0.053291,0.222009,-0.613220,0.245651,0.750717,-0.522925,0.000000,0.000000,0.000000,1.000000,0.11441667033580945,49.69893242641134
1782485602.194685,0.724609,-0.203368,0.658438,0.500723,0.314418,0.947785,-0.053291,0.222009,-0.613220,0.245651,0.750717,-0.522925,0.000000,0.000000,0.000000,1.000000,0.11441667033580945,49.69893242641134
1782485602.230023,0.724609,-0.203368,0.658438,0.500723,0.314418,0.947785,-0.053291,0.222009,-0.613220,0.245651,0.750717,-0.522925,0.000000,0.000000,0.000000,1.000000,0.11441667033580945,49.69893242641134
1782485602.265705,0.724609,-0.203368,0.658438,0.500723,0.314418,0.947785,-0.053291,0.222009,-0.613220,0.245651,0.750717,-0.522925,0.000000,0.000000,0.000000,1.000000,0.11441667033580945,49.69893242641134
1782485602.300749,0.724609,-0.203368,0.658438,0.500723,0.314418,0.947785,-0.053291,0.222009,-0.613220,0.245651,0.750717,-0.522925,0.000000,0.000000,0.000000,1.000000,0.11441667033580945,49.69893242641134
1782485602.336373,0.724609,-0.203368,0.658438,0.500723,0.314418,0.947785,-0.053291,0.222009,-0.613220,0.245651,0.750717,-0.522925,0.000000,0.000000,0.000000,1.000000,0.11441667033580945,49.69893242641134
1782485602.371803,0.724609,-0.203368,0.658438,0.500723,0.314418,0.947785,-0.053291,0.222009,-0.613220,0.245651,0.750717,-0.522925,0.000000,0.000000,0.000000,1.000000,0.11441667033580945,49.69893242641134
1782485602.407057,0.724609,-0.203368,0.658438,0.500723,0.314418,0.947785,-0.053291,0.222009,-0.613220,0.245651,0.750717,-0.522925,0.000000,0.000000,0.000000,1.000000,0.11441667033580945,49.69893242641134
1782485602.442429,0.724609,-0.203368,0.658438,0.500723,0.314418,0.947785,-0.053291,0.222009,-0.613220,0.245651,0.750717,-0.522925,0.000000,0.000000,0.000000,1.000000,0.11441667033580945,49.69893242641134
1782485602.477864,0.724609,-0.203368,0.658438,0.500723,0.314418,0.947785,-0.053291,0.222009,-0.613220,0.245651,0.750717,-0.522925,0.000000,0.000000,0.000000,1.000000,0.11441667033580945,49.69893242641134
1782485602.513470,0.724609,-0.203368,0.658438,0.500723,0.314418,0.947785,-0.053291,0.222009,-0.613220,0.245651,0.750717,-0.522925,0.000000,0.000000,0.000000,1.000000,0.11441667033580945,49.69893242641134
1782485602.549194,0.724609,-0.203368,0.658438,0.500723,0.314418,0.947785,-0.053291,0.222009,-0.613220,0.245651,0.750717,-0.522925,0.000000,0.000000,0.000000,1.000000,0.11441667033580945,49.69893242641134
1782485602.584257,0.724609,-0.203368,0.658438,0.500723,0.314418,0.947785,-0.053291,0.222009,-0.613220,0.245651,0.750717,-0.522925,0.000000,0.000000,0.000000,1.000000,0.11441667033580945,49.69893242641134
1782485602.620218,0.724609,-0.203368,0.658438,0.500723,0.314418,0.947785,-0.053291,0.222009,-0.613220,0.245651,0.750717,-0.522925,0.000000,0.000000,0.000000,1.000000,0.11441667033580945,49.69893242641134
1782485602.656284,0.724609,-0.203368,0.658438,0.500723,0.314418,0.947785,-0.053291,0.222009,-0.613220,0.245651,0.750717,-0.522925,0.000000,0.000000,0.000000,1.000000,0.11441667033580945,49.69893242641134
1782485602.692289,0.724609,-0.203368,0.658438,0.500723,0.314418,0.947785,-0.053291,0.222009,-0.613220,0.245651,0.750717,-0.522925,0.000000,0.000000,0.000000,1.000000,0.11441667033580945,49.69893242641134
1782485602.728575,0.724609,-0.203368,0.658438,0.500723,0.314418,0.947785,-0.053291,0.222009,-0.613220,0.245651,0.750717,-0.522925,0.000000,0.000000,0.000000,1.000000,0.11441667033580945,49.69893242641134
1782485602.764225,0.724609,-0.203368,0.658438,0.500723,0.314418,0.947785,-0.053291,0.222009,-0.613220,0.245651,0.750717,-0.522925,0.000000,0.000000,0.000000,1.000000,0.11441667033580945,49.69893242641134
1782485602.799685,0.724609,-0.203368,0.658438,0.500723,0.314418,0.947785,-0.053291,0.222009,-0.613220,0.245651,0.750717,-0.522925,0.000000,0.000000,0.000000,1.000000,0.11441667033580945,49.69893242641134
1782485602.834309,0.724609,-0.203368,0.658438,0.500723,0.314418,0.947785,-0.053291,0.222009,-0.613220,0.245651,0.750717,-0.522925,0.000000,0.000000,0.000000,1.000000,0.11441667033580945,49.69893242641134
1782485602.869871,0.724609,-0.203368,0.658438,0.500723,0.314418,0.947785,-0.053291,0.222009,-0.613220,0.245651,0.750717,-0.522925,0.000000,0.000000,0.000000,1.000000,0.11441667033580945,49.69893242641134
1782485602.906128,0.724609,-0.203368,0.658438,0.500723,0.314418,0.947785,-0.053291,0.222009,-0.613220,0.245651,0.750717,-0.522925,0.000000,0.000000,0.000000,1.000000,0.11441667033580945,49.69893242641134
1782485602.942317,0.724609,-0.203368,0.658438,0.500723,0.314418,0.947785,-0.053291,0.222009,-0.613220,0.245651,0.750717,-0.522925,0.000000,0.000000,0.000000,1.000000,0.11441667033580945,49.69893242641134
1782485602.977498,0.724609,-0.203368,0.658438,0.500723,0.314418,0.947785,-0.053291,0.222009,-0.613220,0.245651,0.750717,-0.522925,0.000000,0.000000,0.000000,1.000000,0.11441667033580945,49.69893242641134
1782485603.013000,0.724609,-0.203368,0.658438,0.500723,0.314418,0.947785,-0.053291,0.222009,-0.613220,0.245651,0.750717,-0.522925,0.000000,0.000000,0.000000,1.000000,0.11441667033580945,49.69893242641134
1782485603.048189,0.724609,-0.203368,0.658438,0.500723,0.314418,0.947785,-0.053291,0.222009,-0.613220,0.245651,0.750717,-0.522925,0.000000,0.000000,0.000000,1.000000,0.11441667033580945,49.69893242641134
1782485603.083900,0.724609,-0.203368,0.658438,0.500723,0.314418,0.947785,-0.053291,0.222009,-0.613220,0.245651,0.750717,-0.522925,0.000000,0.000000,0.000000,1.000000,0.11441667033580945,49.69893242641134
1782485603.119468,0.724609,-0.203368,0.658438,0.500723,0.314418,0.947785,-0.053291,0.222009,-0.613220,0.245651,0.750717,-0.522925,0.000000,0.000000,0.000000,1.000000,0.11441667033580945,49.69893242641134
1782485603.154717,0.724609,-0.203368,0.658438,0.500723,0.314418,0.947785,-0.053291,0.222009,-0.613220,0.245651,0.750717,-0.522925,0.000000,0.000000,0.000000,1.000000,0.11441667033580945,49.69893242641134
1782485603.189347,0.724609,-0.203368,0.658438,0.500723,0.314418,0.947785,-0.053291,0.222009,-0.613220,0.245651,0.750717,-0.522925,0.000000,0.000000,0.000000,1.000000,0.11441667033580945,49.69893242641134
1782485603.224454,0.724609,-0.203368,0.658438,0.500723,0.314418,0.947785,-0.053291,0.222009,-0.613220,0.245651,0.750717,-0.522925,0.000000,0.000000,0.000000,1.000000,0.11441667033580945,49.69893242641134
1782485603.259914,0.724609,-0.203368,0.658438,0.500723,0.314418,0.947785,-0.053291,0.222009,-0.613220,0.245651,0.750717,-0.522925,0.000000,0.000000,0.000000,1.000000,0.11441667033580945,49.69893242641134
1782485603.295284,0.724609,-0.203368,0.658438,0.500723,0.314418,0.947785,-0.053291,0.222009,-0.613220,0.245651,0.750717,-0.522925,0.000000,0.000000,0.000000,1.000000,0.11441667033580945,49.69893242641134
1782485603.330865,0.724609,-0.203368,0.658438,0.500723,0.314418,0.947785,-0.053291,0.222009,-0.613220,0.245651,0.750717,-0.522925,0.000000,0.000000,0.000000,1.000000,0.11441667033580945,49.69893242641134
1782485603.366445,0.724609,-0.203368,0.658438,0.500723,0.314418,0.947785,-0.053291,0.222009,-0.613220,0.245651,0.750717,-0.522925,0.000000,0.000000,0.000000,1.000000,0.11441667033580945,49.69893242641134
1782485603.402304,0.724609,-0.203368,0.658438,0.500723,0.314418,0.947785,-0.053291,0.222009,-0.613220,0.245651,0.750717,-0.522925,0.000000,0.000000,0.000000,1.000000,0.11441667033580945,49.69893242641134
1782485603.437971,0.724609,-0.203368,0.658438,0.500723,0.314418,0.947785,-0.053291,0.222009,-0.613220,0.245651,0.750717,-0.522925,0.000000,0.000000,0.000000,1.000000,0.11441667033580945,49.69893242641134
1782485603.473402,0.724609,-0.203368,0.658438,0.500723,0.314418,0.947785,-0.053291,0.222009,-0.613220,0.245651,0.750717,-0.522925,0.000000,0.000000,0.000000,1.000000,0.11441667033580945,49.69893242641134
1782485603.509356,0.724609,-0.203368,0.658438,0.500723,0.314418,0.947785,-0.053291,0.222009,-0.613220,0.245651,0.750717,-0.522925,0.000000,0.000000,0.000000,1.000000,0.11441667033580945,49.69893242641134
1782485603.544996,0.724609,-0.203368,0.658438,0.500723,0.314418,0.947785,-0.053291,0.222009,-0.613220,0.245651,0.750717,-0.522925,0.000000,0.000000,0.000000,1.000000,0.11441667033580945,49.69893242641134
1782485603.580788,0.724609,-0.203368,0.658438,0.500723,0.314418,0.947785,-0.053291,0.222009,-0.613220,0.245651,0.750717,-0.522925,0.000000,0.000000,0.000000,1.000000,0.11441667033580945,49.69893242641134
1782485603.615998,0.724609,-0.203368,0.658438,0.500723,0.314418,0.947785,-0.053291,0.222009,-0.613220,0.245651,0.750717,-0.522925,0.000000,0.000000,0.000000,1.000000,0.11441667033580945,49.69893242641134
1782485603.651513,0.724609,-0.203368,0.658438,0.500723,0.314418,0.947785,-0.053291,0.222009,-0.613220,0.245651,0.750717,-0.522925,0.000000,0.000000,0.000000,1.000000,0.11441667033580945,49.69893242641134
1782485603.687027,0.724609,-0.203368,0.658438,0.500723,0.314418,0.947785,-0.053291,0.222009,-0.613220,0.245651,0.750717,-0.522925,0.000000,0.000000,0.000000,1.000000,0.11441667033580945,49.69893242641134
1782485603.722707,0.724609,-0.203368,0.658438,0.500723,0.314418,0.947785,-0.053291,0.222009,-0.613220,0.245651,0.750717,-0.522925,0.000000,0.000000,0.000000,1.000000,0.11441667033580945,49.69893242641134
1782485603.757985,0.724609,-0.203368,0.658438,0.500723,0.314418,0.947785,-0.053291,0.222009,-0.613220,0.245651,0.750717,-0.522925,0.000000,0.000000,0.000000,1.000000,0.11441667033580945,49.69893242641134
1782485603.793770,0.724609,-0.203368,0.658438,0.500723,0.314418,0.947785,-0.053291,0.222009,-0.613220,0.245651,0.750717,-0.522925,0.000000,0.000000,0.000000,1.000000,0.11441667033580945,49.69893242641134
1782485603.829388,0.724609,-0.203368,0.658438,0.500723,0.314418,0.947785,-0.053291,0.222009,-0.613220,0.245651,0.750717,-0.522925,0.000000,0.000000,0.000000,1.000000,0.11441667033580945,49.69893242641134
1782485603.865687,0.724609,-0.203368,0.658438,0.500723,0.314418,0.947785,-0.053291,0.222009,-0.613220,0.245651,0.750717,-0.522925,0.000000,0.000000,0.000000,1.000000,0.11441667033580945,49.69893242641134
1782485603.901650,0.724609,-0.203368,0.658438,0.500723,0.314418,0.947785,-0.053291,0.222009,-0.613220,0.245651,0.750717,-0.522925,0.000000,0.000000,0.000000,1.000000,0.11441667033580945,49.69893242641134
1782485603.937543,0.724609,-0.203368,0.658438,0.500723,0.314418,0.947785,-0.053291,0.222009,-0.613220,0.245651,0.750717,-0.522925,0.000000,0.000000,0.000000,1.000000,0.11441667033580945,49.69893242641134
1782485603.973328,0.724609,-0.203368,0.658438,0.500723,0.314418,0.947785,-0.053291,0.222009,-0.613220,0.245651,0.750717,-0.522925,0.000000,0.000000,0.000000,1.000000,0.11441667033580945,49.69893242641134
1782485604.009283,0.724609,-0.203368,0.658438,0.500723,0.314418,0.947785,-0.053291,0.222009,-0.613220,0.245651,0.750717,-0.522925,0.000000,0.000000,0.000000,1.000000,0.11441667033580945,49.69893242641134
1782485604.045270,0.724609,-0.203368,0.658438,0.500723,0.314418,0.947785,-0.053291,0.222009,-0.613220,0.245651,0.750717,-0.522925,0.000000,0.000000,0.000000,1.000000,0.11441667033580945,49.69893242641134
1782485604.080934,0.724609,-0.203368,0.658438,0.500723,0.314418,0.947785,-0.053291,0.222009,-0.613220,0.245651,0.750717,-0.522925,0.000000,0.000000,0.000000,1.000000,0.11441667033580945,49.69893242641134
1782485604.116236,0.724609,-0.203368,0.658438,0.500723,0.314418,0.947785,-0.053291,0.222009,-0.613220,0.245651,0.750717,-0.522925,0.000000,0.000000,0.000000,1.000000,0.11441667033580945,49.69893242641134
1782485604.151991,0.724609,-0.203368,0.658438,0.500723,0.314418,0.947785,-0.053291,0.222009,-0.613220,0.245651,0.750717,-0.522925,0.000000,0.000000,0.000000,1.000000,0.11441667033580945,49.69893242641134
1782485604.187078,0.724609,-0.203368,0.658438,0.500723,0.314418,0.947785,-0.053291,0.222009,-0.613220,0.245651,0.750717,-0.522925,0.000000,0.000000,0.000000,1.000000,0.11441667033580945,49.69893242641134
1782485604.222784,0.724609,-0.203368,0.658438,0.500723,0.314418,0.947785,-0.053291,0.222009,-0.613220,0.245651,0.750717,-0.522925,0.000000,0.000000,0.000000,1.000000,0.11441667033580945,49.69893242641134
1782485604.258431,0.724609,-0.203368,0.658438,0.500723,0.314418,0.947785,-0.053291,0.222009,-0.613220,0.245651,0.750717,-0.522925,0.000000,0.000000,0.000000,1.000000,0.11441667033580945,49.69893242641134
1782485604.294027,0.724609,-0.203368,0.658438,0.500723,0.314418,0.947785,-0.053291,0.222009,-0.613220,0.245651,0.750717,-0.522925,0.000000,0.000000,0.000000,1.000000,0.11441667033580945,49.69893242641134
1782485604.330132,0.724609,-0.203368,0.658438,0.500723,0.314418,0.947785,-0.053291,0.222009,-0.613220,0.245651,0.750717,-0.522925,0.000000,0.000000,0.000000,1.000000,0.11441667033580945,49.69893242641134
1782485604.365955,0.724609,-0.203368,0.658438,0.500723,0.314418,0.947785,-0.053291,0.222009,-0.613220,0.245651,0.750717,-0.522925,0.000000,0.000000,0.000000,1.000000,0.11441667033580945,49.69893242641134
1782485604.401620,0.724609,-0.203368,0.658438,0.500723,0.314418,0.947785,-0.053291,0.222009,-0.613220,0.245651,0.750717,-0.522925,0.000000,0.000000,0.000000,1.000000,0.11441667033580945,49.69893242641134
1782485604.437299,0.724609,-0.203368,0.658438,0.500723,0.314418,0.947785,-0.053291,0.222009,-0.613220,0.245651,0.750717,-0.522925,0.000000,0.000000,0.000000,1.000000,0.11441667033580945,49.69893242641134
1782485604.472911,0.724609,-0.203368,0.658438,0.500723,0.314418,0.947785,-0.053291,0.222009,-0.613220,0.245651,0.750717,-0.522925,0.000000,0.000000,0.000000,1.000000,0.11441667033580945,49.69893242641134
1782485604.508556,0.724609,-0.203368,0.658438,0.500723,0.314418,0.947785,-0.053291,0.222009,-0.613220,0.245651,0.750717,-0.522925,0.000000,0.000000,0.000000,1.000000,0.11441667033580945,49.69893242641134
1782485604.544369,0.724609,-0.203368,0.658438,0.500723,0.314418,0.947785,-0.053291,0.222009,-0.613220,0.245651,0.750717,-0.522925,0.000000,0.000000,0.000000,1.000000,0.11441667033580945,49.69893242641134
1782485604.580116,0.724609,-0.203368,0.658438,0.500723,0.314418,0.947785,-0.053291,0.222009,-0.613220,0.245651,0.750717,-0.522925,0.000000,0.000000,0.000000,1.000000,0.11441667033580945,49.69893242641134
1782485604.615813,0.724609,-0.203368,0.658438,0.500723,0.314418,0.947785,-0.053291,0.222009,-0.613220,0.245651,0.750717,-0.522925,0.000000,0.000000,0.000000,1.000000,0.11441667033580945,49.69893242641134
1782485604.651299,0.724609,-0.203368,0.658438,0.500723,0.314418,0.947785,-0.053291,0.222009,-0.613220,0.245651,0.750717,-0.522925,0.000000,0.000000,0.000000,1.000000,0.11441667033580945,49.69893242641134
1782485604.686610,0.724609,-0.203368,0.658438,0.500723,0.314418,0.947785,-0.053291,0.222009,-0.613220,0.245651,0.750717,-0.522925,0.000000,0.000000,0.000000,1.000000,0.11441667033580945,49.69893242641134
1782485604.722315,0.724609,-0.203368,0.658438,0.500723,0.314418,0.947785,-0.053291,0.222009,-0.613220,0.245651,0.750717,-0.522925,0.000000,0.000000,0.000000,1.000000,0.11441667033580945,49.69893242641134
1782485604.757951,0.724609,-0.203368,0.658438,0.500723,0.314418,0.947785,-0.053291,0.222009,-0.613220,0.245651,0.750717,-0.522925,0.000000,0.000000,0.000000,1.000000,0.11441667033580945,49.69893242641134
1782485604.793446,0.724609,-0.203368,0.658438,0.500723,0.314418,0.947785,-0.053291,0.222009,-0.613220,0.245651,0.750717,-0.522925,0.000000,0.000000,0.000000,1.000000,0.11441667033580945,49.69893242641134
1782485604.829142,0.724609,-0.203368,0.658438,0.500723,0.314418,0.947785,-0.053291,0.222009,-0.613220,0.245651,0.750717,-0.522925,0.000000,0.000000,0.000000,1.000000,0.11441667033580945,49.69893242641134
1782485604.864950,0.724609,-0.203368,0.658438,0.500723,0.314418,0.947785,-0.053291,0.222009,-0.613220,0.245651,0.750717,-0.522925,0.000000,0.000000,0.000000,1.000000,0.11441667033580945,49.69893242641134
1782485604.900901,0.724609,-0.203368,0.658438,0.500723,0.314418,0.947785,-0.053291,0.222009,-0.613220,0.245651,0.750717,-0.522925,0.000000,0.000000,0.000000,1.000000,0.11441667033580945,49.69893242641134
1782485604.936770,0.724609,-0.203368,0.658438,0.500723,0.314418,0.947785,-0.053291,0.222009,-0.613220,0.245651,0.750717,-0.522925,0.000000,0.000000,0.000000,1.000000,0.11441667033580945,49.69893242641134
1782485604.972521,0.724609,-0.203368,0.658438,0.500723,0.314418,0.947785,-0.053291,0.222009,-0.613220,0.245651,0.750717,-0.522925,0.000000,0.000000,0.000000,1.000000,0.11441667033580945,49.69893242641134
1782485605.008453,0.724609,-0.203368,0.658438,0.500723,0.314418,0.947785,-0.053291,0.222009,-0.613220,0.245651,0.750717,-0.522925,0.000000,0.000000,0.000000,1.000000,0.11441667033580945,49.69893242641134
1782485605.044511,0.724609,-0.203368,0.658438,0.500723,0.314418,0.947785,-0.053291,0.222009,-0.613220,0.245651,0.750717,-0.522925,0.000000,0.000000,0.000000,1.000000,0.11441667033580945,49.69893242641134
1782485605.080512,0.724609,-0.203368,0.658438,0.500723,0.314418,0.947785,-0.053291,0.222009,-0.613220,0.245651,0.750717,-0.522925,0.000000,0.000000,0.000000,1.000000,0.11441667033580945,49.69893242641134
1782485605.116049,0.724609,-0.203368,0.658438,0.500723,0.314418,0.947785,-0.053291,0.222009,-0.613220,0.245651,0.750717,-0.522925,0.000000,0.000000,0.000000,1.000000,0.11441667033580945,49.69893242641134
1782485605.151608,0.724609,-0.203368,0.658438,0.500723,0.314418,0.947785,-0.053291,0.222009,-0.613220,0.245651,0.750717,-0.522925,0.000000,0.000000,0.000000,1.000000,0.11441667033580945,49.69893242641134
1782485605.187339,0.724609,-0.203368,0.658438,0.500723,0.314418,0.947785,-0.053291,0.222009,-0.613220,0.245651,0.750717,-0.522925,0.000000,0.000000,0.000000,1.000000,0.11441667033580945,49.69893242641134
1782485605.222941,0.724609,-0.203368,0.658438,0.500723,0.314418,0.947785,-0.053291,0.222009,-0.613220,0.245651,0.750717,-0.522925,0.000000,0.000000,0.000000,1.000000,0.11441667033580945,49.69893242641134
1782485605.258491,0.724609,-0.203368,0.658438,0.500723,0.314418,0.947785,-0.053291,0.222009,-0.613220,0.245651,0.750717,-0.522925,0.000000,0.000000,0.000000,1.000000,0.11441667033580945,49.69893242641134
1782485605.293711,0.724609,-0.203368,0.658438,0.500723,0.314418,0.947785,-0.053291,0.222009,-0.613220,0.245651,0.750717,-0.522925,0.000000,0.000000,0.000000,1.000000,0.11441667033580945,49.69893242641134
1782485605.328965,0.724609,-0.203368,0.658438,0.500723,0.314418,0.947785,-0.053291,0.222009,-0.613220,0.245651,0.750717,-0.522925,0.000000,0.000000,0.000000,1.000000,0.11441667033580945,49.69893242641134
1782485605.363146,0.724609,-0.203368,0.658438,0.500723,0.314418,0.947785,-0.053291,0.222009,-0.613220,0.245651,0.750717,-0.522925,0.000000,0.000000,0.000000,1.000000,0.11441667033580945,49.69893242641134
1782485605.398680,0.724609,-0.203368,0.658438,0.500723,0.314418,0.947785,-0.053291,0.222009,-0.613220,0.245651,0.750717,-0.522925,0.000000,0.000000,0.000000,1.000000,0.11441667033580945,49.69893242641134
1782485605.434019,0.724609,-0.203368,0.658438,0.500723,0.314418,0.947785,-0.053291,0.222009,-0.613220,0.245651,0.750717,-0.522925,0.000000,0.000000,0.000000,1.000000,0.11441667033580945,49.69893242641134
1782485605.469979,0.724609,-0.203368,0.658438,0.500723,0.314418,0.947785,-0.053291,0.222009,-0.613220,0.245651,0.750717,-0.522925,0.000000,0.000000,0.000000,1.000000,0.11441667033580945,49.69893242641134
1782485605.505539,0.724609,-0.203368,0.658438,0.500723,0.314418,0.947785,-0.053291,0.222009,-0.613220,0.245651,0.750717,-0.522925,0.000000,0.000000,0.000000,1.000000,0.11441667033580945,49.69893242641134
1782485605.540674,0.724609,-0.203368,0.658438,0.500723,0.314418,0.947785,-0.053291,0.222009,-0.613220,0.245651,0.750717,-0.522925,0.000000,0.000000,0.000000,1.000000,0.11441667033580945,49.69893242641134
1782485605.576184,0.724609,-0.203368,0.658438,0.500723,0.314418,0.947785,-0.053291,0.222009,-0.613220,0.245651,0.750717,-0.522925,0.000000,0.000000,0.000000,1.000000,0.11441667033580945,49.69893242641134
1782485605.612108,0.724609,-0.203368,0.658438,0.500723,0.314418,0.947785,-0.053291,0.222009,-0.613220,0.245651,0.750717,-0.522925,0.000000,0.000000,0.000000,1.000000,0.11441667033580945,49.69893242641134
1782485605.647868,0.724609,-0.203368,0.658438,0.500723,0.314418,0.947785,-0.053291,0.222009,-0.613220,0.245651,0.750717,-0.522925,0.000000,0.000000,0.000000,1.000000,0.11441667033580945,49.69893242641134
1782485605.683557,0.724609,-0.203368,0.658438,0.500723,0.314418,0.947785,-0.053291,0.222009,-0.613220,0.245651,0.750717,-0.522925,0.000000,0.000000,0.000000,1.000000,0.11441667033580945,49.69893242641134
1782485605.718292,0.724609,-0.203368,0.658438,0.500723,0.314418,0.947785,-0.053291,0.222009,-0.613220,0.245651,0.750717,-0.522925,0.000000,0.000000,0.000000,1.000000,0.11441667033580945,49.69893242641134
1782485605.753432,0.724609,-0.203368,0.658438,0.500723,0.314418,0.947785,-0.053291,0.222009,-0.613220,0.245651,0.750717,-0.522925,0.000000,0.000000,0.000000,1.000000,0.11441667033580945,49.69893242641134
1782485605.788926,0.724609,-0.203368,0.658438,0.500723,0.314418,0.947785,-0.053291,0.222009,-0.613220,0.245651,0.750717,-0.522925,0.000000,0.000000,0.000000,1.000000,0.11441667033580945,49.69893242641134
1782485605.824352,0.724609,-0.203368,0.658438,0.500723,0.314418,0.947785,-0.053291,0.222009,-0.613220,0.245651,0.750717,-0.522925,0.000000,0.000000,0.000000,1.000000,0.11441667033580945,49.69893242641134
1782485605.859681,0.724609,-0.203368,0.658438,0.500723,0.314418,0.947785,-0.053291,0.222009,-0.613220,0.245651,0.750717,-0.522925,0.000000,0.000000,0.000000,1.000000,0.11441667033580945,49.69893242641134
1782485605.894783,0.724609,-0.203368,0.658438,0.500723,0.314418,0.947785,-0.053291,0.222009,-0.613220,0.245651,0.750717,-0.522925,0.000000,0.000000,0.000000,1.000000,0.11441667033580945,49.69893242641134
1782485605.929980,0.724609,-0.203368,0.658438,0.500723,0.314418,0.947785,-0.053291,0.222009,-0.613220,0.245651,0.750717,-0.522925,0.000000,0.000000,0.000000,1.000000,0.11441667033580945,49.69893242641134
1782485605.965591,0.724609,-0.203368,0.658438,0.500723,0.314418,0.947785,-0.053291,0.222009,-0.613220,0.245651,0.750717,-0.522925,0.000000,0.000000,0.000000,1.000000,0.11441667033580945,49.69893242641134
1782485606.000823,0.724609,-0.203368,0.658438,0.500723,0.314418,0.947785,-0.053291,0.222009,-0.613220,0.245651,0.750717,-0.522925,0.000000,0.000000,0.000000,1.000000,0.11441667033580945,49.69893242641134
1782485606.036571,0.724609,-0.203368,0.658438,0.500723,0.314418,0.947785,-0.053291,0.222009,-0.613220,0.245651,0.750717,-0.522925,0.000000,0.000000,0.000000,1.000000,0.11441667033580945,49.69893242641134
1782485606.071533,0.724609,-0.203368,0.658438,0.500723,0.314418,0.947785,-0.053291,0.222009,-0.613220,0.245651,0.750717,-0.522925,0.000000,0.000000,0.000000,1.000000,0.11441667033580945,49.69893242641134
1782485606.107361,0.724609,-0.203368,0.658438,0.500723,0.314418,0.947785,-0.053291,0.222009,-0.613220,0.245651,0.750717,-0.522925,0.000000,0.000000,0.000000,1.000000,0.11441667033580945,49.69893242641134
1782485606.142877,0.724609,-0.203368,0.658438,0.500723,0.314418,0.947785,-0.053291,0.222009,-0.613220,0.245651,0.750717,-0.522925,0.000000,0.000000,0.000000,1.000000,0.11441667033580945,49.69893242641134
1782485606.178857,0.724609,-0.203368,0.658438,0.500723,0.314418,0.947785,-0.053291,0.222009,-0.613220,0.245651,0.750717,-0.522925,0.000000,0.000000,0.000000,1.000000,0.11441667033580945,49.69893242641134
1782485606.214307,0.724609,-0.203368,0.658438,0.500723,0.314418,0.947785,-0.053291,0.222009,-0.613220,0.245651,0.750717,-0.522925,0.000000,0.000000,0.000000,1.000000,0.11441667033580945,49.69893242641134
1782485606.249916,0.724609,-0.203368,0.658438,0.500723,0.314418,0.947785,-0.053291,0.222009,-0.613220,0.245651,0.750717,-0.522925,0.000000,0.000000,0.000000,1.000000,0.11441667033580945,49.69893242641134
1782485606.285232,0.724609,-0.203368,0.658438,0.500723,0.314418,0.947785,-0.053291,0.222009,-0.613220,0.245651,0.750717,-0.522925,0.000000,0.000000,0.000000,1.000000,0.11441667033580945,49.69893242641134
1782485606.320991,0.724609,-0.203368,0.658438,0.500723,0.314418,0.947785,-0.053291,0.222009,-0.613220,0.245651,0.750717,-0.522925,0.000000,0.000000,0.000000,1.000000,0.11441667033580945,49.69893242641134
1782485606.356728,0.724609,-0.203368,0.658438,0.500723,0.314418,0.947785,-0.053291,0.222009,-0.613220,0.245651,0.750717,-0.522925,0.000000,0.000000,0.000000,1.000000,0.11441667033580945,49.69893242641134
1782485606.392694,0.724609,-0.203368,0.658438,0.500723,0.314418,0.947785,-0.053291,0.222009,-0.613220,0.245651,0.750717,-0.522925,0.000000,0.000000,0.000000,1.000000,0.11441667033580945,49.69893242641134
1782485606.428752,0.724609,-0.203368,0.658438,0.500723,0.314418,0.947785,-0.053291,0.222009,-0.613220,0.245651,0.750717,-0.522925,0.000000,0.000000,0.000000,1.000000,0.11441667033580945,49.69893242641134
1782485606.464417,0.724609,-0.203368,0.658438,0.500723,0.314418,0.947785,-0.053291,0.222009,-0.613220,0.245651,0.750717,-0.522925,0.000000,0.000000,0.000000,1.000000,0.11441667033580945,49.69893242641134
1782485606.500320,0.724609,-0.203368,0.658438,0.500723,0.314418,0.947785,-0.053291,0.222009,-0.613220,0.245651,0.750717,-0.522925,0.000000,0.000000,0.000000,1.000000,0.11441667033580945,49.69893242641134
1782485606.535344,0.724609,-0.203368,0.658438,0.500723,0.314418,0.947785,-0.053291,0.222009,-0.613220,0.245651,0.750717,-0.522925,0.000000,0.000000,0.000000,1.000000,0.11441667033580945,49.69893242641134
1782485606.571058,0.724609,-0.203368,0.658438,0.500723,0.314418,0.947785,-0.053291,0.222009,-0.613220,0.245651,0.750717,-0.522925,0.000000,0.000000,0.000000,1.000000,0.11441667033580945,49.69893242641134
1782485606.606749,0.724609,-0.203368,0.658438,0.500723,0.314418,0.947785,-0.053291,0.222009,-0.613220,0.245651,0.750717,-0.522925,0.000000,0.000000,0.000000,1.000000,0.11441667033580945,49.69893242641134
1782485606.642543,0.724609,-0.203368,0.658438,0.500723,0.314418,0.947785,-0.053291,0.222009,-0.613220,0.245651,0.750717,-0.522925,0.000000,0.000000,0.000000,1.000000,0.11441667033580945,49.69893242641134
1782485606.678135,0.724609,-0.203368,0.658438,0.500723,0.314418,0.947785,-0.053291,0.222009,-0.613220,0.245651,0.750717,-0.522925,0.000000,0.000000,0.000000,1.000000,0.11441667033580945,49.69893242641134
1782485606.713947,0.724609,-0.203368,0.658438,0.500723,0.314418,0.947785,-0.053291,0.222009,-0.613220,0.245651,0.750717,-0.522925,0.000000,0.000000,0.000000,1.000000,0.11441667033580945,49.69893242641134
1782485606.749789,0.724609,-0.203368,0.658438,0.500723,0.314418,0.947785,-0.053291,0.222009,-0.613220,0.245651,0.750717,-0.522925,0.000000,0.000000,0.000000,1.000000,0.11441667033580945,49.69893242641134
1782485606.785763,0.724609,-0.203368,0.658438,0.500723,0.314418,0.947785,-0.053291,0.222009,-0.613220,0.245651,0.750717,-0.522925,0.000000,0.000000,0.000000,1.000000,0.11441667033580945,49.69893242641134
1782485606.820993,0.724609,-0.203368,0.658438,0.500723,0.314418,0.947785,-0.053291,0.222009,-0.613220,0.245651,0.750717,-0.522925,0.000000,0.000000,0.000000,1.000000,0.11441667033580945,49.69893242641134
1782485606.856504,0.724609,-0.203368,0.658438,0.500723,0.314418,0.947785,-0.053291,0.222009,-0.613220,0.245651,0.750717,-0.522925,0.000000,0.000000,0.000000,1.000000,0.11441667033580945,49.69893242641134
1782485606.892046,0.724609,-0.203368,0.658438,0.500723,0.314418,0.947785,-0.053291,0.222009,-0.613220,0.245651,0.750717,-0.522925,0.000000,0.000000,0.000000,1.000000,0.11441667033580945,49.69893242641134
1782485606.928042,0.724609,-0.203368,0.658438,0.500723,0.314418,0.947785,-0.053291,0.222009,-0.613220,0.245651,0.750717,-0.522925,0.000000,0.000000,0.000000,1.000000,0.11441667033580945,49.69893242641134
1782485606.963723,0.724609,-0.203368,0.658438,0.500723,0.314418,0.947785,-0.053291,0.222009,-0.613220,0.245651,0.750717,-0.522925,0.000000,0.000000,0.000000,1.000000,0.11441667033580945,49.69893242641134
1782485606.999378,0.724609,-0.203368,0.658438,0.500723,0.314418,0.947785,-0.053291,0.222009,-0.613220,0.245651,0.750717,-0.522925,0.000000,0.000000,0.000000,1.000000,0.11441667033580945,49.69893242641134
1782485607.035122,0.724609,-0.203368,0.658438,0.500723,0.314418,0.947785,-0.053291,0.222009,-0.613220,0.245651,0.750717,-0.522925,0.000000,0.000000,0.000000,1.000000,0.11441667033580945,49.69893242641134
1782485607.070815,0.724609,-0.203368,0.658438,0.500723,0.314418,0.947785,-0.053291,0.222009,-0.613220,0.245651,0.750717,-0.522925,0.000000,0.000000,0.000000,1.000000,0.11441667033580945,49.69893242641134
1782485607.106601,0.724609,-0.203368,0.658438,0.500723,0.314418,0.947785,-0.053291,0.222009,-0.613220,0.245651,0.750717,-0.522925,0.000000,0.000000,0.000000,1.000000,0.11441667033580945,49.69893242641134
1782485607.142407,0.724609,-0.203368,0.658438,0.500723,0.314418,0.947785,-0.053291,0.222009,-0.613220,0.245651,0.750717,-0.522925,0.000000,0.000000,0.000000,1.000000,0.11441667033580945,49.69893242641134
1782485607.177251,0.724609,-0.203368,0.658438,0.500723,0.314418,0.947785,-0.053291,0.222009,-0.613220,0.245651,0.750717,-0.522925,0.000000,0.000000,0.000000,1.000000,0.11441667033580945,49.69893242641134
1782485607.212541,0.724609,-0.203368,0.658438,0.500723,0.314418,0.947785,-0.053291,0.222009,-0.613220,0.245651,0.750717,-0.522925,0.000000,0.000000,0.000000,1.000000,0.11441667033580945,49.69893242641134
1782485607.248306,0.724609,-0.203368,0.658438,0.500723,0.314418,0.947785,-0.053291,0.222009,-0.613220,0.245651,0.750717,-0.522925,0.000000,0.000000,0.000000,1.000000,0.11441667033580945,49.69893242641134
1782485607.284014,0.724609,-0.203368,0.658438,0.500723,0.314418,0.947785,-0.053291,0.222009,-0.613220,0.245651,0.750717,-0.522925,0.000000,0.000000,0.000000,1.000000,0.11441667033580945,49.69893242641134
1782485607.319679,0.724609,-0.203368,0.658438,0.500723,0.314418,0.947785,-0.053291,0.222009,-0.613220,0.245651,0.750717,-0.522925,0.000000,0.000000,0.000000,1.000000,0.11441667033580945,49.69893242641134
1782485607.355306,0.724609,-0.203368,0.658438,0.500723,0.314418,0.947785,-0.053291,0.222009,-0.613220,0.245651,0.750717,-0.522925,0.000000,0.000000,0.000000,1.000000,0.11441667033580945,49.69893242641134
1782485607.390904,0.724609,-0.203368,0.658438,0.500723,0.314418,0.947785,-0.053291,0.222009,-0.613220,0.245651,0.750717,-0.522925,0.000000,0.000000,0.000000,1.000000,0.11441667033580945,49.69893242641134
1782485607.426570,0.724609,-0.203368,0.658438,0.500723,0.314418,0.947785,-0.053291,0.222009,-0.613220,0.245651,0.750717,-0.522925,0.000000,0.000000,0.000000,1.000000,0.11441667033580945,49.69893242641134
1782485607.461974,0.724609,-0.203368,0.658438,0.500723,0.314418,0.947785,-0.053291,0.222009,-0.613220,0.245651,0.750717,-0.522925,0.000000,0.000000,0.000000,1.000000,0.11441667033580945,49.69893242641134
1782485607.497694,0.724609,-0.203368,0.658438,0.500723,0.314418,0.947785,-0.053291,0.222009,-0.613220,0.245651,0.750717,-0.522925,0.000000,0.000000,0.000000,1.000000,0.11441667033580945,49.69893242641134
1782485607.533572,0.724609,-0.203368,0.658438,0.500723,0.314418,0.947785,-0.053291,0.222009,-0.613220,0.245651,0.750717,-0.522925,0.000000,0.000000,0.000000,1.000000,0.11441667033580945,49.69893242641134
1782485607.569219,0.724609,-0.203368,0.658438,0.500723,0.314418,0.947785,-0.053291,0.222009,-0.613220,0.245651,0.750717,-0.522925,0.000000,0.000000,0.000000,1.000000,0.11441667033580945,49.69893242641134
1782485607.605359,0.724609,-0.203368,0.658438,0.500723,0.314418,0.947785,-0.053291,0.222009,-0.613220,0.245651,0.750717,-0.522925,0.000000,0.000000,0.000000,1.000000,0.11441667033580945,49.69893242641134
1782485607.641118,0.724609,-0.203368,0.658438,0.500723,0.314418,0.947785,-0.053291,0.222009,-0.613220,0.245651,0.750717,-0.522925,0.000000,0.000000,0.000000,1.000000,0.11441667033580945,49.69893242641134
1782485607.676604,0.724609,-0.203368,0.658438,0.500723,0.314418,0.947785,-0.053291,0.222009,-0.613220,0.245651,0.750717,-0.522925,0.000000,0.000000,0.000000,1.000000,0.11441667033580945,49.69893242641134
1782485607.712140,0.724609,-0.203368,0.658438,0.500723,0.314418,0.947785,-0.053291,0.222009,-0.613220,0.245651,0.750717,-0.522925,0.000000,0.000000,0.000000,1.000000,0.11441667033580945,49.69893242641134
1782485607.747572,0.724609,-0.203368,0.658438,0.500723,0.314418,0.947785,-0.053291,0.222009,-0.613220,0.245651,0.750717,-0.522925,0.000000,0.000000,0.000000,1.000000,0.11441667033580945,49.69893242641134
1782485607.783334,0.724609,-0.203368,0.658438,0.500723,0.314418,0.947785,-0.053291,0.222009,-0.613220,0.245651,0.750717,-0.522925,0.000000,0.000000,0.000000,1.000000,0.11441667033580945,49.69893242641134
1782485607.819033,0.724609,-0.203368,0.658438,0.500723,0.314418,0.947785,-0.053291,0.222009,-0.613220,0.245651,0.750717,-0.522925,0.000000,0.000000,0.000000,1.000000,0.11441667033580945,49.69893242641134
1782485607.854253,0.724609,-0.203368,0.658438,0.500723,0.314418,0.947785,-0.053291,0.222009,-0.613220,0.245651,0.750717,-0.522925,0.000000,0.000000,0.000000,1.000000,0.11441667033580945,49.69893242641134
1782485607.889497,0.724609,-0.203368,0.658438,0.500723,0.314418,0.947785,-0.053291,0.222009,-0.613220,0.245651,0.750717,-0.522925,0.000000,0.000000,0.000000,1.000000,0.11441667033580945,49.69893242641134
1782485607.925112,0.724609,-0.203368,0.658438,0.500723,0.314418,0.947785,-0.053291,0.222009,-0.613220,0.245651,0.750717,-0.522925,0.000000,0.000000,0.000000,1.000000,0.11441667033580945,49.69893242641134
1782485607.960771,0.724609,-0.203368,0.658438,0.500723,0.314418,0.947785,-0.053291,0.222009,-0.613220,0.245651,0.750717,-0.522925,0.000000,0.000000,0.000000,1.000000,0.11441667033580945,49.69893242641134
1782485607.996605,0.724609,-0.203368,0.658438,0.500723,0.314418,0.947785,-0.053291,0.222009,-0.613220,0.245651,0.750717,-0.522925,0.000000,0.000000,0.000000,1.000000,0.11441667033580945,49.69893242641134
1782485608.032139,0.724609,-0.203368,0.658438,0.500723,0.314418,0.947785,-0.053291,0.222009,-0.613220,0.245651,0.750717,-0.522925,0.000000,0.000000,0.000000,1.000000,0.11441667033580945,49.69893242641134
1782485608.067691,0.724609,-0.203368,0.658438,0.500723,0.314418,0.947785,-0.053291,0.222009,-0.613220,0.245651,0.750717,-0.522925,0.000000,0.000000,0.000000,1.000000,0.11441667033580945,49.69893242641134
1782485608.103563,0.724609,-0.203368,0.658438,0.500723,0.314418,0.947785,-0.053291,0.222009,-0.613220,0.245651,0.750717,-0.522925,0.000000,0.000000,0.000000,1.000000,0.11441667033580945,49.69893242641134
1782485608.139669,0.724609,-0.203368,0.658438,0.500723,0.314418,0.947785,-0.053291,0.222009,-0.613220,0.245651,0.750717,-0.522925,0.000000,0.000000,0.000000,1.000000,0.11441667033580945,49.69893242641134
1782485608.175436,0.724609,-0.203368,0.658438,0.500723,0.314418,0.947785,-0.053291,0.222009,-0.613220,0.245651,0.750717,-0.522925,0.000000,0.000000,0.000000,1.000000,0.11441667033580945,49.69893242641134
1782485608.211542,0.724609,-0.203368,0.658438,0.500723,0.314418,0.947785,-0.053291,0.222009,-0.613220,0.245651,0.750717,-0.522925,0.000000,0.000000,0.000000,1.000000,0.11441667033580945,49.69893242641134
1782485608.247308,0.724609,-0.203368,0.658438,0.500723,0.314418,0.947785,-0.053291,0.222009,-0.613220,0.245651,0.750717,-0.522925,0.000000,0.000000,0.000000,1.000000,0.11441667033580945,49.69893242641134
1782485608.282990,0.724609,-0.203368,0.658438,0.500723,0.314418,0.947785,-0.053291,0.222009,-0.613220,0.245651,0.750717,-0.522925,0.000000,0.000000,0.000000,1.000000,0.11441667033580945,49.69893242641134
1782485608.318774,0.724609,-0.203368,0.658438,0.500723,0.314418,0.947785,-0.053291,0.222009,-0.613220,0.245651,0.750717,-0.522925,0.000000,0.000000,0.000000,1.000000,0.11441667033580945,49.69893242641134
1782485608.353141,0.724609,-0.203368,0.658438,0.500723,0.314418,0.947785,-0.053291,0.222009,-0.613220,0.245651,0.750717,-0.522925,0.000000,0.000000,0.000000,1.000000,0.11441667033580945,49.69893242641134
1782485608.388963,0.724609,-0.203368,0.658438,0.500723,0.314418,0.947785,-0.053291,0.222009,-0.613220,0.245651,0.750717,-0.522925,0.000000,0.000000,0.000000,1.000000,0.11441667033580945,49.69893242641134
1782485608.424203,0.724609,-0.203368,0.658438,0.500723,0.314418,0.947785,-0.053291,0.222009,-0.613220,0.245651,0.750717,-0.522925,0.000000,0.000000,0.000000,1.000000,0.11441667033580945,49.69893242641134
1782485608.459836,0.724609,-0.203368,0.658438,0.500723,0.314418,0.947785,-0.053291,0.222009,-0.613220,0.245651,0.750717,-0.522925,0.000000,0.000000,0.000000,1.000000,0.11441667033580945,49.69893242641134
1782485608.495457,0.724609,-0.203368,0.658438,0.500723,0.314418,0.947785,-0.053291,0.222009,-0.613220,0.245651,0.750717,-0.522925,0.000000,0.000000,0.000000,1.000000,0.11441667033580945,49.69893242641134
1782485608.530954,0.724609,-0.203368,0.658438,0.500723,0.314418,0.947785,-0.053291,0.222009,-0.613220,0.245651,0.750717,-0.522925,0.000000,0.000000,0.000000,1.000000,0.11441667033580945,49.69893242641134
1782485608.566460,0.724609,-0.203368,0.658438,0.500723,0.314418,0.947785,-0.053291,0.222009,-0.613220,0.245651,0.750717,-0.522925,0.000000,0.000000,0.000000,1.000000,0.11441667033580945,49.69893242641134
1782485608.601733,0.724609,-0.203368,0.658438,0.500723,0.314418,0.947785,-0.053291,0.222009,-0.613220,0.245651,0.750717,-0.522925,0.000000,0.000000,0.000000,1.000000,0.11441667033580945,49.69893242641134
1782485608.636640,0.724609,-0.203368,0.658438,0.500723,0.314418,0.947785,-0.053291,0.222009,-0.613220,0.245651,0.750717,-0.522925,0.000000,0.000000,0.000000,1.000000,0.11441667033580945,49.69893242641134
1782485608.671884,0.724609,-0.203368,0.658438,0.500723,0.314418,0.947785,-0.053291,0.222009,-0.613220,0.245651,0.750717,-0.522925,0.000000,0.000000,0.000000,1.000000,0.11441667033580945,49.69893242641134
1782485608.707460,0.724609,-0.203368,0.658438,0.500723,0.314418,0.947785,-0.053291,0.222009,-0.613220,0.245651,0.750717,-0.522925,0.000000,0.000000,0.000000,1.000000,0.11441667033580945,49.69893242641134
1782485608.743531,0.724609,-0.203368,0.658438,0.500723,0.314418,0.947785,-0.053291,0.222009,-0.613220,0.245651,0.750717,-0.522925,0.000000,0.000000,0.000000,1.000000,0.11441667033580945,49.69893242641134
1782485608.779174,0.724609,-0.203368,0.658438,0.500723,0.314418,0.947785,-0.053291,0.222009,-0.613220,0.245651,0.750717,-0.522925,0.000000,0.000000,0.000000,1.000000,0.11441667033580945,49.69893242641134
1782485608.814954,0.724609,-0.203368,0.658438,0.500723,0.314418,0.947785,-0.053291,0.222009,-0.613220,0.245651,0.750717,-0.522925,0.000000,0.000000,0.000000,1.000000,0.11441667033580945,49.69893242641134
1782485608.851078,0.724609,-0.203368,0.658438,0.500723,0.314418,0.947785,-0.053291,0.222009,-0.613220,0.245651,0.750717,-0.522925,0.000000,0.000000,0.000000,1.000000,0.11441667033580945,49.69893242641134
1782485608.886928,0.724609,-0.203368,0.658438,0.500723,0.314418,0.947785,-0.053291,0.222009,-0.613220,0.245651,0.750717,-0.522925,0.000000,0.000000,0.000000,1.000000,0.11441667033580945,49.69893242641134
1782485608.922664,0.724609,-0.203368,0.658438,0.500723,0.314418,0.947785,-0.053291,0.222009,-0.613220,0.245651,0.750717,-0.522925,0.000000,0.000000,0.000000,1.000000,0.11441667033580945,49.69893242641134
1782485608.958423,0.724609,-0.203368,0.658438,0.500723,0.314418,0.947785,-0.053291,0.222009,-0.613220,0.245651,0.750717,-0.522925,0.000000,0.000000,0.000000,1.000000,0.11441667033580945,49.69893242641134
1782485608.994293,0.724609,-0.203368,0.658438,0.500723,0.314418,0.947785,-0.053291,0.222009,-0.613220,0.245651,0.750717,-0.522925,0.000000,0.000000,0.000000,1.000000,0.11441667033580945,49.69893242641134
1782485609.030145,0.724609,-0.203368,0.658438,0.500723,0.314418,0.947785,-0.053291,0.222009,-0.613220,0.245651,0.750717,-0.522925,0.000000,0.000000,0.000000,1.000000,0.11441667033580945,49.69893242641134
1782485609.066132,0.724609,-0.203368,0.658438,0.500723,0.314418,0.947785,-0.053291,0.222009,-0.613220,0.245651,0.750717,-0.522925,0.000000,0.000000,0.000000,1.000000,0.11441667033580945,49.69893242641134
1782485609.101556,0.724609,-0.203368,0.658438,0.500723,0.314418,0.947785,-0.053291,0.222009,-0.613220,0.245651,0.750717,-0.522925,0.000000,0.000000,0.000000,1.000000,0.11441667033580945,49.69893242641134
1782485609.137049,0.724609,-0.203368,0.658438,0.500723,0.314418,0.947785,-0.053291,0.222009,-0.613220,0.245651,0.750717,-0.522925,0.000000,0.000000,0.000000,1.000000,0.11441667033580945,49.69893242641134
1782485609.172664,0.724609,-0.203368,0.658438,0.500723,0.314418,0.947785,-0.053291,0.222009,-0.613220,0.245651,0.750717,-0.522925,0.000000,0.000000,0.000000,1.000000,0.11441667033580945,49.69893242641134
1782485609.208239,0.724609,-0.203368,0.658438,0.500723,0.314418,0.947785,-0.053291,0.222009,-0.613220,0.245651,0.750717,-0.522925,0.000000,0.000000,0.000000,1.000000,0.11441667033580945,49.69893242641134
1782485609.243520,0.724609,-0.203368,0.658438,0.500723,0.314418,0.947785,-0.053291,0.222009,-0.613220,0.245651,0.750717,-0.522925,0.000000,0.000000,0.000000,1.000000,0.11441667033580945,49.69893242641134
1782485609.279243,0.724609,-0.203368,0.658438,0.500723,0.314418,0.947785,-0.053291,0.222009,-0.613220,0.245651,0.750717,-0.522925,0.000000,0.000000,0.000000,1.000000,0.11441667033580945,49.69893242641134
1782485609.314734,0.724609,-0.203368,0.658438,0.500723,0.314418,0.947785,-0.053291,0.222009,-0.613220,0.245651,0.750717,-0.522925,0.000000,0.000000,0.000000,1.000000,0.11441667033580945,49.69893242641134
1782485609.350233,0.724609,-0.203368,0.658438,0.500723,0.314418,0.947785,-0.053291,0.222009,-0.613220,0.245651,0.750717,-0.522925,0.000000,0.000000,0.000000,1.000000,0.11441667033580945,49.69893242641134
1782485609.385785,0.724609,-0.203368,0.658438,0.500723,0.314418,0.947785,-0.053291,0.222009,-0.613220,0.245651,0.750717,-0.522925,0.000000,0.000000,0.000000,1.000000,0.11441667033580945,49.69893242641134
1782485609.421535,0.724609,-0.203368,0.658438,0.500723,0.314418,0.947785,-0.053291,0.222009,-0.613220,0.245651,0.750717,-0.522925,0.000000,0.000000,0.000000,1.000000,0.11441667033580945,49.69893242641134
1782485609.457266,0.724609,-0.203368,0.658438,0.500723,0.314418,0.947785,-0.053291,0.222009,-0.613220,0.245651,0.750717,-0.522925,0.000000,0.000000,0.000000,1.000000,0.11441667033580945,49.69893242641134
1782485609.493059,0.724609,-0.203368,0.658438,0.500723,0.314418,0.947785,-0.053291,0.222009,-0.613220,0.245651,0.750717,-0.522925,0.000000,0.000000,0.000000,1.000000,0.11441667033580945,49.69893242641134
1782485609.528640,0.724609,-0.203368,0.658438,0.500723,0.314418,0.947785,-0.053291,0.222009,-0.613220,0.245651,0.750717,-0.522925,0.000000,0.000000,0.000000,1.000000,0.11441667033580945,49.69893242641134
1782485609.564234,0.724609,-0.203368,0.658438,0.500723,0.314418,0.947785,-0.053291,0.222009,-0.613220,0.245651,0.750717,-0.522925,0.000000,0.000000,0.000000,1.000000,0.11441667033580945,49.69893242641134
1782485609.600178,0.724609,-0.203368,0.658438,0.500723,0.314418,0.947785,-0.053291,0.222009,-0.613220,0.245651,0.750717,-0.522925,0.000000,0.000000,0.000000,1.000000,0.11441667033580945,49.69893242641134
1782485609.635820,0.724609,-0.203368,0.658438,0.500723,0.314418,0.947785,-0.053291,0.222009,-0.613220,0.245651,0.750717,-0.522925,0.000000,0.000000,0.000000,1.000000,0.11441667033580945,49.69893242641134
1782485609.671160,0.724609,-0.203368,0.658438,0.500723,0.314418,0.947785,-0.053291,0.222009,-0.613220,0.245651,0.750717,-0.522925,0.000000,0.000000,0.000000,1.000000,0.11441667033580945,49.69893242641134
1782485609.705857,0.724609,-0.203368,0.658438,0.500723,0.314418,0.947785,-0.053291,0.222009,-0.613220,0.245651,0.750717,-0.522925,0.000000,0.000000,0.000000,1.000000,0.11441667033580945,49.69893242641134
1782485609.741588,0.724609,-0.203368,0.658438,0.500723,0.314418,0.947785,-0.053291,0.222009,-0.613220,0.245651,0.750717,-0.522925,0.000000,0.000000,0.000000,1.000000,0.11441667033580945,49.69893242641134
1782485609.777335,0.724609,-0.203368,0.658438,0.500723,0.314418,0.947785,-0.053291,0.222009,-0.613220,0.245651,0.750717,-0.522925,0.000000,0.000000,0.000000,1.000000,0.11441667033580945,49.69893242641134
1782485609.813023,0.724609,-0.203368,0.658438,0.500723,0.314418,0.947785,-0.053291,0.222009,-0.613220,0.245651,0.750717,-0.522925,0.000000,0.000000,0.000000,1.000000,0.11441667033580945,49.69893242641134
1782485609.848736,0.724609,-0.203368,0.658438,0.500723,0.314418,0.947785,-0.053291,0.222009,-0.613220,0.245651,0.750717,-0.522925,0.000000,0.000000,0.000000,1.000000,0.11441667033580945,49.69893242641134
1782485609.884255,0.724609,-0.203368,0.658438,0.500723,0.314418,0.947785,-0.053291,0.222009,-0.613220,0.245651,0.750717,-0.522925,0.000000,0.000000,0.000000,1.000000,0.11441667033580945,49.69893242641134
1782485609.919593,0.724609,-0.203368,0.658438,0.500723,0.314418,0.947785,-0.053291,0.222009,-0.613220,0.245651,0.750717,-0.522925,0.000000,0.000000,0.000000,1.000000,0.11441667033580945,49.69893242641134
1782485609.955056,0.724609,-0.203368,0.658438,0.500723,0.314418,0.947785,-0.053291,0.222009,-0.613220,0.245651,0.750717,-0.522925,0.000000,0.000000,0.000000,1.000000,0.11441667033580945,49.69893242641134
1782485609.990127,0.724609,-0.203368,0.658438,0.500723,0.314418,0.947785,-0.053291,0.222009,-0.613220,0.245651,0.750717,-0.522925,0.000000,0.000000,0.000000,1.000000,0.11441667033580945,49.69893242641134
1782485610.025409,0.724609,-0.203368,0.658438,0.500723,0.314418,0.947785,-0.053291,0.222009,-0.613220,0.245651,0.750717,-0.522925,0.000000,0.000000,0.000000,1.000000,0.11441667033580945,49.69893242641134
1782485610.061000,0.724609,-0.203368,0.658438,0.500723,0.314418,0.947785,-0.053291,0.222009,-0.613220,0.245651,0.750717,-0.522925,0.000000,0.000000,0.000000,1.000000,0.11441667033580945,49.69893242641134
1782485610.096993,0.724609,-0.203368,0.658438,0.500723,0.314418,0.947785,-0.053291,0.222009,-0.613220,0.245651,0.750717,-0.522925,0.000000,0.000000,0.000000,1.000000,0.11441667033580945,49.69893242641134
1782485610.132825,0.724609,-0.203368,0.658438,0.500723,0.314418,0.947785,-0.053291,0.222009,-0.613220,0.245651,0.750717,-0.522925,0.000000,0.000000,0.000000,1.000000,0.11441667033580945,49.69893242641134
1782485610.168425,0.724609,-0.203368,0.658438,0.500723,0.314418,0.947785,-0.053291,0.222009,-0.613220,0.245651,0.750717,-0.522925,0.000000,0.000000,0.000000,1.000000,0.11441667033580945,49.69893242641134
1782485610.204339,0.724609,-0.203368,0.658438,0.500723,0.314418,0.947785,-0.053291,0.222009,-0.613220,0.245651,0.750717,-0.522925,0.000000,0.000000,0.000000,1.000000,0.11441667033580945,49.69893242641134
1782485610.240344,0.724609,-0.203368,0.658438,0.500723,0.314418,0.947785,-0.053291,0.222009,-0.613220,0.245651,0.750717,-0.522925,0.000000,0.000000,0.000000,1.000000,0.11441667033580945,49.69893242641134
1782485610.275876,0.724609,-0.203368,0.658438,0.500723,0.314418,0.947785,-0.053291,0.222009,-0.613220,0.245651,0.750717,-0.522925,0.000000,0.000000,0.000000,1.000000,0.11441667033580945,49.69893242641134
1782485610.310491,0.724609,-0.203368,0.658438,0.500723,0.314418,0.947785,-0.053291,0.222009,-0.613220,0.245651,0.750717,-0.522925,0.000000,0.000000,0.000000,1.000000,0.11441667033580945,49.69893242641134
1782485610.346057,0.724609,-0.203368,0.658438,0.500723,0.314418,0.947785,-0.053291,0.222009,-0.613220,0.245651,0.750717,-0.522925,0.000000,0.000000,0.000000,1.000000,0.11441667033580945,49.69893242641134
1782485610.382059,0.724609,-0.203368,0.658438,0.500723,0.314418,0.947785,-0.053291,0.222009,-0.613220,0.245651,0.750717,-0.522925,0.000000,0.000000,0.000000,1.000000,0.11441667033580945,49.69893242641134
1782485610.417624,0.724609,-0.203368,0.658438,0.500723,0.314418,0.947785,-0.053291,0.222009,-0.613220,0.245651,0.750717,-0.522925,0.000000,0.000000,0.000000,1.000000,0.11441667033580945,49.69893242641134
1782485610.453582,0.724609,-0.203368,0.658438,0.500723,0.314418,0.947785,-0.053291,0.222009,-0.613220,0.245651,0.750717,-0.522925,0.000000,0.000000,0.000000,1.000000,0.11441667033580945,49.69893242641134
1782485610.489155,0.724609,-0.203368,0.658438,0.500723,0.314418,0.947785,-0.053291,0.222009,-0.613220,0.245651,0.750717,-0.522925,0.000000,0.000000,0.000000,1.000000,0.11441667033580945,49.69893242641134
1782485610.524724,0.724609,-0.203368,0.658438,0.500723,0.314418,0.947785,-0.053291,0.222009,-0.613220,0.245651,0.750717,-0.522925,0.000000,0.000000,0.000000,1.000000,0.11441667033580945,49.69893242641134
1782485610.560303,0.724609,-0.203368,0.658438,0.500723,0.314418,0.947785,-0.053291,0.222009,-0.613220,0.245651,0.750717,-0.522925,0.000000,0.000000,0.000000,1.000000,0.11441667033580945,49.69893242641134
1782485610.596023,0.724609,-0.203368,0.658438,0.500723,0.314418,0.947785,-0.053291,0.222009,-0.613220,0.245651,0.750717,-0.522925,0.000000,0.000000,0.000000,1.000000,0.11441667033580945,49.69893242641134
1782485610.631746,0.724609,-0.203368,0.658438,0.500723,0.314418,0.947785,-0.053291,0.222009,-0.613220,0.245651,0.750717,-0.522925,0.000000,0.000000,0.000000,1.000000,0.11441667033580945,49.69893242641134
1782485610.667541,0.724609,-0.203368,0.658438,0.500723,0.314418,0.947785,-0.053291,0.222009,-0.613220,0.245651,0.750717,-0.522925,0.000000,0.000000,0.000000,1.000000,0.11441667033580945,49.69893242641134
1782485610.703326,0.724609,-0.203368,0.658438,0.500723,0.314418,0.947785,-0.053291,0.222009,-0.613220,0.245651,0.750717,-0.522925,0.000000,0.000000,0.000000,1.000000,0.11441667033580945,49.69893242641134
1782485610.739380,0.724609,-0.203368,0.658438,0.500723,0.314418,0.947785,-0.053291,0.222009,-0.613220,0.245651,0.750717,-0.522925,0.000000,0.000000,0.000000,1.000000,0.11441667033580945,49.69893242641134
1782485610.775105,0.724609,-0.203368,0.658438,0.500723,0.314418,0.947785,-0.053291,0.222009,-0.613220,0.245651,0.750717,-0.522925,0.000000,0.000000,0.000000,1.000000,0.11441667033580945,49.69893242641134
1782485610.810779,0.724609,-0.203368,0.658438,0.500723,0.314418,0.947785,-0.053291,0.222009,-0.613220,0.245651,0.750717,-0.522925,0.000000,0.000000,0.000000,1.000000,0.11441667033580945,49.69893242641134
1782485610.846613,0.724609,-0.203368,0.658438,0.500723,0.314418,0.947785,-0.053291,0.222009,-0.613220,0.245651,0.750717,-0.522925,0.000000,0.000000,0.000000,1.000000,0.11441667033580945,49.69893242641134
1782485610.882073,0.724609,-0.203368,0.658438,0.500723,0.314418,0.947785,-0.053291,0.222009,-0.613220,0.245651,0.750717,-0.522925,0.000000,0.000000,0.000000,1.000000,0.11441667033580945,49.69893242641134
1782485610.917511,0.724609,-0.203368,0.658438,0.500723,0.314418,0.947785,-0.053291,0.222009,-0.613220,0.245651,0.750717,-0.522925,0.000000,0.000000,0.000000,1.000000,0.11441667033580945,49.69893242641134
1782485610.953293,0.724609,-0.203368,0.658438,0.500723,0.314418,0.947785,-0.053291,0.222009,-0.613220,0.245651,0.750717,-0.522925,0.000000,0.000000,0.000000,1.000000,0.11441667033580945,49.69893242641134
1782485610.989152,0.724609,-0.203368,0.658438,0.500723,0.314418,0.947785,-0.053291,0.222009,-0.613220,0.245651,0.750717,-0.522925,0.000000,0.000000,0.000000,1.000000,0.11441667033580945,49.69893242641134
1782485611.024775,0.724609,-0.203368,0.658438,0.500723,0.314418,0.947785,-0.053291,0.222009,-0.613220,0.245651,0.750717,-0.522925,0.000000,0.000000,0.000000,1.000000,0.11441667033580945,49.69893242641134
1782485611.060351,0.724609,-0.203368,0.658438,0.500723,0.314418,0.947785,-0.053291,0.222009,-0.613220,0.245651,0.750717,-0.522925,0.000000,0.000000,0.000000,1.000000,0.11441667033580945,49.69893242641134
1782485611.095305,0.724609,-0.203368,0.658438,0.500723,0.314418,0.947785,-0.053291,0.222009,-0.613220,0.245651,0.750717,-0.522925,0.000000,0.000000,0.000000,1.000000,0.11441667033580945,49.69893242641134
1782485611.131090,0.724609,-0.203368,0.658438,0.500723,0.314418,0.947785,-0.053291,0.222009,-0.613220,0.245651,0.750717,-0.522925,0.000000,0.000000,0.000000,1.000000,0.11441667033580945,49.69893242641134
1782485611.166774,0.724609,-0.203368,0.658438,0.500723,0.314418,0.947785,-0.053291,0.222009,-0.613220,0.245651,0.750717,-0.522925,0.000000,0.000000,0.000000,1.000000,0.11441667033580945,49.69893242641134
1782485611.201882,0.724609,-0.203368,0.658438,0.500723,0.314418,0.947785,-0.053291,0.222009,-0.613220,0.245651,0.750717,-0.522925,0.000000,0.000000,0.000000,1.000000,0.11441667033580945,49.69893242641134
1782485611.237955,0.724609,-0.203368,0.658438,0.500723,0.314418,0.947785,-0.053291,0.222009,-0.613220,0.245651,0.750717,-0.522925,0.000000,0.000000,0.000000,1.000000,0.11441667033580945,49.69893242641134
1782485611.273498,0.724609,-0.203368,0.658438,0.500723,0.314418,0.947785,-0.053291,0.222009,-0.613220,0.245651,0.750717,-0.522925,0.000000,0.000000,0.000000,1.000000,0.11441667033580945,49.69893242641134
1782485611.308845,0.724609,-0.203368,0.658438,0.500723,0.314418,0.947785,-0.053291,0.222009,-0.613220,0.245651,0.750717,-0.522925,0.000000,0.000000,0.000000,1.000000,0.11441667033580945,49.69893242641134
1782485611.343338,0.724609,-0.203368,0.658438,0.500723,0.314418,0.947785,-0.053291,0.222009,-0.613220,0.245651,0.750717,-0.522925,0.000000,0.000000,0.000000,1.000000,0.11441667033580945,49.69893242641134
1782485611.379000,0.724609,-0.203368,0.658438,0.500723,0.314418,0.947785,-0.053291,0.222009,-0.613220,0.245651,0.750717,-0.522925,0.000000,0.000000,0.000000,1.000000,0.11441667033580945,49.69893242641134
1782485611.414739,0.724609,-0.203368,0.658438,0.500723,0.314418,0.947785,-0.053291,0.222009,-0.613220,0.245651,0.750717,-0.522925,0.000000,0.000000,0.000000,1.000000,0.11441667033580945,49.69893242641134
1782485611.450468,0.724609,-0.203368,0.658438,0.500723,0.314418,0.947785,-0.053291,0.222009,-0.613220,0.245651,0.750717,-0.522925,0.000000,0.000000,0.000000,1.000000,0.11441667033580945,49.69893242641134
1782485611.486090,0.724609,-0.203368,0.658438,0.500723,0.314418,0.947785,-0.053291,0.222009,-0.613220,0.245651,0.750717,-0.522925,0.000000,0.000000,0.000000,1.000000,0.11441667033580945,49.69893242641134
1782485611.522131,0.724609,-0.203368,0.658438,0.500723,0.314418,0.947785,-0.053291,0.222009,-0.613220,0.245651,0.750717,-0.522925,0.000000,0.000000,0.000000,1.000000,0.11441667033580945,49.69893242641134
1782485611.556708,0.724609,-0.203368,0.658438,0.500723,0.314418,0.947785,-0.053291,0.222009,-0.613220,0.245651,0.750717,-0.522925,0.000000,0.000000,0.000000,1.000000,0.11441667033580945,49.69893242641134
1782485611.592224,0.724609,-0.203368,0.658438,0.500723,0.314418,0.947785,-0.053291,0.222009,-0.613220,0.245651,0.750717,-0.522925,0.000000,0.000000,0.000000,1.000000,0.11441667033580945,49.69893242641134
1782485611.627746,0.724609,-0.203368,0.658438,0.500723,0.314418,0.947785,-0.053291,0.222009,-0.613220,0.245651,0.750717,-0.522925,0.000000,0.000000,0.000000,1.000000,0.11441667033580945,49.69893242641134
1782485611.663321,0.724609,-0.203368,0.658438,0.500723,0.314418,0.947785,-0.053291,0.222009,-0.613220,0.245651,0.750717,-0.522925,0.000000,0.000000,0.000000,1.000000,0.11441667033580945,49.69893242641134
1782485611.698940,0.724609,-0.203368,0.658438,0.500723,0.314418,0.947785,-0.053291,0.222009,-0.613220,0.245651,0.750717,-0.522925,0.000000,0.000000,0.000000,1.000000,0.11441667033580945,49.69893242641134
1782485611.734063,0.724609,-0.203368,0.658438,0.500723,0.314418,0.947785,-0.053291,0.222009,-0.613220,0.245651,0.750717,-0.522925,0.000000,0.000000,0.000000,1.000000,0.11441667033580945,49.69893242641134
1782485611.770282,0.724609,-0.203368,0.658438,0.500723,0.314418,0.947785,-0.053291,0.222009,-0.613220,0.245651,0.750717,-0.522925,0.000000,0.000000,0.000000,1.000000,0.11441667033580945,49.69893242641134
1782485611.806556,0.724609,-0.203368,0.658438,0.500723,0.314418,0.947785,-0.053291,0.222009,-0.613220,0.245651,0.750717,-0.522925,0.000000,0.000000,0.000000,1.000000,0.11441667033580945,49.69893242641134
1782485611.842436,0.724609,-0.203368,0.658438,0.500723,0.314418,0.947785,-0.053291,0.222009,-0.613220,0.245651,0.750717,-0.522925,0.000000,0.000000,0.000000,1.000000,0.11441667033580945,49.69893242641134
1782485611.878167,0.724609,-0.203368,0.658438,0.500723,0.314418,0.947785,-0.053291,0.222009,-0.613220,0.245651,0.750717,-0.522925,0.000000,0.000000,0.000000,1.000000,0.11441667033580945,49.69893242641134
1782485611.913981,0.724609,-0.203368,0.658438,0.500723,0.314418,0.947785,-0.053291,0.222009,-0.613220,0.245651,0.750717,-0.522925,0.000000,0.000000,0.000000,1.000000,0.11441667033580945,49.69893242641134
1782485611.949954,0.724609,-0.203368,0.658438,0.500723,0.314418,0.947785,-0.053291,0.222009,-0.613220,0.245651,0.750717,-0.522925,0.000000,0.000000,0.000000,1.000000,0.11441667033580945,49.69893242641134
1782485611.985947,0.724609,-0.203368,0.658438,0.500723,0.314418,0.947785,-0.053291,0.222009,-0.613220,0.245651,0.750717,-0.522925,0.000000,0.000000,0.000000,1.000000,0.11441667033580945,49.69893242641134
1782485612.021358,0.724609,-0.203368,0.658438,0.500723,0.314418,0.947785,-0.053291,0.222009,-0.613220,0.245651,0.750717,-0.522925,0.000000,0.000000,0.000000,1.000000,0.11441667033580945,49.69893242641134
1782485612.056968,0.724609,-0.203368,0.658438,0.500723,0.314418,0.947785,-0.053291,0.222009,-0.613220,0.245651,0.750717,-0.522925,0.000000,0.000000,0.000000,1.000000,0.11441667033580945,49.69893242641134
1782485612.092819,0.724609,-0.203368,0.658438,0.500723,0.314418,0.947785,-0.053291,0.222009,-0.613220,0.245651,0.750717,-0.522925,0.000000,0.000000,0.000000,1.000000,0.11441667033580945,49.69893242641134
1782485612.128529,0.724609,-0.203368,0.658438,0.500723,0.314418,0.947785,-0.053291,0.222009,-0.613220,0.245651,0.750717,-0.522925,0.000000,0.000000,0.000000,1.000000,0.11441667033580945,49.69893242641134
1782485612.164230,0.724609,-0.203368,0.658438,0.500723,0.314418,0.947785,-0.053291,0.222009,-0.613220,0.245651,0.750717,-0.522925,0.000000,0.000000,0.000000,1.000000,0.11441667033580945,49.69893242641134
1782485612.199916,0.724609,-0.203368,0.658438,0.500723,0.314418,0.947785,-0.053291,0.222009,-0.613220,0.245651,0.750717,-0.522925,0.000000,0.000000,0.000000,1.000000,0.11441667033580945,49.69893242641134
1782485612.235427,0.724609,-0.203368,0.658438,0.500723,0.314418,0.947785,-0.053291,0.222009,-0.613220,0.245651,0.750717,-0.522925,0.000000,0.000000,0.000000,1.000000,0.11441667033580945,49.69893242641134
1782485612.270813,0.724609,-0.203368,0.658438,0.500723,0.314418,0.947785,-0.053291,0.222009,-0.613220,0.245651,0.750717,-0.522925,0.000000,0.000000,0.000000,1.000000,0.11441667033580945,49.69893242641134
1782485612.306454,0.724609,-0.203368,0.658438,0.500723,0.314418,0.947785,-0.053291,0.222009,-0.613220,0.245651,0.750717,-0.522925,0.000000,0.000000,0.000000,1.000000,0.11441667033580945,49.69893242641134
1782485612.342097,0.724609,-0.203368,0.658438,0.500723,0.314418,0.947785,-0.053291,0.222009,-0.613220,0.245651,0.750717,-0.522925,0.000000,0.000000,0.000000,1.000000,0.11441667033580945,49.69893242641134
1782485612.377671,0.724609,-0.203368,0.658438,0.500723,0.314418,0.947785,-0.053291,0.222009,-0.613220,0.245651,0.750717,-0.522925,0.000000,0.000000,0.000000,1.000000,0.11441667033580945,49.69893242641134
1782485612.413160,0.724609,-0.203368,0.658438,0.500723,0.314418,0.947785,-0.053291,0.222009,-0.613220,0.245651,0.750717,-0.522925,0.000000,0.000000,0.000000,1.000000,0.11441667033580945,49.69893242641134
1782485612.448588,0.724609,-0.203368,0.658438,0.500723,0.314418,0.947785,-0.053291,0.222009,-0.613220,0.245651,0.750717,-0.522925,0.000000,0.000000,0.000000,1.000000,0.11441667033580945,49.69893242641134
1782485612.484071,0.724609,-0.203368,0.658438,0.500723,0.314418,0.947785,-0.053291,0.222009,-0.613220,0.245651,0.750717,-0.522925,0.000000,0.000000,0.000000,1.000000,0.11441667033580945,49.69893242641134
1782485612.519497,0.724609,-0.203368,0.658438,0.500723,0.314418,0.947785,-0.053291,0.222009,-0.613220,0.245651,0.750717,-0.522925,0.000000,0.000000,0.000000,1.000000,0.11441667033580945,49.69893242641134
1782485612.554587,0.724609,-0.203368,0.658438,0.500723,0.314418,0.947785,-0.053291,0.222009,-0.613220,0.245651,0.750717,-0.522925,0.000000,0.000000,0.000000,1.000000,0.11441667033580945,49.69893242641134
1782485612.589942,0.724609,-0.203368,0.658438,0.500723,0.314418,0.947785,-0.053291,0.222009,-0.613220,0.245651,0.750717,-0.522925,0.000000,0.000000,0.000000,1.000000,0.11441667033580945,49.69893242641134
1782485612.625686,0.724609,-0.203368,0.658438,0.500723,0.314418,0.947785,-0.053291,0.222009,-0.613220,0.245651,0.750717,-0.522925,0.000000,0.000000,0.000000,1.000000,0.11441667033580945,49.69893242641134
1782485612.661387,0.724609,-0.203368,0.658438,0.500723,0.314418,0.947785,-0.053291,0.222009,-0.613220,0.245651,0.750717,-0.522925,0.000000,0.000000,0.000000,1.000000,0.11441667033580945,49.69893242641134
1782485612.696760,0.724609,-0.203368,0.658438,0.500723,0.314418,0.947785,-0.053291,0.222009,-0.613220,0.245651,0.750717,-0.522925,0.000000,0.000000,0.000000,1.000000,0.11441667033580945,49.69893242641134
1782485612.732261,0.724609,-0.203368,0.658438,0.500723,0.314418,0.947785,-0.053291,0.222009,-0.613220,0.245651,0.750717,-0.522925,0.000000,0.000000,0.000000,1.000000,0.11441667033580945,49.69893242641134
1782485612.767950,0.724609,-0.203368,0.658438,0.500723,0.314418,0.947785,-0.053291,0.222009,-0.613220,0.245651,0.750717,-0.522925,0.000000,0.000000,0.000000,1.000000,0.11441667033580945,49.69893242641134
1782485612.803601,0.724609,-0.203368,0.658438,0.500723,0.314418,0.947785,-0.053291,0.222009,-0.613220,0.245651,0.750717,-0.522925,0.000000,0.000000,0.000000,1.000000,0.11441667033580945,49.69893242641134
1782485612.839384,0.724609,-0.203368,0.658438,0.500723,0.314418,0.947785,-0.053291,0.222009,-0.613220,0.245651,0.750717,-0.522925,0.000000,0.000000,0.000000,1.000000,0.11441667033580945,49.69893242641134
1782485612.875154,0.724609,-0.203368,0.658438,0.500723,0.314418,0.947785,-0.053291,0.222009,-0.613220,0.245651,0.750717,-0.522925,0.000000,0.000000,0.000000,1.000000,0.11441667033580945,49.69893242641134
1782485612.910622,0.724609,-0.203368,0.658438,0.500723,0.314418,0.947785,-0.053291,0.222009,-0.613220,0.245651,0.750717,-0.522925,0.000000,0.000000,0.000000,1.000000,0.11441667033580945,49.69893242641134
1782485612.946288,0.724609,-0.203368,0.658438,0.500723,0.314418,0.947785,-0.053291,0.222009,-0.613220,0.245651,0.750717,-0.522925,0.000000,0.000000,0.000000,1.000000,0.11441667033580945,49.69893242641134
1782485612.980992,0.724609,-0.203368,0.658438,0.500723,0.314418,0.947785,-0.053291,0.222009,-0.613220,0.245651,0.750717,-0.522925,0.000000,0.000000,0.000000,1.000000,0.11441667033580945,49.69893242641134
1782485613.016553,0.724609,-0.203368,0.658438,0.500723,0.314418,0.947785,-0.053291,0.222009,-0.613220,0.245651,0.750717,-0.522925,0.000000,0.000000,0.000000,1.000000,0.11441667033580945,49.69893242641134
1782485613.051807,0.724609,-0.203368,0.658438,0.500723,0.314418,0.947785,-0.053291,0.222009,-0.613220,0.245651,0.750717,-0.522925,0.000000,0.000000,0.000000,1.000000,0.11441667033580945,49.69893242641134
1782485613.087455,0.724609,-0.203368,0.658438,0.500723,0.314418,0.947785,-0.053291,0.222009,-0.613220,0.245651,0.750717,-0.522925,0.000000,0.000000,0.000000,1.000000,0.11441667033580945,49.69893242641134
1782485613.123142,0.724609,-0.203368,0.658438,0.500723,0.314418,0.947785,-0.053291,0.222009,-0.613220,0.245651,0.750717,-0.522925,0.000000,0.000000,0.000000,1.000000,0.11441667033580945,49.69893242641134
1782485613.159016,0.724609,-0.203368,0.658438,0.500723,0.314418,0.947785,-0.053291,0.222009,-0.613220,0.245651,0.750717,-0.522925,0.000000,0.000000,0.000000,1.000000,0.11441667033580945,49.69893242641134
1782485613.194714,0.724609,-0.203368,0.658438,0.500723,0.314418,0.947785,-0.053291,0.222009,-0.613220,0.245651,0.750717,-0.522925,0.000000,0.000000,0.000000,1.000000,0.11441667033580945,49.69893242641134
1782485613.229324,0.724609,-0.203368,0.658438,0.500723,0.314418,0.947785,-0.053291,0.222009,-0.613220,0.245651,0.750717,-0.522925,0.000000,0.000000,0.000000,1.000000,0.11441667033580945,49.69893242641134
1782485613.264389,0.724609,-0.203368,0.658438,0.500723,0.314418,0.947785,-0.053291,0.222009,-0.613220,0.245651,0.750717,-0.522925,0.000000,0.000000,0.000000,1.000000,0.11441667033580945,49.69893242641134
1782485613.299657,0.724609,-0.203368,0.658438,0.500723,0.314418,0.947785,-0.053291,0.222009,-0.613220,0.245651,0.750717,-0.522925,0.000000,0.000000,0.000000,1.000000,0.11441667033580945,49.69893242641134
1782485613.335357,0.724609,-0.203368,0.658438,0.500723,0.314418,0.947785,-0.053291,0.222009,-0.613220,0.245651,0.750717,-0.522925,0.000000,0.000000,0.000000,1.000000,0.11441667033580945,49.69893242641134
1782485613.370863,0.724609,-0.203368,0.658438,0.500723,0.314418,0.947785,-0.053291,0.222009,-0.613220,0.245651,0.750717,-0.522925,0.000000,0.000000,0.000000,1.000000,0.11441667033580945,49.69893242641134
1782485613.406492,0.724609,-0.203368,0.658438,0.500723,0.314418,0.947785,-0.053291,0.222009,-0.613220,0.245651,0.750717,-0.522925,0.000000,0.000000,0.000000,1.000000,0.11441667033580945,49.69893242641134
1782485613.442134,0.724609,-0.203368,0.658438,0.500723,0.314418,0.947785,-0.053291,0.222009,-0.613220,0.245651,0.750717,-0.522925,0.000000,0.000000,0.000000,1.000000,0.11441667033580945,49.69893242641134
1782485613.477203,0.724609,-0.203368,0.658438,0.500723,0.314418,0.947785,-0.053291,0.222009,-0.613220,0.245651,0.750717,-0.522925,0.000000,0.000000,0.000000,1.000000,0.11441667033580945,49.69893242641134
1782485613.512813,0.724609,-0.203368,0.658438,0.500723,0.314418,0.947785,-0.053291,0.222009,-0.613220,0.245651,0.750717,-0.522925,0.000000,0.000000,0.000000,1.000000,0.11441667033580945,49.69893242641134
1782485613.548422,0.724609,-0.203368,0.658438,0.500723,0.314418,0.947785,-0.053291,0.222009,-0.613220,0.245651,0.750717,-0.522925,0.000000,0.000000,0.000000,1.000000,0.11441667033580945,49.69893242641134
1782485613.583995,0.724609,-0.203368,0.658438,0.500723,0.314418,0.947785,-0.053291,0.222009,-0.613220,0.245651,0.750717,-0.522925,0.000000,0.000000,0.000000,1.000000,0.11441667033580945,49.69893242641134
1782485613.619556,0.724609,-0.203368,0.658438,0.500723,0.314418,0.947785,-0.053291,0.222009,-0.613220,0.245651,0.750717,-0.522925,0.000000,0.000000,0.000000,1.000000,0.11441667033580945,49.69893242641134
1782485613.655294,0.724609,-0.203368,0.658438,0.500723,0.314418,0.947785,-0.053291,0.222009,-0.613220,0.245651,0.750717,-0.522925,0.000000,0.000000,0.000000,1.000000,0.11441667033580945,49.69893242641134
1782485613.689791,0.724609,-0.203368,0.658438,0.500723,0.314418,0.947785,-0.053291,0.222009,-0.613220,0.245651,0.750717,-0.522925,0.000000,0.000000,0.000000,1.000000,0.11441667033580945,49.69893242641134
1782485613.725464,0.724609,-0.203368,0.658438,0.500723,0.314418,0.947785,-0.053291,0.222009,-0.613220,0.245651,0.750717,-0.522925,0.000000,0.000000,0.000000,1.000000,0.11441667033580945,49.69893242641134
1782485613.760760,0.724609,-0.203368,0.658438,0.500723,0.314418,0.947785,-0.053291,0.222009,-0.613220,0.245651,0.750717,-0.522925,0.000000,0.000000,0.000000,1.000000,0.11441667033580945,49.69893242641134
1782485613.796497,0.724609,-0.203368,0.658438,0.500723,0.314418,0.947785,-0.053291,0.222009,-0.613220,0.245651,0.750717,-0.522925,0.000000,0.000000,0.000000,1.000000,0.11441667033580945,49.69893242641134
1782485613.832736,0.724609,-0.203368,0.658438,0.500723,0.314418,0.947785,-0.053291,0.222009,-0.613220,0.245651,0.750717,-0.522925,0.000000,0.000000,0.000000,1.000000,0.11441667033580945,49.69893242641134
1782485613.868581,0.724609,-0.203368,0.658438,0.500723,0.314418,0.947785,-0.053291,0.222009,-0.613220,0.245651,0.750717,-0.522925,0.000000,0.000000,0.000000,1.000000,0.11441667033580945,49.69893242641134
1782485613.904079,0.724609,-0.203368,0.658438,0.500723,0.314418,0.947785,-0.053291,0.222009,-0.613220,0.245651,0.750717,-0.522925,0.000000,0.000000,0.000000,1.000000,0.11441667033580945,49.69893242641134
1782485613.939215,0.724609,-0.203368,0.658438,0.500723,0.314418,0.947785,-0.053291,0.222009,-0.613220,0.245651,0.750717,-0.522925,0.000000,0.000000,0.000000,1.000000,0.11441667033580945,49.69893242641134
1782485613.974750,0.724609,-0.203368,0.658438,0.500723,0.314418,0.947785,-0.053291,0.222009,-0.613220,0.245651,0.750717,-0.522925,0.000000,0.000000,0.000000,1.000000,0.11441667033580945,49.69893242641134
1782485614.010242,0.724609,-0.203368,0.658438,0.500723,0.314418,0.947785,-0.053291,0.222009,-0.613220,0.245651,0.750717,-0.522925,0.000000,0.000000,0.000000,1.000000,0.11441667033580945,49.69893242641134
1782485614.045539,0.724609,-0.203368,0.658438,0.500723,0.314418,0.947785,-0.053291,0.222009,-0.613220,0.245651,0.750717,-0.522925,0.000000,0.000000,0.000000,1.000000,0.11441667033580945,49.69893242641134
1782485614.081248,0.724609,-0.203368,0.658438,0.500723,0.314418,0.947785,-0.053291,0.222009,-0.613220,0.245651,0.750717,-0.522925,0.000000,0.000000,0.000000,1.000000,0.11441667033580945,49.69893242641134
1782485614.116915,0.724609,-0.203368,0.658438,0.500723,0.314418,0.947785,-0.053291,0.222009,-0.613220,0.245651,0.750717,-0.522925,0.000000,0.000000,0.000000,1.000000,0.11441667033580945,49.69893242641134
1782485614.152585,0.724609,-0.203368,0.658438,0.500723,0.314418,0.947785,-0.053291,0.222009,-0.613220,0.245651,0.750717,-0.522925,0.000000,0.000000,0.000000,1.000000,0.11441667033580945,49.69893242641134
1782485614.187565,0.724609,-0.203368,0.658438,0.500723,0.314418,0.947785,-0.053291,0.222009,-0.613220,0.245651,0.750717,-0.522925,0.000000,0.000000,0.000000,1.000000,0.11441667033580945,49.69893242641134
1782485614.223032,0.724609,-0.203368,0.658438,0.500723,0.314418,0.947785,-0.053291,0.222009,-0.613220,0.245651,0.750717,-0.522925,0.000000,0.000000,0.000000,1.000000,0.11441667033580945,49.69893242641134
1782485614.258644,0.724609,-0.203368,0.658438,0.500723,0.314418,0.947785,-0.053291,0.222009,-0.613220,0.245651,0.750717,-0.522925,0.000000,0.000000,0.000000,1.000000,0.11441667033580945,49.69893242641134
1782485614.293205,0.724609,-0.203368,0.658438,0.500723,0.314418,0.947785,-0.053291,0.222009,-0.613220,0.245651,0.750717,-0.522925,0.000000,0.000000,0.000000,1.000000,0.11441667033580945,49.69893242641134
1782485614.327652,0.724609,-0.203368,0.658438,0.500723,0.314418,0.947785,-0.053291,0.222009,-0.613220,0.245651,0.750717,-0.522925,0.000000,0.000000,0.000000,1.000000,0.11441667033580945,49.69893242641134
1782485614.362848,0.724609,-0.203368,0.658438,0.500723,0.314418,0.947785,-0.053291,0.222009,-0.613220,0.245651,0.750717,-0.522925,0.000000,0.000000,0.000000,1.000000,0.11441667033580945,49.69893242641134
1782485614.397541,0.724609,-0.203368,0.658438,0.500723,0.314418,0.947785,-0.053291,0.222009,-0.613220,0.245651,0.750717,-0.522925,0.000000,0.000000,0.000000,1.000000,0.11441667033580945,49.69893242641134
1782485614.433323,0.724609,-0.203368,0.658438,0.500723,0.314418,0.947785,-0.053291,0.222009,-0.613220,0.245651,0.750717,-0.522925,0.000000,0.000000,0.000000,1.000000,0.11441667033580945,49.69893242641134
1782485614.468994,0.724609,-0.203368,0.658438,0.500723,0.314418,0.947785,-0.053291,0.222009,-0.613220,0.245651,0.750717,-0.522925,0.000000,0.000000,0.000000,1.000000,0.11441667033580945,49.69893242641134
1782485614.504597,0.724609,-0.203368,0.658438,0.500723,0.314418,0.947785,-0.053291,0.222009,-0.613220,0.245651,0.750717,-0.522925,0.000000,0.000000,0.000000,1.000000,0.11441667033580945,49.69893242641134
1782485614.540377,0.724609,-0.203368,0.658438,0.500723,0.314418,0.947785,-0.053291,0.222009,-0.613220,0.245651,0.750717,-0.522925,0.000000,0.000000,0.000000,1.000000,0.11441667033580945,49.69893242641134
1782485614.575996,0.724609,-0.203368,0.658438,0.500723,0.314418,0.947785,-0.053291,0.222009,-0.613220,0.245651,0.750717,-0.522925,0.000000,0.000000,0.000000,1.000000,0.11441667033580945,49.69893242641134
1782485614.611287,0.724609,-0.203368,0.658438,0.500723,0.314418,0.947785,-0.053291,0.222009,-0.613220,0.245651,0.750717,-0.522925,0.000000,0.000000,0.000000,1.000000,0.11441667033580945,49.69893242641134
1782485614.646233,0.724609,-0.203368,0.658438,0.500723,0.314418,0.947785,-0.053291,0.222009,-0.613220,0.245651,0.750717,-0.522925,0.000000,0.000000,0.000000,1.000000,0.11441667033580945,49.69893242641134
1782485614.681644,0.724609,-0.203368,0.658438,0.500723,0.314418,0.947785,-0.053291,0.222009,-0.613220,0.245651,0.750717,-0.522925,0.000000,0.000000,0.000000,1.000000,0.11441667033580945,49.69893242641134
1782485614.717238,0.724609,-0.203368,0.658438,0.500723,0.314418,0.947785,-0.053291,0.222009,-0.613220,0.245651,0.750717,-0.522925,0.000000,0.000000,0.000000,1.000000,0.11441667033580945,49.69893242641134
1782485614.752184,0.724609,-0.203368,0.658438,0.500723,0.314418,0.947785,-0.053291,0.222009,-0.613220,0.245651,0.750717,-0.522925,0.000000,0.000000,0.000000,1.000000,0.11441667033580945,49.69893242641134
1782485614.787247,0.724609,-0.203368,0.658438,0.500723,0.314418,0.947785,-0.053291,0.222009,-0.613220,0.245651,0.750717,-0.522925,0.000000,0.000000,0.000000,1.000000,0.11441667033580945,49.69893242641134
1782485614.822830,0.724609,-0.203368,0.658438,0.500723,0.314418,0.947785,-0.053291,0.222009,-0.613220,0.245651,0.750717,-0.522925,0.000000,0.000000,0.000000,1.000000,0.11441667033580945,49.69893242641134
1782485614.858512,0.724609,-0.203368,0.658438,0.500723,0.314418,0.947785,-0.053291,0.222009,-0.613220,0.245651,0.750717,-0.522925,0.000000,0.000000,0.000000,1.000000,0.11441667033580945,49.69893242641134
1782485614.894174,0.724609,-0.203368,0.658438,0.500723,0.314418,0.947785,-0.053291,0.222009,-0.613220,0.245651,0.750717,-0.522925,0.000000,0.000000,0.000000,1.000000,0.11441667033580945,49.69893242641134
1782485614.929732,0.724609,-0.203368,0.658438,0.500723,0.314418,0.947785,-0.053291,0.222009,-0.613220,0.245651,0.750717,-0.522925,0.000000,0.000000,0.000000,1.000000,0.11441667033580945,49.69893242641134
1782485614.965495,0.724609,-0.203368,0.658438,0.500723,0.314418,0.947785,-0.053291,0.222009,-0.613220,0.245651,0.750717,-0.522925,0.000000,0.000000,0.000000,1.000000,0.11441667033580945,49.69893242641134
1782485615.001421,0.724609,-0.203368,0.658438,0.500723,0.314418,0.947785,-0.053291,0.222009,-0.613220,0.245651,0.750717,-0.522925,0.000000,0.000000,0.000000,1.000000,0.11441667033580945,49.69893242641134
1782485615.037276,0.724609,-0.203368,0.658438,0.500723,0.314418,0.947785,-0.053291,0.222009,-0.613220,0.245651,0.750717,-0.522925,0.000000,0.000000,0.000000,1.000000,0.11441667033580945,49.69893242641134
1782485615.072663,0.724609,-0.203368,0.658438,0.500723,0.314418,0.947785,-0.053291,0.222009,-0.613220,0.245651,0.750717,-0.522925,0.000000,0.000000,0.000000,1.000000,0.11441667033580945,49.69893242641134
1782485615.108259,0.724609,-0.203368,0.658438,0.500723,0.314418,0.947785,-0.053291,0.222009,-0.613220,0.245651,0.750717,-0.522925,0.000000,0.000000,0.000000,1.000000,0.11441667033580945,49.69893242641134
1782485615.143505,0.724609,-0.203368,0.658438,0.500723,0.314418,0.947785,-0.053291,0.222009,-0.613220,0.245651,0.750717,-0.522925,0.000000,0.000000,0.000000,1.000000,0.11441667033580945,49.69893242641134
1782485615.179090,0.724609,-0.203368,0.658438,0.500723,0.314418,0.947785,-0.053291,0.222009,-0.613220,0.245651,0.750717,-0.522925,0.000000,0.000000,0.000000,1.000000,0.11441667033580945,49.69893242641134
1782485615.214579,0.724609,-0.203368,0.658438,0.500723,0.314418,0.947785,-0.053291,0.222009,-0.613220,0.245651,0.750717,-0.522925,0.000000,0.000000,0.000000,1.000000,0.11441667033580945,49.69893242641134
1782485615.250201,0.724609,-0.203368,0.658438,0.500723,0.314418,0.947785,-0.053291,0.222009,-0.613220,0.245651,0.750717,-0.522925,0.000000,0.000000,0.000000,1.000000,0.11441667033580945,49.69893242641134
1782485615.285913,0.724609,-0.203368,0.658438,0.500723,0.314418,0.947785,-0.053291,0.222009,-0.613220,0.245651,0.750717,-0.522925,0.000000,0.000000,0.000000,1.000000,0.11441667033580945,49.69893242641134
1782485615.321435,0.724609,-0.203368,0.658438,0.500723,0.314418,0.947785,-0.053291,0.222009,-0.613220,0.245651,0.750717,-0.522925,0.000000,0.000000,0.000000,1.000000,0.11441667033580945,49.69893242641134
1782485615.356550,0.724609,-0.203368,0.658438,0.500723,0.314418,0.947785,-0.053291,0.222009,-0.613220,0.245651,0.750717,-0.522925,0.000000,0.000000,0.000000,1.000000,0.11441667033580945,49.69893242641134
1782485615.392217,0.724609,-0.203368,0.658438,0.500723,0.314418,0.947785,-0.053291,0.222009,-0.613220,0.245651,0.750717,-0.522925,0.000000,0.000000,0.000000,1.000000,0.11441667033580945,49.69893242641134
1782485615.427895,0.724609,-0.203368,0.658438,0.500723,0.314418,0.947785,-0.053291,0.222009,-0.613220,0.245651,0.750717,-0.522925,0.000000,0.000000,0.000000,1.000000,0.11441667033580945,49.69893242641134
1782485615.463496,0.724609,-0.203368,0.658438,0.500723,0.314418,0.947785,-0.053291,0.222009,-0.613220,0.245651,0.750717,-0.522925,0.000000,0.000000,0.000000,1.000000,0.11441667033580945,49.69893242641134
1782485615.499166,0.724609,-0.203368,0.658438,0.500723,0.314418,0.947785,-0.053291,0.222009,-0.613220,0.245651,0.750717,-0.522925,0.000000,0.000000,0.000000,1.000000,0.11441667033580945,49.69893242641134
1782485615.534885,0.724609,-0.203368,0.658438,0.500723,0.314418,0.947785,-0.053291,0.222009,-0.613220,0.245651,0.750717,-0.522925,0.000000,0.000000,0.000000,1.000000,0.11441667033580945,49.69893242641134
1782485615.570719,0.724609,-0.203368,0.658438,0.500723,0.314418,0.947785,-0.053291,0.222009,-0.613220,0.245651,0.750717,-0.522925,0.000000,0.000000,0.000000,1.000000,0.11441667033580945,49.69893242641134
1782485615.606354,0.724609,-0.203368,0.658438,0.500723,0.314418,0.947785,-0.053291,0.222009,-0.613220,0.245651,0.750717,-0.522925,0.000000,0.000000,0.000000,1.000000,0.11441667033580945,49.69893242641134
1782485615.641686,0.724609,-0.203368,0.658438,0.500723,0.314418,0.947785,-0.053291,0.222009,-0.613220,0.245651,0.750717,-0.522925,0.000000,0.000000,0.000000,1.000000,0.11441667033580945,49.69893242641134
1782485615.677310,0.724609,-0.203368,0.658438,0.500723,0.314418,0.947785,-0.053291,0.222009,-0.613220,0.245651,0.750717,-0.522925,0.000000,0.000000,0.000000,1.000000,0.11441667033580945,49.69893242641134
1782485615.712860,0.724609,-0.203368,0.658438,0.500723,0.314418,0.947785,-0.053291,0.222009,-0.613220,0.245651,0.750717,-0.522925,0.000000,0.000000,0.000000,1.000000,0.11441667033580945,49.69893242641134
1782485615.748223,0.724609,-0.203368,0.658438,0.500723,0.314418,0.947785,-0.053291,0.222009,-0.613220,0.245651,0.750717,-0.522925,0.000000,0.000000,0.000000,1.000000,0.11441667033580945,49.69893242641134
1782485615.783803,0.724609,-0.203368,0.658438,0.500723,0.314418,0.947785,-0.053291,0.222009,-0.613220,0.245651,0.750717,-0.522925,0.000000,0.000000,0.000000,1.000000,0.11441667033580945,49.69893242641134
1782485615.819352,0.724609,-0.203368,0.658438,0.500723,0.314418,0.947785,-0.053291,0.222009,-0.613220,0.245651,0.750717,-0.522925,0.000000,0.000000,0.000000,1.000000,0.11441667033580945,49.69893242641134
1782485615.854841,0.724609,-0.203368,0.658438,0.500723,0.314418,0.947785,-0.053291,0.222009,-0.613220,0.245651,0.750717,-0.522925,0.000000,0.000000,0.000000,1.000000,0.11441667033580945,49.69893242641134
1782485615.890440,0.724609,-0.203368,0.658438,0.500723,0.314418,0.947785,-0.053291,0.222009,-0.613220,0.245651,0.750717,-0.522925,0.000000,0.000000,0.000000,1.000000,0.11441667033580945,49.69893242641134
1782485615.926128,0.724609,-0.203368,0.658438,0.500723,0.314418,0.947785,-0.053291,0.222009,-0.613220,0.245651,0.750717,-0.522925,0.000000,0.000000,0.000000,1.000000,0.11441667033580945,49.69893242641134
1782485615.961842,0.724609,-0.203368,0.658438,0.500723,0.314418,0.947785,-0.053291,0.222009,-0.613220,0.245651,0.750717,-0.522925,0.000000,0.000000,0.000000,1.000000,0.11441667033580945,49.69893242641134
1782485615.997482,0.724609,-0.203368,0.658438,0.500723,0.314418,0.947785,-0.053291,0.222009,-0.613220,0.245651,0.750717,-0.522925,0.000000,0.000000,0.000000,1.000000,0.11441667033580945,49.69893242641134
1782485616.033127,0.724609,-0.203368,0.658438,0.500723,0.314418,0.947785,-0.053291,0.222009,-0.613220,0.245651,0.750717,-0.522925,0.000000,0.000000,0.000000,1.000000,0.11441667033580945,49.69893242641134
1782485616.068447,0.724609,-0.203368,0.658438,0.500723,0.314418,0.947785,-0.053291,0.222009,-0.613220,0.245651,0.750717,-0.522925,0.000000,0.000000,0.000000,1.000000,0.11441667033580945,49.69893242641134
1782485616.103946,0.724609,-0.203368,0.658438,0.500723,0.314418,0.947785,-0.053291,0.222009,-0.613220,0.245651,0.750717,-0.522925,0.000000,0.000000,0.000000,1.000000,0.11441667033580945,49.69893242641134
1782485616.138977,0.724609,-0.203368,0.658438,0.500723,0.314418,0.947785,-0.053291,0.222009,-0.613220,0.245651,0.750717,-0.522925,0.000000,0.000000,0.000000,1.000000,0.11441667033580945,49.69893242641134
1782485616.174516,0.724609,-0.203368,0.658438,0.500723,0.314418,0.947785,-0.053291,0.222009,-0.613220,0.245651,0.750717,-0.522925,0.000000,0.000000,0.000000,1.000000,0.11441667033580945,49.69893242641134
1782485616.209934,0.724609,-0.203368,0.658438,0.500723,0.314418,0.947785,-0.053291,0.222009,-0.613220,0.245651,0.750717,-0.522925,0.000000,0.000000,0.000000,1.000000,0.11441667033580945,49.69893242641134
1782485616.245055,0.724609,-0.203368,0.658438,0.500723,0.314418,0.947785,-0.053291,0.222009,-0.613220,0.245651,0.750717,-0.522925,0.000000,0.000000,0.000000,1.000000,0.11441667033580945,49.69893242641134
1782485616.280276,0.724609,-0.203368,0.658438,0.500723,0.314418,0.947785,-0.053291,0.222009,-0.613220,0.245651,0.750717,-0.522925,0.000000,0.000000,0.000000,1.000000,0.11441667033580945,49.69893242641134
1782485616.315951,0.724609,-0.203368,0.658438,0.500723,0.314418,0.947785,-0.053291,0.222009,-0.613220,0.245651,0.750717,-0.522925,0.000000,0.000000,0.000000,1.000000,0.11441667033580945,49.69893242641134
1782485616.350900,0.724609,-0.203368,0.658438,0.500723,0.314418,0.947785,-0.053291,0.222009,-0.613220,0.245651,0.750717,-0.522925,0.000000,0.000000,0.000000,1.000000,0.11441667033580945,49.69893242641134
1782485616.386086,0.724609,-0.203368,0.658438,0.500723,0.314418,0.947785,-0.053291,0.222009,-0.613220,0.245651,0.750717,-0.522925,0.000000,0.000000,0.000000,1.000000,0.11441667033580945,49.69893242641134
1782485616.421674,0.724609,-0.203368,0.658438,0.500723,0.314418,0.947785,-0.053291,0.222009,-0.613220,0.245651,0.750717,-0.522925,0.000000,0.000000,0.000000,1.000000,0.11441667033580945,49.69893242641134
1782485616.457365,0.724609,-0.203368,0.658438,0.500723,0.314418,0.947785,-0.053291,0.222009,-0.613220,0.245651,0.750717,-0.522925,0.000000,0.000000,0.000000,1.000000,0.11441667033580945,49.69893242641134
1782485616.493039,0.724609,-0.203368,0.658438,0.500723,0.314418,0.947785,-0.053291,0.222009,-0.613220,0.245651,0.750717,-0.522925,0.000000,0.000000,0.000000,1.000000,0.11441667033580945,49.69893242641134
1782485616.528587,0.724609,-0.203368,0.658438,0.500723,0.314418,0.947785,-0.053291,0.222009,-0.613220,0.245651,0.750717,-0.522925,0.000000,0.000000,0.000000,1.000000,0.11441667033580945,49.69893242641134
1782485616.564115,0.724609,-0.203368,0.658438,0.500723,0.314418,0.947785,-0.053291,0.222009,-0.613220,0.245651,0.750717,-0.522925,0.000000,0.000000,0.000000,1.000000,0.11441667033580945,49.69893242641134
1782485616.599835,0.724609,-0.203368,0.658438,0.500723,0.314418,0.947785,-0.053291,0.222009,-0.613220,0.245651,0.750717,-0.522925,0.000000,0.000000,0.000000,1.000000,0.11441667033580945,49.69893242641134
1782485616.635047,0.724609,-0.203368,0.658438,0.500723,0.314418,0.947785,-0.053291,0.222009,-0.613220,0.245651,0.750717,-0.522925,0.000000,0.000000,0.000000,1.000000,0.11441667033580945,49.69893242641134
1782485616.670690,0.724609,-0.203368,0.658438,0.500723,0.314418,0.947785,-0.053291,0.222009,-0.613220,0.245651,0.750717,-0.522925,0.000000,0.000000,0.000000,1.000000,0.11441667033580945,49.69893242641134
1782485616.706153,0.724609,-0.203368,0.658438,0.500723,0.314418,0.947785,-0.053291,0.222009,-0.613220,0.245651,0.750717,-0.522925,0.000000,0.000000,0.000000,1.000000,0.11441667033580945,49.69893242641134
1782485616.741761,0.724609,-0.203368,0.658438,0.500723,0.314418,0.947785,-0.053291,0.222009,-0.613220,0.245651,0.750717,-0.522925,0.000000,0.000000,0.000000,1.000000,0.11441667033580945,49.69893242641134
1782485616.777648,0.724609,-0.203368,0.658438,0.500723,0.314418,0.947785,-0.053291,0.222009,-0.613220,0.245651,0.750717,-0.522925,0.000000,0.000000,0.000000,1.000000,0.11441667033580945,49.69893242641134
1782485616.812839,0.724609,-0.203368,0.658438,0.500723,0.314418,0.947785,-0.053291,0.222009,-0.613220,0.245651,0.750717,-0.522925,0.000000,0.000000,0.000000,1.000000,0.11441667033580945,49.69893242641134
1782485616.848272,0.724609,-0.203368,0.658438,0.500723,0.314418,0.947785,-0.053291,0.222009,-0.613220,0.245651,0.750717,-0.522925,0.000000,0.000000,0.000000,1.000000,0.11441667033580945,49.69893242641134
1782485616.883316,0.724609,-0.203368,0.658438,0.500723,0.314418,0.947785,-0.053291,0.222009,-0.613220,0.245651,0.750717,-0.522925,0.000000,0.000000,0.000000,1.000000,0.11441667033580945,49.69893242641134
1782485616.918446,0.724609,-0.203368,0.658438,0.500723,0.314418,0.947785,-0.053291,0.222009,-0.613220,0.245651,0.750717,-0.522925,0.000000,0.000000,0.000000,1.000000,0.11441667033580945,49.69893242641134
1782485616.954195,0.724609,-0.203368,0.658438,0.500723,0.314418,0.947785,-0.053291,0.222009,-0.613220,0.245651,0.750717,-0.522925,0.000000,0.000000,0.000000,1.000000,0.11441667033580945,49.69893242641134
1782485616.989827,0.724609,-0.203368,0.658438,0.500723,0.314418,0.947785,-0.053291,0.222009,-0.613220,0.245651,0.750717,-0.522925,0.000000,0.000000,0.000000,1.000000,0.11441667033580945,49.69893242641134
1782485617.024768,0.724609,-0.203368,0.658438,0.500723,0.314418,0.947785,-0.053291,0.222009,-0.613220,0.245651,0.750717,-0.522925,0.000000,0.000000,0.000000,1.000000,0.11441667033580945,49.69893242641134
1782485617.060312,0.724609,-0.203368,0.658438,0.500723,0.314418,0.947785,-0.053291,0.222009,-0.613220,0.245651,0.750717,-0.522925,0.000000,0.000000,0.000000,1.000000,0.11441667033580945,49.69893242641134
1782485617.095966,0.724609,-0.203368,0.658438,0.500723,0.314418,0.947785,-0.053291,0.222009,-0.613220,0.245651,0.750717,-0.522925,0.000000,0.000000,0.000000,1.000000,0.11441667033580945,49.69893242641134
1782485617.131707,0.724609,-0.203368,0.658438,0.500723,0.314418,0.947785,-0.053291,0.222009,-0.613220,0.245651,0.750717,-0.522925,0.000000,0.000000,0.000000,1.000000,0.11441667033580945,49.69893242641134
1782485617.167444,0.724609,-0.203368,0.658438,0.500723,0.314418,0.947785,-0.053291,0.222009,-0.613220,0.245651,0.750717,-0.522925,0.000000,0.000000,0.000000,1.000000,0.11441667033580945,49.69893242641134
1782485617.203076,0.724609,-0.203368,0.658438,0.500723,0.314418,0.947785,-0.053291,0.222009,-0.613220,0.245651,0.750717,-0.522925,0.000000,0.000000,0.000000,1.000000,0.11441667033580945,49.69893242641134
1782485617.238695,0.724609,-0.203368,0.658438,0.500723,0.314418,0.947785,-0.053291,0.222009,-0.613220,0.245651,0.750717,-0.522925,0.000000,0.000000,0.000000,1.000000,0.11441667033580945,49.69893242641134
1782485617.274346,0.724609,-0.203368,0.658438,0.500723,0.314418,0.947785,-0.053291,0.222009,-0.613220,0.245651,0.750717,-0.522925,0.000000,0.000000,0.000000,1.000000,0.11441667033580945,49.69893242641134
1782485617.309715,0.724609,-0.203368,0.658438,0.500723,0.314418,0.947785,-0.053291,0.222009,-0.613220,0.245651,0.750717,-0.522925,0.000000,0.000000,0.000000,1.000000,0.11441667033580945,49.69893242641134
1782485617.345510,0.724609,-0.203368,0.658438,0.500723,0.314418,0.947785,-0.053291,0.222009,-0.613220,0.245651,0.750717,-0.522925,0.000000,0.000000,0.000000,1.000000,0.11441667033580945,49.69893242641134
1782485617.381160,0.724609,-0.203368,0.658438,0.500723,0.314418,0.947785,-0.053291,0.222009,-0.613220,0.245651,0.750717,-0.522925,0.000000,0.000000,0.000000,1.000000,0.11441667033580945,49.69893242641134
1782485617.416885,0.724609,-0.203368,0.658438,0.500723,0.314418,0.947785,-0.053291,0.222009,-0.613220,0.245651,0.750717,-0.522925,0.000000,0.000000,0.000000,1.000000,0.11441667033580945,49.69893242641134
1782485617.452508,0.724609,-0.203368,0.658438,0.500723,0.314418,0.947785,-0.053291,0.222009,-0.613220,0.245651,0.750717,-0.522925,0.000000,0.000000,0.000000,1.000000,0.11441667033580945,49.69893242641134
1782485617.487720,0.724609,-0.203368,0.658438,0.500723,0.314418,0.947785,-0.053291,0.222009,-0.613220,0.245651,0.750717,-0.522925,0.000000,0.000000,0.000000,1.000000,0.11441667033580945,49.69893242641134
1782485617.523816,0.724609,-0.203368,0.658438,0.500723,0.314418,0.947785,-0.053291,0.222009,-0.613220,0.245651,0.750717,-0.522925,0.000000,0.000000,0.000000,1.000000,0.11441667033580945,49.69893242641134
1782485617.559534,0.724609,-0.203368,0.658438,0.500723,0.314418,0.947785,-0.053291,0.222009,-0.613220,0.245651,0.750717,-0.522925,0.000000,0.000000,0.000000,1.000000,0.11441667033580945,49.69893242641134
1782485617.594496,0.724609,-0.203368,0.658438,0.500723,0.314418,0.947785,-0.053291,0.222009,-0.613220,0.245651,0.750717,-0.522925,0.000000,0.000000,0.000000,1.000000,0.11441667033580945,49.69893242641134
1782485617.629443,0.724609,-0.203368,0.658438,0.500723,0.314418,0.947785,-0.053291,0.222009,-0.613220,0.245651,0.750717,-0.522925,0.000000,0.000000,0.000000,1.000000,0.11441667033580945,49.69893242641134
1782485617.664394,0.724609,-0.203368,0.658438,0.500723,0.314418,0.947785,-0.053291,0.222009,-0.613220,0.245651,0.750717,-0.522925,0.000000,0.000000,0.000000,1.000000,0.11441667033580945,49.69893242641134
1782485617.698703,0.724609,-0.203368,0.658438,0.500723,0.314418,0.947785,-0.053291,0.222009,-0.613220,0.245651,0.750717,-0.522925,0.000000,0.000000,0.000000,1.000000,0.11441667033580945,49.69893242641134
1782485617.733823,0.724609,-0.203368,0.658438,0.500723,0.314418,0.947785,-0.053291,0.222009,-0.613220,0.245651,0.750717,-0.522925,0.000000,0.000000,0.000000,1.000000,0.11441667033580945,49.69893242641134
1782485617.768397,0.724609,-0.203368,0.658438,0.500723,0.314418,0.947785,-0.053291,0.222009,-0.613220,0.245651,0.750717,-0.522925,0.000000,0.000000,0.000000,1.000000,0.11441667033580945,49.69893242641134
1782485617.803741,0.724609,-0.203368,0.658438,0.500723,0.314418,0.947785,-0.053291,0.222009,-0.613220,0.245651,0.750717,-0.522925,0.000000,0.000000,0.000000,1.000000,0.11441667033580945,49.69893242641134
1782485617.838930,0.724609,-0.203368,0.658438,0.500723,0.314418,0.947785,-0.053291,0.222009,-0.613220,0.245651,0.750717,-0.522925,0.000000,0.000000,0.000000,1.000000,0.11441667033580945,49.69893242641134
1782485617.874130,0.724609,-0.203368,0.658438,0.500723,0.314418,0.947785,-0.053291,0.222009,-0.613220,0.245651,0.750717,-0.522925,0.000000,0.000000,0.000000,1.000000,0.11441667033580945,49.69893242641134
1782485617.909320,0.724609,-0.203368,0.658438,0.500723,0.314418,0.947785,-0.053291,0.222009,-0.613220,0.245651,0.750717,-0.522925,0.000000,0.000000,0.000000,1.000000,0.11441667033580945,49.69893242641134
1782485617.943766,0.724609,-0.203368,0.658438,0.500723,0.314418,0.947785,-0.053291,0.222009,-0.613220,0.245651,0.750717,-0.522925,0.000000,0.000000,0.000000,1.000000,0.11441667033580945,49.69893242641134
1782485617.978825,0.724609,-0.203368,0.658438,0.500723,0.314418,0.947785,-0.053291,0.222009,-0.613220,0.245651,0.750717,-0.522925,0.000000,0.000000,0.000000,1.000000,0.11441667033580945,49.69893242641134
1782485618.013077,0.724609,-0.203368,0.658438,0.500723,0.314418,0.947785,-0.053291,0.222009,-0.613220,0.245651,0.750717,-0.522925,0.000000,0.000000,0.000000,1.000000,0.11441667033580945,49.69893242641134
1782485618.048658,0.724609,-0.203368,0.658438,0.500723,0.314418,0.947785,-0.053291,0.222009,-0.613220,0.245651,0.750717,-0.522925,0.000000,0.000000,0.000000,1.000000,0.11441667033580945,49.69893242641134
1782485618.083970,0.724609,-0.203368,0.658438,0.500723,0.314418,0.947785,-0.053291,0.222009,-0.613220,0.245651,0.750717,-0.522925,0.000000,0.000000,0.000000,1.000000,0.11441667033580945,49.69893242641134
1782485618.119327,0.724609,-0.203368,0.658438,0.500723,0.314418,0.947785,-0.053291,0.222009,-0.613220,0.245651,0.750717,-0.522925,0.000000,0.000000,0.000000,1.000000,0.11441667033580945,49.69893242641134
1782485618.154911,0.724609,-0.203368,0.658438,0.500723,0.314418,0.947785,-0.053291,0.222009,-0.613220,0.245651,0.750717,-0.522925,0.000000,0.000000,0.000000,1.000000,0.11441667033580945,49.69893242641134
1782485618.190651,0.724609,-0.203368,0.658438,0.500723,0.314418,0.947785,-0.053291,0.222009,-0.613220,0.245651,0.750717,-0.522925,0.000000,0.000000,0.000000,1.000000,0.11441667033580945,49.69893242641134
1782485618.226365,0.724609,-0.203368,0.658438,0.500723,0.314418,0.947785,-0.053291,0.222009,-0.613220,0.245651,0.750717,-0.522925,0.000000,0.000000,0.000000,1.000000,0.11441667033580945,49.69893242641134
1782485618.262138,0.724609,-0.203368,0.658438,0.500723,0.314418,0.947785,-0.053291,0.222009,-0.613220,0.245651,0.750717,-0.522925,0.000000,0.000000,0.000000,1.000000,0.11441667033580945,49.69893242641134
1782485618.297967,0.724609,-0.203368,0.658438,0.500723,0.314418,0.947785,-0.053291,0.222009,-0.613220,0.245651,0.750717,-0.522925,0.000000,0.000000,0.000000,1.000000,0.11441667033580945,49.69893242641134
1782485618.334045,0.724609,-0.203368,0.658438,0.500723,0.314418,0.947785,-0.053291,0.222009,-0.613220,0.245651,0.750717,-0.522925,0.000000,0.000000,0.000000,1.000000,0.11441667033580945,49.69893242641134
1782485618.370149,0.724609,-0.203368,0.658438,0.500723,0.314418,0.947785,-0.053291,0.222009,-0.613220,0.245651,0.750717,-0.522925,0.000000,0.000000,0.000000,1.000000,0.11441667033580945,49.69893242641134
1782485618.406161,0.724609,-0.203368,0.658438,0.500723,0.314418,0.947785,-0.053291,0.222009,-0.613220,0.245651,0.750717,-0.522925,0.000000,0.000000,0.000000,1.000000,0.11441667033580945,49.69893242641134
1782485618.442279,0.724609,-0.203368,0.658438,0.500723,0.314418,0.947785,-0.053291,0.222009,-0.613220,0.245651,0.750717,-0.522925,0.000000,0.000000,0.000000,1.000000,0.11441667033580945,49.69893242641134
1782485618.478402,0.724609,-0.203368,0.658438,0.500723,0.314418,0.947785,-0.053291,0.222009,-0.613220,0.245651,0.750717,-0.522925,0.000000,0.000000,0.000000,1.000000,0.11441667033580945,49.69893242641134
1782485618.514175,0.724609,-0.203368,0.658438,0.500723,0.314418,0.947785,-0.053291,0.222009,-0.613220,0.245651,0.750717,-0.522925,0.000000,0.000000,0.000000,1.000000,0.11441667033580945,49.69893242641134
1782485618.549794,0.724609,-0.203368,0.658438,0.500723,0.314418,0.947785,-0.053291,0.222009,-0.613220,0.245651,0.750717,-0.522925,0.000000,0.000000,0.000000,1.000000,0.11441667033580945,49.69893242641134
1782485618.585375,0.724609,-0.203368,0.658438,0.500723,0.314418,0.947785,-0.053291,0.222009,-0.613220,0.245651,0.750717,-0.522925,0.000000,0.000000,0.000000,1.000000,0.11441667033580945,49.69893242641134
1782485618.621276,0.724609,-0.203368,0.658438,0.500723,0.314418,0.947785,-0.053291,0.222009,-0.613220,0.245651,0.750717,-0.522925,0.000000,0.000000,0.000000,1.000000,0.11441667033580945,49.69893242641134
1782485618.657163,0.724609,-0.203368,0.658438,0.500723,0.314418,0.947785,-0.053291,0.222009,-0.613220,0.245651,0.750717,-0.522925,0.000000,0.000000,0.000000,1.000000,0.11441667033580945,49.69893242641134
1782485618.692678,0.724609,-0.203368,0.658438,0.500723,0.314418,0.947785,-0.053291,0.222009,-0.613220,0.245651,0.750717,-0.522925,0.000000,0.000000,0.000000,1.000000,0.11441667033580945,49.69893242641134
1782485618.728454,0.724609,-0.203368,0.658438,0.500723,0.314418,0.947785,-0.053291,0.222009,-0.613220,0.245651,0.750717,-0.522925,0.000000,0.000000,0.000000,1.000000,0.11441667033580945,49.69893242641134
1782485618.764491,0.724609,-0.203368,0.658438,0.500723,0.314418,0.947785,-0.053291,0.222009,-0.613220,0.245651,0.750717,-0.522925,0.000000,0.000000,0.000000,1.000000,0.11441667033580945,49.69893242641134
1782485618.799558,0.724609,-0.203368,0.658438,0.500723,0.314418,0.947785,-0.053291,0.222009,-0.613220,0.245651,0.750717,-0.522925,0.000000,0.000000,0.000000,1.000000,0.11441667033580945,49.69893242641134
1782485618.835070,0.724609,-0.203368,0.658438,0.500723,0.314418,0.947785,-0.053291,0.222009,-0.613220,0.245651,0.750717,-0.522925,0.000000,0.000000,0.000000,1.000000,0.11441667033580945,49.69893242641134
1782485618.870733,0.724609,-0.203368,0.658438,0.500723,0.314418,0.947785,-0.053291,0.222009,-0.613220,0.245651,0.750717,-0.522925,0.000000,0.000000,0.000000,1.000000,0.11441667033580945,49.69893242641134
1782485618.905571,0.724609,-0.203368,0.658438,0.500723,0.314418,0.947785,-0.053291,0.222009,-0.613220,0.245651,0.750717,-0.522925,0.000000,0.000000,0.000000,1.000000,0.11441667033580945,49.69893242641134
1782485618.941249,0.724609,-0.203368,0.658438,0.500723,0.314418,0.947785,-0.053291,0.222009,-0.613220,0.245651,0.750717,-0.522925,0.000000,0.000000,0.000000,1.000000,0.11441667033580945,49.69893242641134
1782485618.976243,0.724609,-0.203368,0.658438,0.500723,0.314418,0.947785,-0.053291,0.222009,-0.613220,0.245651,0.750717,-0.522925,0.000000,0.000000,0.000000,1.000000,0.11441667033580945,49.69893242641134
1782485619.011682,0.724609,-0.203368,0.658438,0.500723,0.314418,0.947785,-0.053291,0.222009,-0.613220,0.245651,0.750717,-0.522925,0.000000,0.000000,0.000000,1.000000,0.11441667033580945,49.69893242641134
1782485619.047419,0.724609,-0.203368,0.658438,0.500723,0.314418,0.947785,-0.053291,0.222009,-0.613220,0.245651,0.750717,-0.522925,0.000000,0.000000,0.000000,1.000000,0.11441667033580945,49.69893242641134
1782485619.083131,0.724609,-0.203368,0.658438,0.500723,0.314418,0.947785,-0.053291,0.222009,-0.613220,0.245651,0.750717,-0.522925,0.000000,0.000000,0.000000,1.000000,0.11441667033580945,49.69893242641134
1782485619.118766,0.724609,-0.203368,0.658438,0.500723,0.314418,0.947785,-0.053291,0.222009,-0.613220,0.245651,0.750717,-0.522925,0.000000,0.000000,0.000000,1.000000,0.11441667033580945,49.69893242641134
1782485619.153519,0.724609,-0.203368,0.658438,0.500723,0.314418,0.947785,-0.053291,0.222009,-0.613220,0.245651,0.750717,-0.522925,0.000000,0.000000,0.000000,1.000000,0.11441667033580945,49.69893242641134
1782485619.189193,0.724609,-0.203368,0.658438,0.500723,0.314418,0.947785,-0.053291,0.222009,-0.613220,0.245651,0.750717,-0.522925,0.000000,0.000000,0.000000,1.000000,0.11441667033580945,49.69893242641134
1782485619.224882,0.724609,-0.203368,0.658438,0.500723,0.314418,0.947785,-0.053291,0.222009,-0.613220,0.245651,0.750717,-0.522925,0.000000,0.000000,0.000000,1.000000,0.11441667033580945,49.69893242641134
1782485619.260187,0.724609,-0.203368,0.658438,0.500723,0.314418,0.947785,-0.053291,0.222009,-0.613220,0.245651,0.750717,-0.522925,0.000000,0.000000,0.000000,1.000000,0.11441667033580945,49.69893242641134
1782485619.296006,0.724609,-0.203368,0.658438,0.500723,0.314418,0.947785,-0.053291,0.222009,-0.613220,0.245651,0.750717,-0.522925,0.000000,0.000000,0.000000,1.000000,0.11441667033580945,49.69893242641134
1782485619.332002,0.724609,-0.203368,0.658438,0.500723,0.314418,0.947785,-0.053291,0.222009,-0.613220,0.245651,0.750717,-0.522925,0.000000,0.000000,0.000000,1.000000,0.11441667033580945,49.69893242641134
1782485619.368237,0.724609,-0.203368,0.658438,0.500723,0.314418,0.947785,-0.053291,0.222009,-0.613220,0.245651,0.750717,-0.522925,0.000000,0.000000,0.000000,1.000000,0.11441667033580945,49.69893242641134
1782485619.404085,0.724609,-0.203368,0.658438,0.500723,0.314418,0.947785,-0.053291,0.222009,-0.613220,0.245651,0.750717,-0.522925,0.000000,0.000000,0.000000,1.000000,0.11441667033580945,49.69893242641134
1782485619.439653,0.724609,-0.203368,0.658438,0.500723,0.314418,0.947785,-0.053291,0.222009,-0.613220,0.245651,0.750717,-0.522925,0.000000,0.000000,0.000000,1.000000,0.11441667033580945,49.69893242641134
1782485619.474928,0.724609,-0.203368,0.658438,0.500723,0.314418,0.947785,-0.053291,0.222009,-0.613220,0.245651,0.750717,-0.522925,0.000000,0.000000,0.000000,1.000000,0.11441667033580945,49.69893242641134
1782485619.510745,0.724609,-0.203368,0.658438,0.500723,0.314418,0.947785,-0.053291,0.222009,-0.613220,0.245651,0.750717,-0.522925,0.000000,0.000000,0.000000,1.000000,0.11441667033580945,49.69893242641134
1782485619.546306,0.724609,-0.203368,0.658438,0.500723,0.314418,0.947785,-0.053291,0.222009,-0.613220,0.245651,0.750717,-0.522925,0.000000,0.000000,0.000000,1.000000,0.11441667033580945,49.69893242641134
1782485619.581589,0.724609,-0.203368,0.658438,0.500723,0.314418,0.947785,-0.053291,0.222009,-0.613220,0.245651,0.750717,-0.522925,0.000000,0.000000,0.000000,1.000000,0.11441667033580945,49.69893242641134
1782485619.617321,0.724609,-0.203368,0.658438,0.500723,0.314418,0.947785,-0.053291,0.222009,-0.613220,0.245651,0.750717,-0.522925,0.000000,0.000000,0.000000,1.000000,0.11441667033580945,49.69893242641134
1782485619.652889,0.724609,-0.203368,0.658438,0.500723,0.314418,0.947785,-0.053291,0.222009,-0.613220,0.245651,0.750717,-0.522925,0.000000,0.000000,0.000000,1.000000,0.11441667033580945,49.69893242641134
1782485619.688512,0.724609,-0.203368,0.658438,0.500723,0.314418,0.947785,-0.053291,0.222009,-0.613220,0.245651,0.750717,-0.522925,0.000000,0.000000,0.000000,1.000000,0.11441667033580945,49.69893242641134
1782485619.724034,0.724609,-0.203368,0.658438,0.500723,0.314418,0.947785,-0.053291,0.222009,-0.613220,0.245651,0.750717,-0.522925,0.000000,0.000000,0.000000,1.000000,0.11441667033580945,49.69893242641134
1782485619.759816,0.724609,-0.203368,0.658438,0.500723,0.314418,0.947785,-0.053291,0.222009,-0.613220,0.245651,0.750717,-0.522925,0.000000,0.000000,0.000000,1.000000,0.11441667033580945,49.69893242641134
1782485619.795493,0.724609,-0.203368,0.658438,0.500723,0.314418,0.947785,-0.053291,0.222009,-0.613220,0.245651,0.750717,-0.522925,0.000000,0.000000,0.000000,1.000000,0.11441667033580945,49.69893242641134
1782485619.830758,0.724609,-0.203368,0.658438,0.500723,0.314418,0.947785,-0.053291,0.222009,-0.613220,0.245651,0.750717,-0.522925,0.000000,0.000000,0.000000,1.000000,0.11441667033580945,49.69893242641134
1782485619.866243,0.724609,-0.203368,0.658438,0.500723,0.314418,0.947785,-0.053291,0.222009,-0.613220,0.245651,0.750717,-0.522925,0.000000,0.000000,0.000000,1.000000,0.11441667033580945,49.69893242641134
1782485619.901908,0.724609,-0.203368,0.658438,0.500723,0.314418,0.947785,-0.053291,0.222009,-0.613220,0.245651,0.750717,-0.522925,0.000000,0.000000,0.000000,1.000000,0.11441667033580945,49.69893242641134
1782485619.937781,0.724609,-0.203368,0.658438,0.500723,0.314418,0.947785,-0.053291,0.222009,-0.613220,0.245651,0.750717,-0.522925,0.000000,0.000000,0.000000,1.000000,0.11441667033580945,49.69893242641134
1782485619.973518,0.724609,-0.203368,0.658438,0.500723,0.314418,0.947785,-0.053291,0.222009,-0.613220,0.245651,0.750717,-0.522925,0.000000,0.000000,0.000000,1.000000,0.11441667033580945,49.69893242641134
1782485620.009373,0.724609,-0.203368,0.658438,0.500723,0.314418,0.947785,-0.053291,0.222009,-0.613220,0.245651,0.750717,-0.522925,0.000000,0.000000,0.000000,1.000000,0.11441667033580945,49.69893242641134
1782485620.044695,0.724609,-0.203368,0.658438,0.500723,0.314418,0.947785,-0.053291,0.222009,-0.613220,0.245651,0.750717,-0.522925,0.000000,0.000000,0.000000,1.000000,0.11441667033580945,49.69893242641134
1782485620.080414,0.724609,-0.203368,0.658438,0.500723,0.314418,0.947785,-0.053291,0.222009,-0.613220,0.245651,0.750717,-0.522925,0.000000,0.000000,0.000000,1.000000,0.11441667033580945,49.69893242641134
1782485620.116116,0.724609,-0.203368,0.658438,0.500723,0.314418,0.947785,-0.053291,0.222009,-0.613220,0.245651,0.750717,-0.522925,0.000000,0.000000,0.000000,1.000000,0.11441667033580945,49.69893242641134
1782485620.151872,0.724609,-0.203368,0.658438,0.500723,0.314418,0.947785,-0.053291,0.222009,-0.613220,0.245651,0.750717,-0.522925,0.000000,0.000000,0.000000,1.000000,0.11441667033580945,49.69893242641134
1782485620.187698,0.724609,-0.203368,0.658438,0.500723,0.314418,0.947785,-0.053291,0.222009,-0.613220,0.245651,0.750717,-0.522925,0.000000,0.000000,0.000000,1.000000,0.11441667033580945,49.69893242641134
1782485620.222596,0.724609,-0.203368,0.658438,0.500723,0.314418,0.947785,-0.053291,0.222009,-0.613220,0.245651,0.750717,-0.522925,0.000000,0.000000,0.000000,1.000000,0.11441667033580945,49.69893242641134
1782485620.258265,0.724609,-0.203368,0.658438,0.500723,0.314418,0.947785,-0.053291,0.222009,-0.613220,0.245651,0.750717,-0.522925,0.000000,0.000000,0.000000,1.000000,0.11441667033580945,49.69893242641134
1782485620.293422,0.724609,-0.203368,0.658438,0.500723,0.314418,0.947785,-0.053291,0.222009,-0.613220,0.245651,0.750717,-0.522925,0.000000,0.000000,0.000000,1.000000,0.11441667033580945,49.69893242641134
1782485620.328299,0.724609,-0.203368,0.658438,0.500723,0.314418,0.947785,-0.053291,0.222009,-0.613220,0.245651,0.750717,-0.522925,0.000000,0.000000,0.000000,1.000000,0.11441667033580945,49.69893242641134
1782485620.363962,0.724609,-0.203368,0.658438,0.500723,0.314418,0.947785,-0.053291,0.222009,-0.613220,0.245651,0.750717,-0.522925,0.000000,0.000000,0.000000,1.000000,0.11441667033580945,49.69893242641134
1782485620.399895,0.724609,-0.203368,0.658438,0.500723,0.314418,0.947785,-0.053291,0.222009,-0.613220,0.245651,0.750717,-0.522925,0.000000,0.000000,0.000000,1.000000,0.11441667033580945,49.69893242641134
1782485620.435537,0.724609,-0.203368,0.658438,0.500723,0.314418,0.947785,-0.053291,0.222009,-0.613220,0.245651,0.750717,-0.522925,0.000000,0.000000,0.000000,1.000000,0.11441667033580945,49.69893242641134
1782485620.470857,0.724609,-0.203368,0.658438,0.500723,0.314418,0.947785,-0.053291,0.222009,-0.613220,0.245651,0.750717,-0.522925,0.000000,0.000000,0.000000,1.000000,0.11441667033580945,49.69893242641134
1782485620.506683,0.724609,-0.203368,0.658438,0.500723,0.314418,0.947785,-0.053291,0.222009,-0.613220,0.245651,0.750717,-0.522925,0.000000,0.000000,0.000000,1.000000,0.11441667033580945,49.69893242641134
1782485620.542085,0.724609,-0.203368,0.658438,0.500723,0.314418,0.947785,-0.053291,0.222009,-0.613220,0.245651,0.750717,-0.522925,0.000000,0.000000,0.000000,1.000000,0.11441667033580945,49.69893242641134
1782485620.577968,0.724609,-0.203368,0.658438,0.500723,0.314418,0.947785,-0.053291,0.222009,-0.613220,0.245651,0.750717,-0.522925,0.000000,0.000000,0.000000,1.000000,0.11441667033580945,49.69893242641134
1782485620.613504,0.724609,-0.203368,0.658438,0.500723,0.314418,0.947785,-0.053291,0.222009,-0.613220,0.245651,0.750717,-0.522925,0.000000,0.000000,0.000000,1.000000,0.11441667033580945,49.69893242641134
1782485620.648812,0.724609,-0.203368,0.658438,0.500723,0.314418,0.947785,-0.053291,0.222009,-0.613220,0.245651,0.750717,-0.522925,0.000000,0.000000,0.000000,1.000000,0.11441667033580945,49.69893242641134
1782485620.684431,0.724609,-0.203368,0.658438,0.500723,0.314418,0.947785,-0.053291,0.222009,-0.613220,0.245651,0.750717,-0.522925,0.000000,0.000000,0.000000,1.000000,0.11441667033580945,49.69893242641134
1782485620.719734,0.724609,-0.203368,0.658438,0.500723,0.314418,0.947785,-0.053291,0.222009,-0.613220,0.245651,0.750717,-0.522925,0.000000,0.000000,0.000000,1.000000,0.11441667033580945,49.69893242641134
1782485620.755374,0.724609,-0.203368,0.658438,0.500723,0.314418,0.947785,-0.053291,0.222009,-0.613220,0.245651,0.750717,-0.522925,0.000000,0.000000,0.000000,1.000000,0.11441667033580945,49.69893242641134
1782485620.790619,0.724609,-0.203368,0.658438,0.500723,0.314418,0.947785,-0.053291,0.222009,-0.613220,0.245651,0.750717,-0.522925,0.000000,0.000000,0.000000,1.000000,0.11441667033580945,49.69893242641134
1782485620.826294,0.724609,-0.203368,0.658438,0.500723,0.314418,0.947785,-0.053291,0.222009,-0.613220,0.245651,0.750717,-0.522925,0.000000,0.000000,0.000000,1.000000,0.11441667033580945,49.69893242641134
1782485620.862184,0.724609,-0.203368,0.658438,0.500723,0.314418,0.947785,-0.053291,0.222009,-0.613220,0.245651,0.750717,-0.522925,0.000000,0.000000,0.000000,1.000000,0.11441667033580945,49.69893242641134
1782485620.897910,0.724609,-0.203368,0.658438,0.500723,0.314418,0.947785,-0.053291,0.222009,-0.613220,0.245651,0.750717,-0.522925,0.000000,0.000000,0.000000,1.000000,0.11441667033580945,49.69893242641134
1782485620.933763,0.724609,-0.203368,0.658438,0.500723,0.314418,0.947785,-0.053291,0.222009,-0.613220,0.245651,0.750717,-0.522925,0.000000,0.000000,0.000000,1.000000,0.11441667033580945,49.69893242641134
1782485620.969515,0.724609,-0.203368,0.658438,0.500723,0.314418,0.947785,-0.053291,0.222009,-0.613220,0.245651,0.750717,-0.522925,0.000000,0.000000,0.000000,1.000000,0.11441667033580945,49.69893242641134
1782485621.005174,0.724609,-0.203368,0.658438,0.500723,0.314418,0.947785,-0.053291,0.222009,-0.613220,0.245651,0.750717,-0.522925,0.000000,0.000000,0.000000,1.000000,0.11441667033580945,49.69893242641134
1782485621.040631,0.724609,-0.203368,0.658438,0.500723,0.314418,0.947785,-0.053291,0.222009,-0.613220,0.245651,0.750717,-0.522925,0.000000,0.000000,0.000000,1.000000,0.11441667033580945,49.69893242641134
1782485621.076426,0.724609,-0.203368,0.658438,0.500723,0.314418,0.947785,-0.053291,0.222009,-0.613220,0.245651,0.750717,-0.522925,0.000000,0.000000,0.000000,1.000000,0.11441667033580945,49.69893242641134
1782485621.112139,0.724609,-0.203368,0.658438,0.500723,0.314418,0.947785,-0.053291,0.222009,-0.613220,0.245651,0.750717,-0.522925,0.000000,0.000000,0.000000,1.000000,0.11441667033580945,49.69893242641134
1782485621.147474,0.724609,-0.203368,0.658438,0.500723,0.314418,0.947785,-0.053291,0.222009,-0.613220,0.245651,0.750717,-0.522925,0.000000,0.000000,0.000000,1.000000,0.11441667033580945,49.69893242641134
1782485621.183141,0.724609,-0.203368,0.658438,0.500723,0.314418,0.947785,-0.053291,0.222009,-0.613220,0.245651,0.750717,-0.522925,0.000000,0.000000,0.000000,1.000000,0.11441667033580945,49.69893242641134
1782485621.218924,0.724609,-0.203368,0.658438,0.500723,0.314418,0.947785,-0.053291,0.222009,-0.613220,0.245651,0.750717,-0.522925,0.000000,0.000000,0.000000,1.000000,0.11441667033580945,49.69893242641134
1782485621.254741,0.724609,-0.203368,0.658438,0.500723,0.314418,0.947785,-0.053291,0.222009,-0.613220,0.245651,0.750717,-0.522925,0.000000,0.000000,0.000000,1.000000,0.11441667033580945,49.69893242641134
1782485621.290551,0.724609,-0.203368,0.658438,0.500723,0.314418,0.947785,-0.053291,0.222009,-0.613220,0.245651,0.750717,-0.522925,0.000000,0.000000,0.000000,1.000000,0.11441667033580945,49.69893242641134
1782485621.326317,0.724609,-0.203368,0.658438,0.500723,0.314418,0.947785,-0.053291,0.222009,-0.613220,0.245651,0.750717,-0.522925,0.000000,0.000000,0.000000,1.000000,0.11441667033580945,49.69893242641134
1782485621.362215,0.724609,-0.203368,0.658438,0.500723,0.314418,0.947785,-0.053291,0.222009,-0.613220,0.245651,0.750717,-0.522925,0.000000,0.000000,0.000000,1.000000,0.11441667033580945,49.69893242641134
1782485621.398121,0.724609,-0.203368,0.658438,0.500723,0.314418,0.947785,-0.053291,0.222009,-0.613220,0.245651,0.750717,-0.522925,0.000000,0.000000,0.000000,1.000000,0.11441667033580945,49.69893242641134
1782485621.433823,0.724609,-0.203368,0.658438,0.500723,0.314418,0.947785,-0.053291,0.222009,-0.613220,0.245651,0.750717,-0.522925,0.000000,0.000000,0.000000,1.000000,0.11441667033580945,49.69893242641134
1782485621.469644,0.724609,-0.203368,0.658438,0.500723,0.314418,0.947785,-0.053291,0.222009,-0.613220,0.245651,0.750717,-0.522925,0.000000,0.000000,0.000000,1.000000,0.11441667033580945,49.69893242641134
1782485621.505461,0.724609,-0.203368,0.658438,0.500723,0.314418,0.947785,-0.053291,0.222009,-0.613220,0.245651,0.750717,-0.522925,0.000000,0.000000,0.000000,1.000000,0.11441667033580945,49.69893242641134
1782485621.540963,0.724609,-0.203368,0.658438,0.500723,0.314418,0.947785,-0.053291,0.222009,-0.613220,0.245651,0.750717,-0.522925,0.000000,0.000000,0.000000,1.000000,0.11441667033580945,49.69893242641134
1782485621.576503,0.724609,-0.203368,0.658438,0.500723,0.314418,0.947785,-0.053291,0.222009,-0.613220,0.245651,0.750717,-0.522925,0.000000,0.000000,0.000000,1.000000,0.11441667033580945,49.69893242641134
1782485621.612463,0.724609,-0.203368,0.658438,0.500723,0.314418,0.947785,-0.053291,0.222009,-0.613220,0.245651,0.750717,-0.522925,0.000000,0.000000,0.000000,1.000000,0.11441667033580945,49.69893242641134
1782485621.647719,0.724609,-0.203368,0.658438,0.500723,0.314418,0.947785,-0.053291,0.222009,-0.613220,0.245651,0.750717,-0.522925,0.000000,0.000000,0.000000,1.000000,0.11441667033580945,49.69893242641134
1782485621.682931,0.724609,-0.203368,0.658438,0.500723,0.314418,0.947785,-0.053291,0.222009,-0.613220,0.245651,0.750717,-0.522925,0.000000,0.000000,0.000000,1.000000,0.11441667033580945,49.69893242641134
1782485621.718440,0.724609,-0.203368,0.658438,0.500723,0.314418,0.947785,-0.053291,0.222009,-0.613220,0.245651,0.750717,-0.522925,0.000000,0.000000,0.000000,1.000000,0.11441667033580945,49.69893242641134
1782485621.753900,0.724609,-0.203368,0.658438,0.500723,0.314418,0.947785,-0.053291,0.222009,-0.613220,0.245651,0.750717,-0.522925,0.000000,0.000000,0.000000,1.000000,0.11441667033580945,49.69893242641134
1782485621.789325,0.724609,-0.203368,0.658438,0.500723,0.314418,0.947785,-0.053291,0.222009,-0.613220,0.245651,0.750717,-0.522925,0.000000,0.000000,0.000000,1.000000,0.11441667033580945,49.69893242641134
1782485621.824437,0.724609,-0.203368,0.658438,0.500723,0.314418,0.947785,-0.053291,0.222009,-0.613220,0.245651,0.750717,-0.522925,0.000000,0.000000,0.000000,1.000000,0.11441667033580945,49.69893242641134
1782485621.860273,0.724609,-0.203368,0.658438,0.500723,0.314418,0.947785,-0.053291,0.222009,-0.613220,0.245651,0.750717,-0.522925,0.000000,0.000000,0.000000,1.000000,0.11441667033580945,49.69893242641134
1782485621.896209,0.724609,-0.203368,0.658438,0.500723,0.314418,0.947785,-0.053291,0.222009,-0.613220,0.245651,0.750717,-0.522925,0.000000,0.000000,0.000000,1.000000,0.11441667033580945,49.69893242641134
1782485621.931350,0.724609,-0.203368,0.658438,0.500723,0.314418,0.947785,-0.053291,0.222009,-0.613220,0.245651,0.750717,-0.522925,0.000000,0.000000,0.000000,1.000000,0.11441667033580945,49.69893242641134
1782485621.966706,0.724609,-0.203368,0.658438,0.500723,0.314418,0.947785,-0.053291,0.222009,-0.613220,0.245651,0.750717,-0.522925,0.000000,0.000000,0.000000,1.000000,0.11441667033580945,49.69893242641134
1782485622.002203,0.724609,-0.203368,0.658438,0.500723,0.314418,0.947785,-0.053291,0.222009,-0.613220,0.245651,0.750717,-0.522925,0.000000,0.000000,0.000000,1.000000,0.11441667033580945,49.69893242641134
1782485622.036703,0.724609,-0.203368,0.658438,0.500723,0.314418,0.947785,-0.053291,0.222009,-0.613220,0.245651,0.750717,-0.522925,0.000000,0.000000,0.000000,1.000000,0.11441667033580945,49.69893242641134
1782485622.071826,0.724609,-0.203368,0.658438,0.500723,0.314418,0.947785,-0.053291,0.222009,-0.613220,0.245651,0.750717,-0.522925,0.000000,0.000000,0.000000,1.000000,0.11441667033580945,49.69893242641134
1782485622.107669,0.724609,-0.203368,0.658438,0.500723,0.314418,0.947785,-0.053291,0.222009,-0.613220,0.245651,0.750717,-0.522925,0.000000,0.000000,0.000000,1.000000,0.11441667033580945,49.69893242641134
1782485622.143531,0.724609,-0.203368,0.658438,0.500723,0.314418,0.947785,-0.053291,0.222009,-0.613220,0.245651,0.750717,-0.522925,0.000000,0.000000,0.000000,1.000000,0.11441667033580945,49.69893242641134
1782485622.179263,0.724609,-0.203368,0.658438,0.500723,0.314418,0.947785,-0.053291,0.222009,-0.613220,0.245651,0.750717,-0.522925,0.000000,0.000000,0.000000,1.000000,0.11441667033580945,49.69893242641134
1782485622.214435,0.724609,-0.203368,0.658438,0.500723,0.314418,0.947785,-0.053291,0.222009,-0.613220,0.245651,0.750717,-0.522925,0.000000,0.000000,0.000000,1.000000,0.11441667033580945,49.69893242641134
1782485622.249860,0.724609,-0.203368,0.658438,0.500723,0.314418,0.947785,-0.053291,0.222009,-0.613220,0.245651,0.750717,-0.522925,0.000000,0.000000,0.000000,1.000000,0.11441667033580945,49.69893242641134
1782485622.285704,0.724609,-0.203368,0.658438,0.500723,0.314418,0.947785,-0.053291,0.222009,-0.613220,0.245651,0.750717,-0.522925,0.000000,0.000000,0.000000,1.000000,0.11441667033580945,49.69893242641134
1782485622.321006,0.724609,-0.203368,0.658438,0.500723,0.314418,0.947785,-0.053291,0.222009,-0.613220,0.245651,0.750717,-0.522925,0.000000,0.000000,0.000000,1.000000,0.11441667033580945,49.69893242641134
1782485622.356755,0.724609,-0.203368,0.658438,0.500723,0.314418,0.947785,-0.053291,0.222009,-0.613220,0.245651,0.750717,-0.522925,0.000000,0.000000,0.000000,1.000000,0.11441667033580945,49.69893242641134
1782485622.392653,0.724609,-0.203368,0.658438,0.500723,0.314418,0.947785,-0.053291,0.222009,-0.613220,0.245651,0.750717,-0.522925,0.000000,0.000000,0.000000,1.000000,0.11441667033580945,49.69893242641134
1782485622.428322,0.724609,-0.203368,0.658438,0.500723,0.314418,0.947785,-0.053291,0.222009,-0.613220,0.245651,0.750717,-0.522925,0.000000,0.000000,0.000000,1.000000,0.11441667033580945,49.69893242641134
1782485622.463695,0.724609,-0.203368,0.658438,0.500723,0.314418,0.947785,-0.053291,0.222009,-0.613220,0.245651,0.750717,-0.522925,0.000000,0.000000,0.000000,1.000000,0.11441667033580945,49.69893242641134
1782485622.499349,0.724609,-0.203368,0.658438,0.500723,0.314418,0.947785,-0.053291,0.222009,-0.613220,0.245651,0.750717,-0.522925,0.000000,0.000000,0.000000,1.000000,0.11441667033580945,49.69893242641134
1782485622.535247,0.724609,-0.203368,0.658438,0.500723,0.314418,0.947785,-0.053291,0.222009,-0.613220,0.245651,0.750717,-0.522925,0.000000,0.000000,0.000000,1.000000,0.11441667033580945,49.69893242641134
1782485622.570919,0.724609,-0.203368,0.658438,0.500723,0.314418,0.947785,-0.053291,0.222009,-0.613220,0.245651,0.750717,-0.522925,0.000000,0.000000,0.000000,1.000000,0.11441667033580945,49.69893242641134
1782485622.606660,0.724609,-0.203368,0.658438,0.500723,0.314418,0.947785,-0.053291,0.222009,-0.613220,0.245651,0.750717,-0.522925,0.000000,0.000000,0.000000,1.000000,0.11441667033580945,49.69893242641134
1782485622.641747,0.724609,-0.203368,0.658438,0.500723,0.314418,0.947785,-0.053291,0.222009,-0.613220,0.245651,0.750717,-0.522925,0.000000,0.000000,0.000000,1.000000,0.11441667033580945,49.69893242641134
1782485622.677402,0.724609,-0.203368,0.658438,0.500723,0.314418,0.947785,-0.053291,0.222009,-0.613220,0.245651,0.750717,-0.522925,0.000000,0.000000,0.000000,1.000000,0.11441667033580945,49.69893242641134
1782485622.713221,0.724609,-0.203368,0.658438,0.500723,0.314418,0.947785,-0.053291,0.222009,-0.613220,0.245651,0.750717,-0.522925,0.000000,0.000000,0.000000,1.000000,0.11441667033580945,49.69893242641134
1782485622.749156,0.724609,-0.203368,0.658438,0.500723,0.314418,0.947785,-0.053291,0.222009,-0.613220,0.245651,0.750717,-0.522925,0.000000,0.000000,0.000000,1.000000,0.11441667033580945,49.69893242641134
1782485622.785077,0.724609,-0.203368,0.658438,0.500723,0.314418,0.947785,-0.053291,0.222009,-0.613220,0.245651,0.750717,-0.522925,0.000000,0.000000,0.000000,1.000000,0.11441667033580945,49.69893242641134
1782485622.820939,0.724609,-0.203368,0.658438,0.500723,0.314418,0.947785,-0.053291,0.222009,-0.613220,0.245651,0.750717,-0.522925,0.000000,0.000000,0.000000,1.000000,0.11441667033580945,49.69893242641134
1782485622.856771,0.724609,-0.203368,0.658438,0.500723,0.314418,0.947785,-0.053291,0.222009,-0.613220,0.245651,0.750717,-0.522925,0.000000,0.000000,0.000000,1.000000,0.11441667033580945,49.69893242641134
1782485622.892348,0.724609,-0.203368,0.658438,0.500723,0.314418,0.947785,-0.053291,0.222009,-0.613220,0.245651,0.750717,-0.522925,0.000000,0.000000,0.000000,1.000000,0.11441667033580945,49.69893242641134
1782485622.927570,0.724609,-0.203368,0.658438,0.500723,0.314418,0.947785,-0.053291,0.222009,-0.613220,0.245651,0.750717,-0.522925,0.000000,0.000000,0.000000,1.000000,0.11441667033580945,49.69893242641134
1782485622.962783,0.724609,-0.203368,0.658438,0.500723,0.314418,0.947785,-0.053291,0.222009,-0.613220,0.245651,0.750717,-0.522925,0.000000,0.000000,0.000000,1.000000,0.11441667033580945,49.69893242641134
1782485622.998629,0.724609,-0.203368,0.658438,0.500723,0.314418,0.947785,-0.053291,0.222009,-0.613220,0.245651,0.750717,-0.522925,0.000000,0.000000,0.000000,1.000000,0.11441667033580945,49.69893242641134
1782485623.034525,0.724609,-0.203368,0.658438,0.500723,0.314418,0.947785,-0.053291,0.222009,-0.613220,0.245651,0.750717,-0.522925,0.000000,0.000000,0.000000,1.000000,0.11441667033580945,49.69893242641134
1782485623.070375,0.724609,-0.203368,0.658438,0.500723,0.314418,0.947785,-0.053291,0.222009,-0.613220,0.245651,0.750717,-0.522925,0.000000,0.000000,0.000000,1.000000,0.11441667033580945,49.69893242641134
1782485623.106241,0.724609,-0.203368,0.658438,0.500723,0.314418,0.947785,-0.053291,0.222009,-0.613220,0.245651,0.750717,-0.522925,0.000000,0.000000,0.000000,1.000000,0.11441667033580945,49.69893242641134
1782485623.142069,0.724609,-0.203368,0.658438,0.500723,0.314418,0.947785,-0.053291,0.222009,-0.613220,0.245651,0.750717,-0.522925,0.000000,0.000000,0.000000,1.000000,0.11441667033580945,49.69893242641134
1782485623.177643,0.724609,-0.203368,0.658438,0.500723,0.314418,0.947785,-0.053291,0.222009,-0.613220,0.245651,0.750717,-0.522925,0.000000,0.000000,0.000000,1.000000,0.11441667033580945,49.69893242641134
1782485623.212810,0.724609,-0.203368,0.658438,0.500723,0.314418,0.947785,-0.053291,0.222009,-0.613220,0.245651,0.750717,-0.522925,0.000000,0.000000,0.000000,1.000000,0.11441667033580945,49.69893242641134
1782485623.248533,0.724609,-0.203368,0.658438,0.500723,0.314418,0.947785,-0.053291,0.222009,-0.613220,0.245651,0.750717,-0.522925,0.000000,0.000000,0.000000,1.000000,0.11441667033580945,49.69893242641134
1782485623.284409,0.724609,-0.203368,0.658438,0.500723,0.314418,0.947785,-0.053291,0.222009,-0.613220,0.245651,0.750717,-0.522925,0.000000,0.000000,0.000000,1.000000,0.11441667033580945,49.69893242641134
1782485623.320177,0.724609,-0.203368,0.658438,0.500723,0.314418,0.947785,-0.053291,0.222009,-0.613220,0.245651,0.750717,-0.522925,0.000000,0.000000,0.000000,1.000000,0.11441667033580945,49.69893242641134
1782485623.356137,0.724609,-0.203368,0.658438,0.500723,0.314418,0.947785,-0.053291,0.222009,-0.613220,0.245651,0.750717,-0.522925,0.000000,0.000000,0.000000,1.000000,0.11441667033580945,49.69893242641134
1782485623.392062,0.724609,-0.203368,0.658438,0.500723,0.314418,0.947785,-0.053291,0.222009,-0.613220,0.245651,0.750717,-0.522925,0.000000,0.000000,0.000000,1.000000,0.11441667033580945,49.69893242641134
1782485623.427635,0.724609,-0.203368,0.658438,0.500723,0.314418,0.947785,-0.053291,0.222009,-0.613220,0.245651,0.750717,-0.522925,0.000000,0.000000,0.000000,1.000000,0.11441667033580945,49.69893242641134
1782485623.461904,0.724609,-0.203368,0.658438,0.500723,0.314418,0.947785,-0.053291,0.222009,-0.613220,0.245651,0.750717,-0.522925,0.000000,0.000000,0.000000,1.000000,0.11441667033580945,49.69893242641134
1782485623.497634,0.724609,-0.203368,0.658438,0.500723,0.314418,0.947785,-0.053291,0.222009,-0.613220,0.245651,0.750717,-0.522925,0.000000,0.000000,0.000000,1.000000,0.11441667033580945,49.69893242641134
1782485623.532580,0.724609,-0.203368,0.658438,0.500723,0.314418,0.947785,-0.053291,0.222009,-0.613220,0.245651,0.750717,-0.522925,0.000000,0.000000,0.000000,1.000000,0.11441667033580945,49.69893242641134
1782485623.568331,0.724609,-0.203368,0.658438,0.500723,0.314418,0.947785,-0.053291,0.222009,-0.613220,0.245651,0.750717,-0.522925,0.000000,0.000000,0.000000,1.000000,0.11441667033580945,49.69893242641134
1782485623.603152,0.724609,-0.203368,0.658438,0.500723,0.314418,0.947785,-0.053291,0.222009,-0.613220,0.245651,0.750717,-0.522925,0.000000,0.000000,0.000000,1.000000,0.11441667033580945,49.69893242641134
1782485623.638361,0.724609,-0.203368,0.658438,0.500723,0.314418,0.947785,-0.053291,0.222009,-0.613220,0.245651,0.750717,-0.522925,0.000000,0.000000,0.000000,1.000000,0.11441667033580945,49.69893242641134
1782485623.674219,0.724609,-0.203368,0.658438,0.500723,0.314418,0.947785,-0.053291,0.222009,-0.613220,0.245651,0.750717,-0.522925,0.000000,0.000000,0.000000,1.000000,0.11441667033580945,49.69893242641134
1782485623.710100,0.724609,-0.203368,0.658438,0.500723,0.314418,0.947785,-0.053291,0.222009,-0.613220,0.245651,0.750717,-0.522925,0.000000,0.000000,0.000000,1.000000,0.11441667033580945,49.69893242641134
1782485623.745641,0.724609,-0.203368,0.658438,0.500723,0.314418,0.947785,-0.053291,0.222009,-0.613220,0.245651,0.750717,-0.522925,0.000000,0.000000,0.000000,1.000000,0.11441667033580945,49.69893242641134
1782485623.781735,0.724609,-0.203368,0.658438,0.500723,0.314418,0.947785,-0.053291,0.222009,-0.613220,0.245651,0.750717,-0.522925,0.000000,0.000000,0.000000,1.000000,0.11441667033580945,49.69893242641134
1782485623.817622,0.724609,-0.203368,0.658438,0.500723,0.314418,0.947785,-0.053291,0.222009,-0.613220,0.245651,0.750717,-0.522925,0.000000,0.000000,0.000000,1.000000,0.11441667033580945,49.69893242641134
1782485623.853134,0.724609,-0.203368,0.658438,0.500723,0.314418,0.947785,-0.053291,0.222009,-0.613220,0.245651,0.750717,-0.522925,0.000000,0.000000,0.000000,1.000000,0.11441667033580945,49.69893242641134
1782485623.888979,0.724609,-0.203368,0.658438,0.500723,0.314418,0.947785,-0.053291,0.222009,-0.613220,0.245651,0.750717,-0.522925,0.000000,0.000000,0.000000,1.000000,0.11441667033580945,49.69893242641134
1782485623.924843,0.724609,-0.203368,0.658438,0.500723,0.314418,0.947785,-0.053291,0.222009,-0.613220,0.245651,0.750717,-0.522925,0.000000,0.000000,0.000000,1.000000,0.11441667033580945,49.69893242641134
1782485623.960252,0.724609,-0.203368,0.658438,0.500723,0.314418,0.947785,-0.053291,0.222009,-0.613220,0.245651,0.750717,-0.522925,0.000000,0.000000,0.000000,1.000000,0.11441667033580945,49.69893242641134
1782485623.995910,0.724609,-0.203368,0.658438,0.500723,0.314418,0.947785,-0.053291,0.222009,-0.613220,0.245651,0.750717,-0.522925,0.000000,0.000000,0.000000,1.000000,0.11441667033580945,49.69893242641134
1782485624.031685,0.724609,-0.203368,0.658438,0.500723,0.314418,0.947785,-0.053291,0.222009,-0.613220,0.245651,0.750717,-0.522925,0.000000,0.000000,0.000000,1.000000,0.11441667033580945,49.69893242641134
1782485624.067553,0.724609,-0.203368,0.658438,0.500723,0.314418,0.947785,-0.053291,0.222009,-0.613220,0.245651,0.750717,-0.522925,0.000000,0.000000,0.000000,1.000000,0.11441667033580945,49.69893242641134
1782485624.102975,0.724609,-0.203368,0.658438,0.500723,0.314418,0.947785,-0.053291,0.222009,-0.613220,0.245651,0.750717,-0.522925,0.000000,0.000000,0.000000,1.000000,0.11441667033580945,49.69893242641134
1782485624.138211,0.724609,-0.203368,0.658438,0.500723,0.314418,0.947785,-0.053291,0.222009,-0.613220,0.245651,0.750717,-0.522925,0.000000,0.000000,0.000000,1.000000,0.11441667033580945,49.69893242641134
1782485624.173202,0.724609,-0.203368,0.658438,0.500723,0.314418,0.947785,-0.053291,0.222009,-0.613220,0.245651,0.750717,-0.522925,0.000000,0.000000,0.000000,1.000000,0.11441667033580945,49.69893242641134
1782485624.208905,0.724609,-0.203368,0.658438,0.500723,0.314418,0.947785,-0.053291,0.222009,-0.613220,0.245651,0.750717,-0.522925,0.000000,0.000000,0.000000,1.000000,0.11441667033580945,49.69893242641134
1782485624.244527,0.724609,-0.203368,0.658438,0.500723,0.314418,0.947785,-0.053291,0.222009,-0.613220,0.245651,0.750717,-0.522925,0.000000,0.000000,0.000000,1.000000,0.11441667033580945,49.69893242641134
1782485624.280283,0.724609,-0.203368,0.658438,0.500723,0.314418,0.947785,-0.053291,0.222009,-0.613220,0.245651,0.750717,-0.522925,0.000000,0.000000,0.000000,1.000000,0.11441667033580945,49.69893242641134
1782485624.315871,0.724609,-0.203368,0.658438,0.500723,0.314418,0.947785,-0.053291,0.222009,-0.613220,0.245651,0.750717,-0.522925,0.000000,0.000000,0.000000,1.000000,0.11441667033580945,49.69893242641134
1782485624.351628,0.724609,-0.203368,0.658438,0.500723,0.314418,0.947785,-0.053291,0.222009,-0.613220,0.245651,0.750717,-0.522925,0.000000,0.000000,0.000000,1.000000,0.11441667033580945,49.69893242641134
1782485624.387130,0.724609,-0.203368,0.658438,0.500723,0.314418,0.947785,-0.053291,0.222009,-0.613220,0.245651,0.750717,-0.522925,0.000000,0.000000,0.000000,1.000000,0.11441667033580945,49.69893242641134
1782485624.422505,0.724609,-0.203368,0.658438,0.500723,0.314418,0.947785,-0.053291,0.222009,-0.613220,0.245651,0.750717,-0.522925,0.000000,0.000000,0.000000,1.000000,0.11441667033580945,49.69893242641134
1782485624.458488,0.724609,-0.203368,0.658438,0.500723,0.314418,0.947785,-0.053291,0.222009,-0.613220,0.245651,0.750717,-0.522925,0.000000,0.000000,0.000000,1.000000,0.11441667033580945,49.69893242641134
1782485624.494190,0.724609,-0.203368,0.658438,0.500723,0.314418,0.947785,-0.053291,0.222009,-0.613220,0.245651,0.750717,-0.522925,0.000000,0.000000,0.000000,1.000000,0.11441667033580945,49.69893242641134
1782485624.529509,0.724609,-0.203368,0.658438,0.500723,0.314418,0.947785,-0.053291,0.222009,-0.613220,0.245651,0.750717,-0.522925,0.000000,0.000000,0.000000,1.000000,0.11441667033580945,49.69893242641134
1782485624.565477,0.724609,-0.203368,0.658438,0.500723,0.314418,0.947785,-0.053291,0.222009,-0.613220,0.245651,0.750717,-0.522925,0.000000,0.000000,0.000000,1.000000,0.11441667033580945,49.69893242641134
1782485624.601352,0.724609,-0.203368,0.658438,0.500723,0.314418,0.947785,-0.053291,0.222009,-0.613220,0.245651,0.750717,-0.522925,0.000000,0.000000,0.000000,1.000000,0.11441667033580945,49.69893242641134
1782485624.636929,0.724609,-0.203368,0.658438,0.500723,0.314418,0.947785,-0.053291,0.222009,-0.613220,0.245651,0.750717,-0.522925,0.000000,0.000000,0.000000,1.000000,0.11441667033580945,49.69893242641134
1782485624.672422,0.724609,-0.203368,0.658438,0.500723,0.314418,0.947785,-0.053291,0.222009,-0.613220,0.245651,0.750717,-0.522925,0.000000,0.000000,0.000000,1.000000,0.11441667033580945,49.69893242641134
1782485624.708224,0.724609,-0.203368,0.658438,0.500723,0.314418,0.947785,-0.053291,0.222009,-0.613220,0.245651,0.750717,-0.522925,0.000000,0.000000,0.000000,1.000000,0.11441667033580945,49.69893242641134
1782485624.743515,0.724609,-0.203368,0.658438,0.500723,0.314418,0.947785,-0.053291,0.222009,-0.613220,0.245651,0.750717,-0.522925,0.000000,0.000000,0.000000,1.000000,0.11441667033580945,49.69893242641134
1782485624.779168,0.724609,-0.203368,0.658438,0.500723,0.314418,0.947785,-0.053291,0.222009,-0.613220,0.245651,0.750717,-0.522925,0.000000,0.000000,0.000000,1.000000,0.11441667033580945,49.69893242641134
1782485624.815063,0.724609,-0.203368,0.658438,0.500723,0.314418,0.947785,-0.053291,0.222009,-0.613220,0.245651,0.750717,-0.522925,0.000000,0.000000,0.000000,1.000000,0.11441667033580945,49.69893242641134
1782485624.850939,0.724609,-0.203368,0.658438,0.500723,0.314418,0.947785,-0.053291,0.222009,-0.613220,0.245651,0.750717,-0.522925,0.000000,0.000000,0.000000,1.000000,0.11441667033580945,49.69893242641134
1782485624.886466,0.724609,-0.203368,0.658438,0.500723,0.314418,0.947785,-0.053291,0.222009,-0.613220,0.245651,0.750717,-0.522925,0.000000,0.000000,0.000000,1.000000,0.11441667033580945,49.69893242641134
1782485624.921993,0.724609,-0.203368,0.658438,0.500723,0.314418,0.947785,-0.053291,0.222009,-0.613220,0.245651,0.750717,-0.522925,0.000000,0.000000,0.000000,1.000000,0.11441667033580945,49.69893242641134
1782485624.957776,0.724609,-0.203368,0.658438,0.500723,0.314418,0.947785,-0.053291,0.222009,-0.613220,0.245651,0.750717,-0.522925,0.000000,0.000000,0.000000,1.000000,0.11441667033580945,49.69893242641134
1782485624.993478,0.724609,-0.203368,0.658438,0.500723,0.314418,0.947785,-0.053291,0.222009,-0.613220,0.245651,0.750717,-0.522925,0.000000,0.000000,0.000000,1.000000,0.11441667033580945,49.69893242641134
1782485625.028628,0.724609,-0.203368,0.658438,0.500723,0.314418,0.947785,-0.053291,0.222009,-0.613220,0.245651,0.750717,-0.522925,0.000000,0.000000,0.000000,1.000000,0.11441667033580945,49.69893242641134
1782485625.064480,0.724609,-0.203368,0.658438,0.500723,0.314418,0.947785,-0.053291,0.222009,-0.613220,0.245651,0.750717,-0.522925,0.000000,0.000000,0.000000,1.000000,0.11441667033580945,49.69893242641134
1782485625.100131,0.724609,-0.203368,0.658438,0.500723,0.314418,0.947785,-0.053291,0.222009,-0.613220,0.245651,0.750717,-0.522925,0.000000,0.000000,0.000000,1.000000,0.11441667033580945,49.69893242641134
1782485625.135775,0.724609,-0.203368,0.658438,0.500723,0.314418,0.947785,-0.053291,0.222009,-0.613220,0.245651,0.750717,-0.522925,0.000000,0.000000,0.000000,1.000000,0.11441667033580945,49.69893242641134
1782485625.170950,0.724609,-0.203368,0.658438,0.500723,0.314418,0.947785,-0.053291,0.222009,-0.613220,0.245651,0.750717,-0.522925,0.000000,0.000000,0.000000,1.000000,0.11441667033580945,49.69893242641134
1782485625.206711,0.724609,-0.203368,0.658438,0.500723,0.314418,0.947785,-0.053291,0.222009,-0.613220,0.245651,0.750717,-0.522925,0.000000,0.000000,0.000000,1.000000,0.11441667033580945,49.69893242641134
1782485625.242572,0.724609,-0.203368,0.658438,0.500723,0.314418,0.947785,-0.053291,0.222009,-0.613220,0.245651,0.750717,-0.522925,0.000000,0.000000,0.000000,1.000000,0.11441667033580945,49.69893242641134
1782485625.278242,0.724609,-0.203368,0.658438,0.500723,0.314418,0.947785,-0.053291,0.222009,-0.613220,0.245651,0.750717,-0.522925,0.000000,0.000000,0.000000,1.000000,0.11441667033580945,49.69893242641134
1782485625.314114,0.724609,-0.203368,0.658438,0.500723,0.314418,0.947785,-0.053291,0.222009,-0.613220,0.245651,0.750717,-0.522925,0.000000,0.000000,0.000000,1.000000,0.11441667033580945,49.69893242641134
1782485625.349314,0.724609,-0.203368,0.658438,0.500723,0.314418,0.947785,-0.053291,0.222009,-0.613220,0.245651,0.750717,-0.522925,0.000000,0.000000,0.000000,1.000000,0.11441667033580945,49.69893242641134
1782485625.385058,0.724609,-0.203368,0.658438,0.500723,0.314418,0.947785,-0.053291,0.222009,-0.613220,0.245651,0.750717,-0.522925,0.000000,0.000000,0.000000,1.000000,0.11441667033580945,49.69893242641134
1782485625.420285,0.724609,-0.203368,0.658438,0.500723,0.314418,0.947785,-0.053291,0.222009,-0.613220,0.245651,0.750717,-0.522925,0.000000,0.000000,0.000000,1.000000,0.11441667033580945,49.69893242641134
1782485625.456094,0.724609,-0.203368,0.658438,0.500723,0.314418,0.947785,-0.053291,0.222009,-0.613220,0.245651,0.750717,-0.522925,0.000000,0.000000,0.000000,1.000000,0.11441667033580945,49.69893242641134
1782485625.491996,0.724609,-0.203368,0.658438,0.500723,0.314418,0.947785,-0.053291,0.222009,-0.613220,0.245651,0.750717,-0.522925,0.000000,0.000000,0.000000,1.000000,0.11441667033580945,49.69893242641134
1782485625.527671,0.724609,-0.203368,0.658438,0.500723,0.314418,0.947785,-0.053291,0.222009,-0.613220,0.245651,0.750717,-0.522925,0.000000,0.000000,0.000000,1.000000,0.11441667033580945,49.69893242641134
1782485625.563042,0.724609,-0.203368,0.658438,0.500723,0.314418,0.947785,-0.053291,0.222009,-0.613220,0.245651,0.750717,-0.522925,0.000000,0.000000,0.000000,1.000000,0.11441667033580945,49.69893242641134
1782485625.598581,0.724609,-0.203368,0.658438,0.500723,0.314418,0.947785,-0.053291,0.222009,-0.613220,0.245651,0.750717,-0.522925,0.000000,0.000000,0.000000,1.000000,0.11441667033580945,49.69893242641134
1782485625.634751,0.724609,-0.203368,0.658438,0.500723,0.314418,0.947785,-0.053291,0.222009,-0.613220,0.245651,0.750717,-0.522925,0.000000,0.000000,0.000000,1.000000,0.11441667033580945,49.69893242641134
1782485625.669636,0.724609,-0.203368,0.658438,0.500723,0.314418,0.947785,-0.053291,0.222009,-0.613220,0.245651,0.750717,-0.522925,0.000000,0.000000,0.000000,1.000000,0.11441667033580945,49.69893242641134
1782485625.704960,0.724609,-0.203368,0.658438,0.500723,0.314418,0.947785,-0.053291,0.222009,-0.613220,0.245651,0.750717,-0.522925,0.000000,0.000000,0.000000,1.000000,0.11441667033580945,49.69893242641134
1782485625.740248,0.724609,-0.203368,0.658438,0.500723,0.314418,0.947785,-0.053291,0.222009,-0.613220,0.245651,0.750717,-0.522925,0.000000,0.000000,0.000000,1.000000,0.11441667033580945,49.69893242641134
1782485625.775939,0.724609,-0.203368,0.658438,0.500723,0.314418,0.947785,-0.053291,0.222009,-0.613220,0.245651,0.750717,-0.522925,0.000000,0.000000,0.000000,1.000000,0.11441667033580945,49.69893242641134
1782485625.812200,0.724609,-0.203368,0.658438,0.500723,0.314418,0.947785,-0.053291,0.222009,-0.613220,0.245651,0.750717,-0.522925,0.000000,0.000000,0.000000,1.000000,0.11441667033580945,49.69893242641134
1782485625.847930,0.724609,-0.203368,0.658438,0.500723,0.314418,0.947785,-0.053291,0.222009,-0.613220,0.245651,0.750717,-0.522925,0.000000,0.000000,0.000000,1.000000,0.11441667033580945,49.69893242641134
1782485625.883341,0.724609,-0.203368,0.658438,0.500723,0.314418,0.947785,-0.053291,0.222009,-0.613220,0.245651,0.750717,-0.522925,0.000000,0.000000,0.000000,1.000000,0.11441667033580945,49.69893242641134
1782485625.918865,0.724609,-0.203368,0.658438,0.500723,0.314418,0.947785,-0.053291,0.222009,-0.613220,0.245651,0.750717,-0.522925,0.000000,0.000000,0.000000,1.000000,0.11441667033580945,49.69893242641134
1782485625.954708,0.724609,-0.203368,0.658438,0.500723,0.314418,0.947785,-0.053291,0.222009,-0.613220,0.245651,0.750717,-0.522925,0.000000,0.000000,0.000000,1.000000,0.11441667033580945,49.69893242641134
1782485625.990583,0.724609,-0.203368,0.658438,0.500723,0.314418,0.947785,-0.053291,0.222009,-0.613220,0.245651,0.750717,-0.522925,0.000000,0.000000,0.000000,1.000000,0.11441667033580945,49.69893242641134
1782485626.026058,0.724609,-0.203368,0.658438,0.500723,0.314418,0.947785,-0.053291,0.222009,-0.613220,0.245651,0.750717,-0.522925,0.000000,0.000000,0.000000,1.000000,0.11441667033580945,49.69893242641134
1782485626.062021,0.724609,-0.203368,0.658438,0.500723,0.314418,0.947785,-0.053291,0.222009,-0.613220,0.245651,0.750717,-0.522925,0.000000,0.000000,0.000000,1.000000,0.11441667033580945,49.69893242641134
1782485626.097444,0.724609,-0.203368,0.658438,0.500723,0.314418,0.947785,-0.053291,0.222009,-0.613220,0.245651,0.750717,-0.522925,0.000000,0.000000,0.000000,1.000000,0.11441667033580945,49.69893242641134
1782485626.133238,0.724609,-0.203368,0.658438,0.500723,0.314418,0.947785,-0.053291,0.222009,-0.613220,0.245651,0.750717,-0.522925,0.000000,0.000000,0.000000,1.000000,0.11441667033580945,49.69893242641134
1782485626.168482,0.724609,-0.203368,0.658438,0.500723,0.314418,0.947785,-0.053291,0.222009,-0.613220,0.245651,0.750717,-0.522925,0.000000,0.000000,0.000000,1.000000,0.11441667033580945,49.69893242641134
1782485626.204278,0.724609,-0.203368,0.658438,0.500723,0.314418,0.947785,-0.053291,0.222009,-0.613220,0.245651,0.750717,-0.522925,0.000000,0.000000,0.000000,1.000000,0.11441667033580945,49.69893242641134
1782485626.239588,0.724609,-0.203368,0.658438,0.500723,0.314418,0.947785,-0.053291,0.222009,-0.613220,0.245651,0.750717,-0.522925,0.000000,0.000000,0.000000,1.000000,0.11441667033580945,49.69893242641134
1782485626.274422,0.724609,-0.203368,0.658438,0.500723,0.314418,0.947785,-0.053291,0.222009,-0.613220,0.245651,0.750717,-0.522925,0.000000,0.000000,0.000000,1.000000,0.11441667033580945,49.69893242641134
1782485626.309112,0.724609,-0.203368,0.658438,0.500723,0.314418,0.947785,-0.053291,0.222009,-0.613220,0.245651,0.750717,-0.522925,0.000000,0.000000,0.000000,1.000000,0.11441667033580945,49.69893242641134
1782485626.344223,0.724609,-0.203368,0.658438,0.500723,0.314418,0.947785,-0.053291,0.222009,-0.613220,0.245651,0.750717,-0.522925,0.000000,0.000000,0.000000,1.000000,0.11441667033580945,49.69893242641134
1782485626.380010,0.724609,-0.203368,0.658438,0.500723,0.314418,0.947785,-0.053291,0.222009,-0.613220,0.245651,0.750717,-0.522925,0.000000,0.000000,0.000000,1.000000,0.11441667033580945,49.69893242641134
1782485626.415028,0.724609,-0.203368,0.658438,0.500723,0.314418,0.947785,-0.053291,0.222009,-0.613220,0.245651,0.750717,-0.522925,0.000000,0.000000,0.000000,1.000000,0.11441667033580945,49.69893242641134
1782485626.450767,0.724609,-0.203368,0.658438,0.500723,0.314418,0.947785,-0.053291,0.222009,-0.613220,0.245651,0.750717,-0.522925,0.000000,0.000000,0.000000,1.000000,0.11441667033580945,49.69893242641134
1782485626.486377,0.724609,-0.203368,0.658438,0.500723,0.314418,0.947785,-0.053291,0.222009,-0.613220,0.245651,0.750717,-0.522925,0.000000,0.000000,0.000000,1.000000,0.11441667033580945,49.69893242641134
1782485626.521278,0.724609,-0.203368,0.658438,0.500723,0.314418,0.947785,-0.053291,0.222009,-0.613220,0.245651,0.750717,-0.522925,0.000000,0.000000,0.000000,1.000000,0.11441667033580945,49.69893242641134
1782485626.557050,0.724609,-0.203368,0.658438,0.500723,0.314418,0.947785,-0.053291,0.222009,-0.613220,0.245651,0.750717,-0.522925,0.000000,0.000000,0.000000,1.000000,0.11441667033580945,49.69893242641134
1782485626.592671,0.724609,-0.203368,0.658438,0.500723,0.314418,0.947785,-0.053291,0.222009,-0.613220,0.245651,0.750717,-0.522925,0.000000,0.000000,0.000000,1.000000,0.11441667033580945,49.69893242641134
1782485626.627628,0.724609,-0.203368,0.658438,0.500723,0.314418,0.947785,-0.053291,0.222009,-0.613220,0.245651,0.750717,-0.522925,0.000000,0.000000,0.000000,1.000000,0.11441667033580945,49.69893242641134
1782485626.663626,0.724609,-0.203368,0.658438,0.500723,0.314418,0.947785,-0.053291,0.222009,-0.613220,0.245651,0.750717,-0.522925,0.000000,0.000000,0.000000,1.000000,0.11441667033580945,49.69893242641134
1782485626.699242,0.724609,-0.203368,0.658438,0.500723,0.314418,0.947785,-0.053291,0.222009,-0.613220,0.245651,0.750717,-0.522925,0.000000,0.000000,0.000000,1.000000,0.11441667033580945,49.69893242641134
1782485626.734375,0.724609,-0.203368,0.658438,0.500723,0.314418,0.947785,-0.053291,0.222009,-0.613220,0.245651,0.750717,-0.522925,0.000000,0.000000,0.000000,1.000000,0.11441667033580945,49.69893242641134
1782485626.770210,0.724609,-0.203368,0.658438,0.500723,0.314418,0.947785,-0.053291,0.222009,-0.613220,0.245651,0.750717,-0.522925,0.000000,0.000000,0.000000,1.000000,0.11441667033580945,49.69893242641134
1782485626.806139,0.724609,-0.203368,0.658438,0.500723,0.314418,0.947785,-0.053291,0.222009,-0.613220,0.245651,0.750717,-0.522925,0.000000,0.000000,0.000000,1.000000,0.11441667033580945,49.69893242641134
1782485626.842028,0.724609,-0.203368,0.658438,0.500723,0.314418,0.947785,-0.053291,0.222009,-0.613220,0.245651,0.750717,-0.522925,0.000000,0.000000,0.000000,1.000000,0.11441667033580945,49.69893242641134
1782485626.878038,0.724609,-0.203368,0.658438,0.500723,0.314418,0.947785,-0.053291,0.222009,-0.613220,0.245651,0.750717,-0.522925,0.000000,0.000000,0.000000,1.000000,0.11441667033580945,49.69893242641134
1782485626.913807,0.724609,-0.203368,0.658438,0.500723,0.314418,0.947785,-0.053291,0.222009,-0.613220,0.245651,0.750717,-0.522925,0.000000,0.000000,0.000000,1.000000,0.11441667033580945,49.69893242641134
1782485626.949661,0.724609,-0.203368,0.658438,0.500723,0.314418,0.947785,-0.053291,0.222009,-0.613220,0.245651,0.750717,-0.522925,0.000000,0.000000,0.000000,1.000000,0.11441667033580945,49.69893242641134
1782485626.985117,0.724609,-0.203368,0.658438,0.500723,0.314418,0.947785,-0.053291,0.222009,-0.613220,0.245651,0.750717,-0.522925,0.000000,0.000000,0.000000,1.000000,0.11441667033580945,49.69893242641134
1782485627.020115,0.724609,-0.203368,0.658438,0.500723,0.314418,0.947785,-0.053291,0.222009,-0.613220,0.245651,0.750717,-0.522925,0.000000,0.000000,0.000000,1.000000,0.11441667033580945,49.69893242641134
1782485627.055942,0.724609,-0.203368,0.658438,0.500723,0.314418,0.947785,-0.053291,0.222009,-0.613220,0.245651,0.750717,-0.522925,0.000000,0.000000,0.000000,1.000000,0.11441667033580945,49.69893242641134
1782485627.091512,0.724609,-0.203368,0.658438,0.500723,0.314418,0.947785,-0.053291,0.222009,-0.613220,0.245651,0.750717,-0.522925,0.000000,0.000000,0.000000,1.000000,0.11441667033580945,49.69893242641134
1782485627.126744,0.724609,-0.203368,0.658438,0.500723,0.314418,0.947785,-0.053291,0.222009,-0.613220,0.245651,0.750717,-0.522925,0.000000,0.000000,0.000000,1.000000,0.11441667033580945,49.69893242641134
1782485627.162523,0.724609,-0.203368,0.658438,0.500723,0.314418,0.947785,-0.053291,0.222009,-0.613220,0.245651,0.750717,-0.522925,0.000000,0.000000,0.000000,1.000000,0.11441667033580945,49.69893242641134
1782485627.198255,0.724609,-0.203368,0.658438,0.500723,0.314418,0.947785,-0.053291,0.222009,-0.613220,0.245651,0.750717,-0.522925,0.000000,0.000000,0.000000,1.000000,0.11441667033580945,49.69893242641134
1782485627.233977,0.724609,-0.203368,0.658438,0.500723,0.314418,0.947785,-0.053291,0.222009,-0.613220,0.245651,0.750717,-0.522925,0.000000,0.000000,0.000000,1.000000,0.11441667033580945,49.69893242641134
1782485627.269518,0.724609,-0.203368,0.658438,0.500723,0.314418,0.947785,-0.053291,0.222009,-0.613220,0.245651,0.750717,-0.522925,0.000000,0.000000,0.000000,1.000000,0.11441667033580945,49.69893242641134
1782485627.304675,0.724609,-0.203368,0.658438,0.500723,0.314418,0.947785,-0.053291,0.222009,-0.613220,0.245651,0.750717,-0.522925,0.000000,0.000000,0.000000,1.000000,0.11441667033580945,49.69893242641134
1782485627.340353,0.724609,-0.203368,0.658438,0.500723,0.314418,0.947785,-0.053291,0.222009,-0.613220,0.245651,0.750717,-0.522925,0.000000,0.000000,0.000000,1.000000,0.11441667033580945,49.69893242641134
1782485627.376011,0.724609,-0.203368,0.658438,0.500723,0.314418,0.947785,-0.053291,0.222009,-0.613220,0.245651,0.750717,-0.522925,0.000000,0.000000,0.000000,1.000000,0.11441667033580945,49.69893242641134
1782485627.411802,0.724609,-0.203368,0.658438,0.500723,0.314418,0.947785,-0.053291,0.222009,-0.613220,0.245651,0.750717,-0.522925,0.000000,0.000000,0.000000,1.000000,0.11441667033580945,49.69893242641134
1782485627.447780,0.724609,-0.203368,0.658438,0.500723,0.314418,0.947785,-0.053291,0.222009,-0.613220,0.245651,0.750717,-0.522925,0.000000,0.000000,0.000000,1.000000,0.11441667033580945,49.69893242641134
1782485627.483424,0.724609,-0.203368,0.658438,0.500723,0.314418,0.947785,-0.053291,0.222009,-0.613220,0.245651,0.750717,-0.522925,0.000000,0.000000,0.000000,1.000000,0.11441667033580945,49.69893242641134
1782485627.518345,0.724609,-0.203368,0.658438,0.500723,0.314418,0.947785,-0.053291,0.222009,-0.613220,0.245651,0.750717,-0.522925,0.000000,0.000000,0.000000,1.000000,0.11441667033580945,49.69893242641134
1782485627.554256,0.724609,-0.203368,0.658438,0.500723,0.314418,0.947785,-0.053291,0.222009,-0.613220,0.245651,0.750717,-0.522925,0.000000,0.000000,0.000000,1.000000,0.11441667033580945,49.69893242641134
1782485627.589397,0.724609,-0.203368,0.658438,0.500723,0.314418,0.947785,-0.053291,0.222009,-0.613220,0.245651,0.750717,-0.522925,0.000000,0.000000,0.000000,1.000000,0.11441667033580945,49.69893242641134
1782485627.625003,0.724609,-0.203368,0.658438,0.500723,0.314418,0.947785,-0.053291,0.222009,-0.613220,0.245651,0.750717,-0.522925,0.000000,0.000000,0.000000,1.000000,0.11441667033580945,49.69893242641134
1782485627.660202,0.724609,-0.203368,0.658438,0.500723,0.314418,0.947785,-0.053291,0.222009,-0.613220,0.245651,0.750717,-0.522925,0.000000,0.000000,0.000000,1.000000,0.11441667033580945,49.69893242641134
1782485627.695869,0.724609,-0.203368,0.658438,0.500723,0.314418,0.947785,-0.053291,0.222009,-0.613220,0.245651,0.750717,-0.522925,0.000000,0.000000,0.000000,1.000000,0.11441667033580945,49.69893242641134
1782485627.731733,0.724609,-0.203368,0.658438,0.500723,0.314418,0.947785,-0.053291,0.222009,-0.613220,0.245651,0.750717,-0.522925,0.000000,0.000000,0.000000,1.000000,0.11441667033580945,49.69893242641134
1782485627.767627,0.724609,-0.203368,0.658438,0.500723,0.314418,0.947785,-0.053291,0.222009,-0.613220,0.245651,0.750717,-0.522925,0.000000,0.000000,0.000000,1.000000,0.11441667033580945,49.69893242641134
1782485627.803403,0.724609,-0.203368,0.658438,0.500723,0.314418,0.947785,-0.053291,0.222009,-0.613220,0.245651,0.750717,-0.522925,0.000000,0.000000,0.000000,1.000000,0.11441667033580945,49.69893242641134
1782485627.839199,0.724609,-0.203368,0.658438,0.500723,0.314418,0.947785,-0.053291,0.222009,-0.613220,0.245651,0.750717,-0.522925,0.000000,0.000000,0.000000,1.000000,0.11441667033580945,49.69893242641134
1782485627.874796,0.724609,-0.203368,0.658438,0.500723,0.314418,0.947785,-0.053291,0.222009,-0.613220,0.245651,0.750717,-0.522925,0.000000,0.000000,0.000000,1.000000,0.11441667033580945,49.69893242641134
1782485627.909721,0.724609,-0.203368,0.658438,0.500723,0.314418,0.947785,-0.053291,0.222009,-0.613220,0.245651,0.750717,-0.522925,0.000000,0.000000,0.000000,1.000000,0.11441667033580945,49.69893242641134
1782485627.944933,0.724609,-0.203368,0.658438,0.500723,0.314418,0.947785,-0.053291,0.222009,-0.613220,0.245651,0.750717,-0.522925,0.000000,0.000000,0.000000,1.000000,0.11441667033580945,49.69893242641134
1782485627.980825,0.724609,-0.203368,0.658438,0.500723,0.314418,0.947785,-0.053291,0.222009,-0.613220,0.245651,0.750717,-0.522925,0.000000,0.000000,0.000000,1.000000,0.11441667033580945,49.69893242641134
1782485628.016393,0.724609,-0.203368,0.658438,0.500723,0.314418,0.947785,-0.053291,0.222009,-0.613220,0.245651,0.750717,-0.522925,0.000000,0.000000,0.000000,1.000000,0.11441667033580945,49.69893242641134
1782485628.051497,0.724609,-0.203368,0.658438,0.500723,0.314418,0.947785,-0.053291,0.222009,-0.613220,0.245651,0.750717,-0.522925,0.000000,0.000000,0.000000,1.000000,0.11441667033580945,49.69893242641134
1782485628.086763,0.724609,-0.203368,0.658438,0.500723,0.314418,0.947785,-0.053291,0.222009,-0.613220,0.245651,0.750717,-0.522925,0.000000,0.000000,0.000000,1.000000,0.11441667033580945,49.69893242641134
1782485628.122134,0.724609,-0.203368,0.658438,0.500723,0.314418,0.947785,-0.053291,0.222009,-0.613220,0.245651,0.750717,-0.522925,0.000000,0.000000,0.000000,1.000000,0.11441667033580945,49.69893242641134
1782485628.157498,0.724609,-0.203368,0.658438,0.500723,0.314418,0.947785,-0.053291,0.222009,-0.613220,0.245651,0.750717,-0.522925,0.000000,0.000000,0.000000,1.000000,0.11441667033580945,49.69893242641134
1782485628.192834,0.724609,-0.203368,0.658438,0.500723,0.314418,0.947785,-0.053291,0.222009,-0.613220,0.245651,0.750717,-0.522925,0.000000,0.000000,0.000000,1.000000,0.11441667033580945,49.69893242641134
1782485628.228346,0.724609,-0.203368,0.658438,0.500723,0.314418,0.947785,-0.053291,0.222009,-0.613220,0.245651,0.750717,-0.522925,0.000000,0.000000,0.000000,1.000000,0.11441667033580945,49.69893242641134
1782485628.263910,0.724609,-0.203368,0.658438,0.500723,0.314418,0.947785,-0.053291,0.222009,-0.613220,0.245651,0.750717,-0.522925,0.000000,0.000000,0.000000,1.000000,0.11441667033580945,49.69893242641134
1782485628.299274,0.724609,-0.203368,0.658438,0.500723,0.314418,0.947785,-0.053291,0.222009,-0.613220,0.245651,0.750717,-0.522925,0.000000,0.000000,0.000000,1.000000,0.11441667033580945,49.69893242641134
1782485628.334869,0.724609,-0.203368,0.658438,0.500723,0.314418,0.947785,-0.053291,0.222009,-0.613220,0.245651,0.750717,-0.522925,0.000000,0.000000,0.000000,1.000000,0.11441667033580945,49.69893242641134
1782485628.370316,0.724609,-0.203368,0.658438,0.500723,0.314418,0.947785,-0.053291,0.222009,-0.613220,0.245651,0.750717,-0.522925,0.000000,0.000000,0.000000,1.000000,0.11441667033580945,49.69893242641134
1782485628.405554,0.724609,-0.203368,0.658438,0.500723,0.314418,0.947785,-0.053291,0.222009,-0.613220,0.245651,0.750717,-0.522925,0.000000,0.000000,0.000000,1.000000,0.11441667033580945,49.69893242641134
1782485628.440928,0.724609,-0.203368,0.658438,0.500723,0.314418,0.947785,-0.053291,0.222009,-0.613220,0.245651,0.750717,-0.522925,0.000000,0.000000,0.000000,1.000000,0.11441667033580945,49.69893242641134
1782485628.476326,0.724609,-0.203368,0.658438,0.500723,0.314418,0.947785,-0.053291,0.222009,-0.613220,0.245651,0.750717,-0.522925,0.000000,0.000000,0.000000,1.000000,0.11441667033580945,49.69893242641134
1782485628.511803,0.724609,-0.203368,0.658438,0.500723,0.314418,0.947785,-0.053291,0.222009,-0.613220,0.245651,0.750717,-0.522925,0.000000,0.000000,0.000000,1.000000,0.11441667033580945,49.69893242641134
1782485628.547313,0.724609,-0.203368,0.658438,0.500723,0.314418,0.947785,-0.053291,0.222009,-0.613220,0.245651,0.750717,-0.522925,0.000000,0.000000,0.000000,1.000000,0.11441667033580945,49.69893242641134
1782485628.582798,0.724609,-0.203368,0.658438,0.500723,0.314418,0.947785,-0.053291,0.222009,-0.613220,0.245651,0.750717,-0.522925,0.000000,0.000000,0.000000,1.000000,0.11441667033580945,49.69893242641134
1782485628.618184,0.724609,-0.203368,0.658438,0.500723,0.314418,0.947785,-0.053291,0.222009,-0.613220,0.245651,0.750717,-0.522925,0.000000,0.000000,0.000000,1.000000,0.11441667033580945,49.69893242641134
1782485628.653442,0.724609,-0.203368,0.658438,0.500723,0.314418,0.947785,-0.053291,0.222009,-0.613220,0.245651,0.750717,-0.522925,0.000000,0.000000,0.000000,1.000000,0.11441667033580945,49.69893242641134
1782485628.688585,0.724609,-0.203368,0.658438,0.500723,0.314418,0.947785,-0.053291,0.222009,-0.613220,0.245651,0.750717,-0.522925,0.000000,0.000000,0.000000,1.000000,0.11441667033580945,49.69893242641134
1782485628.723944,0.724609,-0.203368,0.658438,0.500723,0.314418,0.947785,-0.053291,0.222009,-0.613220,0.245651,0.750717,-0.522925,0.000000,0.000000,0.000000,1.000000,0.11441667033580945,49.69893242641134
1782485628.759744,0.724609,-0.203368,0.658438,0.500723,0.314418,0.947785,-0.053291,0.222009,-0.613220,0.245651,0.750717,-0.522925,0.000000,0.000000,0.000000,1.000000,0.11441667033580945,49.69893242641134
1782485628.793913,0.724609,-0.203368,0.658438,0.500723,0.314418,0.947785,-0.053291,0.222009,-0.613220,0.245651,0.750717,-0.522925,0.000000,0.000000,0.000000,1.000000,0.11441667033580945,49.69893242641134
1782485628.829170,0.724609,-0.203368,0.658438,0.500723,0.314418,0.947785,-0.053291,0.222009,-0.613220,0.245651,0.750717,-0.522925,0.000000,0.000000,0.000000,1.000000,0.11441667033580945,49.69893242641134
1782485628.864354,0.724609,-0.203368,0.658438,0.500723,0.314418,0.947785,-0.053291,0.222009,-0.613220,0.245651,0.750717,-0.522925,0.000000,0.000000,0.000000,1.000000,0.11441667033580945,49.69893242641134
1782485628.899639,0.724609,-0.203368,0.658438,0.500723,0.314418,0.947785,-0.053291,0.222009,-0.613220,0.245651,0.750717,-0.522925,0.000000,0.000000,0.000000,1.000000,0.11441667033580945,49.69893242641134
1782485628.935191,0.724609,-0.203368,0.658438,0.500723,0.314418,0.947785,-0.053291,0.222009,-0.613220,0.245651,0.750717,-0.522925,0.000000,0.000000,0.000000,1.000000,0.11441667033580945,49.69893242641134
1782485628.970322,0.724609,-0.203368,0.658438,0.500723,0.314418,0.947785,-0.053291,0.222009,-0.613220,0.245651,0.750717,-0.522925,0.000000,0.000000,0.000000,1.000000,0.11441667033580945,49.69893242641134
1782485629.005818,0.724609,-0.203368,0.658438,0.500723,0.314418,0.947785,-0.053291,0.222009,-0.613220,0.245651,0.750717,-0.522925,0.000000,0.000000,0.000000,1.000000,0.11441667033580945,49.69893242641134
1782485629.040986,0.724609,-0.203368,0.658438,0.500723,0.314418,0.947785,-0.053291,0.222009,-0.613220,0.245651,0.750717,-0.522925,0.000000,0.000000,0.000000,1.000000,0.11441667033580945,49.69893242641134
1782485629.076575,0.724609,-0.203368,0.658438,0.500723,0.314418,0.947785,-0.053291,0.222009,-0.613220,0.245651,0.750717,-0.522925,0.000000,0.000000,0.000000,1.000000,0.11441667033580945,49.69893242641134
1782485629.111987,0.724609,-0.203368,0.658438,0.500723,0.314418,0.947785,-0.053291,0.222009,-0.613220,0.245651,0.750717,-0.522925,0.000000,0.000000,0.000000,1.000000,0.11441667033580945,49.69893242641134
1782485629.147608,0.724609,-0.203368,0.658438,0.500723,0.314418,0.947785,-0.053291,0.222009,-0.613220,0.245651,0.750717,-0.522925,0.000000,0.000000,0.000000,1.000000,0.11441667033580945,49.69893242641134
1782485629.183454,0.724609,-0.203368,0.658438,0.500723,0.314418,0.947785,-0.053291,0.222009,-0.613220,0.245651,0.750717,-0.522925,0.000000,0.000000,0.000000,1.000000,0.11441667033580945,49.69893242641134
1782485629.218814,0.724609,-0.203368,0.658438,0.500723,0.314418,0.947785,-0.053291,0.222009,-0.613220,0.245651,0.750717,-0.522925,0.000000,0.000000,0.000000,1.000000,0.11441667033580945,49.69893242641134
1782485629.254553,0.724609,-0.203368,0.658438,0.500723,0.314418,0.947785,-0.053291,0.222009,-0.613220,0.245651,0.750717,-0.522925,0.000000,0.000000,0.000000,1.000000,0.11441667033580945,49.69893242641134
1782485629.290498,0.724609,-0.203368,0.658438,0.500723,0.314418,0.947785,-0.053291,0.222009,-0.613220,0.245651,0.750717,-0.522925,0.000000,0.000000,0.000000,1.000000,0.11441667033580945,49.69893242641134
1782485629.326409,0.724609,-0.203368,0.658438,0.500723,0.314418,0.947785,-0.053291,0.222009,-0.613220,0.245651,0.750717,-0.522925,0.000000,0.000000,0.000000,1.000000,0.11441667033580945,49.69893242641134
1782485629.361779,0.724609,-0.203368,0.658438,0.500723,0.314418,0.947785,-0.053291,0.222009,-0.613220,0.245651,0.750717,-0.522925,0.000000,0.000000,0.000000,1.000000,0.11441667033580945,49.69893242641134
1782485629.397234,0.724609,-0.203368,0.658438,0.500723,0.314418,0.947785,-0.053291,0.222009,-0.613220,0.245651,0.750717,-0.522925,0.000000,0.000000,0.000000,1.000000,0.11441667033580945,49.69893242641134
1782485629.432934,0.724609,-0.203368,0.658438,0.500723,0.314418,0.947785,-0.053291,0.222009,-0.613220,0.245651,0.750717,-0.522925,0.000000,0.000000,0.000000,1.000000,0.11441667033580945,49.69893242641134
1782485629.468821,0.724609,-0.203368,0.658438,0.500723,0.314418,0.947785,-0.053291,0.222009,-0.613220,0.245651,0.750717,-0.522925,0.000000,0.000000,0.000000,1.000000,0.11441667033580945,49.69893242641134
1782485629.504788,0.724609,-0.203368,0.658438,0.500723,0.314418,0.947785,-0.053291,0.222009,-0.613220,0.245651,0.750717,-0.522925,0.000000,0.000000,0.000000,1.000000,0.11441667033580945,49.69893242641134
1782485629.540537,0.724609,-0.203368,0.658438,0.500723,0.314418,0.947785,-0.053291,0.222009,-0.613220,0.245651,0.750717,-0.522925,0.000000,0.000000,0.000000,1.000000,0.11441667033580945,49.69893242641134
1782485629.575755,0.724609,-0.203368,0.658438,0.500723,0.314418,0.947785,-0.053291,0.222009,-0.613220,0.245651,0.750717,-0.522925,0.000000,0.000000,0.000000,1.000000,0.11441667033580945,49.69893242641134
1782485629.611464,0.724609,-0.203368,0.658438,0.500723,0.314418,0.947785,-0.053291,0.222009,-0.613220,0.245651,0.750717,-0.522925,0.000000,0.000000,0.000000,1.000000,0.11441667033580945,49.69893242641134
1782485629.646681,0.724609,-0.203368,0.658438,0.500723,0.314418,0.947785,-0.053291,0.222009,-0.613220,0.245651,0.750717,-0.522925,0.000000,0.000000,0.000000,1.000000,0.11441667033580945,49.69893242641134
1782485629.682176,0.724609,-0.203368,0.658438,0.500723,0.314418,0.947785,-0.053291,0.222009,-0.613220,0.245651,0.750717,-0.522925,0.000000,0.000000,0.000000,1.000000,0.11441667033580945,49.69893242641134
1782485629.718174,0.724609,-0.203368,0.658438,0.500723,0.314418,0.947785,-0.053291,0.222009,-0.613220,0.245651,0.750717,-0.522925,0.000000,0.000000,0.000000,1.000000,0.11441667033580945,49.69893242641134
1782485629.753695,0.724609,-0.203368,0.658438,0.500723,0.314418,0.947785,-0.053291,0.222009,-0.613220,0.245651,0.750717,-0.522925,0.000000,0.000000,0.000000,1.000000,0.11441667033580945,49.69893242641134
1782485629.789584,0.724609,-0.203368,0.658438,0.500723,0.314418,0.947785,-0.053291,0.222009,-0.613220,0.245651,0.750717,-0.522925,0.000000,0.000000,0.000000,1.000000,0.11441667033580945,49.69893242641134
1782485629.825134,0.724609,-0.203368,0.658438,0.500723,0.314418,0.947785,-0.053291,0.222009,-0.613220,0.245651,0.750717,-0.522925,0.000000,0.000000,0.000000,1.000000,0.11441667033580945,49.69893242641134
1782485629.860974,0.724609,-0.203368,0.658438,0.500723,0.314418,0.947785,-0.053291,0.222009,-0.613220,0.245651,0.750717,-0.522925,0.000000,0.000000,0.000000,1.000000,0.11441667033580945,49.69893242641134
1782485629.896845,0.724609,-0.203368,0.658438,0.500723,0.314418,0.947785,-0.053291,0.222009,-0.613220,0.245651,0.750717,-0.522925,0.000000,0.000000,0.000000,1.000000,0.11441667033580945,49.69893242641134
1782485629.932847,0.724609,-0.203368,0.658438,0.500723,0.314418,0.947785,-0.053291,0.222009,-0.613220,0.245651,0.750717,-0.522925,0.000000,0.000000,0.000000,1.000000,0.11441667033580945,49.69893242641134
1782485629.968517,0.724609,-0.203368,0.658438,0.500723,0.314418,0.947785,-0.053291,0.222009,-0.613220,0.245651,0.750717,-0.522925,0.000000,0.000000,0.000000,1.000000,0.11441667033580945,49.69893242641134
1782485630.003651,0.724609,-0.203368,0.658438,0.500723,0.314418,0.947785,-0.053291,0.222009,-0.613220,0.245651,0.750717,-0.522925,0.000000,0.000000,0.000000,1.000000,0.11441667033580945,49.69893242641134
1782485630.038887,0.724609,-0.203368,0.658438,0.500723,0.314418,0.947785,-0.053291,0.222009,-0.613220,0.245651,0.750717,-0.522925,0.000000,0.000000,0.000000,1.000000,0.11441667033580945,49.69893242641134
1782485630.074262,0.724609,-0.203368,0.658438,0.500723,0.314418,0.947785,-0.053291,0.222009,-0.613220,0.245651,0.750717,-0.522925,0.000000,0.000000,0.000000,1.000000,0.11441667033580945,49.69893242641134
1782485630.109941,0.724609,-0.203368,0.658438,0.500723,0.314418,0.947785,-0.053291,0.222009,-0.613220,0.245651,0.750717,-0.522925,0.000000,0.000000,0.000000,1.000000,0.11441667033580945,49.69893242641134
1782485630.144755,0.724609,-0.203368,0.658438,0.500723,0.314418,0.947785,-0.053291,0.222009,-0.613220,0.245651,0.750717,-0.522925,0.000000,0.000000,0.000000,1.000000,0.11441667033580945,49.69893242641134
1782485630.179856,0.724609,-0.203368,0.658438,0.500723,0.314418,0.947785,-0.053291,0.222009,-0.613220,0.245651,0.750717,-0.522925,0.000000,0.000000,0.000000,1.000000,0.11441667033580945,49.69893242641134
1782485630.215012,0.724609,-0.203368,0.658438,0.500723,0.314418,0.947785,-0.053291,0.222009,-0.613220,0.245651,0.750717,-0.522925,0.000000,0.000000,0.000000,1.000000,0.11441667033580945,49.69893242641134
1782485630.250664,0.724609,-0.203368,0.658438,0.500723,0.314418,0.947785,-0.053291,0.222009,-0.613220,0.245651,0.750717,-0.522925,0.000000,0.000000,0.000000,1.000000,0.11441667033580945,49.69893242641134
1782485630.285926,0.724609,-0.203368,0.658438,0.500723,0.314418,0.947785,-0.053291,0.222009,-0.613220,0.245651,0.750717,-0.522925,0.000000,0.000000,0.000000,1.000000,0.11441667033580945,49.69893242641134
1782485630.321316,0.724609,-0.203368,0.658438,0.500723,0.314418,0.947785,-0.053291,0.222009,-0.613220,0.245651,0.750717,-0.522925,0.000000,0.000000,0.000000,1.000000,0.11441667033580945,49.69893242641134
1782485630.357166,0.724609,-0.203368,0.658438,0.500723,0.314418,0.947785,-0.053291,0.222009,-0.613220,0.245651,0.750717,-0.522925,0.000000,0.000000,0.000000,1.000000,0.11441667033580945,49.69893242641134
1782485630.392732,0.724609,-0.203368,0.658438,0.500723,0.314418,0.947785,-0.053291,0.222009,-0.613220,0.245651,0.750717,-0.522925,0.000000,0.000000,0.000000,1.000000,0.11441667033580945,49.69893242641134
1782485630.428001,0.724609,-0.203368,0.658438,0.500723,0.314418,0.947785,-0.053291,0.222009,-0.613220,0.245651,0.750717,-0.522925,0.000000,0.000000,0.000000,1.000000,0.11441667033580945,49.69893242641134
1782485630.463653,0.724609,-0.203368,0.658438,0.500723,0.314418,0.947785,-0.053291,0.222009,-0.613220,0.245651,0.750717,-0.522925,0.000000,0.000000,0.000000,1.000000,0.11441667033580945,49.69893242641134
1782485630.498708,0.724609,-0.203368,0.658438,0.500723,0.314418,0.947785,-0.053291,0.222009,-0.613220,0.245651,0.750717,-0.522925,0.000000,0.000000,0.000000,1.000000,0.11441667033580945,49.69893242641134
1782485630.533717,0.724609,-0.203368,0.658438,0.500723,0.314418,0.947785,-0.053291,0.222009,-0.613220,0.245651,0.750717,-0.522925,0.000000,0.000000,0.000000,1.000000,0.11441667033580945,49.69893242641134
1782485630.569496,0.724609,-0.203368,0.658438,0.500723,0.314418,0.947785,-0.053291,0.222009,-0.613220,0.245651,0.750717,-0.522925,0.000000,0.000000,0.000000,1.000000,0.11441667033580945,49.69893242641134
1782485630.605510,0.724609,-0.203368,0.658438,0.500723,0.314418,0.947785,-0.053291,0.222009,-0.613220,0.245651,0.750717,-0.522925,0.000000,0.000000,0.000000,1.000000,0.11441667033580945,49.69893242641134
1782485630.641072,0.724609,-0.203368,0.658438,0.500723,0.314418,0.947785,-0.053291,0.222009,-0.613220,0.245651,0.750717,-0.522925,0.000000,0.000000,0.000000,1.000000,0.11441667033580945,49.69893242641134
1782485630.676514,0.724609,-0.203368,0.658438,0.500723,0.314418,0.947785,-0.053291,0.222009,-0.613220,0.245651,0.750717,-0.522925,0.000000,0.000000,0.000000,1.000000,0.11441667033580945,49.69893242641134
1782485630.711902,0.724609,-0.203368,0.658438,0.500723,0.314418,0.947785,-0.053291,0.222009,-0.613220,0.245651,0.750717,-0.522925,0.000000,0.000000,0.000000,1.000000,0.11441667033580945,49.69893242641134
1782485630.747497,0.724609,-0.203368,0.658438,0.500723,0.314418,0.947785,-0.053291,0.222009,-0.613220,0.245651,0.750717,-0.522925,0.000000,0.000000,0.000000,1.000000,0.11441667033580945,49.69893242641134
1782485630.783296,0.724609,-0.203368,0.658438,0.500723,0.314418,0.947785,-0.053291,0.222009,-0.613220,0.245651,0.750717,-0.522925,0.000000,0.000000,0.000000,1.000000,0.11441667033580945,49.69893242641134
1782485630.819435,0.724609,-0.203368,0.658438,0.500723,0.314418,0.947785,-0.053291,0.222009,-0.613220,0.245651,0.750717,-0.522925,0.000000,0.000000,0.000000,1.000000,0.11441667033580945,49.69893242641134
1782485630.855105,0.724609,-0.203368,0.658438,0.500723,0.314418,0.947785,-0.053291,0.222009,-0.613220,0.245651,0.750717,-0.522925,0.000000,0.000000,0.000000,1.000000,0.11441667033580945,49.69893242641134
1782485630.890780,0.724609,-0.203368,0.658438,0.500723,0.314418,0.947785,-0.053291,0.222009,-0.613220,0.245651,0.750717,-0.522925,0.000000,0.000000,0.000000,1.000000,0.11441667033580945,49.69893242641134
1782485630.925808,0.724609,-0.203368,0.658438,0.500723,0.314418,0.947785,-0.053291,0.222009,-0.613220,0.245651,0.750717,-0.522925,0.000000,0.000000,0.000000,1.000000,0.11441667033580945,49.69893242641134
1782485630.961825,0.724609,-0.203368,0.658438,0.500723,0.314418,0.947785,-0.053291,0.222009,-0.613220,0.245651,0.750717,-0.522925,0.000000,0.000000,0.000000,1.000000,0.11441667033580945,49.69893242641134
1782485630.997874,0.724609,-0.203368,0.658438,0.500723,0.314418,0.947785,-0.053291,0.222009,-0.613220,0.245651,0.750717,-0.522925,0.000000,0.000000,0.000000,1.000000,0.11441667033580945,49.69893242641134
1782485631.033651,0.724609,-0.203368,0.658438,0.500723,0.314418,0.947785,-0.053291,0.222009,-0.613220,0.245651,0.750717,-0.522925,0.000000,0.000000,0.000000,1.000000,0.11441667033580945,49.69893242641134
1782485631.068850,0.724609,-0.203368,0.658438,0.500723,0.314418,0.947785,-0.053291,0.222009,-0.613220,0.245651,0.750717,-0.522925,0.000000,0.000000,0.000000,1.000000,0.11441667033580945,49.69893242641134
1782485631.104556,0.724609,-0.203368,0.658438,0.500723,0.314418,0.947785,-0.053291,0.222009,-0.613220,0.245651,0.750717,-0.522925,0.000000,0.000000,0.000000,1.000000,0.11441667033580945,49.69893242641134
1782485631.140403,0.724609,-0.203368,0.658438,0.500723,0.314418,0.947785,-0.053291,0.222009,-0.613220,0.245651,0.750717,-0.522925,0.000000,0.000000,0.000000,1.000000,0.11441667033580945,49.69893242641134
1782485631.176025,0.724609,-0.203368,0.658438,0.500723,0.314418,0.947785,-0.053291,0.222009,-0.613220,0.245651,0.750717,-0.522925,0.000000,0.000000,0.000000,1.000000,0.11441667033580945,49.69893242641134
1782485631.211778,0.724609,-0.203368,0.658438,0.500723,0.314418,0.947785,-0.053291,0.222009,-0.613220,0.245651,0.750717,-0.522925,0.000000,0.000000,0.000000,1.000000,0.11441667033580945,49.69893242641134
1782485631.246798,0.724609,-0.203368,0.658438,0.500723,0.314418,0.947785,-0.053291,0.222009,-0.613220,0.245651,0.750717,-0.522925,0.000000,0.000000,0.000000,1.000000,0.11441667033580945,49.69893242641134
1782485631.282318,0.724609,-0.203368,0.658438,0.500723,0.314418,0.947785,-0.053291,0.222009,-0.613220,0.245651,0.750717,-0.522925,0.000000,0.000000,0.000000,1.000000,0.11441667033580945,49.69893242641134
1782485631.318097,0.724609,-0.203368,0.658438,0.500723,0.314418,0.947785,-0.053291,0.222009,-0.613220,0.245651,0.750717,-0.522925,0.000000,0.000000,0.000000,1.000000,0.11441667033580945,49.69893242641134
1782485631.353884,0.724609,-0.203368,0.658438,0.500723,0.314418,0.947785,-0.053291,0.222009,-0.613220,0.245651,0.750717,-0.522925,0.000000,0.000000,0.000000,1.000000,0.11441667033580945,49.69893242641134
1782485631.389954,0.724609,-0.203368,0.658438,0.500723,0.314418,0.947785,-0.053291,0.222009,-0.613220,0.245651,0.750717,-0.522925,0.000000,0.000000,0.000000,1.000000,0.11441667033580945,49.69893242641134
1782485631.425720,0.724609,-0.203368,0.658438,0.500723,0.314418,0.947785,-0.053291,0.222009,-0.613220,0.245651,0.750717,-0.522925,0.000000,0.000000,0.000000,1.000000,0.11441667033580945,49.69893242641134
1782485631.461728,0.724609,-0.203368,0.658438,0.500723,0.314418,0.947785,-0.053291,0.222009,-0.613220,0.245651,0.750717,-0.522925,0.000000,0.000000,0.000000,1.000000,0.11441667033580945,49.69893242641134
1782485631.497237,0.724609,-0.203368,0.658438,0.500723,0.314418,0.947785,-0.053291,0.222009,-0.613220,0.245651,0.750717,-0.522925,0.000000,0.000000,0.000000,1.000000,0.11441667033580945,49.69893242641134
1782485631.532366,0.724609,-0.203368,0.658438,0.500723,0.314418,0.947785,-0.053291,0.222009,-0.613220,0.245651,0.750717,-0.522925,0.000000,0.000000,0.000000,1.000000,0.11441667033580945,49.69893242641134
1782485631.567976,0.724609,-0.203368,0.658438,0.500723,0.314418,0.947785,-0.053291,0.222009,-0.613220,0.245651,0.750717,-0.522925,0.000000,0.000000,0.000000,1.000000,0.11441667033580945,49.69893242641134
1782485631.603838,0.724609,-0.203368,0.658438,0.500723,0.314418,0.947785,-0.053291,0.222009,-0.613220,0.245651,0.750717,-0.522925,0.000000,0.000000,0.000000,1.000000,0.11441667033580945,49.69893242641134
1782485631.639660,0.724609,-0.203368,0.658438,0.500723,0.314418,0.947785,-0.053291,0.222009,-0.613220,0.245651,0.750717,-0.522925,0.000000,0.000000,0.000000,1.000000,0.11441667033580945,49.69893242641134
1782485631.675326,0.724609,-0.203368,0.658438,0.500723,0.314418,0.947785,-0.053291,0.222009,-0.613220,0.245651,0.750717,-0.522925,0.000000,0.000000,0.000000,1.000000,0.11441667033580945,49.69893242641134
1782485631.711063,0.724609,-0.203368,0.658438,0.500723,0.314418,0.947785,-0.053291,0.222009,-0.613220,0.245651,0.750717,-0.522925,0.000000,0.000000,0.000000,1.000000,0.11441667033580945,49.69893242641134
1782485631.746901,0.724609,-0.203368,0.658438,0.500723,0.314418,0.947785,-0.053291,0.222009,-0.613220,0.245651,0.750717,-0.522925,0.000000,0.000000,0.000000,1.000000,0.11441667033580945,49.69893242641134
1782485631.782532,0.724609,-0.203368,0.658438,0.500723,0.314418,0.947785,-0.053291,0.222009,-0.613220,0.245651,0.750717,-0.522925,0.000000,0.000000,0.000000,1.000000,0.11441667033580945,49.69893242641134
1782485631.818284,0.724609,-0.203368,0.658438,0.500723,0.314418,0.947785,-0.053291,0.222009,-0.613220,0.245651,0.750717,-0.522925,0.000000,0.000000,0.000000,1.000000,0.11441667033580945,49.69893242641134
1782485631.853974,0.724609,-0.203368,0.658438,0.500723,0.314418,0.947785,-0.053291,0.222009,-0.613220,0.245651,0.750717,-0.522925,0.000000,0.000000,0.000000,1.000000,0.11441667033580945,49.69893242641134
1782485631.889409,0.724609,-0.203368,0.658438,0.500723,0.314418,0.947785,-0.053291,0.222009,-0.613220,0.245651,0.750717,-0.522925,0.000000,0.000000,0.000000,1.000000,0.11441667033580945,49.69893242641134
1782485631.925048,0.724609,-0.203368,0.658438,0.500723,0.314418,0.947785,-0.053291,0.222009,-0.613220,0.245651,0.750717,-0.522925,0.000000,0.000000,0.000000,1.000000,0.11441667033580945,49.69893242641134
1782485631.959776,0.724609,-0.203368,0.658438,0.500723,0.314418,0.947785,-0.053291,0.222009,-0.613220,0.245651,0.750717,-0.522925,0.000000,0.000000,0.000000,1.000000,0.11441667033580945,49.69893242641134
1782485631.995461,0.724609,-0.203368,0.658438,0.500723,0.314418,0.947785,-0.053291,0.222009,-0.613220,0.245651,0.750717,-0.522925,0.000000,0.000000,0.000000,1.000000,0.11441667033580945,49.69893242641134
1782485632.031587,0.724609,-0.203368,0.658438,0.500723,0.314418,0.947785,-0.053291,0.222009,-0.613220,0.245651,0.750717,-0.522925,0.000000,0.000000,0.000000,1.000000,0.11441667033580945,49.69893242641134
1782485632.067603,0.724609,-0.203368,0.658438,0.500723,0.314418,0.947785,-0.053291,0.222009,-0.613220,0.245651,0.750717,-0.522925,0.000000,0.000000,0.000000,1.000000,0.11441667033580945,49.69893242641134
1782485632.102943,0.724609,-0.203368,0.658438,0.500723,0.314418,0.947785,-0.053291,0.222009,-0.613220,0.245651,0.750717,-0.522925,0.000000,0.000000,0.000000,1.000000,0.11441667033580945,49.69893242641134
1782485632.138593,0.724609,-0.203368,0.658438,0.500723,0.314418,0.947785,-0.053291,0.222009,-0.613220,0.245651,0.750717,-0.522925,0.000000,0.000000,0.000000,1.000000,0.11441667033580945,49.69893242641134
1782485632.174449,0.724609,-0.203368,0.658438,0.500723,0.314418,0.947785,-0.053291,0.222009,-0.613220,0.245651,0.750717,-0.522925,0.000000,0.000000,0.000000,1.000000,0.11441667033580945,49.69893242641134
1782485632.210233,0.724609,-0.203368,0.658438,0.500723,0.314418,0.947785,-0.053291,0.222009,-0.613220,0.245651,0.750717,-0.522925,0.000000,0.000000,0.000000,1.000000,0.11441667033580945,49.69893242641134
1782485632.246109,0.724609,-0.203368,0.658438,0.500723,0.314418,0.947785,-0.053291,0.222009,-0.613220,0.245651,0.750717,-0.522925,0.000000,0.000000,0.000000,1.000000,0.11441667033580945,49.69893242641134
1782485632.281949,0.724609,-0.203368,0.658438,0.500723,0.314418,0.947785,-0.053291,0.222009,-0.613220,0.245651,0.750717,-0.522925,0.000000,0.000000,0.000000,1.000000,0.11441667033580945,49.69893242641134
1782485632.317829,0.724609,-0.203368,0.658438,0.500723,0.314418,0.947785,-0.053291,0.222009,-0.613220,0.245651,0.750717,-0.522925,0.000000,0.000000,0.000000,1.000000,0.11441667033580945,49.69893242641134
1782485632.353655,0.724609,-0.203368,0.658438,0.500723,0.314418,0.947785,-0.053291,0.222009,-0.613220,0.245651,0.750717,-0.522925,0.000000,0.000000,0.000000,1.000000,0.11441667033580945,49.69893242641134
1782485632.389740,0.724609,-0.203368,0.658438,0.500723,0.314418,0.947785,-0.053291,0.222009,-0.613220,0.245651,0.750717,-0.522925,0.000000,0.000000,0.000000,1.000000,0.11441667033580945,49.69893242641134
1782485632.424619,0.724609,-0.203368,0.658438,0.500723,0.314418,0.947785,-0.053291,0.222009,-0.613220,0.245651,0.750717,-0.522925,0.000000,0.000000,0.000000,1.000000,0.11441667033580945,49.69893242641134
1782485632.460603,0.724609,-0.203368,0.658438,0.500723,0.314418,0.947785,-0.053291,0.222009,-0.613220,0.245651,0.750717,-0.522925,0.000000,0.000000,0.000000,1.000000,0.11441667033580945,49.69893242641134
1782485632.496381,0.724609,-0.203368,0.658438,0.500723,0.314418,0.947785,-0.053291,0.222009,-0.613220,0.245651,0.750717,-0.522925,0.000000,0.000000,0.000000,1.000000,0.11441667033580945,49.69893242641134
1782485632.532350,0.724609,-0.203368,0.658438,0.500723,0.314418,0.947785,-0.053291,0.222009,-0.613220,0.245651,0.750717,-0.522925,0.000000,0.000000,0.000000,1.000000,0.11441667033580945,49.69893242641134
1782485632.568021,0.724609,-0.203368,0.658438,0.500723,0.314418,0.947785,-0.053291,0.222009,-0.613220,0.245651,0.750717,-0.522925,0.000000,0.000000,0.000000,1.000000,0.11441667033580945,49.69893242641134
1782485632.603848,0.724609,-0.203368,0.658438,0.500723,0.314418,0.947785,-0.053291,0.222009,-0.613220,0.245651,0.750717,-0.522925,0.000000,0.000000,0.000000,1.000000,0.11441667033580945,49.69893242641134
1782485632.639487,0.724609,-0.203368,0.658438,0.500723,0.314418,0.947785,-0.053291,0.222009,-0.613220,0.245651,0.750717,-0.522925,0.000000,0.000000,0.000000,1.000000,0.11441667033580945,49.69893242641134
1782485632.675103,0.724609,-0.203368,0.658438,0.500723,0.314418,0.947785,-0.053291,0.222009,-0.613220,0.245651,0.750717,-0.522925,0.000000,0.000000,0.000000,1.000000,0.11441667033580945,49.69893242641134
1782485632.710700,0.724609,-0.203368,0.658438,0.500723,0.314418,0.947785,-0.053291,0.222009,-0.613220,0.245651,0.750717,-0.522925,0.000000,0.000000,0.000000,1.000000,0.11441667033580945,49.69893242641134
1782485632.746846,0.724609,-0.203368,0.658438,0.500723,0.314418,0.947785,-0.053291,0.222009,-0.613220,0.245651,0.750717,-0.522925,0.000000,0.000000,0.000000,1.000000,0.11441667033580945,49.69893242641134
1782485632.782731,0.724609,-0.203368,0.658438,0.500723,0.314418,0.947785,-0.053291,0.222009,-0.613220,0.245651,0.750717,-0.522925,0.000000,0.000000,0.000000,1.000000,0.11441667033580945,49.69893242641134
1782485632.818803,0.724609,-0.203368,0.658438,0.500723,0.314418,0.947785,-0.053291,0.222009,-0.613220,0.245651,0.750717,-0.522925,0.000000,0.000000,0.000000,1.000000,0.11441667033580945,49.69893242641134
1782485632.854755,0.724609,-0.203368,0.658438,0.500723,0.314418,0.947785,-0.053291,0.222009,-0.613220,0.245651,0.750717,-0.522925,0.000000,0.000000,0.000000,1.000000,0.11441667033580945,49.69893242641134
1782485632.890472,0.724609,-0.203368,0.658438,0.500723,0.314418,0.947785,-0.053291,0.222009,-0.613220,0.245651,0.750717,-0.522925,0.000000,0.000000,0.000000,1.000000,0.11441667033580945,49.69893242641134
1782485632.926653,0.724609,-0.203368,0.658438,0.500723,0.314418,0.947785,-0.053291,0.222009,-0.613220,0.245651,0.750717,-0.522925,0.000000,0.000000,0.000000,1.000000,0.11441667033580945,49.69893242641134
1782485632.961613,0.724609,-0.203368,0.658438,0.500723,0.314418,0.947785,-0.053291,0.222009,-0.613220,0.245651,0.750717,-0.522925,0.000000,0.000000,0.000000,1.000000,0.11441667033580945,49.69893242641134
1782485632.996635,0.724609,-0.203368,0.658438,0.500723,0.314418,0.947785,-0.053291,0.222009,-0.613220,0.245651,0.750717,-0.522925,0.000000,0.000000,0.000000,1.000000,0.11441667033580945,49.69893242641134
1782485633.031676,0.724609,-0.203368,0.658438,0.500723,0.314418,0.947785,-0.053291,0.222009,-0.613220,0.245651,0.750717,-0.522925,0.000000,0.000000,0.000000,1.000000,0.11441667033580945,49.69893242641134
1782485633.067445,0.724609,-0.203368,0.658438,0.500723,0.314418,0.947785,-0.053291,0.222009,-0.613220,0.245651,0.750717,-0.522925,0.000000,0.000000,0.000000,1.000000,0.11441667033580945,49.69893242641134
1782485633.103662,0.724609,-0.203368,0.658438,0.500723,0.314418,0.947785,-0.053291,0.222009,-0.613220,0.245651,0.750717,-0.522925,0.000000,0.000000,0.000000,1.000000,0.11441667033580945,49.69893242641134
1782485633.139785,0.724609,-0.203368,0.658438,0.500723,0.314418,0.947785,-0.053291,0.222009,-0.613220,0.245651,0.750717,-0.522925,0.000000,0.000000,0.000000,1.000000,0.11441667033580945,49.69893242641134
1782485633.175592,0.724609,-0.203368,0.658438,0.500723,0.314418,0.947785,-0.053291,0.222009,-0.613220,0.245651,0.750717,-0.522925,0.000000,0.000000,0.000000,1.000000,0.11441667033580945,49.69893242641134
1782485633.211389,0.724609,-0.203368,0.658438,0.500723,0.314418,0.947785,-0.053291,0.222009,-0.613220,0.245651,0.750717,-0.522925,0.000000,0.000000,0.000000,1.000000,0.11441667033580945,49.69893242641134
1782485633.247144,0.724609,-0.203368,0.658438,0.500723,0.314418,0.947785,-0.053291,0.222009,-0.613220,0.245651,0.750717,-0.522925,0.000000,0.000000,0.000000,1.000000,0.11441667033580945,49.69893242641134
1782485633.282693,0.724609,-0.203368,0.658438,0.500723,0.314418,0.947785,-0.053291,0.222009,-0.613220,0.245651,0.750717,-0.522925,0.000000,0.000000,0.000000,1.000000,0.11441667033580945,49.69893242641134
1782485633.318402,0.724609,-0.203368,0.658438,0.500723,0.314418,0.947785,-0.053291,0.222009,-0.613220,0.245651,0.750717,-0.522925,0.000000,0.000000,0.000000,1.000000,0.11441667033580945,49.69893242641134
1782485633.353976,0.724609,-0.203368,0.658438,0.500723,0.314418,0.947785,-0.053291,0.222009,-0.613220,0.245651,0.750717,-0.522925,0.000000,0.000000,0.000000,1.000000,0.11441667033580945,49.69893242641134
1782485633.389463,0.724609,-0.203368,0.658438,0.500723,0.314418,0.947785,-0.053291,0.222009,-0.613220,0.245651,0.750717,-0.522925,0.000000,0.000000,0.000000,1.000000,0.11441667033580945,49.69893242641134
1782485633.425170,0.724609,-0.203368,0.658438,0.500723,0.314418,0.947785,-0.053291,0.222009,-0.613220,0.245651,0.750717,-0.522925,0.000000,0.000000,0.000000,1.000000,0.11441667033580945,49.69893242641134
1782485633.460630,0.724609,-0.203368,0.658438,0.500723,0.314418,0.947785,-0.053291,0.222009,-0.613220,0.245651,0.750717,-0.522925,0.000000,0.000000,0.000000,1.000000,0.11441667033580945,49.69893242641134
1782485633.496387,0.724609,-0.203368,0.658438,0.500723,0.314418,0.947785,-0.053291,0.222009,-0.613220,0.245651,0.750717,-0.522925,0.000000,0.000000,0.000000,1.000000,0.11441667033580945,49.69893242641134
1782485633.532422,0.724609,-0.203368,0.658438,0.500723,0.314418,0.947785,-0.053291,0.222009,-0.613220,0.245651,0.750717,-0.522925,0.000000,0.000000,0.000000,1.000000,0.11441667033580945,49.69893242641134
1782485633.568447,0.724609,-0.203368,0.658438,0.500723,0.314418,0.947785,-0.053291,0.222009,-0.613220,0.245651,0.750717,-0.522925,0.000000,0.000000,0.000000,1.000000,0.11441667033580945,49.69893242641134
1782485633.603898,0.724609,-0.203368,0.658438,0.500723,0.314418,0.947785,-0.053291,0.222009,-0.613220,0.245651,0.750717,-0.522925,0.000000,0.000000,0.000000,1.000000,0.11441667033580945,49.69893242641134
1782485633.639372,0.724609,-0.203368,0.658438,0.500723,0.314418,0.947785,-0.053291,0.222009,-0.613220,0.245651,0.750717,-0.522925,0.000000,0.000000,0.000000,1.000000,0.11441667033580945,49.69893242641134
1782485633.674965,0.724609,-0.203368,0.658438,0.500723,0.314418,0.947785,-0.053291,0.222009,-0.613220,0.245651,0.750717,-0.522925,0.000000,0.000000,0.000000,1.000000,0.11441667033580945,49.69893242641134
1782485633.710455,0.724609,-0.203368,0.658438,0.500723,0.314418,0.947785,-0.053291,0.222009,-0.613220,0.245651,0.750717,-0.522925,0.000000,0.000000,0.000000,1.000000,0.11441667033580945,49.69893242641134
1782485633.746090,0.724609,-0.203368,0.658438,0.500723,0.314418,0.947785,-0.053291,0.222009,-0.613220,0.245651,0.750717,-0.522925,0.000000,0.000000,0.000000,1.000000,0.11441667033580945,49.69893242641134
1782485633.781865,0.724609,-0.203368,0.658438,0.500723,0.314418,0.947785,-0.053291,0.222009,-0.613220,0.245651,0.750717,-0.522925,0.000000,0.000000,0.000000,1.000000,0.11441667033580945,49.69893242641134
1782485633.817875,0.724609,-0.203368,0.658438,0.500723,0.314418,0.947785,-0.053291,0.222009,-0.613220,0.245651,0.750717,-0.522925,0.000000,0.000000,0.000000,1.000000,0.11441667033580945,49.69893242641134
1782485633.853419,0.724609,-0.203368,0.658438,0.500723,0.314418,0.947785,-0.053291,0.222009,-0.613220,0.245651,0.750717,-0.522925,0.000000,0.000000,0.000000,1.000000,0.11441667033580945,49.69893242641134
1782485633.889024,0.724609,-0.203368,0.658438,0.500723,0.314418,0.947785,-0.053291,0.222009,-0.613220,0.245651,0.750717,-0.522925,0.000000,0.000000,0.000000,1.000000,0.11441667033580945,49.69893242641134
1782485633.924977,0.724609,-0.203368,0.658438,0.500723,0.314418,0.947785,-0.053291,0.222009,-0.613220,0.245651,0.750717,-0.522925,0.000000,0.000000,0.000000,1.000000,0.11441667033580945,49.69893242641134
1782485633.961071,0.724609,-0.203368,0.658438,0.500723,0.314418,0.947785,-0.053291,0.222009,-0.613220,0.245651,0.750717,-0.522925,0.000000,0.000000,0.000000,1.000000,0.11441667033580945,49.69893242641134
1782485633.996934,0.724609,-0.203368,0.658438,0.500723,0.314418,0.947785,-0.053291,0.222009,-0.613220,0.245651,0.750717,-0.522925,0.000000,0.000000,0.000000,1.000000,0.11441667033580945,49.69893242641134
1782485634.031823,0.724609,-0.203368,0.658438,0.500723,0.314418,0.947785,-0.053291,0.222009,-0.613220,0.245651,0.750717,-0.522925,0.000000,0.000000,0.000000,1.000000,0.11441667033580945,49.69893242641134
1782485634.066888,0.724609,-0.203368,0.658438,0.500723,0.314418,0.947785,-0.053291,0.222009,-0.613220,0.245651,0.750717,-0.522925,0.000000,0.000000,0.000000,1.000000,0.11441667033580945,49.69893242641134
1782485634.102906,0.724609,-0.203368,0.658438,0.500723,0.314418,0.947785,-0.053291,0.222009,-0.613220,0.245651,0.750717,-0.522925,0.000000,0.000000,0.000000,1.000000,0.11441667033580945,49.69893242641134
1782485634.138822,0.724609,-0.203368,0.658438,0.500723,0.314418,0.947785,-0.053291,0.222009,-0.613220,0.245651,0.750717,-0.522925,0.000000,0.000000,0.000000,1.000000,0.11441667033580945,49.69893242641134
1782485634.174308,0.724609,-0.203368,0.658438,0.500723,0.314418,0.947785,-0.053291,0.222009,-0.613220,0.245651,0.750717,-0.522925,0.000000,0.000000,0.000000,1.000000,0.11441667033580945,49.69893242641134
1782485634.209815,0.724609,-0.203368,0.658438,0.500723,0.314418,0.947785,-0.053291,0.222009,-0.613220,0.245651,0.750717,-0.522925,0.000000,0.000000,0.000000,1.000000,0.11441667033580945,49.69893242641134
1782485634.245878,0.724609,-0.203368,0.658438,0.500723,0.314418,0.947785,-0.053291,0.222009,-0.613220,0.245651,0.750717,-0.522925,0.000000,0.000000,0.000000,1.000000,0.11441667033580945,49.69893242641134
1782485634.281052,0.724609,-0.203368,0.658438,0.500723,0.314418,0.947785,-0.053291,0.222009,-0.613220,0.245651,0.750717,-0.522925,0.000000,0.000000,0.000000,1.000000,0.11441667033580945,49.69893242641134
1782485634.316353,0.724609,-0.203368,0.658438,0.500723,0.314418,0.947785,-0.053291,0.222009,-0.613220,0.245651,0.750717,-0.522925,0.000000,0.000000,0.000000,1.000000,0.11441667033580945,49.69893242641134
1782485634.351590,0.724609,-0.203368,0.658438,0.500723,0.314418,0.947785,-0.053291,0.222009,-0.613220,0.245651,0.750717,-0.522925,0.000000,0.000000,0.000000,1.000000,0.11441667033580945,49.69893242641134
1782485634.387142,0.724609,-0.203368,0.658438,0.500723,0.314418,0.947785,-0.053291,0.222009,-0.613220,0.245651,0.750717,-0.522925,0.000000,0.000000,0.000000,1.000000,0.11441667033580945,49.69893242641134
1782485634.422749,0.724609,-0.203368,0.658438,0.500723,0.314418,0.947785,-0.053291,0.222009,-0.613220,0.245651,0.750717,-0.522925,0.000000,0.000000,0.000000,1.000000,0.11441667033580945,49.69893242641134
1782485634.457848,0.724609,-0.203368,0.658438,0.500723,0.314418,0.947785,-0.053291,0.222009,-0.613220,0.245651,0.750717,-0.522925,0.000000,0.000000,0.000000,1.000000,0.11441667033580945,49.69893242641134
1782485634.493089,0.724609,-0.203368,0.658438,0.500723,0.314418,0.947785,-0.053291,0.222009,-0.613220,0.245651,0.750717,-0.522925,0.000000,0.000000,0.000000,1.000000,0.11441667033580945,49.69893242641134
1782485634.528061,0.724609,-0.203368,0.658438,0.500723,0.314418,0.947785,-0.053291,0.222009,-0.613220,0.245651,0.750717,-0.522925,0.000000,0.000000,0.000000,1.000000,0.11441667033580945,49.69893242641134
1782485634.563649,0.724609,-0.203368,0.658438,0.500723,0.314418,0.947785,-0.053291,0.222009,-0.613220,0.245651,0.750717,-0.522925,0.000000,0.000000,0.000000,1.000000,0.11441667033580945,49.69893242641134
1782485634.598907,0.724609,-0.203368,0.658438,0.500723,0.314418,0.947785,-0.053291,0.222009,-0.613220,0.245651,0.750717,-0.522925,0.000000,0.000000,0.000000,1.000000,0.11441667033580945,49.69893242641134
1782485634.634657,0.724609,-0.203368,0.658438,0.500723,0.314418,0.947785,-0.053291,0.222009,-0.613220,0.245651,0.750717,-0.522925,0.000000,0.000000,0.000000,1.000000,0.11441667033580945,49.69893242641134
1782485634.670324,0.724609,-0.203368,0.658438,0.500723,0.314418,0.947785,-0.053291,0.222009,-0.613220,0.245651,0.750717,-0.522925,0.000000,0.000000,0.000000,1.000000,0.11441667033580945,49.69893242641134
1782485634.706509,0.724609,-0.203368,0.658438,0.500723,0.314418,0.947785,-0.053291,0.222009,-0.613220,0.245651,0.750717,-0.522925,0.000000,0.000000,0.000000,1.000000,0.11441667033580945,49.69893242641134
1782485634.742212,0.724609,-0.203368,0.658438,0.500723,0.314418,0.947785,-0.053291,0.222009,-0.613220,0.245651,0.750717,-0.522925,0.000000,0.000000,0.000000,1.000000,0.11441667033580945,49.69893242641134
1782485634.778312,0.724609,-0.203368,0.658438,0.500723,0.314418,0.947785,-0.053291,0.222009,-0.613220,0.245651,0.750717,-0.522925,0.000000,0.000000,0.000000,1.000000,0.11441667033580945,49.69893242641134
1782485634.813776,0.724609,-0.203368,0.658438,0.500723,0.314418,0.947785,-0.053291,0.222009,-0.613220,0.245651,0.750717,-0.522925,0.000000,0.000000,0.000000,1.000000,0.11441667033580945,49.69893242641134
1782485634.849264,0.724609,-0.203368,0.658438,0.500723,0.314418,0.947785,-0.053291,0.222009,-0.613220,0.245651,0.750717,-0.522925,0.000000,0.000000,0.000000,1.000000,0.11441667033580945,49.69893242641134
1782485634.884945,0.724609,-0.203368,0.658438,0.500723,0.314418,0.947785,-0.053291,0.222009,-0.613220,0.245651,0.750717,-0.522925,0.000000,0.000000,0.000000,1.000000,0.11441667033580945,49.69893242641134
1782485634.920597,0.724609,-0.203368,0.658438,0.500723,0.314418,0.947785,-0.053291,0.222009,-0.613220,0.245651,0.750717,-0.522925,0.000000,0.000000,0.000000,1.000000,0.11441667033580945,49.69893242641134
1782485634.956013,0.724609,-0.203368,0.658438,0.500723,0.314418,0.947785,-0.053291,0.222009,-0.613220,0.245651,0.750717,-0.522925,0.000000,0.000000,0.000000,1.000000,0.11441667033580945,49.69893242641134
1782485634.991433,0.724609,-0.203368,0.658438,0.500723,0.314418,0.947785,-0.053291,0.222009,-0.613220,0.245651,0.750717,-0.522925,0.000000,0.000000,0.000000,1.000000,0.11441667033580945,49.69893242641134
1782485635.026862,0.724609,-0.203368,0.658438,0.500723,0.314418,0.947785,-0.053291,0.222009,-0.613220,0.245651,0.750717,-0.522925,0.000000,0.000000,0.000000,1.000000,0.11441667033580945,49.69893242641134
1782485635.062134,0.724609,-0.203368,0.658438,0.500723,0.314418,0.947785,-0.053291,0.222009,-0.613220,0.245651,0.750717,-0.522925,0.000000,0.000000,0.000000,1.000000,0.11441667033580945,49.69893242641134
1782485635.097443,0.724609,-0.203368,0.658438,0.500723,0.314418,0.947785,-0.053291,0.222009,-0.613220,0.245651,0.750717,-0.522925,0.000000,0.000000,0.000000,1.000000,0.11441667033580945,49.69893242641134
1782485635.133023,0.724609,-0.203368,0.658438,0.500723,0.314418,0.947785,-0.053291,0.222009,-0.613220,0.245651,0.750717,-0.522925,0.000000,0.000000,0.000000,1.000000,0.11441667033580945,49.69893242641134
1782485635.168610,0.724609,-0.203368,0.658438,0.500723,0.314418,0.947785,-0.053291,0.222009,-0.613220,0.245651,0.750717,-0.522925,0.000000,0.000000,0.000000,1.000000,0.11441667033580945,49.69893242641134
1782485635.204194,0.724609,-0.203368,0.658438,0.500723,0.314418,0.947785,-0.053291,0.222009,-0.613220,0.245651,0.750717,-0.522925,0.000000,0.000000,0.000000,1.000000,0.11441667033580945,49.69893242641134
1782485635.239927,0.724609,-0.203368,0.658438,0.500723,0.314418,0.947785,-0.053291,0.222009,-0.613220,0.245651,0.750717,-0.522925,0.000000,0.000000,0.000000,1.000000,0.11441667033580945,49.69893242641134
1782485635.275149,0.724609,-0.203368,0.658438,0.500723,0.314418,0.947785,-0.053291,0.222009,-0.613220,0.245651,0.750717,-0.522925,0.000000,0.000000,0.000000,1.000000,0.11441667033580945,49.69893242641134
1782485635.310773,0.724609,-0.203368,0.658438,0.500723,0.314418,0.947785,-0.053291,0.222009,-0.613220,0.245651,0.750717,-0.522925,0.000000,0.000000,0.000000,1.000000,0.11441667033580945,49.69893242641134
1782485635.346465,0.724609,-0.203368,0.658438,0.500723,0.314418,0.947785,-0.053291,0.222009,-0.613220,0.245651,0.750717,-0.522925,0.000000,0.000000,0.000000,1.000000,0.11441667033580945,49.69893242641134
1782485635.381743,0.724609,-0.203368,0.658438,0.500723,0.314418,0.947785,-0.053291,0.222009,-0.613220,0.245651,0.750717,-0.522925,0.000000,0.000000,0.000000,1.000000,0.11441667033580945,49.69893242641134
1782485635.417114,0.724609,-0.203368,0.658438,0.500723,0.314418,0.947785,-0.053291,0.222009,-0.613220,0.245651,0.750717,-0.522925,0.000000,0.000000,0.000000,1.000000,0.11441667033580945,49.69893242641134
1782485635.452569,0.724609,-0.203368,0.658438,0.500723,0.314418,0.947785,-0.053291,0.222009,-0.613220,0.245651,0.750717,-0.522925,0.000000,0.000000,0.000000,1.000000,0.11441667033580945,49.69893242641134
1782485635.487487,0.724609,-0.203368,0.658438,0.500723,0.314418,0.947785,-0.053291,0.222009,-0.613220,0.245651,0.750717,-0.522925,0.000000,0.000000,0.000000,1.000000,0.11441667033580945,49.69893242641134
