timestamp,live_pose_0,live_pose_1,live_pose_2,live_pose_3,live_pose_4,live_pose_5,live_pose_6,live_pose_7,live_pose_8,live_pose_9,live_pose_10,live_pose_11,live_pose_12,live_pose_13,live_pose_14,live_pose_15,linear_m,angular_deg
1782485695.561769,0.724609,-0.203368,0.658438,0.500723,0.314418,0.947785,-0.053291,0.222009,-0.613220,0.245651,0.750717,-0.522925,0.000000,0.000000,0.000000,1.000000,0.14668853082693975,176.08390568963532
1782485695.596577,0.724609,-0.203368,0.658438,0.500723,0.314418,0.947785,-0.053291,0.222009,-0.613220,0.245651,0.750717,-0.522925,0.000000,0.000000,0.000000,1.000000,0.14668853082693975,176.08390568963532
1782485695.631669,0.724609,-0.203368,0.658438,0.500723,0.314418,0.947785,-0.053291,0.222009,-0.613220,0.245651,0.750717,-0.522925,0.000000,0.000000,0.000000,1.000000,0.14668853082693975,176.08390568963532
1782485695.666773,0.724609,-0.203368,0.658438,0.500723,0.314418,0.947785,-0.053291,0.222009,-0.613220,0.245651,0.750717,-0.522925,0.000000,0.000000,0.000000,1.000000,0.14668853082693975,176.08390568963532
1782485695.702211,0.724609,-0.203368,0.658438,0.500723,0.314418,0.947785,-0.053291,0.222009,-0.613220,0.245651,0.750717,-0.522925,0.000000,0.000000,0.000000,1.000000,0.14668853082693975,176.08390568963532
1782485695.737298,0.724609,-0.203368,0.658438,0.500723,0.314418,0.947785,-0.053291,0.222009,-0.613220,0.245651,0.750717,-0.522925,0.000000,0.000000,0.000000,1.000000,0.14668853082693975,176.08390568963532
1782485695.772366,0.724609,-0.203368,0.658438,0.500723,0.314418,0.947785,-0.053291,0.222009,-0.613220,0.245651,0.750717,-0.522925,0.000000,0.000000,0.000000,1.000000,0.14668853082693975,176.08390568963532
1782485695.807471,0.724609,-0.203368,0.658438,0.500723,0.314418,0.947785,-0.053291,0.222009,-0.613220,0.245651,0.750717,-0.522925,0.000000,0.000000,0.000000,1.000000,0.14668853082693975,176.08390568963532
1782485695.842424,0.724609,-0.203368,0.658438,0.500723,0.314418,0.947785,-0.053291,0.222009,-0.613220,0.245651,0.750717,-0.522925,0.000000,0.000000,0.000000,1.000000,0.14668853082693975,176.08390568963532
1782485695.877405,0.724609,-0.203368,0.658438,0.500723,0.314418,0.947785,-0.053291,0.222009,-0.613220,0.245651,0.750717,-0.522925,0.000000,0.000000,0.000000,1.000000,0.14668853082693975,176.08390568963532
1782485695.912631,0.724609,-0.203368,0.658438,0.500723,0.314418,0.947785,-0.053291,0.222009,-0.613220,0.245651,0.750717,-0.522925,0.000000,0.000000,0.000000,1.000000,0.14668853082693975,176.08390568963532
1782485695.947714,0.724609,-0.203368,0.658438,0.500723,0.314418,0.947785,-0.053291,0.222009,-0.613220,0.245651,0.750717,-0.522925,0.000000,0.000000,0.000000,1.000000,0.14668853082693975,176.08390568963532
1782485695.982978,0.724609,-0.203368,0.658438,0.500723,0.314418,0.947785,-0.053291,0.222009,-0.613220,0.245651,0.750717,-0.522925,0.000000,0.000000,0.000000,1.000000,0.14668853082693975,176.08390568963532
1782485696.018238,0.724609,-0.203368,0.658438,0.500723,0.314418,0.947785,-0.053291,0.222009,-0.613220,0.245651,0.750717,-0.522925,0.000000,0.000000,0.000000,1.000000,0.14668853082693975,176.08390568963532
1782485696.053780,0.724609,-0.203368,0.658438,0.500723,0.314418,0.947785,-0.053291,0.222009,-0.613220,0.245651,0.750717,-0.522925,0.000000,0.000000,0.000000,1.000000,0.14668853082693975,176.08390568963532
1782485696.089123,0.724609,-0.203368,0.658438,0.500723,0.314418,0.947785,-0.053291,0.222009,-0.613220,0.245651,0.750717,-0.522925,0.000000,0.000000,0.000000,1.000000,0.14668853082693975,176.08390568963532
1782485696.124354,0.724609,-0.203368,0.658438,0.500723,0.314418,0.947785,-0.053291,0.222009,-0.613220,0.245651,0.750717,-0.522925,0.000000,0.000000,0.000000,1.000000,0.14668853082693975,176.08390568963532
1782485696.159569,0.724609,-0.203368,0.658438,0.500723,0.314418,0.947785,-0.053291,0.222009,-0.613220,0.245651,0.750717,-0.522925,0.000000,0.000000,0.000000,1.000000,0.14668853082693975,176.08390568963532
1782485696.195041,0.724609,-0.203368,0.658438,0.500723,0.314418,0.947785,-0.053291,0.222009,-0.613220,0.245651,0.750717,-0.522925,0.000000,0.000000,0.000000,1.000000,0.14668853082693975,176.08390568963532
1782485696.230588,0.724609,-0.203368,0.658438,0.500723,0.314418,0.947785,-0.053291,0.222009,-0.613220,0.245651,0.750717,-0.522925,0.000000,0.000000,0.000000,1.000000,0.14668853082693975,176.08390568963532
1782485696.265976,0.724609,-0.203368,0.658438,0.500723,0.314418,0.947785,-0.053291,0.222009,-0.613220,0.245651,0.750717,-0.522925,0.000000,0.000000,0.000000,1.000000,0.14668853082693975,176.08390568963532
1782485696.301201,0.724609,-0.203368,0.658438,0.500723,0.314418,0.947785,-0.053291,0.222009,-0.613220,0.245651,0.750717,-0.522925,0.000000,0.000000,0.000000,1.000000,0.14668853082693975,176.08390568963532
1782485696.335816,0.724609,-0.203368,0.658438,0.500723,0.314418,0.947785,-0.053291,0.222009,-0.613220,0.245651,0.750717,-0.522925,0.000000,0.000000,0.000000,1.000000,0.14668853082693975,176.08390568963532
1782485696.371206,0.724609,-0.203368,0.658438,0.500723,0.314418,0.947785,-0.053291,0.222009,-0.613220,0.245651,0.750717,-0.522925,0.000000,0.000000,0.000000,1.000000,0.14668853082693975,176.08390568963532
1782485696.406216,0.724609,-0.203368,0.658438,0.500723,0.314418,0.947785,-0.053291,0.222009,-0.613220,0.245651,0.750717,-0.522925,0.000000,0.000000,0.000000,1.000000,0.14668853082693975,176.08390568963532
1782485696.441611,0.724609,-0.203368,0.658438,0.500723,0.314418,0.947785,-0.053291,0.222009,-0.613220,0.245651,0.750717,-0.522925,0.000000,0.000000,0.000000,1.000000,0.14668853082693975,176.08390568963532
1782485696.476615,0.724609,-0.203368,0.658438,0.500723,0.314418,0.947785,-0.053291,0.222009,-0.613220,0.245651,0.750717,-0.522925,0.000000,0.000000,0.000000,1.000000,0.14668853082693975,176.08390568963532
1782485696.511838,0.724609,-0.203368,0.658438,0.500723,0.314418,0.947785,-0.053291,0.222009,-0.613220,0.245651,0.750717,-0.522925,0.000000,0.000000,0.000000,1.000000,0.14668853082693975,176.08390568963532
1782485696.547001,0.724609,-0.203368,0.658438,0.500723,0.314418,0.947785,-0.053291,0.222009,-0.613220,0.245651,0.750717,-0.522925,0.000000,0.000000,0.000000,1.000000,0.14668853082693975,176.08390568963532
1782485696.582207,0.724609,-0.203368,0.658438,0.500723,0.314418,0.947785,-0.053291,0.222009,-0.613220,0.245651,0.750717,-0.522925,0.000000,0.000000,0.000000,1.000000,0.14668853082693975,176.08390568963532
1782485696.616306,0.724609,-0.203368,0.658438,0.500723,0.314418,0.947785,-0.053291,0.222009,-0.613220,0.245651,0.750717,-0.522925,0.000000,0.000000,0.000000,1.000000,0.14668853082693975,176.08390568963532
1782485696.651450,0.724609,-0.203368,0.658438,0.500723,0.314418,0.947785,-0.053291,0.222009,-0.613220,0.245651,0.750717,-0.522925,0.000000,0.000000,0.000000,1.000000,0.14668853082693975,176.08390568963532
1782485696.686711,0.724609,-0.203368,0.658438,0.500723,0.314418,0.947785,-0.053291,0.222009,-0.613220,0.245651,0.750717,-0.522925,0.000000,0.000000,0.000000,1.000000,0.14668853082693975,176.08390568963532
1782485696.722331,0.724609,-0.203368,0.658438,0.500723,0.314418,0.947785,-0.053291,0.222009,-0.613220,0.245651,0.750717,-0.522925,0.000000,0.000000,0.000000,1.000000,0.14668853082693975,176.08390568963532
1782485696.757752,0.724609,-0.203368,0.658438,0.500723,0.314418,0.947785,-0.053291,0.222009,-0.613220,0.245651,0.750717,-0.522925,0.000000,0.000000,0.000000,1.000000,0.14668853082693975,176.08390568963532
1782485696.792890,0.724609,-0.203368,0.658438,0.500723,0.314418,0.947785,-0.053291,0.222009,-0.613220,0.245651,0.750717,-0.522925,0.000000,0.000000,0.000000,1.000000,0.14668853082693975,176.08390568963532
1782485696.828303,0.724609,-0.203368,0.658438,0.500723,0.314418,0.947785,-0.053291,0.222009,-0.613220,0.245651,0.750717,-0.522925,0.000000,0.000000,0.000000,1.000000,0.14668853082693975,176.08390568963532
1782485696.863878,0.724609,-0.203368,0.658438,0.500723,0.314418,0.947785,-0.053291,0.222009,-0.613220,0.245651,0.750717,-0.522925,0.000000,0.000000,0.000000,1.000000,0.14668853082693975,176.08390568963532
1782485696.899297,0.724609,-0.203368,0.658438,0.500723,0.314418,0.947785,-0.053291,0.222009,-0.613220,0.245651,0.750717,-0.522925,0.000000,0.000000,0.000000,1.000000,0.14668853082693975,176.08390568963532
1782485696.934497,0.724609,-0.203368,0.658438,0.500723,0.314418,0.947785,-0.053291,0.222009,-0.613220,0.245651,0.750717,-0.522925,0.000000,0.000000,0.000000,1.000000,0.14668853082693975,176.08390568963532
1782485696.970026,0.724609,-0.203368,0.658438,0.500723,0.314418,0.947785,-0.053291,0.222009,-0.613220,0.245651,0.750717,-0.522925,0.000000,0.000000,0.000000,1.000000,0.14668853082693975,176.08390568963532
1782485697.005637,0.724609,-0.203368,0.658438,0.500723,0.314418,0.947785,-0.053291,0.222009,-0.613220,0.245651,0.750717,-0.522925,0.000000,0.000000,0.000000,1.000000,0.14668853082693975,176.08390568963532
1782485697.041055,0.724609,-0.203368,0.658438,0.500723,0.314418,0.947785,-0.053291,0.222009,-0.613220,0.245651,0.750717,-0.522925,0.000000,0.000000,0.000000,1.000000,0.14668853082693975,176.08390568963532
1782485697.076214,0.724609,-0.203368,0.658438,0.500723,0.314418,0.947785,-0.053291,0.222009,-0.613220,0.245651,0.750717,-0.522925,0.000000,0.000000,0.000000,1.000000,0.14668853082693975,176.08390568963532
1782485697.111519,0.724609,-0.203368,0.658438,0.500723,0.314418,0.947785,-0.053291,0.222009,-0.613220,0.245651,0.750717,-0.522925,0.000000,0.000000,0.000000,1.000000,0.14668853082693975,176.08390568963532
1782485697.147156,0.724609,-0.203368,0.658438,0.500723,0.314418,0.947785,-0.053291,0.222009,-0.613220,0.245651,0.750717,-0.522925,0.000000,0.000000,0.000000,1.000000,0.14668853082693975,176.08390568963532
1782485697.182803,0.724609,-0.203368,0.658438,0.500723,0.314418,0.947785,-0.053291,0.222009,-0.613220,0.245651,0.750717,-0.522925,0.000000,0.000000,0.000000,1.000000,0.14668853082693975,176.08390568963532
1782485697.218195,0.724609,-0.203368,0.658438,0.500723,0.314418,0.947785,-0.053291,0.222009,-0.613220,0.245651,0.750717,-0.522925,0.000000,0.000000,0.000000,1.000000,0.14668853082693975,176.08390568963532
1782485697.254159,0.724609,-0.203368,0.658438,0.500723,0.314418,0.947785,-0.053291,0.222009,-0.613220,0.245651,0.750717,-0.522925,0.000000,0.000000,0.000000,1.000000,0.14668853082693975,176.08390568963532
1782485697.289867,0.724609,-0.203368,0.658438,0.500723,0.314418,0.947785,-0.053291,0.222009,-0.613220,0.245651,0.750717,-0.522925,0.000000,0.000000,0.000000,1.000000,0.14668853082693975,176.08390568963532
1782485697.325401,0.724609,-0.203368,0.658438,0.500723,0.314418,0.947785,-0.053291,0.222009,-0.613220,0.245651,0.750717,-0.522925,0.000000,0.000000,0.000000,1.000000,0.14668853082693975,176.08390568963532
1782485697.361109,0.724609,-0.203368,0.658438,0.500723,0.314418,0.947785,-0.053291,0.222009,-0.613220,0.245651,0.750717,-0.522925,0.000000,0.000000,0.000000,1.000000,0.14668853082693975,176.08390568963532
1782485697.396823,0.724609,-0.203368,0.658438,0.500723,0.314418,0.947785,-0.053291,0.222009,-0.613220,0.245651,0.750717,-0.522925,0.000000,0.000000,0.000000,1.000000,0.14668853082693975,176.08390568963532
1782485697.432290,0.724609,-0.203368,0.658438,0.500723,0.314418,0.947785,-0.053291,0.222009,-0.613220,0.245651,0.750717,-0.522925,0.000000,0.000000,0.000000,1.000000,0.14668853082693975,176.08390568963532
1782485697.467472,0.724609,-0.203368,0.658438,0.500723,0.314418,0.947785,-0.053291,0.222009,-0.613220,0.245651,0.750717,-0.522925,0.000000,0.000000,0.000000,1.000000,0.14668853082693975,176.08390568963532
1782485697.503003,0.724609,-0.203368,0.658438,0.500723,0.314418,0.947785,-0.053291,0.222009,-0.613220,0.245651,0.750717,-0.522925,0.000000,0.000000,0.000000,1.000000,0.14668853082693975,176.08390568963532
1782485697.538775,0.724609,-0.203368,0.658438,0.500723,0.314418,0.947785,-0.053291,0.222009,-0.613220,0.245651,0.750717,-0.522925,0.000000,0.000000,0.000000,1.000000,0.14668853082693975,176.08390568963532
1782485697.574399,0.724609,-0.203368,0.658438,0.500723,0.314418,0.947785,-0.053291,0.222009,-0.613220,0.245651,0.750717,-0.522925,0.000000,0.000000,0.000000,1.000000,0.14668853082693975,176.08390568963532
1782485697.609761,0.724609,-0.203368,0.658438,0.500723,0.314418,0.947785,-0.053291,0.222009,-0.613220,0.245651,0.750717,-0.522925,0.000000,0.000000,0.000000,1.000000,0.14668853082693975,176.08390568963532
1782485697.645769,0.724609,-0.203368,0.658438,0.500723,0.314418,0.947785,-0.053291,0.222009,-0.613220,0.245651,0.750717,-0.522925,0.000000,0.000000,0.000000,1.000000,0.14668853082693975,176.08390568963532
1782485697.681486,0.724609,-0.203368,0.658438,0.500723,0.314418,0.947785,-0.053291,0.222009,-0.613220,0.245651,0.750717,-0.522925,0.000000,0.000000,0.000000,1.000000,0.14668853082693975,176.08390568963532
1782485697.716933,0.724609,-0.203368,0.658438,0.500723,0.314418,0.947785,-0.053291,0.222009,-0.613220,0.245651,0.750717,-0.522925,0.000000,0.000000,0.000000,1.000000,0.14668853082693975,176.08390568963532
1782485697.752473,0.724609,-0.203368,0.658438,0.500723,0.314418,0.947785,-0.053291,0.222009,-0.613220,0.245651,0.750717,-0.522925,0.000000,0.000000,0.000000,1.000000,0.14668853082693975,176.08390568963532
1782485697.788031,0.724609,-0.203368,0.658438,0.500723,0.314418,0.947785,-0.053291,0.222009,-0.613220,0.245651,0.750717,-0.522925,0.000000,0.000000,0.000000,1.000000,0.14668853082693975,176.08390568963532
1782485697.823614,0.724609,-0.203368,0.658438,0.500723,0.314418,0.947785,-0.053291,0.222009,-0.613220,0.245651,0.750717,-0.522925,0.000000,0.000000,0.000000,1.000000,0.14668853082693975,176.08390568963532
1782485697.859130,0.724609,-0.203368,0.658438,0.500723,0.314418,0.947785,-0.053291,0.222009,-0.613220,0.245651,0.750717,-0.522925,0.000000,0.000000,0.000000,1.000000,0.14668853082693975,176.08390568963532
1782485697.894271,0.724609,-0.203368,0.658438,0.500723,0.314418,0.947785,-0.053291,0.222009,-0.613220,0.245651,0.750717,-0.522925,0.000000,0.000000,0.000000,1.000000,0.14668853082693975,176.08390568963532
1782485697.930061,0.724609,-0.203368,0.658438,0.500723,0.314418,0.947785,-0.053291,0.222009,-0.613220,0.245651,0.750717,-0.522925,0.000000,0.000000,0.000000,1.000000,0.14668853082693975,176.08390568963532
1782485697.965498,0.724609,-0.203368,0.658438,0.500723,0.314418,0.947785,-0.053291,0.222009,-0.613220,0.245651,0.750717,-0.522925,0.000000,0.000000,0.000000,1.000000,0.14668853082693975,176.08390568963532
1782485698.000815,0.724609,-0.203368,0.658438,0.500723,0.314418,0.947785,-0.053291,0.222009,-0.613220,0.245651,0.750717,-0.522925,0.000000,0.000000,0.000000,1.000000,0.14668853082693975,176.08390568963532
1782485698.036804,0.724609,-0.203368,0.658438,0.500723,0.314418,0.947785,-0.053291,0.222009,-0.613220,0.245651,0.750717,-0.522925,0.000000,0.000000,0.000000,1.000000,0.14668853082693975,176.08390568963532
1782485698.072540,0.724609,-0.203368,0.658438,0.500723,0.314418,0.947785,-0.053291,0.222009,-0.613220,0.245651,0.750717,-0.522925,0.000000,0.000000,0.000000,1.000000,0.14668853082693975,176.08390568963532
1782485698.108116,0.724609,-0.203368,0.658438,0.500723,0.314418,0.947785,-0.053291,0.222009,-0.613220,0.245651,0.750717,-0.522925,0.000000,0.000000,0.000000,1.000000,0.14668853082693975,176.08390568963532
1782485698.143438,0.724609,-0.203368,0.658438,0.500723,0.314418,0.947785,-0.053291,0.222009,-0.613220,0.245651,0.750717,-0.522925,0.000000,0.000000,0.000000,1.000000,0.14668853082693975,176.08390568963532
1782485698.179265,0.724609,-0.203368,0.658438,0.500723,0.314418,0.947785,-0.053291,0.222009,-0.613220,0.245651,0.750717,-0.522925,0.000000,0.000000,0.000000,1.000000,0.14668853082693975,176.08390568963532
1782485698.215050,0.724609,-0.203368,0.658438,0.500723,0.314418,0.947785,-0.053291,0.222009,-0.613220,0.245651,0.750717,-0.522925,0.000000,0.000000,0.000000,1.000000,0.14668853082693975,176.08390568963532
1782485698.250581,0.724609,-0.203368,0.658438,0.500723,0.314418,0.947785,-0.053291,0.222009,-0.613220,0.245651,0.750717,-0.522925,0.000000,0.000000,0.000000,1.000000,0.14668853082693975,176.08390568963532
1782485698.286304,0.724609,-0.203368,0.658438,0.500723,0.314418,0.947785,-0.053291,0.222009,-0.613220,0.245651,0.750717,-0.522925,0.000000,0.000000,0.000000,1.000000,0.14668853082693975,176.08390568963532
1782485698.321985,0.724609,-0.203368,0.658438,0.500723,0.314418,0.947785,-0.053291,0.222009,-0.613220,0.245651,0.750717,-0.522925,0.000000,0.000000,0.000000,1.000000,0.14668853082693975,176.08390568963532
1782485698.357581,0.724609,-0.203368,0.658438,0.500723,0.314418,0.947785,-0.053291,0.222009,-0.613220,0.245651,0.750717,-0.522925,0.000000,0.000000,0.000000,1.000000,0.14668853082693975,176.08390568963532
1782485698.392748,0.724609,-0.203368,0.658438,0.500723,0.314418,0.947785,-0.053291,0.222009,-0.613220,0.245651,0.750717,-0.522925,0.000000,0.000000,0.000000,1.000000,0.14668853082693975,176.08390568963532
1782485698.428090,0.724609,-0.203368,0.658438,0.500723,0.314418,0.947785,-0.053291,0.222009,-0.613220,0.245651,0.750717,-0.522925,0.000000,0.000000,0.000000,1.000000,0.14668853082693975,176.08390568963532
1782485698.463327,0.724609,-0.203368,0.658438,0.500723,0.314418,0.947785,-0.053291,0.222009,-0.613220,0.245651,0.750717,-0.522925,0.000000,0.000000,0.000000,1.000000,0.14668853082693975,176.08390568963532
1782485698.498599,0.724609,-0.203368,0.658438,0.500723,0.314418,0.947785,-0.053291,0.222009,-0.613220,0.245651,0.750717,-0.522925,0.000000,0.000000,0.000000,1.000000,0.14668853082693975,176.08390568963532
1782485698.534163,0.724609,-0.203368,0.658438,0.500723,0.314418,0.947785,-0.053291,0.222009,-0.613220,0.245651,0.750717,-0.522925,0.000000,0.000000,0.000000,1.000000,0.14668853082693975,176.08390568963532
1782485698.569686,0.724609,-0.203368,0.658438,0.500723,0.314418,0.947785,-0.053291,0.222009,-0.613220,0.245651,0.750717,-0.522925,0.000000,0.000000,0.000000,1.000000,0.14668853082693975,176.08390568963532
1782485698.604015,0.724609,-0.203368,0.658438,0.500723,0.314418,0.947785,-0.053291,0.222009,-0.613220,0.245651,0.750717,-0.522925,0.000000,0.000000,0.000000,1.000000,0.14668853082693975,176.08390568963532
1782485698.639329,0.724609,-0.203368,0.658438,0.500723,0.314418,0.947785,-0.053291,0.222009,-0.613220,0.245651,0.750717,-0.522925,0.000000,0.000000,0.000000,1.000000,0.14668853082693975,176.08390568963532
1782485698.674867,0.724609,-0.203368,0.658438,0.500723,0.314418,0.947785,-0.053291,0.222009,-0.613220,0.245651,0.750717,-0.522925,0.000000,0.000000,0.000000,1.000000,0.14668853082693975,176.08390568963532
1782485698.709499,0.724609,-0.203368,0.658438,0.500723,0.314418,0.947785,-0.053291,0.222009,-0.613220,0.245651,0.750717,-0.522925,0.000000,0.000000,0.000000,1.000000,0.14668853082693975,176.08390568963532
1782485698.744702,0.724609,-0.203368,0.658438,0.500723,0.314418,0.947785,-0.053291,0.222009,-0.613220,0.245651,0.750717,-0.522925,0.000000,0.000000,0.000000,1.000000,0.14668853082693975,176.08390568963532
1782485698.780624,0.724609,-0.203368,0.658438,0.500723,0.314418,0.947785,-0.053291,0.222009,-0.613220,0.245651,0.750717,-0.522925,0.000000,0.000000,0.000000,1.000000,0.14668853082693975,176.08390568963532
1782485698.816227,0.724609,-0.203368,0.658438,0.500723,0.314418,0.947785,-0.053291,0.222009,-0.613220,0.245651,0.750717,-0.522925,0.000000,0.000000,0.000000,1.000000,0.14668853082693975,176.08390568963532
1782485698.851552,0.724609,-0.203368,0.658438,0.500723,0.314418,0.947785,-0.053291,0.222009,-0.613220,0.245651,0.750717,-0.522925,0.000000,0.000000,0.000000,1.000000,0.14668853082693975,176.08390568963532
1782485698.887520,0.724609,-0.203368,0.658438,0.500723,0.314418,0.947785,-0.053291,0.222009,-0.613220,0.245651,0.750717,-0.522925,0.000000,0.000000,0.000000,1.000000,0.14668853082693975,176.08390568963532
1782485698.923321,0.724609,-0.203368,0.658438,0.500723,0.314418,0.947785,-0.053291,0.222009,-0.613220,0.245651,0.750717,-0.522925,0.000000,0.000000,0.000000,1.000000,0.14668853082693975,176.08390568963532
1782485698.958623,0.724609,-0.203368,0.658438,0.500723,0.314418,0.947785,-0.053291,0.222009,-0.613220,0.245651,0.750717,-0.522925,0.000000,0.000000,0.000000,1.000000,0.14668853082693975,176.08390568963532
1782485698.993668,0.724609,-0.203368,0.658438,0.500723,0.314418,0.947785,-0.053291,0.222009,-0.613220,0.245651,0.750717,-0.522925,0.000000,0.000000,0.000000,1.000000,0.14668853082693975,176.08390568963532
1782485699.029481,0.724609,-0.203368,0.658438,0.500723,0.314418,0.947785,-0.053291,0.222009,-0.613220,0.245651,0.750717,-0.522925,0.000000,0.000000,0.000000,1.000000,0.14668853082693975,176.08390568963532
1782485699.065227,0.724609,-0.203368,0.658438,0.500723,0.314418,0.947785,-0.053291,0.222009,-0.613220,0.245651,0.750717,-0.522925,0.000000,0.000000,0.000000,1.000000,0.14668853082693975,176.08390568963532
1782485699.100668,0.724609,-0.203368,0.658438,0.500723,0.314418,0.947785,-0.053291,0.222009,-0.613220,0.245651,0.750717,-0.522925,0.000000,0.000000,0.000000,1.000000,0.14668853082693975,176.08390568963532
1782485699.136337,0.724609,-0.203368,0.658438,0.500723,0.314418,0.947785,-0.053291,0.222009,-0.613220,0.245651,0.750717,-0.522925,0.000000,0.000000,0.000000,1.000000,0.14668853082693975,176.08390568963532
1782485699.171973,0.724609,-0.203368,0.658438,0.500723,0.314418,0.947785,-0.053291,0.222009,-0.613220,0.245651,0.750717,-0.522925,0.000000,0.000000,0.000000,1.000000,0.14668853082693975,176.08390568963532
1782485699.207586,0.724609,-0.203368,0.658438,0.500723,0.314418,0.947785,-0.053291,0.222009,-0.613220,0.245651,0.750717,-0.522925,0.000000,0.000000,0.000000,1.000000,0.14668853082693975,176.08390568963532
1782485699.242917,0.724609,-0.203368,0.658438,0.500723,0.314418,0.947785,-0.053291,0.222009,-0.613220,0.245651,0.750717,-0.522925,0.000000,0.000000,0.000000,1.000000,0.14668853082693975,176.08390568963532
1782485699.278768,0.724609,-0.203368,0.658438,0.500723,0.314418,0.947785,-0.053291,0.222009,-0.613220,0.245651,0.750717,-0.522925,0.000000,0.000000,0.000000,1.000000,0.14668853082693975,176.08390568963532
1782485699.314475,0.724609,-0.203368,0.658438,0.500723,0.314418,0.947785,-0.053291,0.222009,-0.613220,0.245651,0.750717,-0.522925,0.000000,0.000000,0.000000,1.000000,0.14668853082693975,176.08390568963532
1782485699.349867,0.724609,-0.203368,0.658438,0.500723,0.314418,0.947785,-0.053291,0.222009,-0.613220,0.245651,0.750717,-0.522925,0.000000,0.000000,0.000000,1.000000,0.14668853082693975,176.08390568963532
1782485699.385197,0.724609,-0.203368,0.658438,0.500723,0.314418,0.947785,-0.053291,0.222009,-0.613220,0.245651,0.750717,-0.522925,0.000000,0.000000,0.000000,1.000000,0.14668853082693975,176.08390568963532
1782485699.420584,0.724609,-0.203368,0.658438,0.500723,0.314418,0.947785,-0.053291,0.222009,-0.613220,0.245651,0.750717,-0.522925,0.000000,0.000000,0.000000,1.000000,0.14668853082693975,176.08390568963532
1782485699.455943,0.724609,-0.203368,0.658438,0.500723,0.314418,0.947785,-0.053291,0.222009,-0.613220,0.245651,0.750717,-0.522925,0.000000,0.000000,0.000000,1.000000,0.14668853082693975,176.08390568963532
1782485699.491524,0.724609,-0.203368,0.658438,0.500723,0.314418,0.947785,-0.053291,0.222009,-0.613220,0.245651,0.750717,-0.522925,0.000000,0.000000,0.000000,1.000000,0.14668853082693975,176.08390568963532
1782485699.526744,0.724609,-0.203368,0.658438,0.500723,0.314418,0.947785,-0.053291,0.222009,-0.613220,0.245651,0.750717,-0.522925,0.000000,0.000000,0.000000,1.000000,0.14668853082693975,176.08390568963532
1782485699.562291,0.724609,-0.203368,0.658438,0.500723,0.314418,0.947785,-0.053291,0.222009,-0.613220,0.245651,0.750717,-0.522925,0.000000,0.000000,0.000000,1.000000,0.14668853082693975,176.08390568963532
1782485699.598074,0.724609,-0.203368,0.658438,0.500723,0.314418,0.947785,-0.053291,0.222009,-0.613220,0.245651,0.750717,-0.522925,0.000000,0.000000,0.000000,1.000000,0.14668853082693975,176.08390568963532
1782485699.633837,0.724609,-0.203368,0.658438,0.500723,0.314418,0.947785,-0.053291,0.222009,-0.613220,0.245651,0.750717,-0.522925,0.000000,0.000000,0.000000,1.000000,0.14668853082693975,176.08390568963532
1782485699.668721,0.724609,-0.203368,0.658438,0.500723,0.314418,0.947785,-0.053291,0.222009,-0.613220,0.245651,0.750717,-0.522925,0.000000,0.000000,0.000000,1.000000,0.14668853082693975,176.08390568963532
1782485699.702957,0.724609,-0.203368,0.658438,0.500723,0.314418,0.947785,-0.053291,0.222009,-0.613220,0.245651,0.750717,-0.522925,0.000000,0.000000,0.000000,1.000000,0.14668853082693975,176.08390568963532
1782485699.738192,0.724609,-0.203368,0.658438,0.500723,0.314418,0.947785,-0.053291,0.222009,-0.613220,0.245651,0.750717,-0.522925,0.000000,0.000000,0.000000,1.000000,0.14668853082693975,176.08390568963532
1782485699.773456,0.724609,-0.203368,0.658438,0.500723,0.314418,0.947785,-0.053291,0.222009,-0.613220,0.245651,0.750717,-0.522925,0.000000,0.000000,0.000000,1.000000,0.14668853082693975,176.08390568963532
1782485699.809058,0.724609,-0.203368,0.658438,0.500723,0.314418,0.947785,-0.053291,0.222009,-0.613220,0.245651,0.750717,-0.522925,0.000000,0.000000,0.000000,1.000000,0.14668853082693975,176.08390568963532
1782485699.844984,0.724609,-0.203368,0.658438,0.500723,0.314418,0.947785,-0.053291,0.222009,-0.613220,0.245651,0.750717,-0.522925,0.000000,0.000000,0.000000,1.000000,0.14668853082693975,176.08390568963532
1782485699.880822,0.724609,-0.203368,0.658438,0.500723,0.314418,0.947785,-0.053291,0.222009,-0.613220,0.245651,0.750717,-0.522925,0.000000,0.000000,0.000000,1.000000,0.14668853082693975,176.08390568963532
1782485699.915689,0.724609,-0.203368,0.658438,0.500723,0.314418,0.947785,-0.053291,0.222009,-0.613220,0.245651,0.750717,-0.522925,0.000000,0.000000,0.000000,1.000000,0.14668853082693975,176.08390568963532
1782485699.951220,0.724609,-0.203368,0.658438,0.500723,0.314418,0.947785,-0.053291,0.222009,-0.613220,0.245651,0.750717,-0.522925,0.000000,0.000000,0.000000,1.000000,0.14668853082693975,176.08390568963532
1782485699.986956,0.724609,-0.203368,0.658438,0.500723,0.314418,0.947785,-0.053291,0.222009,-0.613220,0.245651,0.750717,-0.522925,0.000000,0.000000,0.000000,1.000000,0.14668853082693975,176.08390568963532
1782485700.022588,0.724609,-0.203368,0.658438,0.500723,0.314418,0.947785,-0.053291,0.222009,-0.613220,0.245651,0.750717,-0.522925,0.000000,0.000000,0.000000,1.000000,0.14668853082693975,176.08390568963532
1782485700.057967,0.724609,-0.203368,0.658438,0.500723,0.314418,0.947785,-0.053291,0.222009,-0.613220,0.245651,0.750717,-0.522925,0.000000,0.000000,0.000000,1.000000,0.14668853082693975,176.08390568963532
1782485700.093096,0.724609,-0.203368,0.658438,0.500723,0.314418,0.947785,-0.053291,0.222009,-0.613220,0.245651,0.750717,-0.522925,0.000000,0.000000,0.000000,1.000000,0.14668853082693975,176.08390568963532
1782485700.128431,0.724609,-0.203368,0.658438,0.500723,0.314418,0.947785,-0.053291,0.222009,-0.613220,0.245651,0.750717,-0.522925,0.000000,0.000000,0.000000,1.000000,0.14668853082693975,176.08390568963532
1782485700.163896,0.724609,-0.203368,0.658438,0.500723,0.314418,0.947785,-0.053291,0.222009,-0.613220,0.245651,0.750717,-0.522925,0.000000,0.000000,0.000000,1.000000,0.14668853082693975,176.08390568963532
1782485700.199312,0.724609,-0.203368,0.658438,0.500723,0.314418,0.947785,-0.053291,0.222009,-0.613220,0.245651,0.750717,-0.522925,0.000000,0.000000,0.000000,1.000000,0.14668853082693975,176.08390568963532
1782485700.234507,0.724609,-0.203368,0.658438,0.500723,0.314418,0.947785,-0.053291,0.222009,-0.613220,0.245651,0.750717,-0.522925,0.000000,0.000000,0.000000,1.000000,0.14668853082693975,176.08390568963532
1782485700.269934,0.724609,-0.203368,0.658438,0.500723,0.314418,0.947785,-0.053291,0.222009,-0.613220,0.245651,0.750717,-0.522925,0.000000,0.000000,0.000000,1.000000,0.14668853082693975,176.08390568963532
1782485700.305586,0.724609,-0.203368,0.658438,0.500723,0.314418,0.947785,-0.053291,0.222009,-0.613220,0.245651,0.750717,-0.522925,0.000000,0.000000,0.000000,1.000000,0.14668853082693975,176.08390568963532
1782485700.341004,0.724609,-0.203368,0.658438,0.500723,0.314418,0.947785,-0.053291,0.222009,-0.613220,0.245651,0.750717,-0.522925,0.000000,0.000000,0.000000,1.000000,0.14668853082693975,176.08390568963532
1782485700.376202,0.724609,-0.203368,0.658438,0.500723,0.314418,0.947785,-0.053291,0.222009,-0.613220,0.245651,0.750717,-0.522925,0.000000,0.000000,0.000000,1.000000,0.14668853082693975,176.08390568963532
1782485700.411656,0.724609,-0.203368,0.658438,0.500723,0.314418,0.947785,-0.053291,0.222009,-0.613220,0.245651,0.750717,-0.522925,0.000000,0.000000,0.000000,1.000000,0.14668853082693975,176.08390568963532
1782485700.446980,0.724609,-0.203368,0.658438,0.500723,0.314418,0.947785,-0.053291,0.222009,-0.613220,0.245651,0.750717,-0.522925,0.000000,0.000000,0.000000,1.000000,0.14668853082693975,176.08390568963532
1782485700.482020,0.724609,-0.203368,0.658438,0.500723,0.314418,0.947785,-0.053291,0.222009,-0.613220,0.245651,0.750717,-0.522925,0.000000,0.000000,0.000000,1.000000,0.14668853082693975,176.08390568963532
1782485700.517559,0.724609,-0.203368,0.658438,0.500723,0.314418,0.947785,-0.053291,0.222009,-0.613220,0.245651,0.750717,-0.522925,0.000000,0.000000,0.000000,1.000000,0.14668853082693975,176.08390568963532
1782485700.553152,0.724609,-0.203368,0.658438,0.500723,0.314418,0.947785,-0.053291,0.222009,-0.613220,0.245651,0.750717,-0.522925,0.000000,0.000000,0.000000,1.000000,0.14668853082693975,176.08390568963532
1782485700.588684,0.724609,-0.203368,0.658438,0.500723,0.314418,0.947785,-0.053291,0.222009,-0.613220,0.245651,0.750717,-0.522925,0.000000,0.000000,0.000000,1.000000,0.14668853082693975,176.08390568963532
1782485700.624057,0.724609,-0.203368,0.658438,0.500723,0.314418,0.947785,-0.053291,0.222009,-0.613220,0.245651,0.750717,-0.522925,0.000000,0.000000,0.000000,1.000000,0.14668853082693975,176.08390568963532
1782485700.660286,0.724609,-0.203368,0.658438,0.500723,0.314418,0.947785,-0.053291,0.222009,-0.613220,0.245651,0.750717,-0.522925,0.000000,0.000000,0.000000,1.000000,0.14668853082693975,176.08390568963532
1782485700.696039,0.724609,-0.203368,0.658438,0.500723,0.314418,0.947785,-0.053291,0.222009,-0.613220,0.245651,0.750717,-0.522925,0.000000,0.000000,0.000000,1.000000,0.14668853082693975,176.08390568963532
1782485700.730876,0.724609,-0.203368,0.658438,0.500723,0.314418,0.947785,-0.053291,0.222009,-0.613220,0.245651,0.750717,-0.522925,0.000000,0.000000,0.000000,1.000000,0.14668853082693975,176.08390568963532
1782485700.766305,0.724609,-0.203368,0.658438,0.500723,0.314418,0.947785,-0.053291,0.222009,-0.613220,0.245651,0.750717,-0.522925,0.000000,0.000000,0.000000,1.000000,0.14668853082693975,176.08390568963532
1782485700.801495,0.724609,-0.203368,0.658438,0.500723,0.314418,0.947785,-0.053291,0.222009,-0.613220,0.245651,0.750717,-0.522925,0.000000,0.000000,0.000000,1.000000,0.14668853082693975,176.08390568963532
1782485700.836991,0.724609,-0.203368,0.658438,0.500723,0.314418,0.947785,-0.053291,0.222009,-0.613220,0.245651,0.750717,-0.522925,0.000000,0.000000,0.000000,1.000000,0.14668853082693975,176.08390568963532
1782485700.872588,0.724609,-0.203368,0.658438,0.500723,0.314418,0.947785,-0.053291,0.222009,-0.613220,0.245651,0.750717,-0.522925,0.000000,0.000000,0.000000,1.000000,0.14668853082693975,176.08390568963532
1782485700.908072,0.724609,-0.203368,0.658438,0.500723,0.314418,0.947785,-0.053291,0.222009,-0.613220,0.245651,0.750717,-0.522925,0.000000,0.000000,0.000000,1.000000,0.14668853082693975,176.08390568963532
1782485700.943274,0.724609,-0.203368,0.658438,0.500723,0.314418,0.947785,-0.053291,0.222009,-0.613220,0.245651,0.750717,-0.522925,0.000000,0.000000,0.000000,1.000000,0.14668853082693975,176.08390568963532
1782485700.978748,0.724609,-0.203368,0.658438,0.500723,0.314418,0.947785,-0.053291,0.222009,-0.613220,0.245651,0.750717,-0.522925,0.000000,0.000000,0.000000,1.000000,0.14668853082693975,176.08390568963532
1782485701.014262,0.724609,-0.203368,0.658438,0.500723,0.314418,0.947785,-0.053291,0.222009,-0.613220,0.245651,0.750717,-0.522925,0.000000,0.000000,0.000000,1.000000,0.14668853082693975,176.08390568963532
1782485701.049579,0.724609,-0.203368,0.658438,0.500723,0.314418,0.947785,-0.053291,0.222009,-0.613220,0.245651,0.750717,-0.522925,0.000000,0.000000,0.000000,1.000000,0.14668853082693975,176.08390568963532
1782485701.084735,0.724609,-0.203368,0.658438,0.500723,0.314418,0.947785,-0.053291,0.222009,-0.613220,0.245651,0.750717,-0.522925,0.000000,0.000000,0.000000,1.000000,0.14668853082693975,176.08390568963532
1782485701.119522,0.724609,-0.203368,0.658438,0.500723,0.314418,0.947785,-0.053291,0.222009,-0.613220,0.245651,0.750717,-0.522925,0.000000,0.000000,0.000000,1.000000,0.14668853082693975,176.08390568963532
1782485701.155049,0.724609,-0.203368,0.658438,0.500723,0.314418,0.947785,-0.053291,0.222009,-0.613220,0.245651,0.750717,-0.522925,0.000000,0.000000,0.000000,1.000000,0.14668853082693975,176.08390568963532
1782485701.190433,0.724609,-0.203368,0.658438,0.500723,0.314418,0.947785,-0.053291,0.222009,-0.613220,0.245651,0.750717,-0.522925,0.000000,0.000000,0.000000,1.000000,0.14668853082693975,176.08390568963532
1782485701.225933,0.724609,-0.203368,0.658438,0.500723,0.314418,0.947785,-0.053291,0.222009,-0.613220,0.245651,0.750717,-0.522925,0.000000,0.000000,0.000000,1.000000,0.14668853082693975,176.08390568963532
1782485701.261542,0.724609,-0.203368,0.658438,0.500723,0.314418,0.947785,-0.053291,0.222009,-0.613220,0.245651,0.750717,-0.522925,0.000000,0.000000,0.000000,1.000000,0.14668853082693975,176.08390568963532
1782485701.297071,0.724609,-0.203368,0.658438,0.500723,0.314418,0.947785,-0.053291,0.222009,-0.613220,0.245651,0.750717,-0.522925,0.000000,0.000000,0.000000,1.000000,0.14668853082693975,176.08390568963532
1782485701.332330,0.724609,-0.203368,0.658438,0.500723,0.314418,0.947785,-0.053291,0.222009,-0.613220,0.245651,0.750717,-0.522925,0.000000,0.000000,0.000000,1.000000,0.14668853082693975,176.08390568963532
1782485701.367766,0.724609,-0.203368,0.658438,0.500723,0.314418,0.947785,-0.053291,0.222009,-0.613220,0.245651,0.750717,-0.522925,0.000000,0.000000,0.000000,1.000000,0.14668853082693975,176.08390568963532
1782485701.403364,0.724609,-0.203368,0.658438,0.500723,0.314418,0.947785,-0.053291,0.222009,-0.613220,0.245651,0.750717,-0.522925,0.000000,0.000000,0.000000,1.000000,0.14668853082693975,176.08390568963532
1782485701.438976,0.724609,-0.203368,0.658438,0.500723,0.314418,0.947785,-0.053291,0.222009,-0.613220,0.245651,0.750717,-0.522925,0.000000,0.000000,0.000000,1.000000,0.14668853082693975,176.08390568963532
1782485701.474353,0.724609,-0.203368,0.658438,0.500723,0.314418,0.947785,-0.053291,0.222009,-0.613220,0.245651,0.750717,-0.522925,0.000000,0.000000,0.000000,1.000000,0.14668853082693975,176.08390568963532
1782485701.508530,0.724609,-0.203368,0.658438,0.500723,0.314418,0.947785,-0.053291,0.222009,-0.613220,0.245651,0.750717,-0.522925,0.000000,0.000000,0.000000,1.000000,0.14668853082693975,176.08390568963532
1782485701.543636,0.724609,-0.203368,0.658438,0.500723,0.314418,0.947785,-0.053291,0.222009,-0.613220,0.245651,0.750717,-0.522925,0.000000,0.000000,0.000000,1.000000,0.14668853082693975,176.08390568963532
1782485701.578974,0.724609,-0.203368,0.658438,0.500723,0.314418,0.947785,-0.053291,0.222009,-0.613220,0.245651,0.750717,-0.522925,0.000000,0.000000,0.000000,1.000000,0.14668853082693975,176.08390568963532
1782485701.614180,0.724609,-0.203368,0.658438,0.500723,0.314418,0.947785,-0.053291,0.222009,-0.613220,0.245651,0.750717,-0.522925,0.000000,0.000000,0.000000,1.000000,0.14668853082693975,176.08390568963532
1782485701.649519,0.724609,-0.203368,0.658438,0.500723,0.314418,0.947785,-0.053291,0.222009,-0.613220,0.245651,0.750717,-0.522925,0.000000,0.000000,0.000000,1.000000,0.14668853082693975,176.08390568963532
1782485701.684685,0.724609,-0.203368,0.658438,0.500723,0.314418,0.947785,-0.053291,0.222009,-0.613220,0.245651,0.750717,-0.522925,0.000000,0.000000,0.000000,1.000000,0.14668853082693975,176.08390568963532
1782485701.720363,0.724609,-0.203368,0.658438,0.500723,0.314418,0.947785,-0.053291,0.222009,-0.613220,0.245651,0.750717,-0.522925,0.000000,0.000000,0.000000,1.000000,0.14668853082693975,176.08390568963532
1782485701.755942,0.724609,-0.203368,0.658438,0.500723,0.314418,0.947785,-0.053291,0.222009,-0.613220,0.245651,0.750717,-0.522925,0.000000,0.000000,0.000000,1.000000,0.14668853082693975,176.08390568963532
1782485701.791402,0.724609,-0.203368,0.658438,0.500723,0.314418,0.947785,-0.053291,0.222009,-0.613220,0.245651,0.750717,-0.522925,0.000000,0.000000,0.000000,1.000000,0.14668853082693975,176.08390568963532
1782485701.826527,0.724609,-0.203368,0.658438,0.500723,0.314418,0.947785,-0.053291,0.222009,-0.613220,0.245651,0.750717,-0.522925,0.000000,0.000000,0.000000,1.000000,0.14668853082693975,176.08390568963532
1782485701.862048,0.724609,-0.203368,0.658438,0.500723,0.314418,0.947785,-0.053291,0.222009,-0.613220,0.245651,0.750717,-0.522925,0.000000,0.000000,0.000000,1.000000,0.14668853082693975,176.08390568963532
1782485701.897497,0.724609,-0.203368,0.658438,0.500723,0.314418,0.947785,-0.053291,0.222009,-0.613220,0.245651,0.750717,-0.522925,0.000000,0.000000,0.000000,1.000000,0.14668853082693975,176.08390568963532
1782485701.932840,0.724609,-0.203368,0.658438,0.500723,0.314418,0.947785,-0.053291,0.222009,-0.613220,0.245651,0.750717,-0.522925,0.000000,0.000000,0.000000,1.000000,0.14668853082693975,176.08390568963532
1782485701.968077,0.724609,-0.203368,0.658438,0.500723,0.314418,0.947785,-0.053291,0.222009,-0.613220,0.245651,0.750717,-0.522925,0.000000,0.000000,0.000000,1.000000,0.14668853082693975,176.08390568963532
1782485702.003528,0.724609,-0.203368,0.658438,0.500723,0.314418,0.947785,-0.053291,0.222009,-0.613220,0.245651,0.750717,-0.522925,0.000000,0.000000,0.000000,1.000000,0.14668853082693975,176.08390568963532
1782485702.038846,0.724609,-0.203368,0.658438,0.500723,0.314418,0.947785,-0.053291,0.222009,-0.613220,0.245651,0.750717,-0.522925,0.000000,0.000000,0.000000,1.000000,0.14668853082693975,176.08390568963532
1782485702.074130,0.724609,-0.203368,0.658438,0.500723,0.314418,0.947785,-0.053291,0.222009,-0.613220,0.245651,0.750717,-0.522925,0.000000,0.000000,0.000000,1.000000,0.14668853082693975,176.08390568963532
1782485702.109260,0.724609,-0.203368,0.658438,0.500723,0.314418,0.947785,-0.053291,0.222009,-0.613220,0.245651,0.750717,-0.522925,0.000000,0.000000,0.000000,1.000000,0.14668853082693975,176.08390568963532
1782485702.144587,0.724609,-0.203368,0.658438,0.500723,0.314418,0.947785,-0.053291,0.222009,-0.613220,0.245651,0.750717,-0.522925,0.000000,0.000000,0.000000,1.000000,0.14668853082693975,176.08390568963532
1782485702.180077,0.724609,-0.203368,0.658438,0.500723,0.314418,0.947785,-0.053291,0.222009,-0.613220,0.245651,0.750717,-0.522925,0.000000,0.000000,0.000000,1.000000,0.14668853082693975,176.08390568963532
1782485702.215748,0.724609,-0.203368,0.658438,0.500723,0.314418,0.947785,-0.053291,0.222009,-0.613220,0.245651,0.750717,-0.522925,0.000000,0.000000,0.000000,1.000000,0.14668853082693975,176.08390568963532
1782485702.251009,0.724609,-0.203368,0.658438,0.500723,0.314418,0.947785,-0.053291,0.222009,-0.613220,0.245651,0.750717,-0.522925,0.000000,0.000000,0.000000,1.000000,0.14668853082693975,176.08390568963532
1782485702.286709,0.724609,-0.203368,0.658438,0.500723,0.314418,0.947785,-0.053291,0.222009,-0.613220,0.245651,0.750717,-0.522925,0.000000,0.000000,0.000000,1.000000,0.14668853082693975,176.08390568963532
1782485702.322204,0.724609,-0.203368,0.658438,0.500723,0.314418,0.947785,-0.053291,0.222009,-0.613220,0.245651,0.750717,-0.522925,0.000000,0.000000,0.000000,1.000000,0.14668853082693975,176.08390568963532
1782485702.357667,0.724609,-0.203368,0.658438,0.500723,0.314418,0.947785,-0.053291,0.222009,-0.613220,0.245651,0.750717,-0.522925,0.000000,0.000000,0.000000,1.000000,0.14668853082693975,176.08390568963532
1782485702.392914,0.724609,-0.203368,0.658438,0.500723,0.314418,0.947785,-0.053291,0.222009,-0.613220,0.245651,0.750717,-0.522925,0.000000,0.000000,0.000000,1.000000,0.14668853082693975,176.08390568963532
1782485702.428390,0.724609,-0.203368,0.658438,0.500723,0.314418,0.947785,-0.053291,0.222009,-0.613220,0.245651,0.750717,-0.522925,0.000000,0.000000,0.000000,1.000000,0.14668853082693975,176.08390568963532
1782485702.463822,0.724609,-0.203368,0.658438,0.500723,0.314418,0.947785,-0.053291,0.222009,-0.613220,0.245651,0.750717,-0.522925,0.000000,0.000000,0.000000,1.000000,0.14668853082693975,176.08390568963532
1782485702.499084,0.724609,-0.203368,0.658438,0.500723,0.314418,0.947785,-0.053291,0.222009,-0.613220,0.245651,0.750717,-0.522925,0.000000,0.000000,0.000000,1.000000,0.14668853082693975,176.08390568963532
1782485702.534364,0.724609,-0.203368,0.658438,0.500723,0.314418,0.947785,-0.053291,0.222009,-0.613220,0.245651,0.750717,-0.522925,0.000000,0.000000,0.000000,1.000000,0.14668853082693975,176.08390568963532
1782485702.569594,0.724609,-0.203368,0.658438,0.500723,0.314418,0.947785,-0.053291,0.222009,-0.613220,0.245651,0.750717,-0.522925,0.000000,0.000000,0.000000,1.000000,0.14668853082693975,176.08390568963532
1782485702.605162,0.724609,-0.203368,0.658438,0.500723,0.314418,0.947785,-0.053291,0.222009,-0.613220,0.245651,0.750717,-0.522925,0.000000,0.000000,0.000000,1.000000,0.14668853082693975,176.08390568963532
1782485702.640253,0.724609,-0.203368,0.658438,0.500723,0.314418,0.947785,-0.053291,0.222009,-0.613220,0.245651,0.750717,-0.522925,0.000000,0.000000,0.000000,1.000000,0.14668853082693975,176.08390568963532
1782485702.675469,0.724609,-0.203368,0.658438,0.500723,0.314418,0.947785,-0.053291,0.222009,-0.613220,0.245651,0.750717,-0.522925,0.000000,0.000000,0.000000,1.000000,0.14668853082693975,176.08390568963532
1782485702.711074,0.724609,-0.203368,0.658438,0.500723,0.314418,0.947785,-0.053291,0.222009,-0.613220,0.245651,0.750717,-0.522925,0.000000,0.000000,0.000000,1.000000,0.14668853082693975,176.08390568963532
1782485702.746261,0.724609,-0.203368,0.658438,0.500723,0.314418,0.947785,-0.053291,0.222009,-0.613220,0.245651,0.750717,-0.522925,0.000000,0.000000,0.000000,1.000000,0.14668853082693975,176.08390568963532
1782485702.781382,0.724609,-0.203368,0.658438,0.500723,0.314418,0.947785,-0.053291,0.222009,-0.613220,0.245651,0.750717,-0.522925,0.000000,0.000000,0.000000,1.000000,0.14668853082693975,176.08390568963532
1782485702.816845,0.724609,-0.203368,0.658438,0.500723,0.314418,0.947785,-0.053291,0.222009,-0.613220,0.245651,0.750717,-0.522925,0.000000,0.000000,0.000000,1.000000,0.14668853082693975,176.08390568963532
1782485702.851918,0.724609,-0.203368,0.658438,0.500723,0.314418,0.947785,-0.053291,0.222009,-0.613220,0.245651,0.750717,-0.522925,0.000000,0.000000,0.000000,1.000000,0.14668853082693975,176.08390568963532
1782485702.887274,0.724609,-0.203368,0.658438,0.500723,0.314418,0.947785,-0.053291,0.222009,-0.613220,0.245651,0.750717,-0.522925,0.000000,0.000000,0.000000,1.000000,0.14668853082693975,176.08390568963532
1782485702.922500,0.724609,-0.203368,0.658438,0.500723,0.314418,0.947785,-0.053291,0.222009,-0.613220,0.245651,0.750717,-0.522925,0.000000,0.000000,0.000000,1.000000,0.14668853082693975,176.08390568963532
1782485702.957752,0.724609,-0.203368,0.658438,0.500723,0.314418,0.947785,-0.053291,0.222009,-0.613220,0.245651,0.750717,-0.522925,0.000000,0.000000,0.000000,1.000000,0.14668853082693975,176.08390568963532
1782485702.993005,0.724609,-0.203368,0.658438,0.500723,0.314418,0.947785,-0.053291,0.222009,-0.613220,0.245651,0.750717,-0.522925,0.000000,0.000000,0.000000,1.000000,0.14668853082693975,176.08390568963532
1782485703.028285,0.724609,-0.203368,0.658438,0.500723,0.314418,0.947785,-0.053291,0.222009,-0.613220,0.245651,0.750717,-0.522925,0.000000,0.000000,0.000000,1.000000,0.14668853082693975,176.08390568963532
1782485703.063553,0.724609,-0.203368,0.658438,0.500723,0.314418,0.947785,-0.053291,0.222009,-0.613220,0.245651,0.750717,-0.522925,0.000000,0.000000,0.000000,1.000000,0.14668853082693975,176.08390568963532
1782485703.098931,0.724609,-0.203368,0.658438,0.500723,0.314418,0.947785,-0.053291,0.222009,-0.613220,0.245651,0.750717,-0.522925,0.000000,0.000000,0.000000,1.000000,0.14668853082693975,176.08390568963532
1782485703.134166,0.724609,-0.203368,0.658438,0.500723,0.314418,0.947785,-0.053291,0.222009,-0.613220,0.245651,0.750717,-0.522925,0.000000,0.000000,0.000000,1.000000,0.14668853082693975,176.08390568963532
1782485703.169631,0.724609,-0.203368,0.658438,0.500723,0.314418,0.947785,-0.053291,0.222009,-0.613220,0.245651,0.750717,-0.522925,0.000000,0.000000,0.000000,1.000000,0.14668853082693975,176.08390568963532
1782485703.204790,0.724609,-0.203368,0.658438,0.500723,0.314418,0.947785,-0.053291,0.222009,-0.613220,0.245651,0.750717,-0.522925,0.000000,0.000000,0.000000,1.000000,0.14668853082693975,176.08390568963532
1782485703.239900,0.724609,-0.203368,0.658438,0.500723,0.314418,0.947785,-0.053291,0.222009,-0.613220,0.245651,0.750717,-0.522925,0.000000,0.000000,0.000000,1.000000,0.14668853082693975,176.08390568963532
1782485703.274886,0.724609,-0.203368,0.658438,0.500723,0.314418,0.947785,-0.053291,0.222009,-0.613220,0.245651,0.750717,-0.522925,0.000000,0.000000,0.000000,1.000000,0.14668853082693975,176.08390568963532
1782485703.309513,0.724609,-0.203368,0.658438,0.500723,0.314418,0.947785,-0.053291,0.222009,-0.613220,0.245651,0.750717,-0.522925,0.000000,0.000000,0.000000,1.000000,0.14668853082693975,176.08390568963532
1782485703.344988,0.724609,-0.203368,0.658438,0.500723,0.314418,0.947785,-0.053291,0.222009,-0.613220,0.245651,0.750717,-0.522925,0.000000,0.000000,0.000000,1.000000,0.14668853082693975,176.08390568963532
1782485703.380442,0.724609,-0.203368,0.658438,0.500723,0.314418,0.947785,-0.053291,0.222009,-0.613220,0.245651,0.750717,-0.522925,0.000000,0.000000,0.000000,1.000000,0.14668853082693975,176.08390568963532
1782485703.415939,0.724609,-0.203368,0.658438,0.500723,0.314418,0.947785,-0.053291,0.222009,-0.613220,0.245651,0.750717,-0.522925,0.000000,0.000000,0.000000,1.000000,0.14668853082693975,176.08390568963532
1782485703.451157,0.724609,-0.203368,0.658438,0.500723,0.314418,0.947785,-0.053291,0.222009,-0.613220,0.245651,0.750717,-0.522925,0.000000,0.000000,0.000000,1.000000,0.14668853082693975,176.08390568963532
1782485703.486588,0.724609,-0.203368,0.658438,0.500723,0.314418,0.947785,-0.053291,0.222009,-0.613220,0.245651,0.750717,-0.522925,0.000000,0.000000,0.000000,1.000000,0.14668853082693975,176.08390568963532
1782485703.522083,0.724609,-0.203368,0.658438,0.500723,0.314418,0.947785,-0.053291,0.222009,-0.613220,0.245651,0.750717,-0.522925,0.000000,0.000000,0.000000,1.000000,0.14668853082693975,176.08390568963532
1782485703.557354,0.724609,-0.203368,0.658438,0.500723,0.314418,0.947785,-0.053291,0.222009,-0.613220,0.245651,0.750717,-0.522925,0.000000,0.000000,0.000000,1.000000,0.14668853082693975,176.08390568963532
1782485703.591576,0.724609,-0.203368,0.658438,0.500723,0.314418,0.947785,-0.053291,0.222009,-0.613220,0.245651,0.750717,-0.522925,0.000000,0.000000,0.000000,1.000000,0.14668853082693975,176.08390568963532
1782485703.626699,0.724609,-0.203368,0.658438,0.500723,0.314418,0.947785,-0.053291,0.222009,-0.613220,0.245651,0.750717,-0.522925,0.000000,0.000000,0.000000,1.000000,0.14668853082693975,176.08390568963532
1782485703.662264,0.724609,-0.203368,0.658438,0.500723,0.314418,0.947785,-0.053291,0.222009,-0.613220,0.245651,0.750717,-0.522925,0.000000,0.000000,0.000000,1.000000,0.14668853082693975,176.08390568963532
1782485703.697669,0.724609,-0.203368,0.658438,0.500723,0.314418,0.947785,-0.053291,0.222009,-0.613220,0.245651,0.750717,-0.522925,0.000000,0.000000,0.000000,1.000000,0.14668853082693975,176.08390568963532
1782485703.732883,0.724609,-0.203368,0.658438,0.500723,0.314418,0.947785,-0.053291,0.222009,-0.613220,0.245651,0.750717,-0.522925,0.000000,0.000000,0.000000,1.000000,0.14668853082693975,176.08390568963532
1782485703.768042,0.724609,-0.203368,0.658438,0.500723,0.314418,0.947785,-0.053291,0.222009,-0.613220,0.245651,0.750717,-0.522925,0.000000,0.000000,0.000000,1.000000,0.14668853082693975,176.08390568963532
1782485703.803301,0.724609,-0.203368,0.658438,0.500723,0.314418,0.947785,-0.053291,0.222009,-0.613220,0.245651,0.750717,-0.522925,0.000000,0.000000,0.000000,1.000000,0.14668853082693975,176.08390568963532
1782485703.838241,0.724609,-0.203368,0.658438,0.500723,0.314418,0.947785,-0.053291,0.222009,-0.613220,0.245651,0.750717,-0.522925,0.000000,0.000000,0.000000,1.000000,0.14668853082693975,176.08390568963532
1782485703.873479,0.724609,-0.203368,0.658438,0.500723,0.314418,0.947785,-0.053291,0.222009,-0.613220,0.245651,0.750717,-0.522925,0.000000,0.000000,0.000000,1.000000,0.14668853082693975,176.08390568963532
1782485703.909022,0.724609,-0.203368,0.658438,0.500723,0.314418,0.947785,-0.053291,0.222009,-0.613220,0.245651,0.750717,-0.522925,0.000000,0.000000,0.000000,1.000000,0.14668853082693975,176.08390568963532
1782485703.944568,0.724609,-0.203368,0.658438,0.500723,0.314418,0.947785,-0.053291,0.222009,-0.613220,0.245651,0.750717,-0.522925,0.000000,0.000000,0.000000,1.000000,0.14668853082693975,176.08390568963532
1782485703.979925,0.724609,-0.203368,0.658438,0.500723,0.314418,0.947785,-0.053291,0.222009,-0.613220,0.245651,0.750717,-0.522925,0.000000,0.000000,0.000000,1.000000,0.14668853082693975,176.08390568963532
1782485704.014227,0.724609,-0.203368,0.658438,0.500723,0.314418,0.947785,-0.053291,0.222009,-0.613220,0.245651,0.750717,-0.522925,0.000000,0.000000,0.000000,1.000000,0.14668853082693975,176.08390568963532
1782485704.049901,0.724609,-0.203368,0.658438,0.500723,0.314418,0.947785,-0.053291,0.222009,-0.613220,0.245651,0.750717,-0.522925,0.000000,0.000000,0.000000,1.000000,0.14668853082693975,176.08390568963532
1782485704.084938,0.724609,-0.203368,0.658438,0.500723,0.314418,0.947785,-0.053291,0.222009,-0.613220,0.245651,0.750717,-0.522925,0.000000,0.000000,0.000000,1.000000,0.14668853082693975,176.08390568963532
1782485704.120242,0.724609,-0.203368,0.658438,0.500723,0.314418,0.947785,-0.053291,0.222009,-0.613220,0.245651,0.750717,-0.522925,0.000000,0.000000,0.000000,1.000000,0.14668853082693975,176.08390568963532
1782485704.155729,0.724609,-0.203368,0.658438,0.500723,0.314418,0.947785,-0.053291,0.222009,-0.613220,0.245651,0.750717,-0.522925,0.000000,0.000000,0.000000,1.000000,0.14668853082693975,176.08390568963532
1782485704.191016,0.724609,-0.203368,0.658438,0.500723,0.314418,0.947785,-0.053291,0.222009,-0.613220,0.245651,0.750717,-0.522925,0.000000,0.000000,0.000000,1.000000,0.14668853082693975,176.08390568963532
1782485704.226271,0.724609,-0.203368,0.658438,0.500723,0.314418,0.947785,-0.053291,0.222009,-0.613220,0.245651,0.750717,-0.522925,0.000000,0.000000,0.000000,1.000000,0.14668853082693975,176.08390568963532
1782485704.261880,0.724609,-0.203368,0.658438,0.500723,0.314418,0.947785,-0.053291,0.222009,-0.613220,0.245651,0.750717,-0.522925,0.000000,0.000000,0.000000,1.000000,0.14668853082693975,176.08390568963532
1782485704.297519,0.724609,-0.203368,0.658438,0.500723,0.314418,0.947785,-0.053291,0.222009,-0.613220,0.245651,0.750717,-0.522925,0.000000,0.000000,0.000000,1.000000,0.14668853082693975,176.08390568963532
1782485704.332878,0.724609,-0.203368,0.658438,0.500723,0.314418,0.947785,-0.053291,0.222009,-0.613220,0.245651,0.750717,-0.522925,0.000000,0.000000,0.000000,1.000000,0.14668853082693975,176.08390568963532
1782485704.368140,0.724609,-0.203368,0.658438,0.500723,0.314418,0.947785,-0.053291,0.222009,-0.613220,0.245651,0.750717,-0.522925,0.000000,0.000000,0.000000,1.000000,0.14668853082693975,176.08390568963532
1782485704.403633,0.724609,-0.203368,0.658438,0.500723,0.314418,0.947785,-0.053291,0.222009,-0.613220,0.245651,0.750717,-0.522925,0.000000,0.000000,0.000000,1.000000,0.14668853082693975,176.08390568963532
1782485704.439157,0.724609,-0.203368,0.658438,0.500723,0.314418,0.947785,-0.053291,0.222009,-0.613220,0.245651,0.750717,-0.522925,0.000000,0.000000,0.000000,1.000000,0.14668853082693975,176.08390568963532
1782485704.474580,0.724609,-0.203368,0.658438,0.500723,0.314418,0.947785,-0.053291,0.222009,-0.613220,0.245651,0.750717,-0.522925,0.000000,0.000000,0.000000,1.000000,0.14668853082693975,176.08390568963532
1782485704.509727,0.724609,-0.203368,0.658438,0.500723,0.314418,0.947785,-0.053291,0.222009,-0.613220,0.245651,0.750717,-0.522925,0.000000,0.000000,0.000000,1.000000,0.14668853082693975,176.08390568963532
1782485704.545715,0.724609,-0.203368,0.658438,0.500723,0.314418,0.947785,-0.053291,0.222009,-0.613220,0.245651,0.750717,-0.522925,0.000000,0.000000,0.000000,1.000000,0.14668853082693975,176.08390568963532
1782485704.581524,0.724609,-0.203368,0.658438,0.500723,0.314418,0.947785,-0.053291,0.222009,-0.613220,0.245651,0.750717,-0.522925,0.000000,0.000000,0.000000,1.000000,0.14668853082693975,176.08390568963532
1782485704.616837,0.724609,-0.203368,0.658438,0.500723,0.314418,0.947785,-0.053291,0.222009,-0.613220,0.245651,0.750717,-0.522925,0.000000,0.000000,0.000000,1.000000,0.14668853082693975,176.08390568963532
1782485704.651809,0.724609,-0.203368,0.658438,0.500723,0.314418,0.947785,-0.053291,0.222009,-0.613220,0.245651,0.750717,-0.522925,0.000000,0.000000,0.000000,1.000000,0.14668853082693975,176.08390568963532
1782485704.687616,0.724609,-0.203368,0.658438,0.500723,0.314418,0.947785,-0.053291,0.222009,-0.613220,0.245651,0.750717,-0.522925,0.000000,0.000000,0.000000,1.000000,0.14668853082693975,176.08390568963532
1782485704.723254,0.724609,-0.203368,0.658438,0.500723,0.314418,0.947785,-0.053291,0.222009,-0.613220,0.245651,0.750717,-0.522925,0.000000,0.000000,0.000000,1.000000,0.14668853082693975,176.08390568963532
1782485704.758975,0.724609,-0.203368,0.658438,0.500723,0.314418,0.947785,-0.053291,0.222009,-0.613220,0.245651,0.750717,-0.522925,0.000000,0.000000,0.000000,1.000000,0.14668853082693975,176.08390568963532
1782485704.794769,0.724609,-0.203368,0.658438,0.500723,0.314418,0.947785,-0.053291,0.222009,-0.613220,0.245651,0.750717,-0.522925,0.000000,0.000000,0.000000,1.000000,0.14668853082693975,176.08390568963532
1782485704.830080,0.724609,-0.203368,0.658438,0.500723,0.314418,0.947785,-0.053291,0.222009,-0.613220,0.245651,0.750717,-0.522925,0.000000,0.000000,0.000000,1.000000,0.14668853082693975,176.08390568963532
1782485704.865875,0.724609,-0.203368,0.658438,0.500723,0.314418,0.947785,-0.053291,0.222009,-0.613220,0.245651,0.750717,-0.522925,0.000000,0.000000,0.000000,1.000000,0.14668853082693975,176.08390568963532
1782485704.901144,0.724609,-0.203368,0.658438,0.500723,0.314418,0.947785,-0.053291,0.222009,-0.613220,0.245651,0.750717,-0.522925,0.000000,0.000000,0.000000,1.000000,0.14668853082693975,176.08390568963532
1782485704.936877,0.724609,-0.203368,0.658438,0.500723,0.314418,0.947785,-0.053291,0.222009,-0.613220,0.245651,0.750717,-0.522925,0.000000,0.000000,0.000000,1.000000,0.14668853082693975,176.08390568963532
1782485704.972421,0.724609,-0.203368,0.658438,0.500723,0.314418,0.947785,-0.053291,0.222009,-0.613220,0.245651,0.750717,-0.522925,0.000000,0.000000,0.000000,1.000000,0.14668853082693975,176.08390568963532
1782485705.007797,0.724609,-0.203368,0.658438,0.500723,0.314418,0.947785,-0.053291,0.222009,-0.613220,0.245651,0.750717,-0.522925,0.000000,0.000000,0.000000,1.000000,0.14668853082693975,176.08390568963532
1782485705.042990,0.724609,-0.203368,0.658438,0.500723,0.314418,0.947785,-0.053291,0.222009,-0.613220,0.245651,0.750717,-0.522925,0.000000,0.000000,0.000000,1.000000,0.14668853082693975,176.08390568963532
1782485705.078202,0.724609,-0.203368,0.658438,0.500723,0.314418,0.947785,-0.053291,0.222009,-0.613220,0.245651,0.750717,-0.522925,0.000000,0.000000,0.000000,1.000000,0.14668853082693975,176.08390568963532
1782485705.113451,0.724609,-0.203368,0.658438,0.500723,0.314418,0.947785,-0.053291,0.222009,-0.613220,0.245651,0.750717,-0.522925,0.000000,0.000000,0.000000,1.000000,0.14668853082693975,176.08390568963532
1782485705.148628,0.724609,-0.203368,0.658438,0.500723,0.314418,0.947785,-0.053291,0.222009,-0.613220,0.245651,0.750717,-0.522925,0.000000,0.000000,0.000000,1.000000,0.14668853082693975,176.08390568963532
1782485705.183919,0.724609,-0.203368,0.658438,0.500723,0.314418,0.947785,-0.053291,0.222009,-0.613220,0.245651,0.750717,-0.522925,0.000000,0.000000,0.000000,1.000000,0.14668853082693975,176.08390568963532
1782485705.219613,0.724609,-0.203368,0.658438,0.500723,0.314418,0.947785,-0.053291,0.222009,-0.613220,0.245651,0.750717,-0.522925,0.000000,0.000000,0.000000,1.000000,0.14668853082693975,176.08390568963532
1782485705.254269,0.724609,-0.203368,0.658438,0.500723,0.314418,0.947785,-0.053291,0.222009,-0.613220,0.245651,0.750717,-0.522925,0.000000,0.000000,0.000000,1.000000,0.14668853082693975,176.08390568963532
1782485705.289215,0.724609,-0.203368,0.658438,0.500723,0.314418,0.947785,-0.053291,0.222009,-0.613220,0.245651,0.750717,-0.522925,0.000000,0.000000,0.000000,1.000000,0.14668853082693975,176.08390568963532
1782485705.324682,0.724609,-0.203368,0.658438,0.500723,0.314418,0.947785,-0.053291,0.222009,-0.613220,0.245651,0.750717,-0.522925,0.000000,0.000000,0.000000,1.000000,0.14668853082693975,176.08390568963532
1782485705.359878,0.724609,-0.203368,0.658438,0.500723,0.314418,0.947785,-0.053291,0.222009,-0.613220,0.245651,0.750717,-0.522925,0.000000,0.000000,0.000000,1.000000,0.14668853082693975,176.08390568963532
1782485705.395574,0.724609,-0.203368,0.658438,0.500723,0.314418,0.947785,-0.053291,0.222009,-0.613220,0.245651,0.750717,-0.522925,0.000000,0.000000,0.000000,1.000000,0.14668853082693975,176.08390568963532
1782485705.430560,0.724609,-0.203368,0.658438,0.500723,0.314418,0.947785,-0.053291,0.222009,-0.613220,0.245651,0.750717,-0.522925,0.000000,0.000000,0.000000,1.000000,0.14668853082693975,176.08390568963532
1782485705.465953,0.724609,-0.203368,0.658438,0.500723,0.314418,0.947785,-0.053291,0.222009,-0.613220,0.245651,0.750717,-0.522925,0.000000,0.000000,0.000000,1.000000,0.14668853082693975,176.08390568963532
1782485705.501152,0.724609,-0.203368,0.658438,0.500723,0.314418,0.947785,-0.053291,0.222009,-0.613220,0.245651,0.750717,-0.522925,0.000000,0.000000,0.000000,1.000000,0.14668853082693975,176.08390568963532
1782485705.536671,0.724609,-0.203368,0.658438,0.500723,0.314418,0.947785,-0.053291,0.222009,-0.613220,0.245651,0.750717,-0.522925,0.000000,0.000000,0.000000,1.000000,0.14668853082693975,176.08390568963532
1782485705.572084,0.724609,-0.203368,0.658438,0.500723,0.314418,0.947785,-0.053291,0.222009,-0.613220,0.245651,0.750717,-0.522925,0.000000,0.000000,0.000000,1.000000,0.14668853082693975,176.08390568963532
1782485705.606628,0.724609,-0.203368,0.658438,0.500723,0.314418,0.947785,-0.053291,0.222009,-0.613220,0.245651,0.750717,-0.522925,0.000000,0.000000,0.000000,1.000000,0.14668853082693975,176.08390568963532
1782485705.642230,0.724609,-0.203368,0.658438,0.500723,0.314418,0.947785,-0.053291,0.222009,-0.613220,0.245651,0.750717,-0.522925,0.000000,0.000000,0.000000,1.000000,0.14668853082693975,176.08390568963532
1782485705.677936,0.724609,-0.203368,0.658438,0.500723,0.314418,0.947785,-0.053291,0.222009,-0.613220,0.245651,0.750717,-0.522925,0.000000,0.000000,0.000000,1.000000,0.14668853082693975,176.08390568963532
1782485705.713322,0.724609,-0.203368,0.658438,0.500723,0.314418,0.947785,-0.053291,0.222009,-0.613220,0.245651,0.750717,-0.522925,0.000000,0.000000,0.000000,1.000000,0.14668853082693975,176.08390568963532
1782485705.749004,0.724609,-0.203368,0.658438,0.500723,0.314418,0.947785,-0.053291,0.222009,-0.613220,0.245651,0.750717,-0.522925,0.000000,0.000000,0.000000,1.000000,0.14668853082693975,176.08390568963532
1782485705.784395,0.724609,-0.203368,0.658438,0.500723,0.314418,0.947785,-0.053291,0.222009,-0.613220,0.245651,0.750717,-0.522925,0.000000,0.000000,0.000000,1.000000,0.14668853082693975,176.08390568963532
1782485705.819957,0.724609,-0.203368,0.658438,0.500723,0.314418,0.947785,-0.053291,0.222009,-0.613220,0.245651,0.750717,-0.522925,0.000000,0.000000,0.000000,1.000000,0.14668853082693975,176.08390568963532
1782485705.855466,0.724609,-0.203368,0.658438,0.500723,0.314418,0.947785,-0.053291,0.222009,-0.613220,0.245651,0.750717,-0.522925,0.000000,0.000000,0.000000,1.000000,0.14668853082693975,176.08390568963532
1782485705.890948,0.724609,-0.203368,0.658438,0.500723,0.314418,0.947785,-0.053291,0.222009,-0.613220,0.245651,0.750717,-0.522925,0.000000,0.000000,0.000000,1.000000,0.14668853082693975,176.08390568963532
1782485705.926193,0.724609,-0.203368,0.658438,0.500723,0.314418,0.947785,-0.053291,0.222009,-0.613220,0.245651,0.750717,-0.522925,0.000000,0.000000,0.000000,1.000000,0.14668853082693975,176.08390568963532
1782485705.961412,0.724609,-0.203368,0.658438,0.500723,0.314418,0.947785,-0.053291,0.222009,-0.613220,0.245651,0.750717,-0.522925,0.000000,0.000000,0.000000,1.000000,0.14668853082693975,176.08390568963532
1782485705.997144,0.724609,-0.203368,0.658438,0.500723,0.314418,0.947785,-0.053291,0.222009,-0.613220,0.245651,0.750717,-0.522925,0.000000,0.000000,0.000000,1.000000,0.14668853082693975,176.08390568963532
1782485706.032753,0.724609,-0.203368,0.658438,0.500723,0.314418,0.947785,-0.053291,0.222009,-0.613220,0.245651,0.750717,-0.522925,0.000000,0.000000,0.000000,1.000000,0.14668853082693975,176.08390568963532
1782485706.067003,0.724609,-0.203368,0.658438,0.500723,0.314418,0.947785,-0.053291,0.222009,-0.613220,0.245651,0.750717,-0.522925,0.000000,0.000000,0.000000,1.000000,0.14668853082693975,176.08390568963532
1782485706.102421,0.724609,-0.203368,0.658438,0.500723,0.314418,0.947785,-0.053291,0.222009,-0.613220,0.245651,0.750717,-0.522925,0.000000,0.000000,0.000000,1.000000,0.14668853082693975,176.08390568963532
1782485706.138208,0.724609,-0.203368,0.658438,0.500723,0.314418,0.947785,-0.053291,0.222009,-0.613220,0.245651,0.750717,-0.522925,0.000000,0.000000,0.000000,1.000000,0.14668853082693975,176.08390568963532
1782485706.173890,0.724609,-0.203368,0.658438,0.500723,0.314418,0.947785,-0.053291,0.222009,-0.613220,0.245651,0.750717,-0.522925,0.000000,0.000000,0.000000,1.000000,0.14668853082693975,176.08390568963532
1782485706.209116,0.724609,-0.203368,0.658438,0.500723,0.314418,0.947785,-0.053291,0.222009,-0.613220,0.245651,0.750717,-0.522925,0.000000,0.000000,0.000000,1.000000,0.14668853082693975,176.08390568963532
1782485706.244707,0.724609,-0.203368,0.658438,0.500723,0.314418,0.947785,-0.053291,0.222009,-0.613220,0.245651,0.750717,-0.522925,0.000000,0.000000,0.000000,1.000000,0.14668853082693975,176.08390568963532
1782485706.280241,0.724609,-0.203368,0.658438,0.500723,0.314418,0.947785,-0.053291,0.222009,-0.613220,0.245651,0.750717,-0.522925,0.000000,0.000000,0.000000,1.000000,0.14668853082693975,176.08390568963532
1782485706.315822,0.724609,-0.203368,0.658438,0.500723,0.314418,0.947785,-0.053291,0.222009,-0.613220,0.245651,0.750717,-0.522925,0.000000,0.000000,0.000000,1.000000,0.14668853082693975,176.08390568963532
1782485706.351237,0.724609,-0.203368,0.658438,0.500723,0.314418,0.947785,-0.053291,0.222009,-0.613220,0.245651,0.750717,-0.522925,0.000000,0.000000,0.000000,1.000000,0.14668853082693975,176.08390568963532
1782485706.386850,0.724609,-0.203368,0.658438,0.500723,0.314418,0.947785,-0.053291,0.222009,-0.613220,0.245651,0.750717,-0.522925,0.000000,0.000000,0.000000,1.000000,0.14668853082693975,176.08390568963532
1782485706.422571,0.724609,-0.203368,0.658438,0.500723,0.314418,0.947785,-0.053291,0.222009,-0.613220,0.245651,0.750717,-0.522925,0.000000,0.000000,0.000000,1.000000,0.14668853082693975,176.08390568963532
1782485706.457932,0.724609,-0.203368,0.658438,0.500723,0.314418,0.947785,-0.053291,0.222009,-0.613220,0.245651,0.750717,-0.522925,0.000000,0.000000,0.000000,1.000000,0.14668853082693975,176.08390568963532
1782485706.493416,0.724609,-0.203368,0.658438,0.500723,0.314418,0.947785,-0.053291,0.222009,-0.613220,0.245651,0.750717,-0.522925,0.000000,0.000000,0.000000,1.000000,0.14668853082693975,176.08390568963532
1782485706.529056,0.724609,-0.203368,0.658438,0.500723,0.314418,0.947785,-0.053291,0.222009,-0.613220,0.245651,0.750717,-0.522925,0.000000,0.000000,0.000000,1.000000,0.14668853082693975,176.08390568963532
1782485706.564245,0.724609,-0.203368,0.658438,0.500723,0.314418,0.947785,-0.053291,0.222009,-0.613220,0.245651,0.750717,-0.522925,0.000000,0.000000,0.000000,1.000000,0.14668853082693975,176.08390568963532
1782485706.599801,0.724609,-0.203368,0.658438,0.500723,0.314418,0.947785,-0.053291,0.222009,-0.613220,0.245651,0.750717,-0.522925,0.000000,0.000000,0.000000,1.000000,0.14668853082693975,176.08390568963532
1782485706.634520,0.724609,-0.203368,0.658438,0.500723,0.314418,0.947785,-0.053291,0.222009,-0.613220,0.245651,0.750717,-0.522925,0.000000,0.000000,0.000000,1.000000,0.14668853082693975,176.08390568963532
1782485706.669873,0.724609,-0.203368,0.658438,0.500723,0.314418,0.947785,-0.053291,0.222009,-0.613220,0.245651,0.750717,-0.522925,0.000000,0.000000,0.000000,1.000000,0.14668853082693975,176.08390568963532
1782485706.704787,0.724609,-0.203368,0.658438,0.500723,0.314418,0.947785,-0.053291,0.222009,-0.613220,0.245651,0.750717,-0.522925,0.000000,0.000000,0.000000,1.000000,0.14668853082693975,176.08390568963532
1782485706.740497,0.724609,-0.203368,0.658438,0.500723,0.314418,0.947785,-0.053291,0.222009,-0.613220,0.245651,0.750717,-0.522925,0.000000,0.000000,0.000000,1.000000,0.14668853082693975,176.08390568963532
1782485706.775780,0.724609,-0.203368,0.658438,0.500723,0.314418,0.947785,-0.053291,0.222009,-0.613220,0.245651,0.750717,-0.522925,0.000000,0.000000,0.000000,1.000000,0.14668853082693975,176.08390568963532
1782485706.811411,0.724609,-0.203368,0.658438,0.500723,0.314418,0.947785,-0.053291,0.222009,-0.613220,0.245651,0.750717,-0.522925,0.000000,0.000000,0.000000,1.000000,0.14668853082693975,176.08390568963532
1782485706.847209,0.724609,-0.203368,0.658438,0.500723,0.314418,0.947785,-0.053291,0.222009,-0.613220,0.245651,0.750717,-0.522925,0.000000,0.000000,0.000000,1.000000,0.14668853082693975,176.08390568963532
1782485706.882543,0.724609,-0.203368,0.658438,0.500723,0.314418,0.947785,-0.053291,0.222009,-0.613220,0.245651,0.750717,-0.522925,0.000000,0.000000,0.000000,1.000000,0.14668853082693975,176.08390568963532
1782485706.917967,0.724609,-0.203368,0.658438,0.500723,0.314418,0.947785,-0.053291,0.222009,-0.613220,0.245651,0.750717,-0.522925,0.000000,0.000000,0.000000,1.000000,0.14668853082693975,176.08390568963532
1782485706.953726,0.724609,-0.203368,0.658438,0.500723,0.314418,0.947785,-0.053291,0.222009,-0.613220,0.245651,0.750717,-0.522925,0.000000,0.000000,0.000000,1.000000,0.14668853082693975,176.08390568963532
1782485706.989050,0.724609,-0.203368,0.658438,0.500723,0.314418,0.947785,-0.053291,0.222009,-0.613220,0.245651,0.750717,-0.522925,0.000000,0.000000,0.000000,1.000000,0.14668853082693975,176.08390568963532
1782485707.024040,0.724609,-0.203368,0.658438,0.500723,0.314418,0.947785,-0.053291,0.222009,-0.613220,0.245651,0.750717,-0.522925,0.000000,0.000000,0.000000,1.000000,0.14668853082693975,176.08390568963532
1782485707.059368,0.724609,-0.203368,0.658438,0.500723,0.314418,0.947785,-0.053291,0.222009,-0.613220,0.245651,0.750717,-0.522925,0.000000,0.000000,0.000000,1.000000,0.14668853082693975,176.08390568963532
1782485707.095004,0.724609,-0.203368,0.658438,0.500723,0.314418,0.947785,-0.053291,0.222009,-0.613220,0.245651,0.750717,-0.522925,0.000000,0.000000,0.000000,1.000000,0.14668853082693975,176.08390568963532
1782485707.130523,0.724609,-0.203368,0.658438,0.500723,0.314418,0.947785,-0.053291,0.222009,-0.613220,0.245651,0.750717,-0.522925,0.000000,0.000000,0.000000,1.000000,0.14668853082693975,176.08390568963532
1782485707.164965,0.724609,-0.203368,0.658438,0.500723,0.314418,0.947785,-0.053291,0.222009,-0.613220,0.245651,0.750717,-0.522925,0.000000,0.000000,0.000000,1.000000,0.14668853082693975,176.08390568963532
1782485707.200725,0.724609,-0.203368,0.658438,0.500723,0.314418,0.947785,-0.053291,0.222009,-0.613220,0.245651,0.750717,-0.522925,0.000000,0.000000,0.000000,1.000000,0.14668853082693975,176.08390568963532
1782485707.236817,0.724609,-0.203368,0.658438,0.500723,0.314418,0.947785,-0.053291,0.222009,-0.613220,0.245651,0.750717,-0.522925,0.000000,0.000000,0.000000,1.000000,0.14668853082693975,176.08390568963532
1782485707.272297,0.724609,-0.203368,0.658438,0.500723,0.314418,0.947785,-0.053291,0.222009,-0.613220,0.245651,0.750717,-0.522925,0.000000,0.000000,0.000000,1.000000,0.14668853082693975,176.08390568963532
1782485707.307832,0.724609,-0.203368,0.658438,0.500723,0.314418,0.947785,-0.053291,0.222009,-0.613220,0.245651,0.750717,-0.522925,0.000000,0.000000,0.000000,1.000000,0.14668853082693975,176.08390568963532
1782485707.342971,0.724609,-0.203368,0.658438,0.500723,0.314418,0.947785,-0.053291,0.222009,-0.613220,0.245651,0.750717,-0.522925,0.000000,0.000000,0.000000,1.000000,0.14668853082693975,176.08390568963532
1782485707.377600,0.724609,-0.203368,0.658438,0.500723,0.314418,0.947785,-0.053291,0.222009,-0.613220,0.245651,0.750717,-0.522925,0.000000,0.000000,0.000000,1.000000,0.14668853082693975,176.08390568963532
1782485707.413052,0.724609,-0.203368,0.658438,0.500723,0.314418,0.947785,-0.053291,0.222009,-0.613220,0.245651,0.750717,-0.522925,0.000000,0.000000,0.000000,1.000000,0.14668853082693975,176.08390568963532
1782485707.448784,0.724609,-0.203368,0.658438,0.500723,0.314418,0.947785,-0.053291,0.222009,-0.613220,0.245651,0.750717,-0.522925,0.000000,0.000000,0.000000,1.000000,0.14668853082693975,176.08390568963532
1782485707.483962,0.724609,-0.203368,0.658438,0.500723,0.314418,0.947785,-0.053291,0.222009,-0.613220,0.245651,0.750717,-0.522925,0.000000,0.000000,0.000000,1.000000,0.14668853082693975,176.08390568963532
1782485707.519226,0.724609,-0.203368,0.658438,0.500723,0.314418,0.947785,-0.053291,0.222009,-0.613220,0.245651,0.750717,-0.522925,0.000000,0.000000,0.000000,1.000000,0.14668853082693975,176.08390568963532
1782485707.553649,0.724609,-0.203368,0.658438,0.500723,0.314418,0.947785,-0.053291,0.222009,-0.613220,0.245651,0.750717,-0.522925,0.000000,0.000000,0.000000,1.000000,0.14668853082693975,176.08390568963532
1782485707.588502,0.724609,-0.203368,0.658438,0.500723,0.314418,0.947785,-0.053291,0.222009,-0.613220,0.245651,0.750717,-0.522925,0.000000,0.000000,0.000000,1.000000,0.14668853082693975,176.08390568963532
1782485707.624016,0.724609,-0.203368,0.658438,0.500723,0.314418,0.947785,-0.053291,0.222009,-0.613220,0.245651,0.750717,-0.522925,0.000000,0.000000,0.000000,1.000000,0.14668853082693975,176.08390568963532
1782485707.658120,0.724609,-0.203368,0.658438,0.500723,0.314418,0.947785,-0.053291,0.222009,-0.613220,0.245651,0.750717,-0.522925,0.000000,0.000000,0.000000,1.000000,0.14668853082693975,176.08390568963532
1782485707.693059,0.724609,-0.203368,0.658438,0.500723,0.314418,0.947785,-0.053291,0.222009,-0.613220,0.245651,0.750717,-0.522925,0.000000,0.000000,0.000000,1.000000,0.14668853082693975,176.08390568963532
1782485707.728160,0.724609,-0.203368,0.658438,0.500723,0.314418,0.947785,-0.053291,0.222009,-0.613220,0.245651,0.750717,-0.522925,0.000000,0.000000,0.000000,1.000000,0.14668853082693975,176.08390568963532
1782485707.763357,0.724609,-0.203368,0.658438,0.500723,0.314418,0.947785,-0.053291,0.222009,-0.613220,0.245651,0.750717,-0.522925,0.000000,0.000000,0.000000,1.000000,0.14668853082693975,176.08390568963532
1782485707.798617,0.724609,-0.203368,0.658438,0.500723,0.314418,0.947785,-0.053291,0.222009,-0.613220,0.245651,0.750717,-0.522925,0.000000,0.000000,0.000000,1.000000,0.14668853082693975,176.08390568963532
1782485707.833558,0.724609,-0.203368,0.658438,0.500723,0.314418,0.947785,-0.053291,0.222009,-0.613220,0.245651,0.750717,-0.522925,0.000000,0.000000,0.000000,1.000000,0.14668853082693975,176.08390568963532
1782485707.868395,0.724609,-0.203368,0.658438,0.500723,0.314418,0.947785,-0.053291,0.222009,-0.613220,0.245651,0.750717,-0.522925,0.000000,0.000000,0.000000,1.000000,0.14668853082693975,176.08390568963532
1782485707.903631,0.724609,-0.203368,0.658438,0.500723,0.314418,0.947785,-0.053291,0.222009,-0.613220,0.245651,0.750717,-0.522925,0.000000,0.000000,0.000000,1.000000,0.14668853082693975,176.08390568963532
1782485707.938842,0.724609,-0.203368,0.658438,0.500723,0.314418,0.947785,-0.053291,0.222009,-0.613220,0.245651,0.750717,-0.522925,0.000000,0.000000,0.000000,1.000000,0.14668853082693975,176.08390568963532
1782485707.973989,0.724609,-0.203368,0.658438,0.500723,0.314418,0.947785,-0.053291,0.222009,-0.613220,0.245651,0.750717,-0.522925,0.000000,0.000000,0.000000,1.000000,0.14668853082693975,176.08390568963532
1782485708.008240,0.724609,-0.203368,0.658438,0.500723,0.314418,0.947785,-0.053291,0.222009,-0.613220,0.245651,0.750717,-0.522925,0.000000,0.000000,0.000000,1.000000,0.14668853082693975,176.08390568963532
1782485708.043212,0.724609,-0.203368,0.658438,0.500723,0.314418,0.947785,-0.053291,0.222009,-0.613220,0.245651,0.750717,-0.522925,0.000000,0.000000,0.000000,1.000000,0.14668853082693975,176.08390568963532
1782485708.078365,0.724609,-0.203368,0.658438,0.500723,0.314418,0.947785,-0.053291,0.222009,-0.613220,0.245651,0.750717,-0.522925,0.000000,0.000000,0.000000,1.000000,0.14668853082693975,176.08390568963532
1782485708.113770,0.724609,-0.203368,0.658438,0.500723,0.314418,0.947785,-0.053291,0.222009,-0.613220,0.245651,0.750717,-0.522925,0.000000,0.000000,0.000000,1.000000,0.14668853082693975,176.08390568963532
1782485708.149113,0.724609,-0.203368,0.658438,0.500723,0.314418,0.947785,-0.053291,0.222009,-0.613220,0.245651,0.750717,-0.522925,0.000000,0.000000,0.000000,1.000000,0.14668853082693975,176.08390568963532
1782485708.184318,0.724609,-0.203368,0.658438,0.500723,0.314418,0.947785,-0.053291,0.222009,-0.613220,0.245651,0.750717,-0.522925,0.000000,0.000000,0.000000,1.000000,0.14668853082693975,176.08390568963532
1782485708.219677,0.724609,-0.203368,0.658438,0.500723,0.314418,0.947785,-0.053291,0.222009,-0.613220,0.245651,0.750717,-0.522925,0.000000,0.000000,0.000000,1.000000,0.14668853082693975,176.08390568963532
1782485708.255164,0.724609,-0.203368,0.658438,0.500723,0.314418,0.947785,-0.053291,0.222009,-0.613220,0.245651,0.750717,-0.522925,0.000000,0.000000,0.000000,1.000000,0.14668853082693975,176.08390568963532
1782485708.290714,0.724609,-0.203368,0.658438,0.500723,0.314418,0.947785,-0.053291,0.222009,-0.613220,0.245651,0.750717,-0.522925,0.000000,0.000000,0.000000,1.000000,0.14668853082693975,176.08390568963532
1782485708.325995,0.724609,-0.203368,0.658438,0.500723,0.314418,0.947785,-0.053291,0.222009,-0.613220,0.245651,0.750717,-0.522925,0.000000,0.000000,0.000000,1.000000,0.14668853082693975,176.08390568963532
1782485708.361708,0.724609,-0.203368,0.658438,0.500723,0.314418,0.947785,-0.053291,0.222009,-0.613220,0.245651,0.750717,-0.522925,0.000000,0.000000,0.000000,1.000000,0.14668853082693975,176.08390568963532
1782485708.397374,0.724609,-0.203368,0.658438,0.500723,0.314418,0.947785,-0.053291,0.222009,-0.613220,0.245651,0.750717,-0.522925,0.000000,0.000000,0.000000,1.000000,0.14668853082693975,176.08390568963532
1782485708.432814,0.724609,-0.203368,0.658438,0.500723,0.314418,0.947785,-0.053291,0.222009,-0.613220,0.245651,0.750717,-0.522925,0.000000,0.000000,0.000000,1.000000,0.14668853082693975,176.08390568963532
1782485708.467984,0.724609,-0.203368,0.658438,0.500723,0.314418,0.947785,-0.053291,0.222009,-0.613220,0.245651,0.750717,-0.522925,0.000000,0.000000,0.000000,1.000000,0.14668853082693975,176.08390568963532
1782485708.503596,0.724609,-0.203368,0.658438,0.500723,0.314418,0.947785,-0.053291,0.222009,-0.613220,0.245651,0.750717,-0.522925,0.000000,0.000000,0.000000,1.000000,0.14668853082693975,176.08390568963532
1782485708.538953,0.724609,-0.203368,0.658438,0.500723,0.314418,0.947785,-0.053291,0.222009,-0.613220,0.245651,0.750717,-0.522925,0.000000,0.000000,0.000000,1.000000,0.14668853082693975,176.08390568963532
1782485708.574348,0.724609,-0.203368,0.658438,0.500723,0.314418,0.947785,-0.053291,0.222009,-0.613220,0.245651,0.750717,-0.522925,0.000000,0.000000,0.000000,1.000000,0.14668853082693975,176.08390568963532
1782485708.609587,0.724609,-0.203368,0.658438,0.500723,0.314418,0.947785,-0.053291,0.222009,-0.613220,0.245651,0.750717,-0.522925,0.000000,0.000000,0.000000,1.000000,0.14668853082693975,176.08390568963532
1782485708.645342,0.724609,-0.203368,0.658438,0.500723,0.314418,0.947785,-0.053291,0.222009,-0.613220,0.245651,0.750717,-0.522925,0.000000,0.000000,0.000000,1.000000,0.14668853082693975,176.08390568963532
1782485708.681224,0.724609,-0.203368,0.658438,0.500723,0.314418,0.947785,-0.053291,0.222009,-0.613220,0.245651,0.750717,-0.522925,0.000000,0.000000,0.000000,1.000000,0.14668853082693975,176.08390568963532
1782485708.716792,0.724609,-0.203368,0.658438,0.500723,0.314418,0.947785,-0.053291,0.222009,-0.613220,0.245651,0.750717,-0.522925,0.000000,0.000000,0.000000,1.000000,0.14668853082693975,176.08390568963532
1782485708.751660,0.724609,-0.203368,0.658438,0.500723,0.314418,0.947785,-0.053291,0.222009,-0.613220,0.245651,0.750717,-0.522925,0.000000,0.000000,0.000000,1.000000,0.14668853082693975,176.08390568963532
1782485708.787398,0.724609,-0.203368,0.658438,0.500723,0.314418,0.947785,-0.053291,0.222009,-0.613220,0.245651,0.750717,-0.522925,0.000000,0.000000,0.000000,1.000000,0.14668853082693975,176.08390568963532
1782485708.823187,0.724609,-0.203368,0.658438,0.500723,0.314418,0.947785,-0.053291,0.222009,-0.613220,0.245651,0.750717,-0.522925,0.000000,0.000000,0.000000,1.000000,0.14668853082693975,176.08390568963532
1782485708.858604,0.724609,-0.203368,0.658438,0.500723,0.314418,0.947785,-0.053291,0.222009,-0.613220,0.245651,0.750717,-0.522925,0.000000,0.000000,0.000000,1.000000,0.14668853082693975,176.08390568963532
1782485708.893423,0.724609,-0.203368,0.658438,0.500723,0.314418,0.947785,-0.053291,0.222009,-0.613220,0.245651,0.750717,-0.522925,0.000000,0.000000,0.000000,1.000000,0.14668853082693975,176.08390568963532
1782485708.928917,0.724609,-0.203368,0.658438,0.500723,0.314418,0.947785,-0.053291,0.222009,-0.613220,0.245651,0.750717,-0.522925,0.000000,0.000000,0.000000,1.000000,0.14668853082693975,176.08390568963532
1782485708.964266,0.724609,-0.203368,0.658438,0.500723,0.314418,0.947785,-0.053291,0.222009,-0.613220,0.245651,0.750717,-0.522925,0.000000,0.000000,0.000000,1.000000,0.14668853082693975,176.08390568963532
1782485708.999760,0.724609,-0.203368,0.658438,0.500723,0.314418,0.947785,-0.053291,0.222009,-0.613220,0.245651,0.750717,-0.522925,0.000000,0.000000,0.000000,1.000000,0.14668853082693975,176.08390568963532
1782485709.034882,0.724609,-0.203368,0.658438,0.500723,0.314418,0.947785,-0.053291,0.222009,-0.613220,0.245651,0.750717,-0.522925,0.000000,0.000000,0.000000,1.000000,0.14668853082693975,176.08390568963532
1782485709.070497,0.724609,-0.203368,0.658438,0.500723,0.314418,0.947785,-0.053291,0.222009,-0.613220,0.245651,0.750717,-0.522925,0.000000,0.000000,0.000000,1.000000,0.14668853082693975,176.08390568963532
1782485709.105854,0.724609,-0.203368,0.658438,0.500723,0.314418,0.947785,-0.053291,0.222009,-0.613220,0.245651,0.750717,-0.522925,0.000000,0.000000,0.000000,1.000000,0.14668853082693975,176.08390568963532
1782485709.141439,0.724609,-0.203368,0.658438,0.500723,0.314418,0.947785,-0.053291,0.222009,-0.613220,0.245651,0.750717,-0.522925,0.000000,0.000000,0.000000,1.000000,0.14668853082693975,176.08390568963532
1782485709.176665,0.724609,-0.203368,0.658438,0.500723,0.314418,0.947785,-0.053291,0.222009,-0.613220,0.245651,0.750717,-0.522925,0.000000,0.000000,0.000000,1.000000,0.14668853082693975,176.08390568963532
1782485709.212500,0.724609,-0.203368,0.658438,0.500723,0.314418,0.947785,-0.053291,0.222009,-0.613220,0.245651,0.750717,-0.522925,0.000000,0.000000,0.000000,1.000000,0.14668853082693975,176.08390568963532
1782485709.248138,0.724609,-0.203368,0.658438,0.500723,0.314418,0.947785,-0.053291,0.222009,-0.613220,0.245651,0.750717,-0.522925,0.000000,0.000000,0.000000,1.000000,0.14668853082693975,176.08390568963532
1782485709.283590,0.724609,-0.203368,0.658438,0.500723,0.314418,0.947785,-0.053291,0.222009,-0.613220,0.245651,0.750717,-0.522925,0.000000,0.000000,0.000000,1.000000,0.14668853082693975,176.08390568963532
1782485709.317898,0.724609,-0.203368,0.658438,0.500723,0.314418,0.947785,-0.053291,0.222009,-0.613220,0.245651,0.750717,-0.522925,0.000000,0.000000,0.000000,1.000000,0.14668853082693975,176.08390568963532
1782485709.353663,0.724609,-0.203368,0.658438,0.500723,0.314418,0.947785,-0.053291,0.222009,-0.613220,0.245651,0.750717,-0.522925,0.000000,0.000000,0.000000,1.000000,0.14668853082693975,176.08390568963532
1782485709.389183,0.724609,-0.203368,0.658438,0.500723,0.314418,0.947785,-0.053291,0.222009,-0.613220,0.245651,0.750717,-0.522925,0.000000,0.000000,0.000000,1.000000,0.14668853082693975,176.08390568963532
1782485709.424610,0.724609,-0.203368,0.658438,0.500723,0.314418,0.947785,-0.053291,0.222009,-0.613220,0.245651,0.750717,-0.522925,0.000000,0.000000,0.000000,1.000000,0.14668853082693975,176.08390568963532
1782485709.459809,0.724609,-0.203368,0.658438,0.500723,0.314418,0.947785,-0.053291,0.222009,-0.613220,0.245651,0.750717,-0.522925,0.000000,0.000000,0.000000,1.000000,0.14668853082693975,176.08390568963532
1782485709.495342,0.724609,-0.203368,0.658438,0.500723,0.314418,0.947785,-0.053291,0.222009,-0.613220,0.245651,0.750717,-0.522925,0.000000,0.000000,0.000000,1.000000,0.14668853082693975,176.08390568963532
1782485709.530620,0.724609,-0.203368,0.658438,0.500723,0.314418,0.947785,-0.053291,0.222009,-0.613220,0.245651,0.750717,-0.522925,0.000000,0.000000,0.000000,1.000000,0.14668853082693975,176.08390568963532
1782485709.565842,0.724609,-0.203368,0.658438,0.500723,0.314418,0.947785,-0.053291,0.222009,-0.613220,0.245651,0.750717,-0.522925,0.000000,0.000000,0.000000,1.000000,0.14668853082693975,176.08390568963532
1782485709.600797,0.724609,-0.203368,0.658438,0.500723,0.314418,0.947785,-0.053291,0.222009,-0.613220,0.245651,0.750717,-0.522925,0.000000,0.000000,0.000000,1.000000,0.14668853082693975,176.08390568963532
1782485709.635846,0.724609,-0.203368,0.658438,0.500723,0.314418,0.947785,-0.053291,0.222009,-0.613220,0.245651,0.750717,-0.522925,0.000000,0.000000,0.000000,1.000000,0.14668853082693975,176.08390568963532
1782485709.671085,0.724609,-0.203368,0.658438,0.500723,0.314418,0.947785,-0.053291,0.222009,-0.613220,0.245651,0.750717,-0.522925,0.000000,0.000000,0.000000,1.000000,0.14668853082693975,176.08390568963532
1782485709.706080,0.724609,-0.203368,0.658438,0.500723,0.314418,0.947785,-0.053291,0.222009,-0.613220,0.245651,0.750717,-0.522925,0.000000,0.000000,0.000000,1.000000,0.14668853082693975,176.08390568963532
1782485709.741436,0.724609,-0.203368,0.658438,0.500723,0.314418,0.947785,-0.053291,0.222009,-0.613220,0.245651,0.750717,-0.522925,0.000000,0.000000,0.000000,1.000000,0.14668853082693975,176.08390568963532
1782485709.776472,0.724609,-0.203368,0.658438,0.500723,0.314418,0.947785,-0.053291,0.222009,-0.613220,0.245651,0.750717,-0.522925,0.000000,0.000000,0.000000,1.000000,0.14668853082693975,176.08390568963532
1782485709.811733,0.724609,-0.203368,0.658438,0.500723,0.314418,0.947785,-0.053291,0.222009,-0.613220,0.245651,0.750717,-0.522925,0.000000,0.000000,0.000000,1.000000,0.14668853082693975,176.08390568963532
1782485709.847177,0.724609,-0.203368,0.658438,0.500723,0.314418,0.947785,-0.053291,0.222009,-0.613220,0.245651,0.750717,-0.522925,0.000000,0.000000,0.000000,1.000000,0.14668853082693975,176.08390568963532
1782485709.882624,0.724609,-0.203368,0.658438,0.500723,0.314418,0.947785,-0.053291,0.222009,-0.613220,0.245651,0.750717,-0.522925,0.000000,0.000000,0.000000,1.000000,0.14668853082693975,176.08390568963532
1782485709.917882,0.724609,-0.203368,0.658438,0.500723,0.314418,0.947785,-0.053291,0.222009,-0.613220,0.245651,0.750717,-0.522925,0.000000,0.000000,0.000000,1.000000,0.14668853082693975,176.08390568963532
1782485709.953474,0.724609,-0.203368,0.658438,0.500723,0.314418,0.947785,-0.053291,0.222009,-0.613220,0.245651,0.750717,-0.522925,0.000000,0.000000,0.000000,1.000000,0.14668853082693975,176.08390568963532
1782485709.988281,0.724609,-0.203368,0.658438,0.500723,0.314418,0.947785,-0.053291,0.222009,-0.613220,0.245651,0.750717,-0.522925,0.000000,0.000000,0.000000,1.000000,0.14668853082693975,176.08390568963532
1782485710.023748,0.724609,-0.203368,0.658438,0.500723,0.314418,0.947785,-0.053291,0.222009,-0.613220,0.245651,0.750717,-0.522925,0.000000,0.000000,0.000000,1.000000,0.14668853082693975,176.08390568963532
1782485710.059121,0.724609,-0.203368,0.658438,0.500723,0.314418,0.947785,-0.053291,0.222009,-0.613220,0.245651,0.750717,-0.522925,0.000000,0.000000,0.000000,1.000000,0.14668853082693975,176.08390568963532
1782485710.094612,0.724609,-0.203368,0.658438,0.500723,0.314418,0.947785,-0.053291,0.222009,-0.613220,0.245651,0.750717,-0.522925,0.000000,0.000000,0.000000,1.000000,0.14668853082693975,176.08390568963532
1782485710.130035,0.724609,-0.203368,0.658438,0.500723,0.314418,0.947785,-0.053291,0.222009,-0.613220,0.245651,0.750717,-0.522925,0.000000,0.000000,0.000000,1.000000,0.14668853082693975,176.08390568963532
1782485710.165724,0.724609,-0.203368,0.658438,0.500723,0.314418,0.947785,-0.053291,0.222009,-0.613220,0.245651,0.750717,-0.522925,0.000000,0.000000,0.000000,1.000000,0.14668853082693975,176.08390568963532
1782485710.201279,0.724609,-0.203368,0.658438,0.500723,0.314418,0.947785,-0.053291,0.222009,-0.613220,0.245651,0.750717,-0.522925,0.000000,0.000000,0.000000,1.000000,0.14668853082693975,176.08390568963532
1782485710.236523,0.724609,-0.203368,0.658438,0.500723,0.314418,0.947785,-0.053291,0.222009,-0.613220,0.245651,0.750717,-0.522925,0.000000,0.000000,0.000000,1.000000,0.14668853082693975,176.08390568963532
1782485710.271769,0.724609,-0.203368,0.658438,0.500723,0.314418,0.947785,-0.053291,0.222009,-0.613220,0.245651,0.750717,-0.522925,0.000000,0.000000,0.000000,1.000000,0.14668853082693975,176.08390568963532
1782485710.307392,0.724609,-0.203368,0.658438,0.500723,0.314418,0.947785,-0.053291,0.222009,-0.613220,0.245651,0.750717,-0.522925,0.000000,0.000000,0.000000,1.000000,0.14668853082693975,176.08390568963532
1782485710.343297,0.724609,-0.203368,0.658438,0.500723,0.314418,0.947785,-0.053291,0.222009,-0.613220,0.245651,0.750717,-0.522925,0.000000,0.000000,0.000000,1.000000,0.14668853082693975,176.08390568963532
1782485710.378841,0.724609,-0.203368,0.658438,0.500723,0.314418,0.947785,-0.053291,0.222009,-0.613220,0.245651,0.750717,-0.522925,0.000000,0.000000,0.000000,1.000000,0.14668853082693975,176.08390568963532
1782485710.414086,0.724609,-0.203368,0.658438,0.500723,0.314418,0.947785,-0.053291,0.222009,-0.613220,0.245651,0.750717,-0.522925,0.000000,0.000000,0.000000,1.000000,0.14668853082693975,176.08390568963532
1782485710.449523,0.724609,-0.203368,0.658438,0.500723,0.314418,0.947785,-0.053291,0.222009,-0.613220,0.245651,0.750717,-0.522925,0.000000,0.000000,0.000000,1.000000,0.14668853082693975,176.08390568963532
1782485710.485129,0.724609,-0.203368,0.658438,0.500723,0.314418,0.947785,-0.053291,0.222009,-0.613220,0.245651,0.750717,-0.522925,0.000000,0.000000,0.000000,1.000000,0.14668853082693975,176.08390568963532
1782485710.520720,0.724609,-0.203368,0.658438,0.500723,0.314418,0.947785,-0.053291,0.222009,-0.613220,0.245651,0.750717,-0.522925,0.000000,0.000000,0.000000,1.000000,0.14668853082693975,176.08390568963532
1782485710.556411,0.724609,-0.203368,0.658438,0.500723,0.314418,0.947785,-0.053291,0.222009,-0.613220,0.245651,0.750717,-0.522925,0.000000,0.000000,0.000000,1.000000,0.14668853082693975,176.08390568963532
1782485710.592651,0.724609,-0.203368,0.658438,0.500723,0.314418,0.947785,-0.053291,0.222009,-0.613220,0.245651,0.750717,-0.522925,0.000000,0.000000,0.000000,1.000000,0.14668853082693975,176.08390568963532
1782485710.628472,0.724609,-0.203368,0.658438,0.500723,0.314418,0.947785,-0.053291,0.222009,-0.613220,0.245651,0.750717,-0.522925,0.000000,0.000000,0.000000,1.000000,0.14668853082693975,176.08390568963532
1782485710.663936,0.724609,-0.203368,0.658438,0.500723,0.314418,0.947785,-0.053291,0.222009,-0.613220,0.245651,0.750717,-0.522925,0.000000,0.000000,0.000000,1.000000,0.14668853082693975,176.08390568963532
1782485710.699585,0.724609,-0.203368,0.658438,0.500723,0.314418,0.947785,-0.053291,0.222009,-0.613220,0.245651,0.750717,-0.522925,0.000000,0.000000,0.000000,1.000000,0.14668853082693975,176.08390568963532
1782485710.734901,0.724609,-0.203368,0.658438,0.500723,0.314418,0.947785,-0.053291,0.222009,-0.613220,0.245651,0.750717,-0.522925,0.000000,0.000000,0.000000,1.000000,0.14668853082693975,176.08390568963532
1782485710.770059,0.724609,-0.203368,0.658438,0.500723,0.314418,0.947785,-0.053291,0.222009,-0.613220,0.245651,0.750717,-0.522925,0.000000,0.000000,0.000000,1.000000,0.14668853082693975,176.08390568963532
1782485710.805229,0.724609,-0.203368,0.658438,0.500723,0.314418,0.947785,-0.053291,0.222009,-0.613220,0.245651,0.750717,-0.522925,0.000000,0.000000,0.000000,1.000000,0.14668853082693975,176.08390568963532
1782485710.840574,0.724609,-0.203368,0.658438,0.500723,0.314418,0.947785,-0.053291,0.222009,-0.613220,0.245651,0.750717,-0.522925,0.000000,0.000000,0.000000,1.000000,0.14668853082693975,176.08390568963532
1782485710.875310,0.724609,-0.203368,0.658438,0.500723,0.314418,0.947785,-0.053291,0.222009,-0.613220,0.245651,0.750717,-0.522925,0.000000,0.000000,0.000000,1.000000,0.14668853082693975,176.08390568963532
1782485710.911328,0.724609,-0.203368,0.658438,0.500723,0.314418,0.947785,-0.053291,0.222009,-0.613220,0.245651,0.750717,-0.522925,0.000000,0.000000,0.000000,1.000000,0.14668853082693975,176.08390568963532
1782485710.946364,0.724609,-0.203368,0.658438,0.500723,0.314418,0.947785,-0.053291,0.222009,-0.613220,0.245651,0.750717,-0.522925,0.000000,0.000000,0.000000,1.000000,0.14668853082693975,176.08390568963532
1782485710.981995,0.724609,-0.203368,0.658438,0.500723,0.314418,0.947785,-0.053291,0.222009,-0.613220,0.245651,0.750717,-0.522925,0.000000,0.000000,0.000000,1.000000,0.14668853082693975,176.08390568963532
1782485711.017299,0.724609,-0.203368,0.658438,0.500723,0.314418,0.947785,-0.053291,0.222009,-0.613220,0.245651,0.750717,-0.522925,0.000000,0.000000,0.000000,1.000000,0.14668853082693975,176.08390568963532
1782485711.052981,0.724609,-0.203368,0.658438,0.500723,0.314418,0.947785,-0.053291,0.222009,-0.613220,0.245651,0.750717,-0.522925,0.000000,0.000000,0.000000,1.000000,0.14668853082693975,176.08390568963532
1782485711.088228,0.724609,-0.203368,0.658438,0.500723,0.314418,0.947785,-0.053291,0.222009,-0.613220,0.245651,0.750717,-0.522925,0.000000,0.000000,0.000000,1.000000,0.14668853082693975,176.08390568963532
1782485711.123913,0.724609,-0.203368,0.658438,0.500723,0.314418,0.947785,-0.053291,0.222009,-0.613220,0.245651,0.750717,-0.522925,0.000000,0.000000,0.000000,1.000000,0.14668853082693975,176.08390568963532
1782485711.159725,0.724609,-0.203368,0.658438,0.500723,0.314418,0.947785,-0.053291,0.222009,-0.613220,0.245651,0.750717,-0.522925,0.000000,0.000000,0.000000,1.000000,0.14668853082693975,176.08390568963532
1782485711.195430,0.724609,-0.203368,0.658438,0.500723,0.314418,0.947785,-0.053291,0.222009,-0.613220,0.245651,0.750717,-0.522925,0.000000,0.000000,0.000000,1.000000,0.14668853082693975,176.08390568963532
1782485711.231008,0.724609,-0.203368,0.658438,0.500723,0.314418,0.947785,-0.053291,0.222009,-0.613220,0.245651,0.750717,-0.522925,0.000000,0.000000,0.000000,1.000000,0.14668853082693975,176.08390568963532
1782485711.265824,0.724609,-0.203368,0.658438,0.500723,0.314418,0.947785,-0.053291,0.222009,-0.613220,0.245651,0.750717,-0.522925,0.000000,0.000000,0.000000,1.000000,0.14668853082693975,176.08390568963532
1782485711.301574,0.724609,-0.203368,0.658438,0.500723,0.314418,0.947785,-0.053291,0.222009,-0.613220,0.245651,0.750717,-0.522925,0.000000,0.000000,0.000000,1.000000,0.14668853082693975,176.08390568963532
1782485711.337249,0.724609,-0.203368,0.658438,0.500723,0.314418,0.947785,-0.053291,0.222009,-0.613220,0.245651,0.750717,-0.522925,0.000000,0.000000,0.000000,1.000000,0.14668853082693975,176.08390568963532
1782485711.372533,0.724609,-0.203368,0.658438,0.500723,0.314418,0.947785,-0.053291,0.222009,-0.613220,0.245651,0.750717,-0.522925,0.000000,0.000000,0.000000,1.000000,0.14668853082693975,176.08390568963532
1782485711.408028,0.724609,-0.203368,0.658438,0.500723,0.314418,0.947785,-0.053291,0.222009,-0.613220,0.245651,0.750717,-0.522925,0.000000,0.000000,0.000000,1.000000,0.14668853082693975,176.08390568963532
1782485711.443365,0.724609,-0.203368,0.658438,0.500723,0.314418,0.947785,-0.053291,0.222009,-0.613220,0.245651,0.750717,-0.522925,0.000000,0.000000,0.000000,1.000000,0.14668853082693975,176.08390568963532
1782485711.479040,0.724609,-0.203368,0.658438,0.500723,0.314418,0.947785,-0.053291,0.222009,-0.613220,0.245651,0.750717,-0.522925,0.000000,0.000000,0.000000,1.000000,0.14668853082693975,176.08390568963532
1782485711.514678,0.724609,-0.203368,0.658438,0.500723,0.314418,0.947785,-0.053291,0.222009,-0.613220,0.245651,0.750717,-0.522925,0.000000,0.000000,0.000000,1.000000,0.14668853082693975,176.08390568963532
1782485711.550082,0.724609,-0.203368,0.658438,0.500723,0.314418,0.947785,-0.053291,0.222009,-0.613220,0.245651,0.750717,-0.522925,0.000000,0.000000,0.000000,1.000000,0.14668853082693975,176.08390568963532
1782485711.585451,0.724609,-0.203368,0.658438,0.500723,0.314418,0.947785,-0.053291,0.222009,-0.613220,0.245651,0.750717,-0.522925,0.000000,0.000000,0.000000,1.000000,0.14668853082693975,176.08390568963532
1782485711.621044,0.724609,-0.203368,0.658438,0.500723,0.314418,0.947785,-0.053291,0.222009,-0.613220,0.245651,0.750717,-0.522925,0.000000,0.000000,0.000000,1.000000,0.14668853082693975,176.08390568963532
1782485711.656573,0.724609,-0.203368,0.658438,0.500723,0.314418,0.947785,-0.053291,0.222009,-0.613220,0.245651,0.750717,-0.522925,0.000000,0.000000,0.000000,1.000000,0.14668853082693975,176.08390568963532
1782485711.692106,0.724609,-0.203368,0.658438,0.500723,0.314418,0.947785,-0.053291,0.222009,-0.613220,0.245651,0.750717,-0.522925,0.000000,0.000000,0.000000,1.000000,0.14668853082693975,176.08390568963532
1782485711.727529,0.724609,-0.203368,0.658438,0.500723,0.314418,0.947785,-0.053291,0.222009,-0.613220,0.245651,0.750717,-0.522925,0.000000,0.000000,0.000000,1.000000,0.14668853082693975,176.08390568963532
1782485711.763392,0.724609,-0.203368,0.658438,0.500723,0.314418,0.947785,-0.053291,0.222009,-0.613220,0.245651,0.750717,-0.522925,0.000000,0.000000,0.000000,1.000000,0.14668853082693975,176.08390568963532
1782485711.799174,0.724609,-0.203368,0.658438,0.500723,0.314418,0.947785,-0.053291,0.222009,-0.613220,0.245651,0.750717,-0.522925,0.000000,0.000000,0.000000,1.000000,0.14668853082693975,176.08390568963532
1782485711.835068,0.724609,-0.203368,0.658438,0.500723,0.314418,0.947785,-0.053291,0.222009,-0.613220,0.245651,0.750717,-0.522925,0.000000,0.000000,0.000000,1.000000,0.14668853082693975,176.08390568963532
1782485711.870756,0.724609,-0.203368,0.658438,0.500723,0.314418,0.947785,-0.053291,0.222009,-0.613220,0.245651,0.750717,-0.522925,0.000000,0.000000,0.000000,1.000000,0.14668853082693975,176.08390568963532
1782485711.905901,0.724609,-0.203368,0.658438,0.500723,0.314418,0.947785,-0.053291,0.222009,-0.613220,0.245651,0.750717,-0.522925,0.000000,0.000000,0.000000,1.000000,0.14668853082693975,176.08390568963532
1782485711.941384,0.724609,-0.203368,0.658438,0.500723,0.314418,0.947785,-0.053291,0.222009,-0.613220,0.245651,0.750717,-0.522925,0.000000,0.000000,0.000000,1.000000,0.14668853082693975,176.08390568963532
1782485711.976644,0.724609,-0.203368,0.658438,0.500723,0.314418,0.947785,-0.053291,0.222009,-0.613220,0.245651,0.750717,-0.522925,0.000000,0.000000,0.000000,1.000000,0.14668853082693975,176.08390568963532
1782485712.012188,0.724609,-0.203368,0.658438,0.500723,0.314418,0.947785,-0.053291,0.222009,-0.613220,0.245651,0.750717,-0.522925,0.000000,0.000000,0.000000,1.000000,0.14668853082693975,176.08390568963532
1782485712.047503,0.724609,-0.203368,0.658438,0.500723,0.314418,0.947785,-0.053291,0.222009,-0.613220,0.245651,0.750717,-0.522925,0.000000,0.000000,0.000000,1.000000,0.14668853082693975,176.08390568963532
1782485712.082893,0.724609,-0.203368,0.658438,0.500723,0.314418,0.947785,-0.053291,0.222009,-0.613220,0.245651,0.750717,-0.522925,0.000000,0.000000,0.000000,1.000000,0.14668853082693975,176.08390568963532
1782485712.118324,0.724609,-0.203368,0.658438,0.500723,0.314418,0.947785,-0.053291,0.222009,-0.613220,0.245651,0.750717,-0.522925,0.000000,0.000000,0.000000,1.000000,0.14668853082693975,176.08390568963532
1782485712.153729,0.724609,-0.203368,0.658438,0.500723,0.314418,0.947785,-0.053291,0.222009,-0.613220,0.245651,0.750717,-0.522925,0.000000,0.000000,0.000000,1.000000,0.14668853082693975,176.08390568963532
1782485712.189097,0.724609,-0.203368,0.658438,0.500723,0.314418,0.947785,-0.053291,0.222009,-0.613220,0.245651,0.750717,-0.522925,0.000000,0.000000,0.000000,1.000000,0.14668853082693975,176.08390568963532
1782485712.224769,0.724609,-0.203368,0.658438,0.500723,0.314418,0.947785,-0.053291,0.222009,-0.613220,0.245651,0.750717,-0.522925,0.000000,0.000000,0.000000,1.000000,0.14668853082693975,176.08390568963532
1782485712.260042,0.724609,-0.203368,0.658438,0.500723,0.314418,0.947785,-0.053291,0.222009,-0.613220,0.245651,0.750717,-0.522925,0.000000,0.000000,0.000000,1.000000,0.14668853082693975,176.08390568963532
1782485712.295909,0.724609,-0.203368,0.658438,0.500723,0.314418,0.947785,-0.053291,0.222009,-0.613220,0.245651,0.750717,-0.522925,0.000000,0.000000,0.000000,1.000000,0.14668853082693975,176.08390568963532
1782485712.331518,0.724609,-0.203368,0.658438,0.500723,0.314418,0.947785,-0.053291,0.222009,-0.613220,0.245651,0.750717,-0.522925,0.000000,0.000000,0.000000,1.000000,0.14668853082693975,176.08390568963532
1782485712.367381,0.724609,-0.203368,0.658438,0.500723,0.314418,0.947785,-0.053291,0.222009,-0.613220,0.245651,0.750717,-0.522925,0.000000,0.000000,0.000000,1.000000,0.14668853082693975,176.08390568963532
1782485712.402955,0.724609,-0.203368,0.658438,0.500723,0.314418,0.947785,-0.053291,0.222009,-0.613220,0.245651,0.750717,-0.522925,0.000000,0.000000,0.000000,1.000000,0.14668853082693975,176.08390568963532
1782485712.438882,0.724609,-0.203368,0.658438,0.500723,0.314418,0.947785,-0.053291,0.222009,-0.613220,0.245651,0.750717,-0.522925,0.000000,0.000000,0.000000,1.000000,0.14668853082693975,176.08390568963532
1782485712.474483,0.724609,-0.203368,0.658438,0.500723,0.314418,0.947785,-0.053291,0.222009,-0.613220,0.245651,0.750717,-0.522925,0.000000,0.000000,0.000000,1.000000,0.14668853082693975,176.08390568963532
1782485712.509874,0.724609,-0.203368,0.658438,0.500723,0.314418,0.947785,-0.053291,0.222009,-0.613220,0.245651,0.750717,-0.522925,0.000000,0.000000,0.000000,1.000000,0.14668853082693975,176.08390568963532
1782485712.545372,0.724609,-0.203368,0.658438,0.500723,0.314418,0.947785,-0.053291,0.222009,-0.613220,0.245651,0.750717,-0.522925,0.000000,0.000000,0.000000,1.000000,0.14668853082693975,176.08390568963532
1782485712.580264,0.724609,-0.203368,0.658438,0.500723,0.314418,0.947785,-0.053291,0.222009,-0.613220,0.245651,0.750717,-0.522925,0.000000,0.000000,0.000000,1.000000,0.14668853082693975,176.08390568963532
1782485712.615990,0.724609,-0.203368,0.658438,0.500723,0.314418,0.947785,-0.053291,0.222009,-0.613220,0.245651,0.750717,-0.522925,0.000000,0.000000,0.000000,1.000000,0.14668853082693975,176.08390568963532
1782485712.651441,0.724609,-0.203368,0.658438,0.500723,0.314418,0.947785,-0.053291,0.222009,-0.613220,0.245651,0.750717,-0.522925,0.000000,0.000000,0.000000,1.000000,0.14668853082693975,176.08390568963532
1782485712.686757,0.724609,-0.203368,0.658438,0.500723,0.314418,0.947785,-0.053291,0.222009,-0.613220,0.245651,0.750717,-0.522925,0.000000,0.000000,0.000000,1.000000,0.14668853082693975,176.08390568963532
1782485712.721732,0.724609,-0.203368,0.658438,0.500723,0.314418,0.947785,-0.053291,0.222009,-0.613220,0.245651,0.750717,-0.522925,0.000000,0.000000,0.000000,1.000000,0.14668853082693975,176.08390568963532
1782485712.756460,0.724609,-0.203368,0.658438,0.500723,0.314418,0.947785,-0.053291,0.222009,-0.613220,0.245651,0.750717,-0.522925,0.000000,0.000000,0.000000,1.000000,0.14668853082693975,176.08390568963532
1782485712.792276,0.724609,-0.203368,0.658438,0.500723,0.314418,0.947785,-0.053291,0.222009,-0.613220,0.245651,0.750717,-0.522925,0.000000,0.000000,0.000000,1.000000,0.14668853082693975,176.08390568963532
1782485712.826775,0.724609,-0.203368,0.658438,0.500723,0.314418,0.947785,-0.053291,0.222009,-0.613220,0.245651,0.750717,-0.522925,0.000000,0.000000,0.000000,1.000000,0.14668853082693975,176.08390568963532
1782485712.862287,0.724609,-0.203368,0.658438,0.500723,0.314418,0.947785,-0.053291,0.222009,-0.613220,0.245651,0.750717,-0.522925,0.000000,0.000000,0.000000,1.000000,0.14668853082693975,176.08390568963532
1782485712.897755,0.724609,-0.203368,0.658438,0.500723,0.314418,0.947785,-0.053291,0.222009,-0.613220,0.245651,0.750717,-0.522925,0.000000,0.000000,0.000000,1.000000,0.14668853082693975,176.08390568963532
1782485712.933157,0.724609,-0.203368,0.658438,0.500723,0.314418,0.947785,-0.053291,0.222009,-0.613220,0.245651,0.750717,-0.522925,0.000000,0.000000,0.000000,1.000000,0.14668853082693975,176.08390568963532
1782485712.968468,0.724609,-0.203368,0.658438,0.500723,0.314418,0.947785,-0.053291,0.222009,-0.613220,0.245651,0.750717,-0.522925,0.000000,0.000000,0.000000,1.000000,0.14668853082693975,176.08390568963532
1782485713.004155,0.724609,-0.203368,0.658438,0.500723,0.314418,0.947785,-0.053291,0.222009,-0.613220,0.245651,0.750717,-0.522925,0.000000,0.000000,0.000000,1.000000,0.14668853082693975,176.08390568963532
1782485713.039422,0.724609,-0.203368,0.658438,0.500723,0.314418,0.947785,-0.053291,0.222009,-0.613220,0.245651,0.750717,-0.522925,0.000000,0.000000,0.000000,1.000000,0.14668853082693975,176.08390568963532
1782485713.074708,0.724609,-0.203368,0.658438,0.500723,0.314418,0.947785,-0.053291,0.222009,-0.613220,0.245651,0.750717,-0.522925,0.000000,0.000000,0.000000,1.000000,0.14668853082693975,176.08390568963532
1782485713.109909,0.724609,-0.203368,0.658438,0.500723,0.314418,0.947785,-0.053291,0.222009,-0.613220,0.245651,0.750717,-0.522925,0.000000,0.000000,0.000000,1.000000,0.14668853082693975,176.08390568963532
1782485713.145071,0.724609,-0.203368,0.658438,0.500723,0.314418,0.947785,-0.053291,0.222009,-0.613220,0.245651,0.750717,-0.522925,0.000000,0.000000,0.000000,1.000000,0.14668853082693975,176.08390568963532
1782485713.180394,0.724609,-0.203368,0.658438,0.500723,0.314418,0.947785,-0.053291,0.222009,-0.613220,0.245651,0.750717,-0.522925,0.000000,0.000000,0.000000,1.000000,0.14668853082693975,176.08390568963532
1782485713.215791,0.724609,-0.203368,0.658438,0.500723,0.314418,0.947785,-0.053291,0.222009,-0.613220,0.245651,0.750717,-0.522925,0.000000,0.000000,0.000000,1.000000,0.14668853082693975,176.08390568963532
1782485713.251600,0.724609,-0.203368,0.658438,0.500723,0.314418,0.947785,-0.053291,0.222009,-0.613220,0.245651,0.750717,-0.522925,0.000000,0.000000,0.000000,1.000000,0.14668853082693975,176.08390568963532
1782485713.287032,0.724609,-0.203368,0.658438,0.500723,0.314418,0.947785,-0.053291,0.222009,-0.613220,0.245651,0.750717,-0.522925,0.000000,0.000000,0.000000,1.000000,0.14668853082693975,176.08390568963532
1782485713.322416,0.724609,-0.203368,0.658438,0.500723,0.314418,0.947785,-0.053291,0.222009,-0.613220,0.245651,0.750717,-0.522925,0.000000,0.000000,0.000000,1.000000,0.14668853082693975,176.08390568963532
1782485713.357750,0.724609,-0.203368,0.658438,0.500723,0.314418,0.947785,-0.053291,0.222009,-0.613220,0.245651,0.750717,-0.522925,0.000000,0.000000,0.000000,1.000000,0.14668853082693975,176.08390568963532
1782485713.393094,0.724609,-0.203368,0.658438,0.500723,0.314418,0.947785,-0.053291,0.222009,-0.613220,0.245651,0.750717,-0.522925,0.000000,0.000000,0.000000,1.000000,0.14668853082693975,176.08390568963532
1782485713.428286,0.724609,-0.203368,0.658438,0.500723,0.314418,0.947785,-0.053291,0.222009,-0.613220,0.245651,0.750717,-0.522925,0.000000,0.000000,0.000000,1.000000,0.14668853082693975,176.08390568963532
1782485713.463482,0.724609,-0.203368,0.658438,0.500723,0.314418,0.947785,-0.053291,0.222009,-0.613220,0.245651,0.750717,-0.522925,0.000000,0.000000,0.000000,1.000000,0.14668853082693975,176.08390568963532
1782485713.498291,0.724609,-0.203368,0.658438,0.500723,0.314418,0.947785,-0.053291,0.222009,-0.613220,0.245651,0.750717,-0.522925,0.000000,0.000000,0.000000,1.000000,0.14668853082693975,176.08390568963532
1782485713.533794,0.724609,-0.203368,0.658438,0.500723,0.314418,0.947785,-0.053291,0.222009,-0.613220,0.245651,0.750717,-0.522925,0.000000,0.000000,0.000000,1.000000,0.14668853082693975,176.08390568963532
1782485713.568339,0.724609,-0.203368,0.658438,0.500723,0.314418,0.947785,-0.053291,0.222009,-0.613220,0.245651,0.750717,-0.522925,0.000000,0.000000,0.000000,1.000000,0.14668853082693975,176.08390568963532
1782485713.603505,0.724609,-0.203368,0.658438,0.500723,0.314418,0.947785,-0.053291,0.222009,-0.613220,0.245651,0.750717,-0.522925,0.000000,0.000000,0.000000,1.000000,0.14668853082693975,176.08390568963532
1782485713.638855,0.724609,-0.203368,0.658438,0.500723,0.314418,0.947785,-0.053291,0.222009,-0.613220,0.245651,0.750717,-0.522925,0.000000,0.000000,0.000000,1.000000,0.14668853082693975,176.08390568963532
1782485713.673657,0.724609,-0.203368,0.658438,0.500723,0.314418,0.947785,-0.053291,0.222009,-0.613220,0.245651,0.750717,-0.522925,0.000000,0.000000,0.000000,1.000000,0.14668853082693975,176.08390568963532
1782485713.709078,0.724609,-0.203368,0.658438,0.500723,0.314418,0.947785,-0.053291,0.222009,-0.613220,0.245651,0.750717,-0.522925,0.000000,0.000000,0.000000,1.000000,0.14668853082693975,176.08390568963532
1782485713.744677,0.724609,-0.203368,0.658438,0.500723,0.314418,0.947785,-0.053291,0.222009,-0.613220,0.245651,0.750717,-0.522925,0.000000,0.000000,0.000000,1.000000,0.14668853082693975,176.08390568963532
1782485713.779909,0.724609,-0.203368,0.658438,0.500723,0.314418,0.947785,-0.053291,0.222009,-0.613220,0.245651,0.750717,-0.522925,0.000000,0.000000,0.000000,1.000000,0.14668853082693975,176.08390568963532
1782485713.815273,0.724609,-0.203368,0.658438,0.500723,0.314418,0.947785,-0.053291,0.222009,-0.613220,0.245651,0.750717,-0.522925,0.000000,0.000000,0.000000,1.000000,0.14668853082693975,176.08390568963532
1782485713.850455,0.724609,-0.203368,0.658438,0.500723,0.314418,0.947785,-0.053291,0.222009,-0.613220,0.245651,0.750717,-0.522925,0.000000,0.000000,0.000000,1.000000,0.14668853082693975,176.08390568963532
1782485713.886312,0.724609,-0.203368,0.658438,0.500723,0.314418,0.947785,-0.053291,0.222009,-0.613220,0.245651,0.750717,-0.522925,0.000000,0.000000,0.000000,1.000000,0.14668853082693975,176.08390568963532
1782485713.921781,0.724609,-0.203368,0.658438,0.500723,0.314418,0.947785,-0.053291,0.222009,-0.613220,0.245651,0.750717,-0.522925,0.000000,0.000000,0.000000,1.000000,0.14668853082693975,176.08390568963532
1782485713.957094,0.724609,-0.203368,0.658438,0.500723,0.314418,0.947785,-0.053291,0.222009,-0.613220,0.245651,0.750717,-0.522925,0.000000,0.000000,0.000000,1.000000,0.14668853082693975,176.08390568963532
1782485713.992337,0.724609,-0.203368,0.658438,0.500723,0.314418,0.947785,-0.053291,0.222009,-0.613220,0.245651,0.750717,-0.522925,0.000000,0.000000,0.000000,1.000000,0.14668853082693975,176.08390568963532
1782485714.028070,0.724609,-0.203368,0.658438,0.500723,0.314418,0.947785,-0.053291,0.222009,-0.613220,0.245651,0.750717,-0.522925,0.000000,0.000000,0.000000,1.000000,0.14668853082693975,176.08390568963532
1782485714.063374,0.724609,-0.203368,0.658438,0.500723,0.314418,0.947785,-0.053291,0.222009,-0.613220,0.245651,0.750717,-0.522925,0.000000,0.000000,0.000000,1.000000,0.14668853082693975,176.08390568963532
1782485714.098618,0.724609,-0.203368,0.658438,0.500723,0.314418,0.947785,-0.053291,0.222009,-0.613220,0.245651,0.750717,-0.522925,0.000000,0.000000,0.000000,1.000000,0.14668853082693975,176.08390568963532
1782485714.134070,0.724609,-0.203368,0.658438,0.500723,0.314418,0.947785,-0.053291,0.222009,-0.613220,0.245651,0.750717,-0.522925,0.000000,0.000000,0.000000,1.000000,0.14668853082693975,176.08390568963532
1782485714.169742,0.724609,-0.203368,0.658438,0.500723,0.314418,0.947785,-0.053291,0.222009,-0.613220,0.245651,0.750717,-0.522925,0.000000,0.000000,0.000000,1.000000,0.14668853082693975,176.08390568963532
1782485714.205161,0.724609,-0.203368,0.658438,0.500723,0.314418,0.947785,-0.053291,0.222009,-0.613220,0.245651,0.750717,-0.522925,0.000000,0.000000,0.000000,1.000000,0.14668853082693975,176.08390568963532
1782485714.240348,0.724609,-0.203368,0.658438,0.500723,0.314418,0.947785,-0.053291,0.222009,-0.613220,0.245651,0.750717,-0.522925,0.000000,0.000000,0.000000,1.000000,0.14668853082693975,176.08390568963532
1782485714.275525,0.724609,-0.203368,0.658438,0.500723,0.314418,0.947785,-0.053291,0.222009,-0.613220,0.245651,0.750717,-0.522925,0.000000,0.000000,0.000000,1.000000,0.14668853082693975,176.08390568963532
1782485714.311118,0.724609,-0.203368,0.658438,0.500723,0.314418,0.947785,-0.053291,0.222009,-0.613220,0.245651,0.750717,-0.522925,0.000000,0.000000,0.000000,1.000000,0.14668853082693975,176.08390568963532
1782485714.346317,0.724609,-0.203368,0.658438,0.500723,0.314418,0.947785,-0.053291,0.222009,-0.613220,0.245651,0.750717,-0.522925,0.000000,0.000000,0.000000,1.000000,0.14668853082693975,176.08390568963532
1782485714.380702,0.724609,-0.203368,0.658438,0.500723,0.314418,0.947785,-0.053291,0.222009,-0.613220,0.245651,0.750717,-0.522925,0.000000,0.000000,0.000000,1.000000,0.14668853082693975,176.08390568963532
1782485714.415257,0.724609,-0.203368,0.658438,0.500723,0.314418,0.947785,-0.053291,0.222009,-0.613220,0.245651,0.750717,-0.522925,0.000000,0.000000,0.000000,1.000000,0.14668853082693975,176.08390568963532
1782485714.450666,0.724609,-0.203368,0.658438,0.500723,0.314418,0.947785,-0.053291,0.222009,-0.613220,0.245651,0.750717,-0.522925,0.000000,0.000000,0.000000,1.000000,0.14668853082693975,176.08390568963532
1782485714.486228,0.724609,-0.203368,0.658438,0.500723,0.314418,0.947785,-0.053291,0.222009,-0.613220,0.245651,0.750717,-0.522925,0.000000,0.000000,0.000000,1.000000,0.14668853082693975,176.08390568963532
1782485714.521477,0.724609,-0.203368,0.658438,0.500723,0.314418,0.947785,-0.053291,0.222009,-0.613220,0.245651,0.750717,-0.522925,0.000000,0.000000,0.000000,1.000000,0.14668853082693975,176.08390568963532
1782485714.556721,0.724609,-0.203368,0.658438,0.500723,0.314418,0.947785,-0.053291,0.222009,-0.613220,0.245651,0.750717,-0.522925,0.000000,0.000000,0.000000,1.000000,0.14668853082693975,176.08390568963532
1782485714.591150,0.724609,-0.203368,0.658438,0.500723,0.314418,0.947785,-0.053291,0.222009,-0.613220,0.245651,0.750717,-0.522925,0.000000,0.000000,0.000000,1.000000,0.14668853082693975,176.08390568963532
1782485714.626316,0.724609,-0.203368,0.658438,0.500723,0.314418,0.947785,-0.053291,0.222009,-0.613220,0.245651,0.750717,-0.522925,0.000000,0.000000,0.000000,1.000000,0.14668853082693975,176.08390568963532
1782485714.661475,0.724609,-0.203368,0.658438,0.500723,0.314418,0.947785,-0.053291,0.222009,-0.613220,0.245651,0.750717,-0.522925,0.000000,0.000000,0.000000,1.000000,0.14668853082693975,176.08390568963532
1782485714.696756,0.724609,-0.203368,0.658438,0.500723,0.314418,0.947785,-0.053291,0.222009,-0.613220,0.245651,0.750717,-0.522925,0.000000,0.000000,0.000000,1.000000,0.14668853082693975,176.08390568963532
1782485714.731857,0.724609,-0.203368,0.658438,0.500723,0.314418,0.947785,-0.053291,0.222009,-0.613220,0.245651,0.750717,-0.522925,0.000000,0.000000,0.000000,1.000000,0.14668853082693975,176.08390568963532
1782485714.766722,0.724609,-0.203368,0.658438,0.500723,0.314418,0.947785,-0.053291,0.222009,-0.613220,0.245651,0.750717,-0.522925,0.000000,0.000000,0.000000,1.000000,0.14668853082693975,176.08390568963532
1782485714.801663,0.724609,-0.203368,0.658438,0.500723,0.314418,0.947785,-0.053291,0.222009,-0.613220,0.245651,0.750717,-0.522925,0.000000,0.000000,0.000000,1.000000,0.14668853082693975,176.08390568963532
1782485714.836855,0.724609,-0.203368,0.658438,0.500723,0.314418,0.947785,-0.053291,0.222009,-0.613220,0.245651,0.750717,-0.522925,0.000000,0.000000,0.000000,1.000000,0.14668853082693975,176.08390568963532
1782485714.872186,0.724609,-0.203368,0.658438,0.500723,0.314418,0.947785,-0.053291,0.222009,-0.613220,0.245651,0.750717,-0.522925,0.000000,0.000000,0.000000,1.000000,0.14668853082693975,176.08390568963532
1782485714.907597,0.724609,-0.203368,0.658438,0.500723,0.314418,0.947785,-0.053291,0.222009,-0.613220,0.245651,0.750717,-0.522925,0.000000,0.000000,0.000000,1.000000,0.14668853082693975,176.08390568963532
1782485714.943007,0.724609,-0.203368,0.658438,0.500723,0.314418,0.947785,-0.053291,0.222009,-0.613220,0.245651,0.750717,-0.522925,0.000000,0.000000,0.000000,1.000000,0.14668853082693975,176.08390568963532
1782485714.978236,0.724609,-0.203368,0.658438,0.500723,0.314418,0.947785,-0.053291,0.222009,-0.613220,0.245651,0.750717,-0.522925,0.000000,0.000000,0.000000,1.000000,0.14668853082693975,176.08390568963532
1782485715.013526,0.724609,-0.203368,0.658438,0.500723,0.314418,0.947785,-0.053291,0.222009,-0.613220,0.245651,0.750717,-0.522925,0.000000,0.000000,0.000000,1.000000,0.14668853082693975,176.08390568963532
1782485715.048520,0.724609,-0.203368,0.658438,0.500723,0.314418,0.947785,-0.053291,0.222009,-0.613220,0.245651,0.750717,-0.522925,0.000000,0.000000,0.000000,1.000000,0.14668853082693975,176.08390568963532
1782485715.084387,0.724609,-0.203368,0.658438,0.500723,0.314418,0.947785,-0.053291,0.222009,-0.613220,0.245651,0.750717,-0.522925,0.000000,0.000000,0.000000,1.000000,0.14668853082693975,176.08390568963532
1782485715.119907,0.724609,-0.203368,0.658438,0.500723,0.314418,0.947785,-0.053291,0.222009,-0.613220,0.245651,0.750717,-0.522925,0.000000,0.000000,0.000000,1.000000,0.14668853082693975,176.08390568963532
1782485715.155036,0.724609,-0.203368,0.658438,0.500723,0.314418,0.947785,-0.053291,0.222009,-0.613220,0.245651,0.750717,-0.522925,0.000000,0.000000,0.000000,1.000000,0.14668853082693975,176.08390568963532
1782485715.190513,0.724609,-0.203368,0.658438,0.500723,0.314418,0.947785,-0.053291,0.222009,-0.613220,0.245651,0.750717,-0.522925,0.000000,0.000000,0.000000,1.000000,0.14668853082693975,176.08390568963532
1782485715.226152,0.724609,-0.203368,0.658438,0.500723,0.314418,0.947785,-0.053291,0.222009,-0.613220,0.245651,0.750717,-0.522925,0.000000,0.000000,0.000000,1.000000,0.14668853082693975,176.08390568963532
1782485715.261727,0.724609,-0.203368,0.658438,0.500723,0.314418,0.947785,-0.053291,0.222009,-0.613220,0.245651,0.750717,-0.522925,0.000000,0.000000,0.000000,1.000000,0.14668853082693975,176.08390568963532
1782485715.297458,0.724609,-0.203368,0.658438,0.500723,0.314418,0.947785,-0.053291,0.222009,-0.613220,0.245651,0.750717,-0.522925,0.000000,0.000000,0.000000,1.000000,0.14668853082693975,176.08390568963532
1782485715.332717,0.724609,-0.203368,0.658438,0.500723,0.314418,0.947785,-0.053291,0.222009,-0.613220,0.245651,0.750717,-0.522925,0.000000,0.000000,0.000000,1.000000,0.14668853082693975,176.08390568963532
1782485715.368100,0.724609,-0.203368,0.658438,0.500723,0.314418,0.947785,-0.053291,0.222009,-0.613220,0.245651,0.750717,-0.522925,0.000000,0.000000,0.000000,1.000000,0.14668853082693975,176.08390568963532
1782485715.403696,0.724609,-0.203368,0.658438,0.500723,0.314418,0.947785,-0.053291,0.222009,-0.613220,0.245651,0.750717,-0.522925,0.000000,0.000000,0.000000,1.000000,0.14668853082693975,176.08390568963532
1782485715.438904,0.724609,-0.203368,0.658438,0.500723,0.314418,0.947785,-0.053291,0.222009,-0.613220,0.245651,0.750717,-0.522925,0.000000,0.000000,0.000000,1.000000,0.14668853082693975,176.08390568963532
1782485715.474234,0.724609,-0.203368,0.658438,0.500723,0.314418,0.947785,-0.053291,0.222009,-0.613220,0.245651,0.750717,-0.522925,0.000000,0.000000,0.000000,1.000000,0.14668853082693975,176.08390568963532
1782485715.509758,0.724609,-0.203368,0.658438,0.500723,0.314418,0.947785,-0.053291,0.222009,-0.613220,0.245651,0.750717,-0.522925,0.000000,0.000000,0.000000,1.000000,0.14668853082693975,176.08390568963532
1782485715.545213,0.724609,-0.203368,0.658438,0.500723,0.314418,0.947785,-0.053291,0.222009,-0.613220,0.245651,0.750717,-0.522925,0.000000,0.000000,0.000000,1.000000,0.14668853082693975,176.08390568963532
1782485715.580494,0.724609,-0.203368,0.658438,0.500723,0.314418,0.947785,-0.053291,0.222009,-0.613220,0.245651,0.750717,-0.522925,0.000000,0.000000,0.000000,1.000000,0.14668853082693975,176.08390568963532
1782485715.616130,0.724609,-0.203368,0.658438,0.500723,0.314418,0.947785,-0.053291,0.222009,-0.613220,0.245651,0.750717,-0.522925,0.000000,0.000000,0.000000,1.000000,0.14668853082693975,176.08390568963532
1782485715.651549,0.724609,-0.203368,0.658438,0.500723,0.314418,0.947785,-0.053291,0.222009,-0.613220,0.245651,0.750717,-0.522925,0.000000,0.000000,0.000000,1.000000,0.14668853082693975,176.08390568963532
1782485715.687519,0.724609,-0.203368,0.658438,0.500723,0.314418,0.947785,-0.053291,0.222009,-0.613220,0.245651,0.750717,-0.522925,0.000000,0.000000,0.000000,1.000000,0.14668853082693975,176.08390568963532
1782485715.723602,0.724609,-0.203368,0.658438,0.500723,0.314418,0.947785,-0.053291,0.222009,-0.613220,0.245651,0.750717,-0.522925,0.000000,0.000000,0.000000,1.000000,0.14668853082693975,176.08390568963532
1782485715.759398,0.724609,-0.203368,0.658438,0.500723,0.314418,0.947785,-0.053291,0.222009,-0.613220,0.245651,0.750717,-0.522925,0.000000,0.000000,0.000000,1.000000,0.14668853082693975,176.08390568963532
1782485715.794702,0.724609,-0.203368,0.658438,0.500723,0.314418,0.947785,-0.053291,0.222009,-0.613220,0.245651,0.750717,-0.522925,0.000000,0.000000,0.000000,1.000000,0.14668853082693975,176.08390568963532
1782485715.830572,0.724609,-0.203368,0.658438,0.500723,0.314418,0.947785,-0.053291,0.222009,-0.613220,0.245651,0.750717,-0.522925,0.000000,0.000000,0.000000,1.000000,0.14668853082693975,176.08390568963532
1782485715.865987,0.724609,-0.203368,0.658438,0.500723,0.314418,0.947785,-0.053291,0.222009,-0.613220,0.245651,0.750717,-0.522925,0.000000,0.000000,0.000000,1.000000,0.14668853082693975,176.08390568963532
1782485715.901412,0.724609,-0.203368,0.658438,0.500723,0.314418,0.947785,-0.053291,0.222009,-0.613220,0.245651,0.750717,-0.522925,0.000000,0.000000,0.000000,1.000000,0.14668853082693975,176.08390568963532
1782485715.937346,0.724609,-0.203368,0.658438,0.500723,0.314418,0.947785,-0.053291,0.222009,-0.613220,0.245651,0.750717,-0.522925,0.000000,0.000000,0.000000,1.000000,0.14668853082693975,176.08390568963532
1782485715.972841,0.724609,-0.203368,0.658438,0.500723,0.314418,0.947785,-0.053291,0.222009,-0.613220,0.245651,0.750717,-0.522925,0.000000,0.000000,0.000000,1.000000,0.14668853082693975,176.08390568963532
1782485716.008333,0.724609,-0.203368,0.658438,0.500723,0.314418,0.947785,-0.053291,0.222009,-0.613220,0.245651,0.750717,-0.522925,0.000000,0.000000,0.000000,1.000000,0.14668853082693975,176.08390568963532
1782485716.043627,0.724609,-0.203368,0.658438,0.500723,0.314418,0.947785,-0.053291,0.222009,-0.613220,0.245651,0.750717,-0.522925,0.000000,0.000000,0.000000,1.000000,0.14668853082693975,176.08390568963532
1782485716.078990,0.724609,-0.203368,0.658438,0.500723,0.314418,0.947785,-0.053291,0.222009,-0.613220,0.245651,0.750717,-0.522925,0.000000,0.000000,0.000000,1.000000,0.14668853082693975,176.08390568963532
1782485716.114533,0.724609,-0.203368,0.658438,0.500723,0.314418,0.947785,-0.053291,0.222009,-0.613220,0.245651,0.750717,-0.522925,0.000000,0.000000,0.000000,1.000000,0.14668853082693975,176.08390568963532
1782485716.149810,0.724609,-0.203368,0.658438,0.500723,0.314418,0.947785,-0.053291,0.222009,-0.613220,0.245651,0.750717,-0.522925,0.000000,0.000000,0.000000,1.000000,0.14668853082693975,176.08390568963532
1782485716.185172,0.724609,-0.203368,0.658438,0.500723,0.314418,0.947785,-0.053291,0.222009,-0.613220,0.245651,0.750717,-0.522925,0.000000,0.000000,0.000000,1.000000,0.14668853082693975,176.08390568963532
1782485716.221290,0.724609,-0.203368,0.658438,0.500723,0.314418,0.947785,-0.053291,0.222009,-0.613220,0.245651,0.750717,-0.522925,0.000000,0.000000,0.000000,1.000000,0.14668853082693975,176.08390568963532
1782485716.257513,0.724609,-0.203368,0.658438,0.500723,0.314418,0.947785,-0.053291,0.222009,-0.613220,0.245651,0.750717,-0.522925,0.000000,0.000000,0.000000,1.000000,0.14668853082693975,176.08390568963532
1782485716.292784,0.724609,-0.203368,0.658438,0.500723,0.314418,0.947785,-0.053291,0.222009,-0.613220,0.245651,0.750717,-0.522925,0.000000,0.000000,0.000000,1.000000,0.14668853082693975,176.08390568963532
1782485716.328161,0.724609,-0.203368,0.658438,0.500723,0.314418,0.947785,-0.053291,0.222009,-0.613220,0.245651,0.750717,-0.522925,0.000000,0.000000,0.000000,1.000000,0.14668853082693975,176.08390568963532
1782485716.363742,0.724609,-0.203368,0.658438,0.500723,0.314418,0.947785,-0.053291,0.222009,-0.613220,0.245651,0.750717,-0.522925,0.000000,0.000000,0.000000,1.000000,0.14668853082693975,176.08390568963532
1782485716.399293,0.724609,-0.203368,0.658438,0.500723,0.314418,0.947785,-0.053291,0.222009,-0.613220,0.245651,0.750717,-0.522925,0.000000,0.000000,0.000000,1.000000,0.14668853082693975,176.08390568963532
1782485716.433524,0.724609,-0.203368,0.658438,0.500723,0.314418,0.947785,-0.053291,0.222009,-0.613220,0.245651,0.750717,-0.522925,0.000000,0.000000,0.000000,1.000000,0.14668853082693975,176.08390568963532
1782485716.468771,0.724609,-0.203368,0.658438,0.500723,0.314418,0.947785,-0.053291,0.222009,-0.613220,0.245651,0.750717,-0.522925,0.000000,0.000000,0.000000,1.000000,0.14668853082693975,176.08390568963532
1782485716.504272,0.724609,-0.203368,0.658438,0.500723,0.314418,0.947785,-0.053291,0.222009,-0.613220,0.245651,0.750717,-0.522925,0.000000,0.000000,0.000000,1.000000,0.14668853082693975,176.08390568963532
1782485716.539869,0.724609,-0.203368,0.658438,0.500723,0.314418,0.947785,-0.053291,0.222009,-0.613220,0.245651,0.750717,-0.522925,0.000000,0.000000,0.000000,1.000000,0.14668853082693975,176.08390568963532
1782485716.575623,0.724609,-0.203368,0.658438,0.500723,0.314418,0.947785,-0.053291,0.222009,-0.613220,0.245651,0.750717,-0.522925,0.000000,0.000000,0.000000,1.000000,0.14668853082693975,176.08390568963532
1782485716.611418,0.724609,-0.203368,0.658438,0.500723,0.314418,0.947785,-0.053291,0.222009,-0.613220,0.245651,0.750717,-0.522925,0.000000,0.000000,0.000000,1.000000,0.14668853082693975,176.08390568963532
1782485716.647292,0.724609,-0.203368,0.658438,0.500723,0.314418,0.947785,-0.053291,0.222009,-0.613220,0.245651,0.750717,-0.522925,0.000000,0.000000,0.000000,1.000000,0.14668853082693975,176.08390568963532
1782485716.682309,0.724609,-0.203368,0.658438,0.500723,0.314418,0.947785,-0.053291,0.222009,-0.613220,0.245651,0.750717,-0.522925,0.000000,0.000000,0.000000,1.000000,0.14668853082693975,176.08390568963532
1782485716.718010,0.724609,-0.203368,0.658438,0.500723,0.314418,0.947785,-0.053291,0.222009,-0.613220,0.245651,0.750717,-0.522925,0.000000,0.000000,0.000000,1.000000,0.14668853082693975,176.08390568963532
1782485716.753262,0.724609,-0.203368,0.658438,0.500723,0.314418,0.947785,-0.053291,0.222009,-0.613220,0.245651,0.750717,-0.522925,0.000000,0.000000,0.000000,1.000000,0.14668853082693975,176.08390568963532
1782485716.788589,0.724609,-0.203368,0.658438,0.500723,0.314418,0.947785,-0.053291,0.222009,-0.613220,0.245651,0.750717,-0.522925,0.000000,0.000000,0.000000,1.000000,0.14668853082693975,176.08390568963532
1782485716.823755,0.724609,-0.203368,0.658438,0.500723,0.314418,0.947785,-0.053291,0.222009,-0.613220,0.245651,0.750717,-0.522925,0.000000,0.000000,0.000000,1.000000,0.14668853082693975,176.08390568963532
1782485716.859119,0.724609,-0.203368,0.658438,0.500723,0.314418,0.947785,-0.053291,0.222009,-0.613220,0.245651,0.750717,-0.522925,0.000000,0.000000,0.000000,1.000000,0.14668853082693975,176.08390568963532
1782485716.894690,0.724609,-0.203368,0.658438,0.500723,0.314418,0.947785,-0.053291,0.222009,-0.613220,0.245651,0.750717,-0.522925,0.000000,0.000000,0.000000,1.000000,0.14668853082693975,176.08390568963532
1782485716.930104,0.724609,-0.203368,0.658438,0.500723,0.314418,0.947785,-0.053291,0.222009,-0.613220,0.245651,0.750717,-0.522925,0.000000,0.000000,0.000000,1.000000,0.14668853082693975,176.08390568963532
1782485716.965296,0.724609,-0.203368,0.658438,0.500723,0.314418,0.947785,-0.053291,0.222009,-0.613220,0.245651,0.750717,-0.522925,0.000000,0.000000,0.000000,1.000000,0.14668853082693975,176.08390568963532
1782485717.000413,0.724609,-0.203368,0.658438,0.500723,0.314418,0.947785,-0.053291,0.222009,-0.613220,0.245651,0.750717,-0.522925,0.000000,0.000000,0.000000,1.000000,0.14668853082693975,176.08390568963532
1782485717.035794,0.724609,-0.203368,0.658438,0.500723,0.314418,0.947785,-0.053291,0.222009,-0.613220,0.245651,0.750717,-0.522925,0.000000,0.000000,0.000000,1.000000,0.14668853082693975,176.08390568963532
1782485717.071144,0.724609,-0.203368,0.658438,0.500723,0.314418,0.947785,-0.053291,0.222009,-0.613220,0.245651,0.750717,-0.522925,0.000000,0.000000,0.000000,1.000000,0.14668853082693975,176.08390568963532
1782485717.106705,0.724609,-0.203368,0.658438,0.500723,0.314418,0.947785,-0.053291,0.222009,-0.613220,0.245651,0.750717,-0.522925,0.000000,0.000000,0.000000,1.000000,0.14668853082693975,176.08390568963532
1782485717.142612,0.724609,-0.203368,0.658438,0.500723,0.314418,0.947785,-0.053291,0.222009,-0.613220,0.245651,0.750717,-0.522925,0.000000,0.000000,0.000000,1.000000,0.14668853082693975,176.08390568963532
1782485717.178451,0.724609,-0.203368,0.658438,0.500723,0.314418,0.947785,-0.053291,0.222009,-0.613220,0.245651,0.750717,-0.522925,0.000000,0.000000,0.000000,1.000000,0.14668853082693975,176.08390568963532
1782485717.214152,0.724609,-0.203368,0.658438,0.500723,0.314418,0.947785,-0.053291,0.222009,-0.613220,0.245651,0.750717,-0.522925,0.000000,0.000000,0.000000,1.000000,0.14668853082693975,176.08390568963532
1782485717.249712,0.724609,-0.203368,0.658438,0.500723,0.314418,0.947785,-0.053291,0.222009,-0.613220,0.245651,0.750717,-0.522925,0.000000,0.000000,0.000000,1.000000,0.14668853082693975,176.08390568963532
1782485717.284917,0.724609,-0.203368,0.658438,0.500723,0.314418,0.947785,-0.053291,0.222009,-0.613220,0.245651,0.750717,-0.522925,0.000000,0.000000,0.000000,1.000000,0.14668853082693975,176.08390568963532
1782485717.320375,0.724609,-0.203368,0.658438,0.500723,0.314418,0.947785,-0.053291,0.222009,-0.613220,0.245651,0.750717,-0.522925,0.000000,0.000000,0.000000,1.000000,0.14668853082693975,176.08390568963532
1782485717.355857,0.724609,-0.203368,0.658438,0.500723,0.314418,0.947785,-0.053291,0.222009,-0.613220,0.245651,0.750717,-0.522925,0.000000,0.000000,0.000000,1.000000,0.14668853082693975,176.08390568963532
1782485717.391215,0.724609,-0.203368,0.658438,0.500723,0.314418,0.947785,-0.053291,0.222009,-0.613220,0.245651,0.750717,-0.522925,0.000000,0.000000,0.000000,1.000000,0.14668853082693975,176.08390568963532
1782485717.426523,0.724609,-0.203368,0.658438,0.500723,0.314418,0.947785,-0.053291,0.222009,-0.613220,0.245651,0.750717,-0.522925,0.000000,0.000000,0.000000,1.000000,0.14668853082693975,176.08390568963532
1782485717.461001,0.724609,-0.203368,0.658438,0.500723,0.314418,0.947785,-0.053291,0.222009,-0.613220,0.245651,0.750717,-0.522925,0.000000,0.000000,0.000000,1.000000,0.14668853082693975,176.08390568963532
1782485717.496436,0.724609,-0.203368,0.658438,0.500723,0.314418,0.947785,-0.053291,0.222009,-0.613220,0.245651,0.750717,-0.522925,0.000000,0.000000,0.000000,1.000000,0.14668853082693975,176.08390568963532
1782485717.530881,0.724609,-0.203368,0.658438,0.500723,0.314418,0.947785,-0.053291,0.222009,-0.613220,0.245651,0.750717,-0.522925,0.000000,0.000000,0.000000,1.000000,0.14668853082693975,176.08390568963532
1782485717.565795,0.724609,-0.203368,0.658438,0.500723,0.314418,0.947785,-0.053291,0.222009,-0.613220,0.245651,0.750717,-0.522925,0.000000,0.000000,0.000000,1.000000,0.14668853082693975,176.08390568963532
1782485717.601235,0.724609,-0.203368,0.658438,0.500723,0.314418,0.947785,-0.053291,0.222009,-0.613220,0.245651,0.750717,-0.522925,0.000000,0.000000,0.000000,1.000000,0.14668853082693975,176.08390568963532
1782485717.636565,0.724609,-0.203368,0.658438,0.500723,0.314418,0.947785,-0.053291,0.222009,-0.613220,0.245651,0.750717,-0.522925,0.000000,0.000000,0.000000,1.000000,0.14668853082693975,176.08390568963532
1782485717.671779,0.724609,-0.203368,0.658438,0.500723,0.314418,0.947785,-0.053291,0.222009,-0.613220,0.245651,0.750717,-0.522925,0.000000,0.000000,0.000000,1.000000,0.14668853082693975,176.08390568963532
1782485717.707186,0.724609,-0.203368,0.658438,0.500723,0.314418,0.947785,-0.053291,0.222009,-0.613220,0.245651,0.750717,-0.522925,0.000000,0.000000,0.000000,1.000000,0.14668853082693975,176.08390568963532
1782485717.742584,0.724609,-0.203368,0.658438,0.500723,0.314418,0.947785,-0.053291,0.222009,-0.613220,0.245651,0.750717,-0.522925,0.000000,0.000000,0.000000,1.000000,0.14668853082693975,176.08390568963532
1782485717.777826,0.724609,-0.203368,0.658438,0.500723,0.314418,0.947785,-0.053291,0.222009,-0.613220,0.245651,0.750717,-0.522925,0.000000,0.000000,0.000000,1.000000,0.14668853082693975,176.08390568963532
1782485717.813152,0.724609,-0.203368,0.658438,0.500723,0.314418,0.947785,-0.053291,0.222009,-0.613220,0.245651,0.750717,-0.522925,0.000000,0.000000,0.000000,1.000000,0.14668853082693975,176.08390568963532
1782485717.848432,0.724609,-0.203368,0.658438,0.500723,0.314418,0.947785,-0.053291,0.222009,-0.613220,0.245651,0.750717,-0.522925,0.000000,0.000000,0.000000,1.000000,0.14668853082693975,176.08390568963532
1782485717.883580,0.724609,-0.203368,0.658438,0.500723,0.314418,0.947785,-0.053291,0.222009,-0.613220,0.245651,0.750717,-0.522925,0.000000,0.000000,0.000000,1.000000,0.14668853082693975,176.08390568963532
1782485717.918872,0.724609,-0.203368,0.658438,0.500723,0.314418,0.947785,-0.053291,0.222009,-0.613220,0.245651,0.750717,-0.522925,0.000000,0.000000,0.000000,1.000000,0.14668853082693975,176.08390568963532
1782485717.954370,0.724609,-0.203368,0.658438,0.500723,0.314418,0.947785,-0.053291,0.222009,-0.613220,0.245651,0.750717,-0.522925,0.000000,0.000000,0.000000,1.000000,0.14668853082693975,176.08390568963532
1782485717.989691,0.724609,-0.203368,0.658438,0.500723,0.314418,0.947785,-0.053291,0.222009,-0.613220,0.245651,0.750717,-0.522925,0.000000,0.000000,0.000000,1.000000,0.14668853082693975,176.08390568963532
1782485718.025122,0.724609,-0.203368,0.658438,0.500723,0.314418,0.947785,-0.053291,0.222009,-0.613220,0.245651,0.750717,-0.522925,0.000000,0.000000,0.000000,1.000000,0.14668853082693975,176.08390568963532
1782485718.060274,0.724609,-0.203368,0.658438,0.500723,0.314418,0.947785,-0.053291,0.222009,-0.613220,0.245651,0.750717,-0.522925,0.000000,0.000000,0.000000,1.000000,0.14668853082693975,176.08390568963532
1782485718.095499,0.724609,-0.203368,0.658438,0.500723,0.314418,0.947785,-0.053291,0.222009,-0.613220,0.245651,0.750717,-0.522925,0.000000,0.000000,0.000000,1.000000,0.14668853082693975,176.08390568963532
1782485718.130785,0.724609,-0.203368,0.658438,0.500723,0.314418,0.947785,-0.053291,0.222009,-0.613220,0.245651,0.750717,-0.522925,0.000000,0.000000,0.000000,1.000000,0.14668853082693975,176.08390568963532
1782485718.166104,0.724609,-0.203368,0.658438,0.500723,0.314418,0.947785,-0.053291,0.222009,-0.613220,0.245651,0.750717,-0.522925,0.000000,0.000000,0.000000,1.000000,0.14668853082693975,176.08390568963532
1782485718.201498,0.724609,-0.203368,0.658438,0.500723,0.314418,0.947785,-0.053291,0.222009,-0.613220,0.245651,0.750717,-0.522925,0.000000,0.000000,0.000000,1.000000,0.14668853082693975,176.08390568963532
1782485718.237037,0.724609,-0.203368,0.658438,0.500723,0.314418,0.947785,-0.053291,0.222009,-0.613220,0.245651,0.750717,-0.522925,0.000000,0.000000,0.000000,1.000000,0.14668853082693975,176.08390568963532
1782485718.272410,0.724609,-0.203368,0.658438,0.500723,0.314418,0.947785,-0.053291,0.222009,-0.613220,0.245651,0.750717,-0.522925,0.000000,0.000000,0.000000,1.000000,0.14668853082693975,176.08390568963532
1782485718.307694,0.724609,-0.203368,0.658438,0.500723,0.314418,0.947785,-0.053291,0.222009,-0.613220,0.245651,0.750717,-0.522925,0.000000,0.000000,0.000000,1.000000,0.14668853082693975,176.08390568963532
1782485718.342179,0.724609,-0.203368,0.658438,0.500723,0.314418,0.947785,-0.053291,0.222009,-0.613220,0.245651,0.750717,-0.522925,0.000000,0.000000,0.000000,1.000000,0.14668853082693975,176.08390568963532
1782485718.377484,0.724609,-0.203368,0.658438,0.500723,0.314418,0.947785,-0.053291,0.222009,-0.613220,0.245651,0.750717,-0.522925,0.000000,0.000000,0.000000,1.000000,0.14668853082693975,176.08390568963532
1782485718.412837,0.724609,-0.203368,0.658438,0.500723,0.314418,0.947785,-0.053291,0.222009,-0.613220,0.245651,0.750717,-0.522925,0.000000,0.000000,0.000000,1.000000,0.14668853082693975,176.08390568963532
1782485718.448056,0.724609,-0.203368,0.658438,0.500723,0.314418,0.947785,-0.053291,0.222009,-0.613220,0.245651,0.750717,-0.522925,0.000000,0.000000,0.000000,1.000000,0.14668853082693975,176.08390568963532
1782485718.483588,0.724609,-0.203368,0.658438,0.500723,0.314418,0.947785,-0.053291,0.222009,-0.613220,0.245651,0.750717,-0.522925,0.000000,0.000000,0.000000,1.000000,0.14668853082693975,176.08390568963532
1782485718.518906,0.724609,-0.203368,0.658438,0.500723,0.314418,0.947785,-0.053291,0.222009,-0.613220,0.245651,0.750717,-0.522925,0.000000,0.000000,0.000000,1.000000,0.14668853082693975,176.08390568963532
1782485718.554154,0.724609,-0.203368,0.658438,0.500723,0.314418,0.947785,-0.053291,0.222009,-0.613220,0.245651,0.750717,-0.522925,0.000000,0.000000,0.000000,1.000000,0.14668853082693975,176.08390568963532
1782485718.589329,0.724609,-0.203368,0.658438,0.500723,0.314418,0.947785,-0.053291,0.222009,-0.613220,0.245651,0.750717,-0.522925,0.000000,0.000000,0.000000,1.000000,0.14668853082693975,176.08390568963532
1782485718.624681,0.724609,-0.203368,0.658438,0.500723,0.314418,0.947785,-0.053291,0.222009,-0.613220,0.245651,0.750717,-0.522925,0.000000,0.000000,0.000000,1.000000,0.14668853082693975,176.08390568963532
1782485718.659375,0.724609,-0.203368,0.658438,0.500723,0.314418,0.947785,-0.053291,0.222009,-0.613220,0.245651,0.750717,-0.522925,0.000000,0.000000,0.000000,1.000000,0.14668853082693975,176.08390568963532
1782485718.695051,0.724609,-0.203368,0.658438,0.500723,0.314418,0.947785,-0.053291,0.222009,-0.613220,0.245651,0.750717,-0.522925,0.000000,0.000000,0.000000,1.000000,0.14668853082693975,176.08390568963532
1782485718.730804,0.724609,-0.203368,0.658438,0.500723,0.314418,0.947785,-0.053291,0.222009,-0.613220,0.245651,0.750717,-0.522925,0.000000,0.000000,0.000000,1.000000,0.14668853082693975,176.08390568963532
1782485718.765707,0.724609,-0.203368,0.658438,0.500723,0.314418,0.947785,-0.053291,0.222009,-0.613220,0.245651,0.750717,-0.522925,0.000000,0.000000,0.000000,1.000000,0.14668853082693975,176.08390568963532
1782485718.801190,0.724609,-0.203368,0.658438,0.500723,0.314418,0.947785,-0.053291,0.222009,-0.613220,0.245651,0.750717,-0.522925,0.000000,0.000000,0.000000,1.000000,0.14668853082693975,176.08390568963532
1782485718.836574,0.724609,-0.203368,0.658438,0.500723,0.314418,0.947785,-0.053291,0.222009,-0.613220,0.245651,0.750717,-0.522925,0.000000,0.000000,0.000000,1.000000,0.14668853082693975,176.08390568963532
1782485718.871000,0.724609,-0.203368,0.658438,0.500723,0.314418,0.947785,-0.053291,0.222009,-0.613220,0.245651,0.750717,-0.522925,0.000000,0.000000,0.000000,1.000000,0.14668853082693975,176.08390568963532
1782485718.905894,0.724609,-0.203368,0.658438,0.500723,0.314418,0.947785,-0.053291,0.222009,-0.613220,0.245651,0.750717,-0.522925,0.000000,0.000000,0.000000,1.000000,0.14668853082693975,176.08390568963532
1782485718.945336,0.724609,-0.203368,0.658438,0.500723,0.314418,0.947785,-0.053291,0.222009,-0.613220,0.245651,0.750717,-0.522925,0.000000,0.000000,0.000000,1.000000,0.14668853082693975,176.08390568963532
1782485718.980635,0.724609,-0.203368,0.658438,0.500723,0.314418,0.947785,-0.053291,0.222009,-0.613220,0.245651,0.750717,-0.522925,0.000000,0.000000,0.000000,1.000000,0.14668853082693975,176.08390568963532
1782485719.015908,0.724609,-0.203368,0.658438,0.500723,0.314418,0.947785,-0.053291,0.222009,-0.613220,0.245651,0.750717,-0.522925,0.000000,0.000000,0.000000,1.000000,0.14668853082693975,176.08390568963532
1782485719.051107,0.724609,-0.203368,0.658438,0.500723,0.314418,0.947785,-0.053291,0.222009,-0.613220,0.245651,0.750717,-0.522925,0.000000,0.000000,0.000000,1.000000,0.14668853082693975,176.08390568963532
1782485719.086567,0.724609,-0.203368,0.658438,0.500723,0.314418,0.947785,-0.053291,0.222009,-0.613220,0.245651,0.750717,-0.522925,0.000000,0.000000,0.000000,1.000000,0.14668853082693975,176.08390568963532
1782485719.121776,0.724609,-0.203368,0.658438,0.500723,0.314418,0.947785,-0.053291,0.222009,-0.613220,0.245651,0.750717,-0.522925,0.000000,0.000000,0.000000,1.000000,0.14668853082693975,176.08390568963532
1782485719.157128,0.724609,-0.203368,0.658438,0.500723,0.314418,0.947785,-0.053291,0.222009,-0.613220,0.245651,0.750717,-0.522925,0.000000,0.000000,0.000000,1.000000,0.14668853082693975,176.08390568963532
1782485719.192768,0.724609,-0.203368,0.658438,0.500723,0.314418,0.947785,-0.053291,0.222009,-0.613220,0.245651,0.750717,-0.522925,0.000000,0.000000,0.000000,1.000000,0.14668853082693975,176.08390568963532
1782485719.228479,0.724609,-0.203368,0.658438,0.500723,0.314418,0.947785,-0.053291,0.222009,-0.613220,0.245651,0.750717,-0.522925,0.000000,0.000000,0.000000,1.000000,0.14668853082693975,176.08390568963532
1782485719.264041,0.724609,-0.203368,0.658438,0.500723,0.314418,0.947785,-0.053291,0.222009,-0.613220,0.245651,0.750717,-0.522925,0.000000,0.000000,0.000000,1.000000,0.14668853082693975,176.08390568963532
1782485719.299569,0.724609,-0.203368,0.658438,0.500723,0.314418,0.947785,-0.053291,0.222009,-0.613220,0.245651,0.750717,-0.522925,0.000000,0.000000,0.000000,1.000000,0.14668853082693975,176.08390568963532
1782485719.334982,0.724609,-0.203368,0.658438,0.500723,0.314418,0.947785,-0.053291,0.222009,-0.613220,0.245651,0.750717,-0.522925,0.000000,0.000000,0.000000,1.000000,0.14668853082693975,176.08390568963532
1782485719.370282,0.724609,-0.203368,0.658438,0.500723,0.314418,0.947785,-0.053291,0.222009,-0.613220,0.245651,0.750717,-0.522925,0.000000,0.000000,0.000000,1.000000,0.14668853082693975,176.08390568963532
1782485719.405598,0.724609,-0.203368,0.658438,0.500723,0.314418,0.947785,-0.053291,0.222009,-0.613220,0.245651,0.750717,-0.522925,0.000000,0.000000,0.000000,1.000000,0.14668853082693975,176.08390568963532
1782485719.441063,0.724609,-0.203368,0.658438,0.500723,0.314418,0.947785,-0.053291,0.222009,-0.613220,0.245651,0.750717,-0.522925,0.000000,0.000000,0.000000,1.000000,0.14668853082693975,176.08390568963532
1782485719.476810,0.724609,-0.203368,0.658438,0.500723,0.314418,0.947785,-0.053291,0.222009,-0.613220,0.245651,0.750717,-0.522925,0.000000,0.000000,0.000000,1.000000,0.14668853082693975,176.08390568963532
1782485719.512465,0.724609,-0.203368,0.658438,0.500723,0.314418,0.947785,-0.053291,0.222009,-0.613220,0.245651,0.750717,-0.522925,0.000000,0.000000,0.000000,1.000000,0.14668853082693975,176.08390568963532
1782485719.547937,0.724609,-0.203368,0.658438,0.500723,0.314418,0.947785,-0.053291,0.222009,-0.613220,0.245651,0.750717,-0.522925,0.000000,0.000000,0.000000,1.000000,0.14668853082693975,176.08390568963532
1782485719.583531,0.724609,-0.203368,0.658438,0.500723,0.314418,0.947785,-0.053291,0.222009,-0.613220,0.245651,0.750717,-0.522925,0.000000,0.000000,0.000000,1.000000,0.14668853082693975,176.08390568963532
1782485719.618957,0.724609,-0.203368,0.658438,0.500723,0.314418,0.947785,-0.053291,0.222009,-0.613220,0.245651,0.750717,-0.522925,0.000000,0.000000,0.000000,1.000000,0.14668853082693975,176.08390568963532
1782485719.654783,0.724609,-0.203368,0.658438,0.500723,0.314418,0.947785,-0.053291,0.222009,-0.613220,0.245651,0.750717,-0.522925,0.000000,0.000000,0.000000,1.000000,0.14668853082693975,176.08390568963532
1782485719.689344,0.724609,-0.203368,0.658438,0.500723,0.314418,0.947785,-0.053291,0.222009,-0.613220,0.245651,0.750717,-0.522925,0.000000,0.000000,0.000000,1.000000,0.14668853082693975,176.08390568963532
1782485719.725003,0.724609,-0.203368,0.658438,0.500723,0.314418,0.947785,-0.053291,0.222009,-0.613220,0.245651,0.750717,-0.522925,0.000000,0.000000,0.000000,1.000000,0.14668853082693975,176.08390568963532
1782485719.760544,0.724609,-0.203368,0.658438,0.500723,0.314418,0.947785,-0.053291,0.222009,-0.613220,0.245651,0.750717,-0.522925,0.000000,0.000000,0.000000,1.000000,0.14668853082693975,176.08390568963532
1782485719.796456,0.724609,-0.203368,0.658438,0.500723,0.314418,0.947785,-0.053291,0.222009,-0.613220,0.245651,0.750717,-0.522925,0.000000,0.000000,0.000000,1.000000,0.14668853082693975,176.08390568963532
1782485719.832071,0.724609,-0.203368,0.658438,0.500723,0.314418,0.947785,-0.053291,0.222009,-0.613220,0.245651,0.750717,-0.522925,0.000000,0.000000,0.000000,1.000000,0.14668853082693975,176.08390568963532
1782485719.868210,0.724609,-0.203368,0.658438,0.500723,0.314418,0.947785,-0.053291,0.222009,-0.613220,0.245651,0.750717,-0.522925,0.000000,0.000000,0.000000,1.000000,0.14668853082693975,176.08390568963532
1782485719.903873,0.724609,-0.203368,0.658438,0.500723,0.314418,0.947785,-0.053291,0.222009,-0.613220,0.245651,0.750717,-0.522925,0.000000,0.000000,0.000000,1.000000,0.14668853082693975,176.08390568963532
1782485719.939169,0.724609,-0.203368,0.658438,0.500723,0.314418,0.947785,-0.053291,0.222009,-0.613220,0.245651,0.750717,-0.522925,0.000000,0.000000,0.000000,1.000000,0.14668853082693975,176.08390568963532
1782485719.974693,0.724609,-0.203368,0.658438,0.500723,0.314418,0.947785,-0.053291,0.222009,-0.613220,0.245651,0.750717,-0.522925,0.000000,0.000000,0.000000,1.000000,0.14668853082693975,176.08390568963532
1782485720.010176,0.724609,-0.203368,0.658438,0.500723,0.314418,0.947785,-0.053291,0.222009,-0.613220,0.245651,0.750717,-0.522925,0.000000,0.000000,0.000000,1.000000,0.14668853082693975,176.08390568963532
1782485720.045825,0.724609,-0.203368,0.658438,0.500723,0.314418,0.947785,-0.053291,0.222009,-0.613220,0.245651,0.750717,-0.522925,0.000000,0.000000,0.000000,1.000000,0.14668853082693975,176.08390568963532
1782485720.081420,0.724609,-0.203368,0.658438,0.500723,0.314418,0.947785,-0.053291,0.222009,-0.613220,0.245651,0.750717,-0.522925,0.000000,0.000000,0.000000,1.000000,0.14668853082693975,176.08390568963532
1782485720.117495,0.724609,-0.203368,0.658438,0.500723,0.314418,0.947785,-0.053291,0.222009,-0.613220,0.245651,0.750717,-0.522925,0.000000,0.000000,0.000000,1.000000,0.14668853082693975,176.08390568963532
1782485720.153264,0.724609,-0.203368,0.658438,0.500723,0.314418,0.947785,-0.053291,0.222009,-0.613220,0.245651,0.750717,-0.522925,0.000000,0.000000,0.000000,1.000000,0.14668853082693975,176.08390568963532
1782485720.188690,0.724609,-0.203368,0.658438,0.500723,0.314418,0.947785,-0.053291,0.222009,-0.613220,0.245651,0.750717,-0.522925,0.000000,0.000000,0.000000,1.000000,0.14668853082693975,176.08390568963532
1782485720.223999,0.724609,-0.203368,0.658438,0.500723,0.314418,0.947785,-0.053291,0.222009,-0.613220,0.245651,0.750717,-0.522925,0.000000,0.000000,0.000000,1.000000,0.14668853082693975,176.08390568963532
1782485720.259605,0.724609,-0.203368,0.658438,0.500723,0.314418,0.947785,-0.053291,0.222009,-0.613220,0.245651,0.750717,-0.522925,0.000000,0.000000,0.000000,1.000000,0.14668853082693975,176.08390568963532
1782485720.294969,0.724609,-0.203368,0.658438,0.500723,0.314418,0.947785,-0.053291,0.222009,-0.613220,0.245651,0.750717,-0.522925,0.000000,0.000000,0.000000,1.000000,0.14668853082693975,176.08390568963532
1782485720.330653,0.724609,-0.203368,0.658438,0.500723,0.314418,0.947785,-0.053291,0.222009,-0.613220,0.245651,0.750717,-0.522925,0.000000,0.000000,0.000000,1.000000,0.14668853082693975,176.08390568963532
1782485720.366322,0.724609,-0.203368,0.658438,0.500723,0.314418,0.947785,-0.053291,0.222009,-0.613220,0.245651,0.750717,-0.522925,0.000000,0.000000,0.000000,1.000000,0.14668853082693975,176.08390568963532
1782485720.401837,0.724609,-0.203368,0.658438,0.500723,0.314418,0.947785,-0.053291,0.222009,-0.613220,0.245651,0.750717,-0.522925,0.000000,0.000000,0.000000,1.000000,0.14668853082693975,176.08390568963532
1782485720.437441,0.724609,-0.203368,0.658438,0.500723,0.314418,0.947785,-0.053291,0.222009,-0.613220,0.245651,0.750717,-0.522925,0.000000,0.000000,0.000000,1.000000,0.14668853082693975,176.08390568963532
1782485720.472993,0.724609,-0.203368,0.658438,0.500723,0.314418,0.947785,-0.053291,0.222009,-0.613220,0.245651,0.750717,-0.522925,0.000000,0.000000,0.000000,1.000000,0.14668853082693975,176.08390568963532
1782485720.508500,0.724609,-0.203368,0.658438,0.500723,0.314418,0.947785,-0.053291,0.222009,-0.613220,0.245651,0.750717,-0.522925,0.000000,0.000000,0.000000,1.000000,0.14668853082693975,176.08390568963532
1782485720.544014,0.724609,-0.203368,0.658438,0.500723,0.314418,0.947785,-0.053291,0.222009,-0.613220,0.245651,0.750717,-0.522925,0.000000,0.000000,0.000000,1.000000,0.14668853082693975,176.08390568963532
1782485720.579691,0.724609,-0.203368,0.658438,0.500723,0.314418,0.947785,-0.053291,0.222009,-0.613220,0.245651,0.750717,-0.522925,0.000000,0.000000,0.000000,1.000000,0.14668853082693975,176.08390568963532
1782485720.615001,0.724609,-0.203368,0.658438,0.500723,0.314418,0.947785,-0.053291,0.222009,-0.613220,0.245651,0.750717,-0.522925,0.000000,0.000000,0.000000,1.000000,0.14668853082693975,176.08390568963532
1782485720.650573,0.724609,-0.203368,0.658438,0.500723,0.314418,0.947785,-0.053291,0.222009,-0.613220,0.245651,0.750717,-0.522925,0.000000,0.000000,0.000000,1.000000,0.14668853082693975,176.08390568963532
1782485720.686663,0.724609,-0.203368,0.658438,0.500723,0.314418,0.947785,-0.053291,0.222009,-0.613220,0.245651,0.750717,-0.522925,0.000000,0.000000,0.000000,1.000000,0.14668853082693975,176.08390568963532
1782485720.721631,0.724609,-0.203368,0.658438,0.500723,0.314418,0.947785,-0.053291,0.222009,-0.613220,0.245651,0.750717,-0.522925,0.000000,0.000000,0.000000,1.000000,0.14668853082693975,176.08390568963532
1782485720.756994,0.724609,-0.203368,0.658438,0.500723,0.314418,0.947785,-0.053291,0.222009,-0.613220,0.245651,0.750717,-0.522925,0.000000,0.000000,0.000000,1.000000,0.14668853082693975,176.08390568963532
1782485720.792450,0.724609,-0.203368,0.658438,0.500723,0.314418,0.947785,-0.053291,0.222009,-0.613220,0.245651,0.750717,-0.522925,0.000000,0.000000,0.000000,1.000000,0.14668853082693975,176.08390568963532
1782485720.828039,0.724609,-0.203368,0.658438,0.500723,0.314418,0.947785,-0.053291,0.222009,-0.613220,0.245651,0.750717,-0.522925,0.000000,0.000000,0.000000,1.000000,0.14668853082693975,176.08390568963532
1782485720.864018,0.724609,-0.203368,0.658438,0.500723,0.314418,0.947785,-0.053291,0.222009,-0.613220,0.245651,0.750717,-0.522925,0.000000,0.000000,0.000000,1.000000,0.14668853082693975,176.08390568963532
1782485720.899754,0.724609,-0.203368,0.658438,0.500723,0.314418,0.947785,-0.053291,0.222009,-0.613220,0.245651,0.750717,-0.522925,0.000000,0.000000,0.000000,1.000000,0.14668853082693975,176.08390568963532
1782485720.935556,0.724609,-0.203368,0.658438,0.500723,0.314418,0.947785,-0.053291,0.222009,-0.613220,0.245651,0.750717,-0.522925,0.000000,0.000000,0.000000,1.000000,0.14668853082693975,176.08390568963532
1782485720.970951,0.724609,-0.203368,0.658438,0.500723,0.314418,0.947785,-0.053291,0.222009,-0.613220,0.245651,0.750717,-0.522925,0.000000,0.000000,0.000000,1.000000,0.14668853082693975,176.08390568963532
1782485721.005721,0.724609,-0.203368,0.658438,0.500723,0.314418,0.947785,-0.053291,0.222009,-0.613220,0.245651,0.750717,-0.522925,0.000000,0.000000,0.000000,1.000000,0.14668853082693975,176.08390568963532
1782485721.041501,0.724609,-0.203368,0.658438,0.500723,0.314418,0.947785,-0.053291,0.222009,-0.613220,0.245651,0.750717,-0.522925,0.000000,0.000000,0.000000,1.000000,0.14668853082693975,176.08390568963532
1782485721.077524,0.724609,-0.203368,0.658438,0.500723,0.314418,0.947785,-0.053291,0.222009,-0.613220,0.245651,0.750717,-0.522925,0.000000,0.000000,0.000000,1.000000,0.14668853082693975,176.08390568963532
1782485721.113581,0.724609,-0.203368,0.658438,0.500723,0.314418,0.947785,-0.053291,0.222009,-0.613220,0.245651,0.750717,-0.522925,0.000000,0.000000,0.000000,1.000000,0.14668853082693975,176.08390568963532
1782485721.149110,0.724609,-0.203368,0.658438,0.500723,0.314418,0.947785,-0.053291,0.222009,-0.613220,0.245651,0.750717,-0.522925,0.000000,0.000000,0.000000,1.000000,0.14668853082693975,176.08390568963532
1782485721.184724,0.724609,-0.203368,0.658438,0.500723,0.314418,0.947785,-0.053291,0.222009,-0.613220,0.245651,0.750717,-0.522925,0.000000,0.000000,0.000000,1.000000,0.14668853082693975,176.08390568963532
1782485721.220200,0.724609,-0.203368,0.658438,0.500723,0.314418,0.947785,-0.053291,0.222009,-0.613220,0.245651,0.750717,-0.522925,0.000000,0.000000,0.000000,1.000000,0.14668853082693975,176.08390568963532
1782485721.255787,0.724609,-0.203368,0.658438,0.500723,0.314418,0.947785,-0.053291,0.222009,-0.613220,0.245651,0.750717,-0.522925,0.000000,0.000000,0.000000,1.000000,0.14668853082693975,176.08390568963532
1782485721.291311,0.724609,-0.203368,0.658438,0.500723,0.314418,0.947785,-0.053291,0.222009,-0.613220,0.245651,0.750717,-0.522925,0.000000,0.000000,0.000000,1.000000,0.14668853082693975,176.08390568963532
1782485721.326734,0.724609,-0.203368,0.658438,0.500723,0.314418,0.947785,-0.053291,0.222009,-0.613220,0.245651,0.750717,-0.522925,0.000000,0.000000,0.000000,1.000000,0.14668853082693975,176.08390568963532
1782485721.362385,0.724609,-0.203368,0.658438,0.500723,0.314418,0.947785,-0.053291,0.222009,-0.613220,0.245651,0.750717,-0.522925,0.000000,0.000000,0.000000,1.000000,0.14668853082693975,176.08390568963532
1782485721.397920,0.724609,-0.203368,0.658438,0.500723,0.314418,0.947785,-0.053291,0.222009,-0.613220,0.245651,0.750717,-0.522925,0.000000,0.000000,0.000000,1.000000,0.14668853082693975,176.08390568963532
1782485721.433689,0.724609,-0.203368,0.658438,0.500723,0.314418,0.947785,-0.053291,0.222009,-0.613220,0.245651,0.750717,-0.522925,0.000000,0.000000,0.000000,1.000000,0.14668853082693975,176.08390568963532
1782485721.468592,0.724609,-0.203368,0.658438,0.500723,0.314418,0.947785,-0.053291,0.222009,-0.613220,0.245651,0.750717,-0.522925,0.000000,0.000000,0.000000,1.000000,0.14668853082693975,176.08390568963532
1782485721.504148,0.724609,-0.203368,0.658438,0.500723,0.314418,0.947785,-0.053291,0.222009,-0.613220,0.245651,0.750717,-0.522925,0.000000,0.000000,0.000000,1.000000,0.14668853082693975,176.08390568963532
1782485721.539810,0.724609,-0.203368,0.658438,0.500723,0.314418,0.947785,-0.053291,0.222009,-0.613220,0.245651,0.750717,-0.522925,0.000000,0.000000,0.000000,1.000000,0.14668853082693975,176.08390568963532
1782485721.575332,0.724609,-0.203368,0.658438,0.500723,0.314418,0.947785,-0.053291,0.222009,-0.613220,0.245651,0.750717,-0.522925,0.000000,0.000000,0.000000,1.000000,0.14668853082693975,176.08390568963532
1782485721.610686,0.724609,-0.203368,0.658438,0.500723,0.314418,0.947785,-0.053291,0.222009,-0.613220,0.245651,0.750717,-0.522925,0.000000,0.000000,0.000000,1.000000,0.14668853082693975,176.08390568963532
1782485721.646145,0.724609,-0.203368,0.658438,0.500723,0.314418,0.947785,-0.053291,0.222009,-0.613220,0.245651,0.750717,-0.522925,0.000000,0.000000,0.000000,1.000000,0.14668853082693975,176.08390568963532
1782485721.681872,0.724609,-0.203368,0.658438,0.500723,0.314418,0.947785,-0.053291,0.222009,-0.613220,0.245651,0.750717,-0.522925,0.000000,0.000000,0.000000,1.000000,0.14668853082693975,176.08390568963532
1782485721.717931,0.724609,-0.203368,0.658438,0.500723,0.314418,0.947785,-0.053291,0.222009,-0.613220,0.245651,0.750717,-0.522925,0.000000,0.000000,0.000000,1.000000,0.14668853082693975,176.08390568963532
1782485721.753829,0.724609,-0.203368,0.658438,0.500723,0.314418,0.947785,-0.053291,0.222009,-0.613220,0.245651,0.750717,-0.522925,0.000000,0.000000,0.000000,1.000000,0.14668853082693975,176.08390568963532
1782485721.789693,0.724609,-0.203368,0.658438,0.500723,0.314418,0.947785,-0.053291,0.222009,-0.613220,0.245651,0.750717,-0.522925,0.000000,0.000000,0.000000,1.000000,0.14668853082693975,176.08390568963532
1782485721.825473,0.724609,-0.203368,0.658438,0.500723,0.314418,0.947785,-0.053291,0.222009,-0.613220,0.245651,0.750717,-0.522925,0.000000,0.000000,0.000000,1.000000,0.14668853082693975,176.08390568963532
1782485721.860581,0.724609,-0.203368,0.658438,0.500723,0.314418,0.947785,-0.053291,0.222009,-0.613220,0.245651,0.750717,-0.522925,0.000000,0.000000,0.000000,1.000000,0.14668853082693975,176.08390568963532
1782485721.896430,0.724609,-0.203368,0.658438,0.500723,0.314418,0.947785,-0.053291,0.222009,-0.613220,0.245651,0.750717,-0.522925,0.000000,0.000000,0.000000,1.000000,0.14668853082693975,176.08390568963532
1782485721.932197,0.724609,-0.203368,0.658438,0.500723,0.314418,0.947785,-0.053291,0.222009,-0.613220,0.245651,0.750717,-0.522925,0.000000,0.000000,0.000000,1.000000,0.14668853082693975,176.08390568963532
1782485721.967892,0.724609,-0.203368,0.658438,0.500723,0.314418,0.947785,-0.053291,0.222009,-0.613220,0.245651,0.750717,-0.522925,0.000000,0.000000,0.000000,1.000000,0.14668853082693975,176.08390568963532
1782485722.003922,0.724609,-0.203368,0.658438,0.500723,0.314418,0.947785,-0.053291,0.222009,-0.613220,0.245651,0.750717,-0.522925,0.000000,0.000000,0.000000,1.000000,0.14668853082693975,176.08390568963532
1782485722.040223,0.724609,-0.203368,0.658438,0.500723,0.314418,0.947785,-0.053291,0.222009,-0.613220,0.245651,0.750717,-0.522925,0.000000,0.000000,0.000000,1.000000,0.14668853082693975,176.08390568963532
1782485722.076152,0.724609,-0.203368,0.658438,0.500723,0.314418,0.947785,-0.053291,0.222009,-0.613220,0.245651,0.750717,-0.522925,0.000000,0.000000,0.000000,1.000000,0.14668853082693975,176.08390568963532
1782485722.112063,0.724609,-0.203368,0.658438,0.500723,0.314418,0.947785,-0.053291,0.222009,-0.613220,0.245651,0.750717,-0.522925,0.000000,0.000000,0.000000,1.000000,0.14668853082693975,176.08390568963532
1782485722.148122,0.724609,-0.203368,0.658438,0.500723,0.314418,0.947785,-0.053291,0.222009,-0.613220,0.245651,0.750717,-0.522925,0.000000,0.000000,0.000000,1.000000,0.14668853082693975,176.08390568963532
1782485722.184061,0.724609,-0.203368,0.658438,0.500723,0.314418,0.947785,-0.053291,0.222009,-0.613220,0.245651,0.750717,-0.522925,0.000000,0.000000,0.000000,1.000000,0.14668853082693975,176.08390568963532
1782485722.220115,0.724609,-0.203368,0.658438,0.500723,0.314418,0.947785,-0.053291,0.222009,-0.613220,0.245651,0.750717,-0.522925,0.000000,0.000000,0.000000,1.000000,0.14668853082693975,176.08390568963532
1782485722.256172,0.724609,-0.203368,0.658438,0.500723,0.314418,0.947785,-0.053291,0.222009,-0.613220,0.245651,0.750717,-0.522925,0.000000,0.000000,0.000000,1.000000,0.14668853082693975,176.08390568963532
1782485722.291611,0.724609,-0.203368,0.658438,0.500723,0.314418,0.947785,-0.053291,0.222009,-0.613220,0.245651,0.750717,-0.522925,0.000000,0.000000,0.000000,1.000000,0.14668853082693975,176.08390568963532
1782485722.327914,0.724609,-0.203368,0.658438,0.500723,0.314418,0.947785,-0.053291,0.222009,-0.613220,0.245651,0.750717,-0.522925,0.000000,0.000000,0.000000,1.000000,0.14668853082693975,176.08390568963532
1782485722.364109,0.724609,-0.203368,0.658438,0.500723,0.314418,0.947785,-0.053291,0.222009,-0.613220,0.245651,0.750717,-0.522925,0.000000,0.000000,0.000000,1.000000,0.14668853082693975,176.08390568963532
1782485722.400072,0.724609,-0.203368,0.658438,0.500723,0.314418,0.947785,-0.053291,0.222009,-0.613220,0.245651,0.750717,-0.522925,0.000000,0.000000,0.000000,1.000000,0.14668853082693975,176.08390568963532
1782485722.436217,0.724609,-0.203368,0.658438,0.500723,0.314418,0.947785,-0.053291,0.222009,-0.613220,0.245651,0.750717,-0.522925,0.000000,0.000000,0.000000,1.000000,0.14668853082693975,176.08390568963532
1782485722.472276,0.724609,-0.203368,0.658438,0.500723,0.314418,0.947785,-0.053291,0.222009,-0.613220,0.245651,0.750717,-0.522925,0.000000,0.000000,0.000000,1.000000,0.14668853082693975,176.08390568963532
1782485722.508100,0.724609,-0.203368,0.658438,0.500723,0.314418,0.947785,-0.053291,0.222009,-0.613220,0.245651,0.750717,-0.522925,0.000000,0.000000,0.000000,1.000000,0.14668853082693975,176.08390568963532
1782485722.544237,0.724609,-0.203368,0.658438,0.500723,0.314418,0.947785,-0.053291,0.222009,-0.613220,0.245651,0.750717,-0.522925,0.000000,0.000000,0.000000,1.000000,0.14668853082693975,176.08390568963532
1782485722.579904,0.724609,-0.203368,0.658438,0.500723,0.314418,0.947785,-0.053291,0.222009,-0.613220,0.245651,0.750717,-0.522925,0.000000,0.000000,0.000000,1.000000,0.14668853082693975,176.08390568963532
1782485722.615363,0.724609,-0.203368,0.658438,0.500723,0.314418,0.947785,-0.053291,0.222009,-0.613220,0.245651,0.750717,-0.522925,0.000000,0.000000,0.000000,1.000000,0.14668853082693975,176.08390568963532
1782485722.650155,0.724609,-0.203368,0.658438,0.500723,0.314418,0.947785,-0.053291,0.222009,-0.613220,0.245651,0.750717,-0.522925,0.000000,0.000000,0.000000,1.000000,0.14668853082693975,176.08390568963532
1782485722.685749,0.724609,-0.203368,0.658438,0.500723,0.314418,0.947785,-0.053291,0.222009,-0.613220,0.245651,0.750717,-0.522925,0.000000,0.000000,0.000000,1.000000,0.14668853082693975,176.08390568963532
1782485722.721361,0.724609,-0.203368,0.658438,0.500723,0.314418,0.947785,-0.053291,0.222009,-0.613220,0.245651,0.750717,-0.522925,0.000000,0.000000,0.000000,1.000000,0.14668853082693975,176.08390568963532
1782485722.756082,0.724609,-0.203368,0.658438,0.500723,0.314418,0.947785,-0.053291,0.222009,-0.613220,0.245651,0.750717,-0.522925,0.000000,0.000000,0.000000,1.000000,0.14668853082693975,176.08390568963532
1782485722.791188,0.724609,-0.203368,0.658438,0.500723,0.314418,0.947785,-0.053291,0.222009,-0.613220,0.245651,0.750717,-0.522925,0.000000,0.000000,0.000000,1.000000,0.14668853082693975,176.08390568963532
1782485722.826383,0.724609,-0.203368,0.658438,0.500723,0.314418,0.947785,-0.053291,0.222009,-0.613220,0.245651,0.750717,-0.522925,0.000000,0.000000,0.000000,1.000000,0.14668853082693975,176.08390568963532
1782485722.861711,0.724609,-0.203368,0.658438,0.500723,0.314418,0.947785,-0.053291,0.222009,-0.613220,0.245651,0.750717,-0.522925,0.000000,0.000000,0.000000,1.000000,0.14668853082693975,176.08390568963532
1782485722.896824,0.724609,-0.203368,0.658438,0.500723,0.314418,0.947785,-0.053291,0.222009,-0.613220,0.245651,0.750717,-0.522925,0.000000,0.000000,0.000000,1.000000,0.14668853082693975,176.08390568963532
1782485722.931914,0.724609,-0.203368,0.658438,0.500723,0.314418,0.947785,-0.053291,0.222009,-0.613220,0.245651,0.750717,-0.522925,0.000000,0.000000,0.000000,1.000000,0.14668853082693975,176.08390568963532
1782485722.967367,0.724609,-0.203368,0.658438,0.500723,0.314418,0.947785,-0.053291,0.222009,-0.613220,0.245651,0.750717,-0.522925,0.000000,0.000000,0.000000,1.000000,0.14668853082693975,176.08390568963532
1782485723.002406,0.724609,-0.203368,0.658438,0.500723,0.314418,0.947785,-0.053291,0.222009,-0.613220,0.245651,0.750717,-0.522925,0.000000,0.000000,0.000000,1.000000,0.14668853082693975,176.08390568963532
1782485723.037764,0.724609,-0.203368,0.658438,0.500723,0.314418,0.947785,-0.053291,0.222009,-0.613220,0.245651,0.750717,-0.522925,0.000000,0.000000,0.000000,1.000000,0.14668853082693975,176.08390568963532
1782485723.072453,0.724609,-0.203368,0.658438,0.500723,0.314418,0.947785,-0.053291,0.222009,-0.613220,0.245651,0.750717,-0.522925,0.000000,0.000000,0.000000,1.000000,0.14668853082693975,176.08390568963532
1782485723.107470,0.724609,-0.203368,0.658438,0.500723,0.314418,0.947785,-0.053291,0.222009,-0.613220,0.245651,0.750717,-0.522925,0.000000,0.000000,0.000000,1.000000,0.14668853082693975,176.08390568963532
1782485723.141850,0.724609,-0.203368,0.658438,0.500723,0.314418,0.947785,-0.053291,0.222009,-0.613220,0.245651,0.750717,-0.522925,0.000000,0.000000,0.000000,1.000000,0.14668853082693975,176.08390568963532
1782485723.176809,0.724609,-0.203368,0.658438,0.500723,0.314418,0.947785,-0.053291,0.222009,-0.613220,0.245651,0.750717,-0.522925,0.000000,0.000000,0.000000,1.000000,0.14668853082693975,176.08390568963532
1782485723.211234,0.724609,-0.203368,0.658438,0.500723,0.314418,0.947785,-0.053291,0.222009,-0.613220,0.245651,0.750717,-0.522925,0.000000,0.000000,0.000000,1.000000,0.14668853082693975,176.08390568963532
1782485723.246647,0.724609,-0.203368,0.658438,0.500723,0.314418,0.947785,-0.053291,0.222009,-0.613220,0.245651,0.750717,-0.522925,0.000000,0.000000,0.000000,1.000000,0.14668853082693975,176.08390568963532
1782485723.282016,0.724609,-0.203368,0.658438,0.500723,0.314418,0.947785,-0.053291,0.222009,-0.613220,0.245651,0.750717,-0.522925,0.000000,0.000000,0.000000,1.000000,0.14668853082693975,176.08390568963532
1782485723.317328,0.724609,-0.203368,0.658438,0.500723,0.314418,0.947785,-0.053291,0.222009,-0.613220,0.245651,0.750717,-0.522925,0.000000,0.000000,0.000000,1.000000,0.14668853082693975,176.08390568963532
1782485723.352600,0.724609,-0.203368,0.658438,0.500723,0.314418,0.947785,-0.053291,0.222009,-0.613220,0.245651,0.750717,-0.522925,0.000000,0.000000,0.000000,1.000000,0.14668853082693975,176.08390568963532
1782485723.387885,0.724609,-0.203368,0.658438,0.500723,0.314418,0.947785,-0.053291,0.222009,-0.613220,0.245651,0.750717,-0.522925,0.000000,0.000000,0.000000,1.000000,0.14668853082693975,176.08390568963532
1782485723.423446,0.724609,-0.203368,0.658438,0.500723,0.314418,0.947785,-0.053291,0.222009,-0.613220,0.245651,0.750717,-0.522925,0.000000,0.000000,0.000000,1.000000,0.14668853082693975,176.08390568963532
1782485723.458413,0.724609,-0.203368,0.658438,0.500723,0.314418,0.947785,-0.053291,0.222009,-0.613220,0.245651,0.750717,-0.522925,0.000000,0.000000,0.000000,1.000000,0.14668853082693975,176.08390568963532
1782485723.493367,0.724609,-0.203368,0.658438,0.500723,0.314418,0.947785,-0.053291,0.222009,-0.613220,0.245651,0.750717,-0.522925,0.000000,0.000000,0.000000,1.000000,0.14668853082693975,176.08390568963532
1782485723.528631,0.724609,-0.203368,0.658438,0.500723,0.314418,0.947785,-0.053291,0.222009,-0.613220,0.245651,0.750717,-0.522925,0.000000,0.000000,0.000000,1.000000,0.14668853082693975,176.08390568963532
1782485723.564122,0.724609,-0.203368,0.658438,0.500723,0.314418,0.947785,-0.053291,0.222009,-0.613220,0.245651,0.750717,-0.522925,0.000000,0.000000,0.000000,1.000000,0.14668853082693975,176.08390568963532
1782485723.599140,0.724609,-0.203368,0.658438,0.500723,0.314418,0.947785,-0.053291,0.222009,-0.613220,0.245651,0.750717,-0.522925,0.000000,0.000000,0.000000,1.000000,0.14668853082693975,176.08390568963532
1782485723.633323,0.724609,-0.203368,0.658438,0.500723,0.314418,0.947785,-0.053291,0.222009,-0.613220,0.245651,0.750717,-0.522925,0.000000,0.000000,0.000000,1.000000,0.14668853082693975,176.08390568963532
1782485723.668200,0.724609,-0.203368,0.658438,0.500723,0.314418,0.947785,-0.053291,0.222009,-0.613220,0.245651,0.750717,-0.522925,0.000000,0.000000,0.000000,1.000000,0.14668853082693975,176.08390568963532
1782485723.703508,0.724609,-0.203368,0.658438,0.500723,0.314418,0.947785,-0.053291,0.222009,-0.613220,0.245651,0.750717,-0.522925,0.000000,0.000000,0.000000,1.000000,0.14668853082693975,176.08390568963532
1782485723.739141,0.724609,-0.203368,0.658438,0.500723,0.314418,0.947785,-0.053291,0.222009,-0.613220,0.245651,0.750717,-0.522925,0.000000,0.000000,0.000000,1.000000,0.14668853082693975,176.08390568963532
1782485723.774231,0.724609,-0.203368,0.658438,0.500723,0.314418,0.947785,-0.053291,0.222009,-0.613220,0.245651,0.750717,-0.522925,0.000000,0.000000,0.000000,1.000000,0.14668853082693975,176.08390568963532
1782485723.809211,0.724609,-0.203368,0.658438,0.500723,0.314418,0.947785,-0.053291,0.222009,-0.613220,0.245651,0.750717,-0.522925,0.000000,0.000000,0.000000,1.000000,0.14668853082693975,176.08390568963532
1782485723.844174,0.724609,-0.203368,0.658438,0.500723,0.314418,0.947785,-0.053291,0.222009,-0.613220,0.245651,0.750717,-0.522925,0.000000,0.000000,0.000000,1.000000,0.14668853082693975,176.08390568963532
1782485723.878718,0.724609,-0.203368,0.658438,0.500723,0.314418,0.947785,-0.053291,0.222009,-0.613220,0.245651,0.750717,-0.522925,0.000000,0.000000,0.000000,1.000000,0.14668853082693975,176.08390568963532
1782485723.914216,0.724609,-0.203368,0.658438,0.500723,0.314418,0.947785,-0.053291,0.222009,-0.613220,0.245651,0.750717,-0.522925,0.000000,0.000000,0.000000,1.000000,0.14668853082693975,176.08390568963532
1782485723.949544,0.724609,-0.203368,0.658438,0.500723,0.314418,0.947785,-0.053291,0.222009,-0.613220,0.245651,0.750717,-0.522925,0.000000,0.000000,0.000000,1.000000,0.14668853082693975,176.08390568963532
1782485723.984931,0.724609,-0.203368,0.658438,0.500723,0.314418,0.947785,-0.053291,0.222009,-0.613220,0.245651,0.750717,-0.522925,0.000000,0.000000,0.000000,1.000000,0.14668853082693975,176.08390568963532
1782485724.019599,0.724609,-0.203368,0.658438,0.500723,0.314418,0.947785,-0.053291,0.222009,-0.613220,0.245651,0.750717,-0.522925,0.000000,0.000000,0.000000,1.000000,0.14668853082693975,176.08390568963532
1782485724.055005,0.724609,-0.203368,0.658438,0.500723,0.314418,0.947785,-0.053291,0.222009,-0.613220,0.245651,0.750717,-0.522925,0.000000,0.000000,0.000000,1.000000,0.14668853082693975,176.08390568963532
1782485724.090482,0.724609,-0.203368,0.658438,0.500723,0.314418,0.947785,-0.053291,0.222009,-0.613220,0.245651,0.750717,-0.522925,0.000000,0.000000,0.000000,1.000000,0.14668853082693975,176.08390568963532
1782485724.125861,0.724609,-0.203368,0.658438,0.500723,0.314418,0.947785,-0.053291,0.222009,-0.613220,0.245651,0.750717,-0.522925,0.000000,0.000000,0.000000,1.000000,0.14668853082693975,176.08390568963532
1782485724.161339,0.724609,-0.203368,0.658438,0.500723,0.314418,0.947785,-0.053291,0.222009,-0.613220,0.245651,0.750717,-0.522925,0.000000,0.000000,0.000000,1.000000,0.14668853082693975,176.08390568963532
1782485724.196783,0.724609,-0.203368,0.658438,0.500723,0.314418,0.947785,-0.053291,0.222009,-0.613220,0.245651,0.750717,-0.522925,0.000000,0.000000,0.000000,1.000000,0.14668853082693975,176.08390568963532
1782485724.232209,0.724609,-0.203368,0.658438,0.500723,0.314418,0.947785,-0.053291,0.222009,-0.613220,0.245651,0.750717,-0.522925,0.000000,0.000000,0.000000,1.000000,0.14668853082693975,176.08390568963532
1782485724.267286,0.724609,-0.203368,0.658438,0.500723,0.314418,0.947785,-0.053291,0.222009,-0.613220,0.245651,0.750717,-0.522925,0.000000,0.000000,0.000000,1.000000,0.14668853082693975,176.08390568963532
1782485724.303057,0.724609,-0.203368,0.658438,0.500723,0.314418,0.947785,-0.053291,0.222009,-0.613220,0.245651,0.750717,-0.522925,0.000000,0.000000,0.000000,1.000000,0.14668853082693975,176.08390568963532
1782485724.338995,0.724609,-0.203368,0.658438,0.500723,0.314418,0.947785,-0.053291,0.222009,-0.613220,0.245651,0.750717,-0.522925,0.000000,0.000000,0.000000,1.000000,0.14668853082693975,176.08390568963532
1782485724.374435,0.724609,-0.203368,0.658438,0.500723,0.314418,0.947785,-0.053291,0.222009,-0.613220,0.245651,0.750717,-0.522925,0.000000,0.000000,0.000000,1.000000,0.14668853082693975,176.08390568963532
1782485724.409671,0.724609,-0.203368,0.658438,0.500723,0.314418,0.947785,-0.053291,0.222009,-0.613220,0.245651,0.750717,-0.522925,0.000000,0.000000,0.000000,1.000000,0.14668853082693975,176.08390568963532
1782485724.444896,0.724609,-0.203368,0.658438,0.500723,0.314418,0.947785,-0.053291,0.222009,-0.613220,0.245651,0.750717,-0.522925,0.000000,0.000000,0.000000,1.000000,0.14668853082693975,176.08390568963532
1782485724.480120,0.724609,-0.203368,0.658438,0.500723,0.314418,0.947785,-0.053291,0.222009,-0.613220,0.245651,0.750717,-0.522925,0.000000,0.000000,0.000000,1.000000,0.14668853082693975,176.08390568963532
1782485724.515424,0.724609,-0.203368,0.658438,0.500723,0.314418,0.947785,-0.053291,0.222009,-0.613220,0.245651,0.750717,-0.522925,0.000000,0.000000,0.000000,1.000000,0.14668853082693975,176.08390568963532
1782485724.550439,0.724609,-0.203368,0.658438,0.500723,0.314418,0.947785,-0.053291,0.222009,-0.613220,0.245651,0.750717,-0.522925,0.000000,0.000000,0.000000,1.000000,0.14668853082693975,176.08390568963532
1782485724.584390,0.724609,-0.203368,0.658438,0.500723,0.314418,0.947785,-0.053291,0.222009,-0.613220,0.245651,0.750717,-0.522925,0.000000,0.000000,0.000000,1.000000,0.14668853082693975,176.08390568963532
1782485724.619539,0.724609,-0.203368,0.658438,0.500723,0.314418,0.947785,-0.053291,0.222009,-0.613220,0.245651,0.750717,-0.522925,0.000000,0.000000,0.000000,1.000000,0.14668853082693975,176.08390568963532
1782485724.654934,0.724609,-0.203368,0.658438,0.500723,0.314418,0.947785,-0.053291,0.222009,-0.613220,0.245651,0.750717,-0.522925,0.000000,0.000000,0.000000,1.000000,0.14668853082693975,176.08390568963532
1782485724.690511,0.724609,-0.203368,0.658438,0.500723,0.314418,0.947785,-0.053291,0.222009,-0.613220,0.245651,0.750717,-0.522925,0.000000,0.000000,0.000000,1.000000,0.14668853082693975,176.08390568963532
1782485724.725745,0.724609,-0.203368,0.658438,0.500723,0.314418,0.947785,-0.053291,0.222009,-0.613220,0.245651,0.750717,-0.522925,0.000000,0.000000,0.000000,1.000000,0.14668853082693975,176.08390568963532
1782485724.761371,0.724609,-0.203368,0.658438,0.500723,0.314418,0.947785,-0.053291,0.222009,-0.613220,0.245651,0.750717,-0.522925,0.000000,0.000000,0.000000,1.000000,0.14668853082693975,176.08390568963532
1782485724.797187,0.724609,-0.203368,0.658438,0.500723,0.314418,0.947785,-0.053291,0.222009,-0.613220,0.245651,0.750717,-0.522925,0.000000,0.000000,0.000000,1.000000,0.14668853082693975,176.08390568963532
1782485724.832503,0.724609,-0.203368,0.658438,0.500723,0.314418,0.947785,-0.053291,0.222009,-0.613220,0.245651,0.750717,-0.522925,0.000000,0.000000,0.000000,1.000000,0.14668853082693975,176.08390568963532
1782485724.867628,0.724609,-0.203368,0.658438,0.500723,0.314418,0.947785,-0.053291,0.222009,-0.613220,0.245651,0.750717,-0.522925,0.000000,0.000000,0.000000,1.000000,0.14668853082693975,176.08390568963532
1782485724.903151,0.724609,-0.203368,0.658438,0.500723,0.314418,0.947785,-0.053291,0.222009,-0.613220,0.245651,0.750717,-0.522925,0.000000,0.000000,0.000000,1.000000,0.14668853082693975,176.08390568963532
1782485724.938807,0.724609,-0.203368,0.658438,0.500723,0.314418,0.947785,-0.053291,0.222009,-0.613220,0.245651,0.750717,-0.522925,0.000000,0.000000,0.000000,1.000000,0.14668853082693975,176.08390568963532
1782485724.974296,0.724609,-0.203368,0.658438,0.500723,0.314418,0.947785,-0.053291,0.222009,-0.613220,0.245651,0.750717,-0.522925,0.000000,0.000000,0.000000,1.000000,0.14668853082693975,176.08390568963532
1782485725.009831,0.724609,-0.203368,0.658438,0.500723,0.314418,0.947785,-0.053291,0.222009,-0.613220,0.245651,0.750717,-0.522925,0.000000,0.000000,0.000000,1.000000,0.14668853082693975,176.08390568963532
1782485725.045111,0.724609,-0.203368,0.658438,0.500723,0.314418,0.947785,-0.053291,0.222009,-0.613220,0.245651,0.750717,-0.522925,0.000000,0.000000,0.000000,1.000000,0.14668853082693975,176.08390568963532
1782485725.080528,0.724609,-0.203368,0.658438,0.500723,0.314418,0.947785,-0.053291,0.222009,-0.613220,0.245651,0.750717,-0.522925,0.000000,0.000000,0.000000,1.000000,0.14668853082693975,176.08390568963532
1782485725.115905,0.724609,-0.203368,0.658438,0.500723,0.314418,0.947785,-0.053291,0.222009,-0.613220,0.245651,0.750717,-0.522925,0.000000,0.000000,0.000000,1.000000,0.14668853082693975,176.08390568963532
1782485725.150804,0.724609,-0.203368,0.658438,0.500723,0.314418,0.947785,-0.053291,0.222009,-0.613220,0.245651,0.750717,-0.522925,0.000000,0.000000,0.000000,1.000000,0.14668853082693975,176.08390568963532
1782485725.185968,0.724609,-0.203368,0.658438,0.500723,0.314418,0.947785,-0.053291,0.222009,-0.613220,0.245651,0.750717,-0.522925,0.000000,0.000000,0.000000,1.000000,0.14668853082693975,176.08390568963532
1782485725.221272,0.724609,-0.203368,0.658438,0.500723,0.314418,0.947785,-0.053291,0.222009,-0.613220,0.245651,0.750717,-0.522925,0.000000,0.000000,0.000000,1.000000,0.14668853082693975,176.08390568963532
1782485725.255838,0.724609,-0.203368,0.658438,0.500723,0.314418,0.947785,-0.053291,0.222009,-0.613220,0.245651,0.750717,-0.522925,0.000000,0.000000,0.000000,1.000000,0.14668853082693975,176.08390568963532
1782485725.291015,0.724609,-0.203368,0.658438,0.500723,0.314418,0.947785,-0.053291,0.222009,-0.613220,0.245651,0.750717,-0.522925,0.000000,0.000000,0.000000,1.000000,0.14668853082693975,176.08390568963532
1782485725.325575,0.724609,-0.203368,0.658438,0.500723,0.314418,0.947785,-0.053291,0.222009,-0.613220,0.245651,0.750717,-0.522925,0.000000,0.000000,0.000000,1.000000,0.14668853082693975,176.08390568963532
1782485725.360067,0.724609,-0.203368,0.658438,0.500723,0.314418,0.947785,-0.053291,0.222009,-0.613220,0.245651,0.750717,-0.522925,0.000000,0.000000,0.000000,1.000000,0.14668853082693975,176.08390568963532
1782485725.395462,0.724609,-0.203368,0.658438,0.500723,0.314418,0.947785,-0.053291,0.222009,-0.613220,0.245651,0.750717,-0.522925,0.000000,0.000000,0.000000,1.000000,0.14668853082693975,176.08390568963532
1782485725.431022,0.724609,-0.203368,0.658438,0.500723,0.314418,0.947785,-0.053291,0.222009,-0.613220,0.245651,0.750717,-0.522925,0.000000,0.000000,0.000000,1.000000,0.14668853082693975,176.08390568963532
1782485725.466227,0.724609,-0.203368,0.658438,0.500723,0.314418,0.947785,-0.053291,0.222009,-0.613220,0.245651,0.750717,-0.522925,0.000000,0.000000,0.000000,1.000000,0.14668853082693975,176.08390568963532
1782485725.501409,0.724609,-0.203368,0.658438,0.500723,0.314418,0.947785,-0.053291,0.222009,-0.613220,0.245651,0.750717,-0.522925,0.000000,0.000000,0.000000,1.000000,0.14668853082693975,176.08390568963532
1782485725.536662,0.724609,-0.203368,0.658438,0.500723,0.314418,0.947785,-0.053291,0.222009,-0.613220,0.245651,0.750717,-0.522925,0.000000,0.000000,0.000000,1.000000,0.14668853082693975,176.08390568963532
1782485725.572345,0.724609,-0.203368,0.658438,0.500723,0.314418,0.947785,-0.053291,0.222009,-0.613220,0.245651,0.750717,-0.522925,0.000000,0.000000,0.000000,1.000000,0.14668853082693975,176.08390568963532
1782485725.607574,0.724609,-0.203368,0.658438,0.500723,0.314418,0.947785,-0.053291,0.222009,-0.613220,0.245651,0.750717,-0.522925,0.000000,0.000000,0.000000,1.000000,0.14668853082693975,176.08390568963532
1782485725.642934,0.724609,-0.203368,0.658438,0.500723,0.314418,0.947785,-0.053291,0.222009,-0.613220,0.245651,0.750717,-0.522925,0.000000,0.000000,0.000000,1.000000,0.14668853082693975,176.08390568963532
1782485725.678665,0.724609,-0.203368,0.658438,0.500723,0.314418,0.947785,-0.053291,0.222009,-0.613220,0.245651,0.750717,-0.522925,0.000000,0.000000,0.000000,1.000000,0.14668853082693975,176.08390568963532
1782485725.714374,0.724609,-0.203368,0.658438,0.500723,0.314418,0.947785,-0.053291,0.222009,-0.613220,0.245651,0.750717,-0.522925,0.000000,0.000000,0.000000,1.000000,0.14668853082693975,176.08390568963532
1782485725.750547,0.724609,-0.203368,0.658438,0.500723,0.314418,0.947785,-0.053291,0.222009,-0.613220,0.245651,0.750717,-0.522925,0.000000,0.000000,0.000000,1.000000,0.14668853082693975,176.08390568963532
1782485725.786281,0.724609,-0.203368,0.658438,0.500723,0.314418,0.947785,-0.053291,0.222009,-0.613220,0.245651,0.750717,-0.522925,0.000000,0.000000,0.000000,1.000000,0.14668853082693975,176.08390568963532
1782485725.822090,0.724609,-0.203368,0.658438,0.500723,0.314418,0.947785,-0.053291,0.222009,-0.613220,0.245651,0.750717,-0.522925,0.000000,0.000000,0.000000,1.000000,0.14668853082693975,176.08390568963532
1782485725.857920,0.724609,-0.203368,0.658438,0.500723,0.314418,0.947785,-0.053291,0.222009,-0.613220,0.245651,0.750717,-0.522925,0.000000,0.000000,0.000000,1.000000,0.14668853082693975,176.08390568963532
1782485725.893322,0.724609,-0.203368,0.658438,0.500723,0.314418,0.947785,-0.053291,0.222009,-0.613220,0.245651,0.750717,-0.522925,0.000000,0.000000,0.000000,1.000000,0.14668853082693975,176.08390568963532
1782485725.928911,0.724609,-0.203368,0.658438,0.500723,0.314418,0.947785,-0.053291,0.222009,-0.613220,0.245651,0.750717,-0.522925,0.000000,0.000000,0.000000,1.000000,0.14668853082693975,176.08390568963532
1782485725.964997,0.724609,-0.203368,0.658438,0.500723,0.314418,0.947785,-0.053291,0.222009,-0.613220,0.245651,0.750717,-0.522925,0.000000,0.000000,0.000000,1.000000,0.14668853082693975,176.08390568963532
1782485726.000678,0.724609,-0.203368,0.658438,0.500723,0.314418,0.947785,-0.053291,0.222009,-0.613220,0.245651,0.750717,-0.522925,0.000000,0.000000,0.000000,1.000000,0.14668853082693975,176.08390568963532
1782485726.035998,0.724609,-0.203368,0.658438,0.500723,0.314418,0.947785,-0.053291,0.222009,-0.613220,0.245651,0.750717,-0.522925,0.000000,0.000000,0.000000,1.000000,0.14668853082693975,176.08390568963532
1782485726.071433,0.724609,-0.203368,0.658438,0.500723,0.314418,0.947785,-0.053291,0.222009,-0.613220,0.245651,0.750717,-0.522925,0.000000,0.000000,0.000000,1.000000,0.14668853082693975,176.08390568963532
1782485726.107127,0.724609,-0.203368,0.658438,0.500723,0.314418,0.947785,-0.053291,0.222009,-0.613220,0.245651,0.750717,-0.522925,0.000000,0.000000,0.000000,1.000000,0.14668853082693975,176.08390568963532
1782485726.142949,0.724609,-0.203368,0.658438,0.500723,0.314418,0.947785,-0.053291,0.222009,-0.613220,0.245651,0.750717,-0.522925,0.000000,0.000000,0.000000,1.000000,0.14668853082693975,176.08390568963532
1782485726.178503,0.724609,-0.203368,0.658438,0.500723,0.314418,0.947785,-0.053291,0.222009,-0.613220,0.245651,0.750717,-0.522925,0.000000,0.000000,0.000000,1.000000,0.14668853082693975,176.08390568963532
1782485726.213944,0.724609,-0.203368,0.658438,0.500723,0.314418,0.947785,-0.053291,0.222009,-0.613220,0.245651,0.750717,-0.522925,0.000000,0.000000,0.000000,1.000000,0.14668853082693975,176.08390568963532
1782485726.249306,0.724609,-0.203368,0.658438,0.500723,0.314418,0.947785,-0.053291,0.222009,-0.613220,0.245651,0.750717,-0.522925,0.000000,0.000000,0.000000,1.000000,0.14668853082693975,176.08390568963532
1782485726.284980,0.724609,-0.203368,0.658438,0.500723,0.314418,0.947785,-0.053291,0.222009,-0.613220,0.245651,0.750717,-0.522925,0.000000,0.000000,0.000000,1.000000,0.14668853082693975,176.08390568963532
1782485726.320353,0.724609,-0.203368,0.658438,0.500723,0.314418,0.947785,-0.053291,0.222009,-0.613220,0.245651,0.750717,-0.522925,0.000000,0.000000,0.000000,1.000000,0.14668853082693975,176.08390568963532
1782485726.355743,0.724609,-0.203368,0.658438,0.500723,0.314418,0.947785,-0.053291,0.222009,-0.613220,0.245651,0.750717,-0.522925,0.000000,0.000000,0.000000,1.000000,0.14668853082693975,176.08390568963532
1782485726.391295,0.724609,-0.203368,0.658438,0.500723,0.314418,0.947785,-0.053291,0.222009,-0.613220,0.245651,0.750717,-0.522925,0.000000,0.000000,0.000000,1.000000,0.14668853082693975,176.08390568963532
1782485726.426522,0.724609,-0.203368,0.658438,0.500723,0.314418,0.947785,-0.053291,0.222009,-0.613220,0.245651,0.750717,-0.522925,0.000000,0.000000,0.000000,1.000000,0.14668853082693975,176.08390568963532
1782485726.461624,0.724609,-0.203368,0.658438,0.500723,0.314418,0.947785,-0.053291,0.222009,-0.613220,0.245651,0.750717,-0.522925,0.000000,0.000000,0.000000,1.000000,0.14668853082693975,176.08390568963532
1782485726.496838,0.724609,-0.203368,0.658438,0.500723,0.314418,0.947785,-0.053291,0.222009,-0.613220,0.245651,0.750717,-0.522925,0.000000,0.000000,0.000000,1.000000,0.14668853082693975,176.08390568963532
1782485726.532191,0.724609,-0.203368,0.658438,0.500723,0.314418,0.947785,-0.053291,0.222009,-0.613220,0.245651,0.750717,-0.522925,0.000000,0.000000,0.000000,1.000000,0.14668853082693975,176.08390568963532
1782485726.566562,0.724609,-0.203368,0.658438,0.500723,0.314418,0.947785,-0.053291,0.222009,-0.613220,0.245651,0.750717,-0.522925,0.000000,0.000000,0.000000,1.000000,0.14668853082693975,176.08390568963532
1782485726.601927,0.724609,-0.203368,0.658438,0.500723,0.314418,0.947785,-0.053291,0.222009,-0.613220,0.245651,0.750717,-0.522925,0.000000,0.000000,0.000000,1.000000,0.14668853082693975,176.08390568963532
1782485726.637157,0.724609,-0.203368,0.658438,0.500723,0.314418,0.947785,-0.053291,0.222009,-0.613220,0.245651,0.750717,-0.522925,0.000000,0.000000,0.000000,1.000000,0.14668853082693975,176.08390568963532
1782485726.672713,0.724609,-0.203368,0.658438,0.500723,0.314418,0.947785,-0.053291,0.222009,-0.613220,0.245651,0.750717,-0.522925,0.000000,0.000000,0.000000,1.000000,0.14668853082693975,176.08390568963532
1782485726.708071,0.724609,-0.203368,0.658438,0.500723,0.314418,0.947785,-0.053291,0.222009,-0.613220,0.245651,0.750717,-0.522925,0.000000,0.000000,0.000000,1.000000,0.14668853082693975,176.08390568963532
1782485726.743086,0.724609,-0.203368,0.658438,0.500723,0.314418,0.947785,-0.053291,0.222009,-0.613220,0.245651,0.750717,-0.522925,0.000000,0.000000,0.000000,1.000000,0.14668853082693975,176.08390568963532
1782485726.777896,0.724609,-0.203368,0.658438,0.500723,0.314418,0.947785,-0.053291,0.222009,-0.613220,0.245651,0.750717,-0.522925,0.000000,0.000000,0.000000,1.000000,0.14668853082693975,176.08390568963532
1782485726.813851,0.724609,-0.203368,0.658438,0.500723,0.314418,0.947785,-0.053291,0.222009,-0.613220,0.245651,0.750717,-0.522925,0.000000,0.000000,0.000000,1.000000,0.14668853082693975,176.08390568963532
1782485726.849177,0.724609,-0.203368,0.658438,0.500723,0.314418,0.947785,-0.053291,0.222009,-0.613220,0.245651,0.750717,-0.522925,0.000000,0.000000,0.000000,1.000000,0.14668853082693975,176.08390568963532
1782485726.884461,0.724609,-0.203368,0.658438,0.500723,0.314418,0.947785,-0.053291,0.222009,-0.613220,0.245651,0.750717,-0.522925,0.000000,0.000000,0.000000,1.000000,0.14668853082693975,176.08390568963532
1782485726.920002,0.724609,-0.203368,0.658438,0.500723,0.314418,0.947785,-0.053291,0.222009,-0.613220,0.245651,0.750717,-0.522925,0.000000,0.000000,0.000000,1.000000,0.14668853082693975,176.08390568963532
1782485726.955794,0.724609,-0.203368,0.658438,0.500723,0.314418,0.947785,-0.053291,0.222009,-0.613220,0.245651,0.750717,-0.522925,0.000000,0.000000,0.000000,1.000000,0.14668853082693975,176.08390568963532
1782485726.990991,0.724609,-0.203368,0.658438,0.500723,0.314418,0.947785,-0.053291,0.222009,-0.613220,0.245651,0.750717,-0.522925,0.000000,0.000000,0.000000,1.000000,0.14668853082693975,176.08390568963532
1782485727.026176,0.724609,-0.203368,0.658438,0.500723,0.314418,0.947785,-0.053291,0.222009,-0.613220,0.245651,0.750717,-0.522925,0.000000,0.000000,0.000000,1.000000,0.14668853082693975,176.08390568963532
1782485727.061587,0.724609,-0.203368,0.658438,0.500723,0.314418,0.947785,-0.053291,0.222009,-0.613220,0.245651,0.750717,-0.522925,0.000000,0.000000,0.000000,1.000000,0.14668853082693975,176.08390568963532
1782485727.097330,0.724609,-0.203368,0.658438,0.500723,0.314418,0.947785,-0.053291,0.222009,-0.613220,0.245651,0.750717,-0.522925,0.000000,0.000000,0.000000,1.000000,0.14668853082693975,176.08390568963532
1782485727.132924,0.724609,-0.203368,0.658438,0.500723,0.314418,0.947785,-0.053291,0.222009,-0.613220,0.245651,0.750717,-0.522925,0.000000,0.000000,0.000000,1.000000,0.14668853082693975,176.08390568963532
1782485727.168757,0.724609,-0.203368,0.658438,0.500723,0.314418,0.947785,-0.053291,0.222009,-0.613220,0.245651,0.750717,-0.522925,0.000000,0.000000,0.000000,1.000000,0.14668853082693975,176.08390568963532
1782485727.203761,0.724609,-0.203368,0.658438,0.500723,0.314418,0.947785,-0.053291,0.222009,-0.613220,0.245651,0.750717,-0.522925,0.000000,0.000000,0.000000,1.000000,0.14668853082693975,176.08390568963532
1782485727.239386,0.724609,-0.203368,0.658438,0.500723,0.314418,0.947785,-0.053291,0.222009,-0.613220,0.245651,0.750717,-0.522925,0.000000,0.000000,0.000000,1.000000,0.14668853082693975,176.08390568963532
1782485727.275273,0.724609,-0.203368,0.658438,0.500723,0.314418,0.947785,-0.053291,0.222009,-0.613220,0.245651,0.750717,-0.522925,0.000000,0.000000,0.000000,1.000000,0.14668853082693975,176.08390568963532
1782485727.311394,0.724609,-0.203368,0.658438,0.500723,0.314418,0.947785,-0.053291,0.222009,-0.613220,0.245651,0.750717,-0.522925,0.000000,0.000000,0.000000,1.000000,0.14668853082693975,176.08390568963532
1782485727.347442,0.724609,-0.203368,0.658438,0.500723,0.314418,0.947785,-0.053291,0.222009,-0.613220,0.245651,0.750717,-0.522925,0.000000,0.000000,0.000000,1.000000,0.14668853082693975,176.08390568963532
1782485727.383483,0.724609,-0.203368,0.658438,0.500723,0.314418,0.947785,-0.053291,0.222009,-0.613220,0.245651,0.750717,-0.522925,0.000000,0.000000,0.000000,1.000000,0.14668853082693975,176.08390568963532
1782485727.419658,0.724609,-0.203368,0.658438,0.500723,0.314418,0.947785,-0.053291,0.222009,-0.613220,0.245651,0.750717,-0.522925,0.000000,0.000000,0.000000,1.000000,0.14668853082693975,176.08390568963532
1782485727.455668,0.724609,-0.203368,0.658438,0.500723,0.314418,0.947785,-0.053291,0.222009,-0.613220,0.245651,0.750717,-0.522925,0.000000,0.000000,0.000000,1.000000,0.14668853082693975,176.08390568963532
1782485727.490603,0.724609,-0.203368,0.658438,0.500723,0.314418,0.947785,-0.053291,0.222009,-0.613220,0.245651,0.750717,-0.522925,0.000000,0.000000,0.000000,1.000000,0.14668853082693975,176.08390568963532
1782485727.526061,0.724609,-0.203368,0.658438,0.500723,0.314418,0.947785,-0.053291,0.222009,-0.613220,0.245651,0.750717,-0.522925,0.000000,0.000000,0.000000,1.000000,0.14668853082693975,176.08390568963532
1782485727.561692,0.724609,-0.203368,0.658438,0.500723,0.314418,0.947785,-0.053291,0.222009,-0.613220,0.245651,0.750717,-0.522925,0.000000,0.000000,0.000000,1.000000,0.14668853082693975,176.08390568963532
1782485727.597103,0.724609,-0.203368,0.658438,0.500723,0.314418,0.947785,-0.053291,0.222009,-0.613220,0.245651,0.750717,-0.522925,0.000000,0.000000,0.000000,1.000000,0.14668853082693975,176.08390568963532
1782485727.632866,0.724609,-0.203368,0.658438,0.500723,0.314418,0.947785,-0.053291,0.222009,-0.613220,0.245651,0.750717,-0.522925,0.000000,0.000000,0.000000,1.000000,0.14668853082693975,176.08390568963532
1782485727.667834,0.724609,-0.203368,0.658438,0.500723,0.314418,0.947785,-0.053291,0.222009,-0.613220,0.245651,0.750717,-0.522925,0.000000,0.000000,0.000000,1.000000,0.14668853082693975,176.08390568963532
1782485727.702161,0.724609,-0.203368,0.658438,0.500723,0.314418,0.947785,-0.053291,0.222009,-0.613220,0.245651,0.750717,-0.522925,0.000000,0.000000,0.000000,1.000000,0.14668853082693975,176.08390568963532
1782485727.737788,0.724609,-0.203368,0.658438,0.500723,0.314418,0.947785,-0.053291,0.222009,-0.613220,0.245651,0.750717,-0.522925,0.000000,0.000000,0.000000,1.000000,0.14668853082693975,176.08390568963532
1782485727.773490,0.724609,-0.203368,0.658438,0.500723,0.314418,0.947785,-0.053291,0.222009,-0.613220,0.245651,0.750717,-0.522925,0.000000,0.000000,0.000000,1.000000,0.14668853082693975,176.08390568963532
1782485727.808650,0.724609,-0.203368,0.658438,0.500723,0.314418,0.947785,-0.053291,0.222009,-0.613220,0.245651,0.750717,-0.522925,0.000000,0.000000,0.000000,1.000000,0.14668853082693975,176.08390568963532
1782485727.843706,0.724609,-0.203368,0.658438,0.500723,0.314418,0.947785,-0.053291,0.222009,-0.613220,0.245651,0.750717,-0.522925,0.000000,0.000000,0.000000,1.000000,0.14668853082693975,176.08390568963532
1782485727.879075,0.724609,-0.203368,0.658438,0.500723,0.314418,0.947785,-0.053291,0.222009,-0.613220,0.245651,0.750717,-0.522925,0.000000,0.000000,0.000000,1.000000,0.14668853082693975,176.08390568963532
1782485727.914282,0.724609,-0.203368,0.658438,0.500723,0.314418,0.947785,-0.053291,0.222009,-0.613220,0.245651,0.750717,-0.522925,0.000000,0.000000,0.000000,1.000000,0.14668853082693975,176.08390568963532
1782485727.949324,0.724609,-0.203368,0.658438,0.500723,0.314418,0.947785,-0.053291,0.222009,-0.613220,0.245651,0.750717,-0.522925,0.000000,0.000000,0.000000,1.000000,0.14668853082693975,176.08390568963532
1782485727.984402,0.724609,-0.203368,0.658438,0.500723,0.314418,0.947785,-0.053291,0.222009,-0.613220,0.245651,0.750717,-0.522925,0.000000,0.000000,0.000000,1.000000,0.14668853082693975,176.08390568963532
1782485728.019786,0.724609,-0.203368,0.658438,0.500723,0.314418,0.947785,-0.053291,0.222009,-0.613220,0.245651,0.750717,-0.522925,0.000000,0.000000,0.000000,1.000000,0.14668853082693975,176.08390568963532
1782485728.055520,0.724609,-0.203368,0.658438,0.500723,0.314418,0.947785,-0.053291,0.222009,-0.613220,0.245651,0.750717,-0.522925,0.000000,0.000000,0.000000,1.000000,0.14668853082693975,176.08390568963532
1782485728.090954,0.724609,-0.203368,0.658438,0.500723,0.314418,0.947785,-0.053291,0.222009,-0.613220,0.245651,0.750717,-0.522925,0.000000,0.000000,0.000000,1.000000,0.14668853082693975,176.08390568963532
1782485728.126748,0.724609,-0.203368,0.658438,0.500723,0.314418,0.947785,-0.053291,0.222009,-0.613220,0.245651,0.750717,-0.522925,0.000000,0.000000,0.000000,1.000000,0.14668853082693975,176.08390568963532
1782485728.161976,0.724609,-0.203368,0.658438,0.500723,0.314418,0.947785,-0.053291,0.222009,-0.613220,0.245651,0.750717,-0.522925,0.000000,0.000000,0.000000,1.000000,0.14668853082693975,176.08390568963532
1782485728.197090,0.724609,-0.203368,0.658438,0.500723,0.314418,0.947785,-0.053291,0.222009,-0.613220,0.245651,0.750717,-0.522925,0.000000,0.000000,0.000000,1.000000,0.14668853082693975,176.08390568963532
1782485728.232740,0.724609,-0.203368,0.658438,0.500723,0.314418,0.947785,-0.053291,0.222009,-0.613220,0.245651,0.750717,-0.522925,0.000000,0.000000,0.000000,1.000000,0.14668853082693975,176.08390568963532
1782485728.268511,0.724609,-0.203368,0.658438,0.500723,0.314418,0.947785,-0.053291,0.222009,-0.613220,0.245651,0.750717,-0.522925,0.000000,0.000000,0.000000,1.000000,0.14668853082693975,176.08390568963532
1782485728.303486,0.724609,-0.203368,0.658438,0.500723,0.314418,0.947785,-0.053291,0.222009,-0.613220,0.245651,0.750717,-0.522925,0.000000,0.000000,0.000000,1.000000,0.14668853082693975,176.08390568963532
1782485728.339279,0.724609,-0.203368,0.658438,0.500723,0.314418,0.947785,-0.053291,0.222009,-0.613220,0.245651,0.750717,-0.522925,0.000000,0.000000,0.000000,1.000000,0.14668853082693975,176.08390568963532
1782485728.375819,0.724609,-0.203368,0.658438,0.500723,0.314418,0.947785,-0.053291,0.222009,-0.613220,0.245651,0.750717,-0.522925,0.000000,0.000000,0.000000,1.000000,0.14668853082693975,176.08390568963532
1782485728.411093,0.724609,-0.203368,0.658438,0.500723,0.314418,0.947785,-0.053291,0.222009,-0.613220,0.245651,0.750717,-0.522925,0.000000,0.000000,0.000000,1.000000,0.14668853082693975,176.08390568963532
1782485728.446551,0.724609,-0.203368,0.658438,0.500723,0.314418,0.947785,-0.053291,0.222009,-0.613220,0.245651,0.750717,-0.522925,0.000000,0.000000,0.000000,1.000000,0.14668853082693975,176.08390568963532
1782485728.480959,0.724609,-0.203368,0.658438,0.500723,0.314418,0.947785,-0.053291,0.222009,-0.613220,0.245651,0.750717,-0.522925,0.000000,0.000000,0.000000,1.000000,0.14668853082693975,176.08390568963532
1782485728.516426,0.724609,-0.203368,0.658438,0.500723,0.314418,0.947785,-0.053291,0.222009,-0.613220,0.245651,0.750717,-0.522925,0.000000,0.000000,0.000000,1.000000,0.14668853082693975,176.08390568963532
1782485728.551978,0.724609,-0.203368,0.658438,0.500723,0.314418,0.947785,-0.053291,0.222009,-0.613220,0.245651,0.750717,-0.522925,0.000000,0.000000,0.000000,1.000000,0.14668853082693975,176.08390568963532
1782485728.586935,0.724609,-0.203368,0.658438,0.500723,0.314418,0.947785,-0.053291,0.222009,-0.613220,0.245651,0.750717,-0.522925,0.000000,0.000000,0.000000,1.000000,0.14668853082693975,176.08390568963532
1782485728.622027,0.724609,-0.203368,0.658438,0.500723,0.314418,0.947785,-0.053291,0.222009,-0.613220,0.245651,0.750717,-0.522925,0.000000,0.000000,0.000000,1.000000,0.14668853082693975,176.08390568963532
1782485728.657261,0.724609,-0.203368,0.658438,0.500723,0.314418,0.947785,-0.053291,0.222009,-0.613220,0.245651,0.750717,-0.522925,0.000000,0.000000,0.000000,1.000000,0.14668853082693975,176.08390568963532
1782485728.692564,0.724609,-0.203368,0.658438,0.500723,0.314418,0.947785,-0.053291,0.222009,-0.613220,0.245651,0.750717,-0.522925,0.000000,0.000000,0.000000,1.000000,0.14668853082693975,176.08390568963532
1782485728.728280,0.724609,-0.203368,0.658438,0.500723,0.314418,0.947785,-0.053291,0.222009,-0.613220,0.245651,0.750717,-0.522925,0.000000,0.000000,0.000000,1.000000,0.14668853082693975,176.08390568963532
1782485728.764219,0.724609,-0.203368,0.658438,0.500723,0.314418,0.947785,-0.053291,0.222009,-0.613220,0.245651,0.750717,-0.522925,0.000000,0.000000,0.000000,1.000000,0.14668853082693975,176.08390568963532
1782485728.800044,0.724609,-0.203368,0.658438,0.500723,0.314418,0.947785,-0.053291,0.222009,-0.613220,0.245651,0.750717,-0.522925,0.000000,0.000000,0.000000,1.000000,0.14668853082693975,176.08390568963532
1782485728.836087,0.724609,-0.203368,0.658438,0.500723,0.314418,0.947785,-0.053291,0.222009,-0.613220,0.245651,0.750717,-0.522925,0.000000,0.000000,0.000000,1.000000,0.14668853082693975,176.08390568963532
1782485728.872203,0.724609,-0.203368,0.658438,0.500723,0.314418,0.947785,-0.053291,0.222009,-0.613220,0.245651,0.750717,-0.522925,0.000000,0.000000,0.000000,1.000000,0.14668853082693975,176.08390568963532
1782485728.907996,0.724609,-0.203368,0.658438,0.500723,0.314418,0.947785,-0.053291,0.222009,-0.613220,0.245651,0.750717,-0.522925,0.000000,0.000000,0.000000,1.000000,0.14668853082693975,176.08390568963532
1782485728.943288,0.724609,-0.203368,0.658438,0.500723,0.314418,0.947785,-0.053291,0.222009,-0.613220,0.245651,0.750717,-0.522925,0.000000,0.000000,0.000000,1.000000,0.14668853082693975,176.08390568963532
1782485728.978856,0.724609,-0.203368,0.658438,0.500723,0.314418,0.947785,-0.053291,0.222009,-0.613220,0.245651,0.750717,-0.522925,0.000000,0.000000,0.000000,1.000000,0.14668853082693975,176.08390568963532
1782485729.014405,0.724609,-0.203368,0.658438,0.500723,0.314418,0.947785,-0.053291,0.222009,-0.613220,0.245651,0.750717,-0.522925,0.000000,0.000000,0.000000,1.000000,0.14668853082693975,176.08390568963532
1782485729.049732,0.724609,-0.203368,0.658438,0.500723,0.314418,0.947785,-0.053291,0.222009,-0.613220,0.245651,0.750717,-0.522925,0.000000,0.000000,0.000000,1.000000,0.14668853082693975,176.08390568963532
1782485729.085169,0.724609,-0.203368,0.658438,0.500723,0.314418,0.947785,-0.053291,0.222009,-0.613220,0.245651,0.750717,-0.522925,0.000000,0.000000,0.000000,1.000000,0.14668853082693975,176.08390568963532
1782485729.120924,0.724609,-0.203368,0.658438,0.500723,0.314418,0.947785,-0.053291,0.222009,-0.613220,0.245651,0.750717,-0.522925,0.000000,0.000000,0.000000,1.000000,0.14668853082693975,176.08390568963532
1782485729.156730,0.724609,-0.203368,0.658438,0.500723,0.314418,0.947785,-0.053291,0.222009,-0.613220,0.245651,0.750717,-0.522925,0.000000,0.000000,0.000000,1.000000,0.14668853082693975,176.08390568963532
1782485729.192483,0.724609,-0.203368,0.658438,0.500723,0.314418,0.947785,-0.053291,0.222009,-0.613220,0.245651,0.750717,-0.522925,0.000000,0.000000,0.000000,1.000000,0.14668853082693975,176.08390568963532
1782485729.228033,0.724609,-0.203368,0.658438,0.500723,0.314418,0.947785,-0.053291,0.222009,-0.613220,0.245651,0.750717,-0.522925,0.000000,0.000000,0.000000,1.000000,0.14668853082693975,176.08390568963532
1782485729.263509,0.724609,-0.203368,0.658438,0.500723,0.314418,0.947785,-0.053291,0.222009,-0.613220,0.245651,0.750717,-0.522925,0.000000,0.000000,0.000000,1.000000,0.14668853082693975,176.08390568963532
1782485729.299166,0.724609,-0.203368,0.658438,0.500723,0.314418,0.947785,-0.053291,0.222009,-0.613220,0.245651,0.750717,-0.522925,0.000000,0.000000,0.000000,1.000000,0.14668853082693975,176.08390568963532
1782485729.335070,0.724609,-0.203368,0.658438,0.500723,0.314418,0.947785,-0.053291,0.222009,-0.613220,0.245651,0.750717,-0.522925,0.000000,0.000000,0.000000,1.000000,0.14668853082693975,176.08390568963532
1782485729.370816,0.724609,-0.203368,0.658438,0.500723,0.314418,0.947785,-0.053291,0.222009,-0.613220,0.245651,0.750717,-0.522925,0.000000,0.000000,0.000000,1.000000,0.14668853082693975,176.08390568963532
1782485729.406188,0.724609,-0.203368,0.658438,0.500723,0.314418,0.947785,-0.053291,0.222009,-0.613220,0.245651,0.750717,-0.522925,0.000000,0.000000,0.000000,1.000000,0.14668853082693975,176.08390568963532
1782485729.441614,0.724609,-0.203368,0.658438,0.500723,0.314418,0.947785,-0.053291,0.222009,-0.613220,0.245651,0.750717,-0.522925,0.000000,0.000000,0.000000,1.000000,0.14668853082693975,176.08390568963532
1782485729.477284,0.724609,-0.203368,0.658438,0.500723,0.314418,0.947785,-0.053291,0.222009,-0.613220,0.245651,0.750717,-0.522925,0.000000,0.000000,0.000000,1.000000,0.14668853082693975,176.08390568963532
1782485729.513013,0.724609,-0.203368,0.658438,0.500723,0.314418,0.947785,-0.053291,0.222009,-0.613220,0.245651,0.750717,-0.522925,0.000000,0.000000,0.000000,1.000000,0.14668853082693975,176.08390568963532
1782485729.548261,0.724609,-0.203368,0.658438,0.500723,0.314418,0.947785,-0.053291,0.222009,-0.613220,0.245651,0.750717,-0.522925,0.000000,0.000000,0.000000,1.000000,0.14668853082693975,176.08390568963532
1782485729.583569,0.724609,-0.203368,0.658438,0.500723,0.314418,0.947785,-0.053291,0.222009,-0.613220,0.245651,0.750717,-0.522925,0.000000,0.000000,0.000000,1.000000,0.14668853082693975,176.08390568963532
1782485729.618214,0.724609,-0.203368,0.658438,0.500723,0.314418,0.947785,-0.053291,0.222009,-0.613220,0.245651,0.750717,-0.522925,0.000000,0.000000,0.000000,1.000000,0.14668853082693975,176.08390568963532
1782485729.653883,0.724609,-0.203368,0.658438,0.500723,0.314418,0.947785,-0.053291,0.222009,-0.613220,0.245651,0.750717,-0.522925,0.000000,0.000000,0.000000,1.000000,0.14668853082693975,176.08390568963532
1782485729.689635,0.724609,-0.203368,0.658438,0.500723,0.314418,0.947785,-0.053291,0.222009,-0.613220,0.245651,0.750717,-0.522925,0.000000,0.000000,0.000000,1.000000,0.14668853082693975,176.08390568963532
1782485729.724617,0.724609,-0.203368,0.658438,0.500723,0.314418,0.947785,-0.053291,0.222009,-0.613220,0.245651,0.750717,-0.522925,0.000000,0.000000,0.000000,1.000000,0.14668853082693975,176.08390568963532
1782485729.759775,0.724609,-0.203368,0.658438,0.500723,0.314418,0.947785,-0.053291,0.222009,-0.613220,0.245651,0.750717,-0.522925,0.000000,0.000000,0.000000,1.000000,0.14668853082693975,176.08390568963532
1782485729.795419,0.724609,-0.203368,0.658438,0.500723,0.314418,0.947785,-0.053291,0.222009,-0.613220,0.245651,0.750717,-0.522925,0.000000,0.000000,0.000000,1.000000,0.14668853082693975,176.08390568963532
1782485729.831024,0.724609,-0.203368,0.658438,0.500723,0.314418,0.947785,-0.053291,0.222009,-0.613220,0.245651,0.750717,-0.522925,0.000000,0.000000,0.000000,1.000000,0.14668853082693975,176.08390568963532
1782485729.866485,0.724609,-0.203368,0.658438,0.500723,0.314418,0.947785,-0.053291,0.222009,-0.613220,0.245651,0.750717,-0.522925,0.000000,0.000000,0.000000,1.000000,0.14668853082693975,176.08390568963532
1782485729.901987,0.724609,-0.203368,0.658438,0.500723,0.314418,0.947785,-0.053291,0.222009,-0.613220,0.245651,0.750717,-0.522925,0.000000,0.000000,0.000000,1.000000,0.14668853082693975,176.08390568963532
1782485729.938036,0.724609,-0.203368,0.658438,0.500723,0.314418,0.947785,-0.053291,0.222009,-0.613220,0.245651,0.750717,-0.522925,0.000000,0.000000,0.000000,1.000000,0.14668853082693975,176.08390568963532
1782485729.973775,0.724609,-0.203368,0.658438,0.500723,0.314418,0.947785,-0.053291,0.222009,-0.613220,0.245651,0.750717,-0.522925,0.000000,0.000000,0.000000,1.000000,0.14668853082693975,176.08390568963532
1782485730.009652,0.724609,-0.203368,0.658438,0.500723,0.314418,0.947785,-0.053291,0.222009,-0.613220,0.245651,0.750717,-0.522925,0.000000,0.000000,0.000000,1.000000,0.14668853082693975,176.08390568963532
1782485730.045181,0.724609,-0.203368,0.658438,0.500723,0.314418,0.947785,-0.053291,0.222009,-0.613220,0.245651,0.750717,-0.522925,0.000000,0.000000,0.000000,1.000000,0.14668853082693975,176.08390568963532
1782485730.080789,0.724609,-0.203368,0.658438,0.500723,0.314418,0.947785,-0.053291,0.222009,-0.613220,0.245651,0.750717,-0.522925,0.000000,0.000000,0.000000,1.000000,0.14668853082693975,176.08390568963532
1782485730.116126,0.724609,-0.203368,0.658438,0.500723,0.314418,0.947785,-0.053291,0.222009,-0.613220,0.245651,0.750717,-0.522925,0.000000,0.000000,0.000000,1.000000,0.14668853082693975,176.08390568963532
1782485730.152001,0.724609,-0.203368,0.658438,0.500723,0.314418,0.947785,-0.053291,0.222009,-0.613220,0.245651,0.750717,-0.522925,0.000000,0.000000,0.000000,1.000000,0.14668853082693975,176.08390568963532
1782485730.187680,0.724609,-0.203368,0.658438,0.500723,0.314418,0.947785,-0.053291,0.222009,-0.613220,0.245651,0.750717,-0.522925,0.000000,0.000000,0.000000,1.000000,0.14668853082693975,176.08390568963532
1782485730.223090,0.724609,-0.203368,0.658438,0.500723,0.314418,0.947785,-0.053291,0.222009,-0.613220,0.245651,0.750717,-0.522925,0.000000,0.000000,0.000000,1.000000,0.14668853082693975,176.08390568963532
1782485730.258336,0.724609,-0.203368,0.658438,0.500723,0.314418,0.947785,-0.053291,0.222009,-0.613220,0.245651,0.750717,-0.522925,0.000000,0.000000,0.000000,1.000000,0.14668853082693975,176.08390568963532
1782485730.293905,0.724609,-0.203368,0.658438,0.500723,0.314418,0.947785,-0.053291,0.222009,-0.613220,0.245651,0.750717,-0.522925,0.000000,0.000000,0.000000,1.000000,0.14668853082693975,176.08390568963532
1782485730.328658,0.724609,-0.203368,0.658438,0.500723,0.314418,0.947785,-0.053291,0.222009,-0.613220,0.245651,0.750717,-0.522925,0.000000,0.000000,0.000000,1.000000,0.14668853082693975,176.08390568963532
1782485730.364112,0.724609,-0.203368,0.658438,0.500723,0.314418,0.947785,-0.053291,0.222009,-0.613220,0.245651,0.750717,-0.522925,0.000000,0.000000,0.000000,1.000000,0.14668853082693975,176.08390568963532
1782485730.399286,0.724609,-0.203368,0.658438,0.500723,0.314418,0.947785,-0.053291,0.222009,-0.613220,0.245651,0.750717,-0.522925,0.000000,0.000000,0.000000,1.000000,0.14668853082693975,176.08390568963532
1782485730.434980,0.724609,-0.203368,0.658438,0.500723,0.314418,0.947785,-0.053291,0.222009,-0.613220,0.245651,0.750717,-0.522925,0.000000,0.000000,0.000000,1.000000,0.14668853082693975,176.08390568963532
1782485730.470026,0.724609,-0.203368,0.658438,0.500723,0.314418,0.947785,-0.053291,0.222009,-0.613220,0.245651,0.750717,-0.522925,0.000000,0.000000,0.000000,1.000000,0.14668853082693975,176.08390568963532
1782485730.505495,0.724609,-0.203368,0.658438,0.500723,0.314418,0.947785,-0.053291,0.222009,-0.613220,0.245651,0.750717,-0.522925,0.000000,0.000000,0.000000,1.000000,0.14668853082693975,176.08390568963532
1782485730.541171,0.724609,-0.203368,0.658438,0.500723,0.314418,0.947785,-0.053291,0.222009,-0.613220,0.245651,0.750717,-0.522925,0.000000,0.000000,0.000000,1.000000,0.14668853082693975,176.08390568963532
1782485730.576901,0.724609,-0.203368,0.658438,0.500723,0.314418,0.947785,-0.053291,0.222009,-0.613220,0.245651,0.750717,-0.522925,0.000000,0.000000,0.000000,1.000000,0.14668853082693975,176.08390568963532
1782485730.612758,0.724609,-0.203368,0.658438,0.500723,0.314418,0.947785,-0.053291,0.222009,-0.613220,0.245651,0.750717,-0.522925,0.000000,0.000000,0.000000,1.000000,0.14668853082693975,176.08390568963532
1782485730.648931,0.724609,-0.203368,0.658438,0.500723,0.314418,0.947785,-0.053291,0.222009,-0.613220,0.245651,0.750717,-0.522925,0.000000,0.000000,0.000000,1.000000,0.14668853082693975,176.08390568963532
1782485730.684043,0.724609,-0.203368,0.658438,0.500723,0.314418,0.947785,-0.053291,0.222009,-0.613220,0.245651,0.750717,-0.522925,0.000000,0.000000,0.000000,1.000000,0.14668853082693975,176.08390568963532
1782485730.719041,0.724609,-0.203368,0.658438,0.500723,0.314418,0.947785,-0.053291,0.222009,-0.613220,0.245651,0.750717,-0.522925,0.000000,0.000000,0.000000,1.000000,0.14668853082693975,176.08390568963532
1782485730.754121,0.724609,-0.203368,0.658438,0.500723,0.314418,0.947785,-0.053291,0.222009,-0.613220,0.245651,0.750717,-0.522925,0.000000,0.000000,0.000000,1.000000,0.14668853082693975,176.08390568963532
1782485730.789190,0.724609,-0.203368,0.658438,0.500723,0.314418,0.947785,-0.053291,0.222009,-0.613220,0.245651,0.750717,-0.522925,0.000000,0.000000,0.000000,1.000000,0.14668853082693975,176.08390568963532
1782485730.824557,0.724609,-0.203368,0.658438,0.500723,0.314418,0.947785,-0.053291,0.222009,-0.613220,0.245651,0.750717,-0.522925,0.000000,0.000000,0.000000,1.000000,0.14668853082693975,176.08390568963532
1782485730.860187,0.724609,-0.203368,0.658438,0.500723,0.314418,0.947785,-0.053291,0.222009,-0.613220,0.245651,0.750717,-0.522925,0.000000,0.000000,0.000000,1.000000,0.14668853082693975,176.08390568963532
1782485730.895549,0.724609,-0.203368,0.658438,0.500723,0.314418,0.947785,-0.053291,0.222009,-0.613220,0.245651,0.750717,-0.522925,0.000000,0.000000,0.000000,1.000000,0.14668853082693975,176.08390568963532
1782485730.931121,0.724609,-0.203368,0.658438,0.500723,0.314418,0.947785,-0.053291,0.222009,-0.613220,0.245651,0.750717,-0.522925,0.000000,0.000000,0.000000,1.000000,0.14668853082693975,176.08390568963532
1782485730.966771,0.724609,-0.203368,0.658438,0.500723,0.314418,0.947785,-0.053291,0.222009,-0.613220,0.245651,0.750717,-0.522925,0.000000,0.000000,0.000000,1.000000,0.14668853082693975,176.08390568963532
1782485731.001965,0.724609,-0.203368,0.658438,0.500723,0.314418,0.947785,-0.053291,0.222009,-0.613220,0.245651,0.750717,-0.522925,0.000000,0.000000,0.000000,1.000000,0.14668853082693975,176.08390568963532
1782485731.037372,0.724609,-0.203368,0.658438,0.500723,0.314418,0.947785,-0.053291,0.222009,-0.613220,0.245651,0.750717,-0.522925,0.000000,0.000000,0.000000,1.000000,0.14668853082693975,176.08390568963532
1782485731.072423,0.724609,-0.203368,0.658438,0.500723,0.314418,0.947785,-0.053291,0.222009,-0.613220,0.245651,0.750717,-0.522925,0.000000,0.000000,0.000000,1.000000,0.14668853082693975,176.08390568963532
1782485731.107972,0.724609,-0.203368,0.658438,0.500723,0.314418,0.947785,-0.053291,0.222009,-0.613220,0.245651,0.750717,-0.522925,0.000000,0.000000,0.000000,1.000000,0.14668853082693975,176.08390568963532
1782485731.143372,0.724609,-0.203368,0.658438,0.500723,0.314418,0.947785,-0.053291,0.222009,-0.613220,0.245651,0.750717,-0.522925,0.000000,0.000000,0.000000,1.000000,0.14668853082693975,176.08390568963532
1782485731.179174,0.724609,-0.203368,0.658438,0.500723,0.314418,0.947785,-0.053291,0.222009,-0.613220,0.245651,0.750717,-0.522925,0.000000,0.000000,0.000000,1.000000,0.14668853082693975,176.08390568963532
1782485731.214332,0.724609,-0.203368,0.658438,0.500723,0.314418,0.947785,-0.053291,0.222009,-0.613220,0.245651,0.750717,-0.522925,0.000000,0.000000,0.000000,1.000000,0.14668853082693975,176.08390568963532
1782485731.249795,0.724609,-0.203368,0.658438,0.500723,0.314418,0.947785,-0.053291,0.222009,-0.613220,0.245651,0.750717,-0.522925,0.000000,0.000000,0.000000,1.000000,0.14668853082693975,176.08390568963532
1782485731.285104,0.724609,-0.203368,0.658438,0.500723,0.314418,0.947785,-0.053291,0.222009,-0.613220,0.245651,0.750717,-0.522925,0.000000,0.000000,0.000000,1.000000,0.14668853082693975,176.08390568963532
1782485731.320810,0.724609,-0.203368,0.658438,0.500723,0.314418,0.947785,-0.053291,0.222009,-0.613220,0.245651,0.750717,-0.522925,0.000000,0.000000,0.000000,1.000000,0.14668853082693975,176.08390568963532
1782485731.357079,0.724609,-0.203368,0.658438,0.500723,0.314418,0.947785,-0.053291,0.222009,-0.613220,0.245651,0.750717,-0.522925,0.000000,0.000000,0.000000,1.000000,0.14668853082693975,176.08390568963532
1782485731.393042,0.724609,-0.203368,0.658438,0.500723,0.314418,0.947785,-0.053291,0.222009,-0.613220,0.245651,0.750717,-0.522925,0.000000,0.000000,0.000000,1.000000,0.14668853082693975,176.08390568963532
1782485731.428457,0.724609,-0.203368,0.658438,0.500723,0.314418,0.947785,-0.053291,0.222009,-0.613220,0.245651,0.750717,-0.522925,0.000000,0.000000,0.000000,1.000000,0.14668853082693975,176.08390568963532
1782485731.463801,0.724609,-0.203368,0.658438,0.500723,0.314418,0.947785,-0.053291,0.222009,-0.613220,0.245651,0.750717,-0.522925,0.000000,0.000000,0.000000,1.000000,0.14668853082693975,176.08390568963532
1782485731.499043,0.724609,-0.203368,0.658438,0.500723,0.314418,0.947785,-0.053291,0.222009,-0.613220,0.245651,0.750717,-0.522925,0.000000,0.000000,0.000000,1.000000,0.14668853082693975,176.08390568963532
1782485731.534720,0.724609,-0.203368,0.658438,0.500723,0.314418,0.947785,-0.053291,0.222009,-0.613220,0.245651,0.750717,-0.522925,0.000000,0.000000,0.000000,1.000000,0.14668853082693975,176.08390568963532
1782485731.570229,0.724609,-0.203368,0.658438,0.500723,0.314418,0.947785,-0.053291,0.222009,-0.613220,0.245651,0.750717,-0.522925,0.000000,0.000000,0.000000,1.000000,0.14668853082693975,176.08390568963532
1782485731.606023,0.724609,-0.203368,0.658438,0.500723,0.314418,0.947785,-0.053291,0.222009,-0.613220,0.245651,0.750717,-0.522925,0.000000,0.000000,0.000000,1.000000,0.14668853082693975,176.08390568963532
1782485731.641828,0.724609,-0.203368,0.658438,0.500723,0.314418,0.947785,-0.053291,0.222009,-0.613220,0.245651,0.750717,-0.522925,0.000000,0.000000,0.000000,1.000000,0.14668853082693975,176.08390568963532
1782485731.677537,0.724609,-0.203368,0.658438,0.500723,0.314418,0.947785,-0.053291,0.222009,-0.613220,0.245651,0.750717,-0.522925,0.000000,0.000000,0.000000,1.000000,0.14668853082693975,176.08390568963532
1782485731.712074,0.724609,-0.203368,0.658438,0.500723,0.314418,0.947785,-0.053291,0.222009,-0.613220,0.245651,0.750717,-0.522925,0.000000,0.000000,0.000000,1.000000,0.14668853082693975,176.08390568963532
1782485731.747683,0.724609,-0.203368,0.658438,0.500723,0.314418,0.947785,-0.053291,0.222009,-0.613220,0.245651,0.750717,-0.522925,0.000000,0.000000,0.000000,1.000000,0.14668853082693975,176.08390568963532
1782485731.783512,0.724609,-0.203368,0.658438,0.500723,0.314418,0.947785,-0.053291,0.222009,-0.613220,0.245651,0.750717,-0.522925,0.000000,0.000000,0.000000,1.000000,0.14668853082693975,176.08390568963532
1782485731.819604,0.724609,-0.203368,0.658438,0.500723,0.314418,0.947785,-0.053291,0.222009,-0.613220,0.245651,0.750717,-0.522925,0.000000,0.000000,0.000000,1.000000,0.14668853082693975,176.08390568963532
1782485731.855319,0.724609,-0.203368,0.658438,0.500723,0.314418,0.947785,-0.053291,0.222009,-0.613220,0.245651,0.750717,-0.522925,0.000000,0.000000,0.000000,1.000000,0.14668853082693975,176.08390568963532
1782485731.890836,0.724609,-0.203368,0.658438,0.500723,0.314418,0.947785,-0.053291,0.222009,-0.613220,0.245651,0.750717,-0.522925,0.000000,0.000000,0.000000,1.000000,0.14668853082693975,176.08390568963532
1782485731.926317,0.724609,-0.203368,0.658438,0.500723,0.314418,0.947785,-0.053291,0.222009,-0.613220,0.245651,0.750717,-0.522925,0.000000,0.000000,0.000000,1.000000,0.14668853082693975,176.08390568963532
1782485731.961063,0.724609,-0.203368,0.658438,0.500723,0.314418,0.947785,-0.053291,0.222009,-0.613220,0.245651,0.750717,-0.522925,0.000000,0.000000,0.000000,1.000000,0.14668853082693975,176.08390568963532
1782485731.996292,0.724609,-0.203368,0.658438,0.500723,0.314418,0.947785,-0.053291,0.222009,-0.613220,0.245651,0.750717,-0.522925,0.000000,0.000000,0.000000,1.000000,0.14668853082693975,176.08390568963532
1782485732.031154,0.724609,-0.203368,0.658438,0.500723,0.314418,0.947785,-0.053291,0.222009,-0.613220,0.245651,0.750717,-0.522925,0.000000,0.000000,0.000000,1.000000,0.14668853082693975,176.08390568963532
1782485732.066403,0.724609,-0.203368,0.658438,0.500723,0.314418,0.947785,-0.053291,0.222009,-0.613220,0.245651,0.750717,-0.522925,0.000000,0.000000,0.000000,1.000000,0.14668853082693975,176.08390568963532
1782485732.102138,0.724609,-0.203368,0.658438,0.500723,0.314418,0.947785,-0.053291,0.222009,-0.613220,0.245651,0.750717,-0.522925,0.000000,0.000000,0.000000,1.000000,0.14668853082693975,176.08390568963532
1782485732.137672,0.724609,-0.203368,0.658438,0.500723,0.314418,0.947785,-0.053291,0.222009,-0.613220,0.245651,0.750717,-0.522925,0.000000,0.000000,0.000000,1.000000,0.14668853082693975,176.08390568963532
1782485732.173528,0.724609,-0.203368,0.658438,0.500723,0.314418,0.947785,-0.053291,0.222009,-0.613220,0.245651,0.750717,-0.522925,0.000000,0.000000,0.000000,1.000000,0.14668853082693975,176.08390568963532
1782485732.208965,0.724609,-0.203368,0.658438,0.500723,0.314418,0.947785,-0.053291,0.222009,-0.613220,0.245651,0.750717,-0.522925,0.000000,0.000000,0.000000,1.000000,0.14668853082693975,176.08390568963532
1782485732.244222,0.724609,-0.203368,0.658438,0.500723,0.314418,0.947785,-0.053291,0.222009,-0.613220,0.245651,0.750717,-0.522925,0.000000,0.000000,0.000000,1.000000,0.14668853082693975,176.08390568963532
1782485732.279695,0.724609,-0.203368,0.658438,0.500723,0.314418,0.947785,-0.053291,0.222009,-0.613220,0.245651,0.750717,-0.522925,0.000000,0.000000,0.000000,1.000000,0.14668853082693975,176.08390568963532
1782485732.315024,0.724609,-0.203368,0.658438,0.500723,0.314418,0.947785,-0.053291,0.222009,-0.613220,0.245651,0.750717,-0.522925,0.000000,0.000000,0.000000,1.000000,0.14668853082693975,176.08390568963532
1782485732.350628,0.724609,-0.203368,0.658438,0.500723,0.314418,0.947785,-0.053291,0.222009,-0.613220,0.245651,0.750717,-0.522925,0.000000,0.000000,0.000000,1.000000,0.14668853082693975,176.08390568963532
1782485732.385956,0.724609,-0.203368,0.658438,0.500723,0.314418,0.947785,-0.053291,0.222009,-0.613220,0.245651,0.750717,-0.522925,0.000000,0.000000,0.000000,1.000000,0.14668853082693975,176.08390568963532
1782485732.421828,0.724609,-0.203368,0.658438,0.500723,0.314418,0.947785,-0.053291,0.222009,-0.613220,0.245651,0.750717,-0.522925,0.000000,0.000000,0.000000,1.000000,0.14668853082693975,176.08390568963532
1782485732.457582,0.724609,-0.203368,0.658438,0.500723,0.314418,0.947785,-0.053291,0.222009,-0.613220,0.245651,0.750717,-0.522925,0.000000,0.000000,0.000000,1.000000,0.14668853082693975,176.08390568963532
1782485732.493535,0.724609,-0.203368,0.658438,0.500723,0.314418,0.947785,-0.053291,0.222009,-0.613220,0.245651,0.750717,-0.522925,0.000000,0.000000,0.000000,1.000000,0.14668853082693975,176.08390568963532
1782485732.529498,0.724609,-0.203368,0.658438,0.500723,0.314418,0.947785,-0.053291,0.222009,-0.613220,0.245651,0.750717,-0.522925,0.000000,0.000000,0.000000,1.000000,0.14668853082693975,176.08390568963532
1782485732.565087,0.724609,-0.203368,0.658438,0.500723,0.314418,0.947785,-0.053291,0.222009,-0.613220,0.245651,0.750717,-0.522925,0.000000,0.000000,0.000000,1.000000,0.14668853082693975,176.08390568963532
1782485732.600834,0.724609,-0.203368,0.658438,0.500723,0.314418,0.947785,-0.053291,0.222009,-0.613220,0.245651,0.750717,-0.522925,0.000000,0.000000,0.000000,1.000000,0.14668853082693975,176.08390568963532
1782485732.636588,0.724609,-0.203368,0.658438,0.500723,0.314418,0.947785,-0.053291,0.222009,-0.613220,0.245651,0.750717,-0.522925,0.000000,0.000000,0.000000,1.000000,0.14668853082693975,176.08390568963532
1782485732.672341,0.724609,-0.203368,0.658438,0.500723,0.314418,0.947785,-0.053291,0.222009,-0.613220,0.245651,0.750717,-0.522925,0.000000,0.000000,0.000000,1.000000,0.14668853082693975,176.08390568963532
1782485732.707813,0.724609,-0.203368,0.658438,0.500723,0.314418,0.947785,-0.053291,0.222009,-0.613220,0.245651,0.750717,-0.522925,0.000000,0.000000,0.000000,1.000000,0.14668853082693975,176.08390568963532
1782485732.742807,0.724609,-0.203368,0.658438,0.500723,0.314418,0.947785,-0.053291,0.222009,-0.613220,0.245651,0.750717,-0.522925,0.000000,0.000000,0.000000,1.000000,0.14668853082693975,176.08390568963532
1782485732.778815,0.724609,-0.203368,0.658438,0.500723,0.314418,0.947785,-0.053291,0.222009,-0.613220,0.245651,0.750717,-0.522925,0.000000,0.000000,0.000000,1.000000,0.14668853082693975,176.08390568963532
1782485732.814664,0.724609,-0.203368,0.658438,0.500723,0.314418,0.947785,-0.053291,0.222009,-0.613220,0.245651,0.750717,-0.522925,0.000000,0.000000,0.000000,1.000000,0.14668853082693975,176.08390568963532
1782485732.850655,0.724609,-0.203368,0.658438,0.500723,0.314418,0.947785,-0.053291,0.222009,-0.613220,0.245651,0.750717,-0.522925,0.000000,0.000000,0.000000,1.000000,0.14668853082693975,176.08390568963532
1782485732.886855,0.724609,-0.203368,0.658438,0.500723,0.314418,0.947785,-0.053291,0.222009,-0.613220,0.245651,0.750717,-0.522925,0.000000,0.000000,0.000000,1.000000,0.14668853082693975,176.08390568963532
1782485732.923028,0.724609,-0.203368,0.658438,0.500723,0.314418,0.947785,-0.053291,0.222009,-0.613220,0.245651,0.750717,-0.522925,0.000000,0.000000,0.000000,1.000000,0.14668853082693975,176.08390568963532
1782485732.959160,0.724609,-0.203368,0.658438,0.500723,0.314418,0.947785,-0.053291,0.222009,-0.613220,0.245651,0.750717,-0.522925,0.000000,0.000000,0.000000,1.000000,0.14668853082693975,176.08390568963532
1782485732.994956,0.724609,-0.203368,0.658438,0.500723,0.314418,0.947785,-0.053291,0.222009,-0.613220,0.245651,0.750717,-0.522925,0.000000,0.000000,0.000000,1.000000,0.14668853082693975,176.08390568963532
1782485733.030349,0.724609,-0.203368,0.658438,0.500723,0.314418,0.947785,-0.053291,0.222009,-0.613220,0.245651,0.750717,-0.522925,0.000000,0.000000,0.000000,1.000000,0.14668853082693975,176.08390568963532
1782485733.065837,0.724609,-0.203368,0.658438,0.500723,0.314418,0.947785,-0.053291,0.222009,-0.613220,0.245651,0.750717,-0.522925,0.000000,0.000000,0.000000,1.000000,0.14668853082693975,176.08390568963532
1782485733.101061,0.724609,-0.203368,0.658438,0.500723,0.314418,0.947785,-0.053291,0.222009,-0.613220,0.245651,0.750717,-0.522925,0.000000,0.000000,0.000000,1.000000,0.14668853082693975,176.08390568963532
1782485733.136348,0.724609,-0.203368,0.658438,0.500723,0.314418,0.947785,-0.053291,0.222009,-0.613220,0.245651,0.750717,-0.522925,0.000000,0.000000,0.000000,1.000000,0.14668853082693975,176.08390568963532
1782485733.171511,0.724609,-0.203368,0.658438,0.500723,0.314418,0.947785,-0.053291,0.222009,-0.613220,0.245651,0.750717,-0.522925,0.000000,0.000000,0.000000,1.000000,0.14668853082693975,176.08390568963532
1782485733.206774,0.724609,-0.203368,0.658438,0.500723,0.314418,0.947785,-0.053291,0.222009,-0.613220,0.245651,0.750717,-0.522925,0.000000,0.000000,0.000000,1.000000,0.14668853082693975,176.08390568963532
1782485733.241808,0.724609,-0.203368,0.658438,0.500723,0.314418,0.947785,-0.053291,0.222009,-0.613220,0.245651,0.750717,-0.522925,0.000000,0.000000,0.000000,1.000000,0.14668853082693975,176.08390568963532
1782485733.277419,0.724609,-0.203368,0.658438,0.500723,0.314418,0.947785,-0.053291,0.222009,-0.613220,0.245651,0.750717,-0.522925,0.000000,0.000000,0.000000,1.000000,0.14668853082693975,176.08390568963532
1782485733.313321,0.724609,-0.203368,0.658438,0.500723,0.314418,0.947785,-0.053291,0.222009,-0.613220,0.245651,0.750717,-0.522925,0.000000,0.000000,0.000000,1.000000,0.14668853082693975,176.08390568963532
1782485733.349191,0.724609,-0.203368,0.658438,0.500723,0.314418,0.947785,-0.053291,0.222009,-0.613220,0.245651,0.750717,-0.522925,0.000000,0.000000,0.000000,1.000000,0.14668853082693975,176.08390568963532
1782485733.384924,0.724609,-0.203368,0.658438,0.500723,0.314418,0.947785,-0.053291,0.222009,-0.613220,0.245651,0.750717,-0.522925,0.000000,0.000000,0.000000,1.000000,0.14668853082693975,176.08390568963532
1782485733.420193,0.724609,-0.203368,0.658438,0.500723,0.314418,0.947785,-0.053291,0.222009,-0.613220,0.245651,0.750717,-0.522925,0.000000,0.000000,0.000000,1.000000,0.14668853082693975,176.08390568963532
1782485733.455775,0.724609,-0.203368,0.658438,0.500723,0.314418,0.947785,-0.053291,0.222009,-0.613220,0.245651,0.750717,-0.522925,0.000000,0.000000,0.000000,1.000000,0.14668853082693975,176.08390568963532
1782485733.491206,0.724609,-0.203368,0.658438,0.500723,0.314418,0.947785,-0.053291,0.222009,-0.613220,0.245651,0.750717,-0.522925,0.000000,0.000000,0.000000,1.000000,0.14668853082693975,176.08390568963532
1782485733.526633,0.724609,-0.203368,0.658438,0.500723,0.314418,0.947785,-0.053291,0.222009,-0.613220,0.245651,0.750717,-0.522925,0.000000,0.000000,0.000000,1.000000,0.14668853082693975,176.08390568963532
1782485733.562047,0.724609,-0.203368,0.658438,0.500723,0.314418,0.947785,-0.053291,0.222009,-0.613220,0.245651,0.750717,-0.522925,0.000000,0.000000,0.000000,1.000000,0.14668853082693975,176.08390568963532
1782485733.597753,0.724609,-0.203368,0.658438,0.500723,0.314418,0.947785,-0.053291,0.222009,-0.613220,0.245651,0.750717,-0.522925,0.000000,0.000000,0.000000,1.000000,0.14668853082693975,176.08390568963532
1782485733.633780,0.724609,-0.203368,0.658438,0.500723,0.314418,0.947785,-0.053291,0.222009,-0.613220,0.245651,0.750717,-0.522925,0.000000,0.000000,0.000000,1.000000,0.14668853082693975,176.08390568963532
1782485733.669593,0.724609,-0.203368,0.658438,0.500723,0.314418,0.947785,-0.053291,0.222009,-0.613220,0.245651,0.750717,-0.522925,0.000000,0.000000,0.000000,1.000000,0.14668853082693975,176.08390568963532
1782485733.705602,0.724609,-0.203368,0.658438,0.500723,0.314418,0.947785,-0.053291,0.222009,-0.613220,0.245651,0.750717,-0.522925,0.000000,0.000000,0.000000,1.000000,0.14668853082693975,176.08390568963532
1782485733.741694,0.724609,-0.203368,0.658438,0.500723,0.314418,0.947785,-0.053291,0.222009,-0.613220,0.245651,0.750717,-0.522925,0.000000,0.000000,0.000000,1.000000,0.14668853082693975,176.08390568963532
1782485733.778139,0.724609,-0.203368,0.658438,0.500723,0.314418,0.947785,-0.053291,0.222009,-0.613220,0.245651,0.750717,-0.522925,0.000000,0.000000,0.000000,1.000000,0.14668853082693975,176.08390568963532
1782485733.813958,0.724609,-0.203368,0.658438,0.500723,0.314418,0.947785,-0.053291,0.222009,-0.613220,0.245651,0.750717,-0.522925,0.000000,0.000000,0.000000,1.000000,0.14668853082693975,176.08390568963532
1782485733.849203,0.724609,-0.203368,0.658438,0.500723,0.314418,0.947785,-0.053291,0.222009,-0.613220,0.245651,0.750717,-0.522925,0.000000,0.000000,0.000000,1.000000,0.14668853082693975,176.08390568963532
1782485733.884807,0.724609,-0.203368,0.658438,0.500723,0.314418,0.947785,-0.053291,0.222009,-0.613220,0.245651,0.750717,-0.522925,0.000000,0.000000,0.000000,1.000000,0.14668853082693975,176.08390568963532
1782485733.920566,0.724609,-0.203368,0.658438,0.500723,0.314418,0.947785,-0.053291,0.222009,-0.613220,0.245651,0.750717,-0.522925,0.000000,0.000000,0.000000,1.000000,0.14668853082693975,176.08390568963532
1782485733.956515,0.724609,-0.203368,0.658438,0.500723,0.314418,0.947785,-0.053291,0.222009,-0.613220,0.245651,0.750717,-0.522925,0.000000,0.000000,0.000000,1.000000,0.14668853082693975,176.08390568963532
1782485733.992383,0.724609,-0.203368,0.658438,0.500723,0.314418,0.947785,-0.053291,0.222009,-0.613220,0.245651,0.750717,-0.522925,0.000000,0.000000,0.000000,1.000000,0.14668853082693975,176.08390568963532
1782485734.028250,0.724609,-0.203368,0.658438,0.500723,0.314418,0.947785,-0.053291,0.222009,-0.613220,0.245651,0.750717,-0.522925,0.000000,0.000000,0.000000,1.000000,0.14668853082693975,176.08390568963532
1782485734.063541,0.724609,-0.203368,0.658438,0.500723,0.314418,0.947785,-0.053291,0.222009,-0.613220,0.245651,0.750717,-0.522925,0.000000,0.000000,0.000000,1.000000,0.14668853082693975,176.08390568963532
1782485734.098781,0.724609,-0.203368,0.658438,0.500723,0.314418,0.947785,-0.053291,0.222009,-0.613220,0.245651,0.750717,-0.522925,0.000000,0.000000,0.000000,1.000000,0.14668853082693975,176.08390568963532
1782485734.134853,0.724609,-0.203368,0.658438,0.500723,0.314418,0.947785,-0.053291,0.222009,-0.613220,0.245651,0.750717,-0.522925,0.000000,0.000000,0.000000,1.000000,0.14668853082693975,176.08390568963532
1782485734.170965,0.724609,-0.203368,0.658438,0.500723,0.314418,0.947785,-0.053291,0.222009,-0.613220,0.245651,0.750717,-0.522925,0.000000,0.000000,0.000000,1.000000,0.14668853082693975,176.08390568963532
1782485734.207143,0.724609,-0.203368,0.658438,0.500723,0.314418,0.947785,-0.053291,0.222009,-0.613220,0.245651,0.750717,-0.522925,0.000000,0.000000,0.000000,1.000000,0.14668853082693975,176.08390568963532
1782485734.243203,0.724609,-0.203368,0.658438,0.500723,0.314418,0.947785,-0.053291,0.222009,-0.613220,0.245651,0.750717,-0.522925,0.000000,0.000000,0.000000,1.000000,0.14668853082693975,176.08390568963532
1782485734.279142,0.724609,-0.203368,0.658438,0.500723,0.314418,0.947785,-0.053291,0.222009,-0.613220,0.245651,0.750717,-0.522925,0.000000,0.000000,0.000000,1.000000,0.14668853082693975,176.08390568963532
1782485734.315016,0.724609,-0.203368,0.658438,0.500723,0.314418,0.947785,-0.053291,0.222009,-0.613220,0.245651,0.750717,-0.522925,0.000000,0.000000,0.000000,1.000000,0.14668853082693975,176.08390568963532
1782485734.350020,0.724609,-0.203368,0.658438,0.500723,0.314418,0.947785,-0.053291,0.222009,-0.613220,0.245651,0.750717,-0.522925,0.000000,0.000000,0.000000,1.000000,0.14668853082693975,176.08390568963532
1782485734.385684,0.724609,-0.203368,0.658438,0.500723,0.314418,0.947785,-0.053291,0.222009,-0.613220,0.245651,0.750717,-0.522925,0.000000,0.000000,0.000000,1.000000,0.14668853082693975,176.08390568963532
1782485734.421299,0.724609,-0.203368,0.658438,0.500723,0.314418,0.947785,-0.053291,0.222009,-0.613220,0.245651,0.750717,-0.522925,0.000000,0.000000,0.000000,1.000000,0.14668853082693975,176.08390568963532
1782485734.457222,0.724609,-0.203368,0.658438,0.500723,0.314418,0.947785,-0.053291,0.222009,-0.613220,0.245651,0.750717,-0.522925,0.000000,0.000000,0.000000,1.000000,0.14668853082693975,176.08390568963532
1782485734.493220,0.724609,-0.203368,0.658438,0.500723,0.314418,0.947785,-0.053291,0.222009,-0.613220,0.245651,0.750717,-0.522925,0.000000,0.000000,0.000000,1.000000,0.14668853082693975,176.08390568963532
1782485734.529126,0.724609,-0.203368,0.658438,0.500723,0.314418,0.947785,-0.053291,0.222009,-0.613220,0.245651,0.750717,-0.522925,0.000000,0.000000,0.000000,1.000000,0.14668853082693975,176.08390568963532
1782485734.565046,0.724609,-0.203368,0.658438,0.500723,0.314418,0.947785,-0.053291,0.222009,-0.613220,0.245651,0.750717,-0.522925,0.000000,0.000000,0.000000,1.000000,0.14668853082693975,176.08390568963532
1782485734.600781,0.724609,-0.203368,0.658438,0.500723,0.314418,0.947785,-0.053291,0.222009,-0.613220,0.245651,0.750717,-0.522925,0.000000,0.000000,0.000000,1.000000,0.14668853082693975,176.08390568963532
1782485734.636427,0.724609,-0.203368,0.658438,0.500723,0.314418,0.947785,-0.053291,0.222009,-0.613220,0.245651,0.750717,-0.522925,0.000000,0.000000,0.000000,1.000000,0.14668853082693975,176.08390568963532
1782485734.672368,0.724609,-0.203368,0.658438,0.500723,0.314418,0.947785,-0.053291,0.222009,-0.613220,0.245651,0.750717,-0.522925,0.000000,0.000000,0.000000,1.000000,0.14668853082693975,176.08390568963532
1782485734.708462,0.724609,-0.203368,0.658438,0.500723,0.314418,0.947785,-0.053291,0.222009,-0.613220,0.245651,0.750717,-0.522925,0.000000,0.000000,0.000000,1.000000,0.14668853082693975,176.08390568963532
1782485734.744544,0.724609,-0.203368,0.658438,0.500723,0.314418,0.947785,-0.053291,0.222009,-0.613220,0.245651,0.750717,-0.522925,0.000000,0.000000,0.000000,1.000000,0.14668853082693975,176.08390568963532
1782485734.780356,0.724609,-0.203368,0.658438,0.500723,0.314418,0.947785,-0.053291,0.222009,-0.613220,0.245651,0.750717,-0.522925,0.000000,0.000000,0.000000,1.000000,0.14668853082693975,176.08390568963532
1782485734.815968,0.724609,-0.203368,0.658438,0.500723,0.314418,0.947785,-0.053291,0.222009,-0.613220,0.245651,0.750717,-0.522925,0.000000,0.000000,0.000000,1.000000,0.14668853082693975,176.08390568963532
1782485734.851552,0.724609,-0.203368,0.658438,0.500723,0.314418,0.947785,-0.053291,0.222009,-0.613220,0.245651,0.750717,-0.522925,0.000000,0.000000,0.000000,1.000000,0.14668853082693975,176.08390568963532
1782485734.887009,0.724609,-0.203368,0.658438,0.500723,0.314418,0.947785,-0.053291,0.222009,-0.613220,0.245651,0.750717,-0.522925,0.000000,0.000000,0.000000,1.000000,0.14668853082693975,176.08390568963532
1782485734.921796,0.724609,-0.203368,0.658438,0.500723,0.314418,0.947785,-0.053291,0.222009,-0.613220,0.245651,0.750717,-0.522925,0.000000,0.000000,0.000000,1.000000,0.14668853082693975,176.08390568963532
1782485734.957184,0.724609,-0.203368,0.658438,0.500723,0.314418,0.947785,-0.053291,0.222009,-0.613220,0.245651,0.750717,-0.522925,0.000000,0.000000,0.000000,1.000000,0.14668853082693975,176.08390568963532
1782485734.993049,0.724609,-0.203368,0.658438,0.500723,0.314418,0.947785,-0.053291,0.222009,-0.613220,0.245651,0.750717,-0.522925,0.000000,0.000000,0.000000,1.000000,0.14668853082693975,176.08390568963532
1782485735.028583,0.724609,-0.203368,0.658438,0.500723,0.314418,0.947785,-0.053291,0.222009,-0.613220,0.245651,0.750717,-0.522925,0.000000,0.000000,0.000000,1.000000,0.14668853082693975,176.08390568963532
1782485735.064199,0.724609,-0.203368,0.658438,0.500723,0.314418,0.947785,-0.053291,0.222009,-0.613220,0.245651,0.750717,-0.522925,0.000000,0.000000,0.000000,1.000000,0.14668853082693975,176.08390568963532
1782485735.099819,0.724609,-0.203368,0.658438,0.500723,0.314418,0.947785,-0.053291,0.222009,-0.613220,0.245651,0.750717,-0.522925,0.000000,0.000000,0.000000,1.000000,0.14668853082693975,176.08390568963532
1782485735.135203,0.724609,-0.203368,0.658438,0.500723,0.314418,0.947785,-0.053291,0.222009,-0.613220,0.245651,0.750717,-0.522925,0.000000,0.000000,0.000000,1.000000,0.14668853082693975,176.08390568963532
1782485735.170781,0.724609,-0.203368,0.658438,0.500723,0.314418,0.947785,-0.053291,0.222009,-0.613220,0.245651,0.750717,-0.522925,0.000000,0.000000,0.000000,1.000000,0.14668853082693975,176.08390568963532
1782485735.206254,0.724609,-0.203368,0.658438,0.500723,0.314418,0.947785,-0.053291,0.222009,-0.613220,0.245651,0.750717,-0.522925,0.000000,0.000000,0.000000,1.000000,0.14668853082693975,176.08390568963532
1782485735.241827,0.724609,-0.203368,0.658438,0.500723,0.314418,0.947785,-0.053291,0.222009,-0.613220,0.245651,0.750717,-0.522925,0.000000,0.000000,0.000000,1.000000,0.14668853082693975,176.08390568963532
1782485735.277453,0.724609,-0.203368,0.658438,0.500723,0.314418,0.947785,-0.053291,0.222009,-0.613220,0.245651,0.750717,-0.522925,0.000000,0.000000,0.000000,1.000000,0.14668853082693975,176.08390568963532
1782485735.313099,0.724609,-0.203368,0.658438,0.500723,0.314418,0.947785,-0.053291,0.222009,-0.613220,0.245651,0.750717,-0.522925,0.000000,0.000000,0.000000,1.000000,0.14668853082693975,176.08390568963532
1782485735.348951,0.724609,-0.203368,0.658438,0.500723,0.314418,0.947785,-0.053291,0.222009,-0.613220,0.245651,0.750717,-0.522925,0.000000,0.000000,0.000000,1.000000,0.14668853082693975,176.08390568963532
1782485735.384913,0.724609,-0.203368,0.658438,0.500723,0.314418,0.947785,-0.053291,0.222009,-0.613220,0.245651,0.750717,-0.522925,0.000000,0.000000,0.000000,1.000000,0.14668853082693975,176.08390568963532
1782485735.420702,0.724609,-0.203368,0.658438,0.500723,0.314418,0.947785,-0.053291,0.222009,-0.613220,0.245651,0.750717,-0.522925,0.000000,0.000000,0.000000,1.000000,0.14668853082693975,176.08390568963532
1782485735.456469,0.724609,-0.203368,0.658438,0.500723,0.314418,0.947785,-0.053291,0.222009,-0.613220,0.245651,0.750717,-0.522925,0.000000,0.000000,0.000000,1.000000,0.14668853082693975,176.08390568963532
1782485735.492341,0.724609,-0.203368,0.658438,0.500723,0.314418,0.947785,-0.053291,0.222009,-0.613220,0.245651,0.750717,-0.522925,0.000000,0.000000,0.000000,1.000000,0.14668853082693975,176.08390568963532
1782485735.528414,0.724609,-0.203368,0.658438,0.500723,0.314418,0.947785,-0.053291,0.222009,-0.613220,0.245651,0.750717,-0.522925,0.000000,0.000000,0.000000,1.000000,0.14668853082693975,176.08390568963532
1782485735.563781,0.724609,-0.203368,0.658438,0.500723,0.314418,0.947785,-0.053291,0.222009,-0.613220,0.245651,0.750717,-0.522925,0.000000,0.000000,0.000000,1.000000,0.14668853082693975,176.08390568963532
1782485735.599358,0.724609,-0.203368,0.658438,0.500723,0.314418,0.947785,-0.053291,0.222009,-0.613220,0.245651,0.750717,-0.522925,0.000000,0.000000,0.000000,1.000000,0.14668853082693975,176.08390568963532
1782485735.635380,0.724609,-0.203368,0.658438,0.500723,0.314418,0.947785,-0.053291,0.222009,-0.613220,0.245651,0.750717,-0.522925,0.000000,0.000000,0.000000,1.000000,0.14668853082693975,176.08390568963532
1782485735.670967,0.724609,-0.203368,0.658438,0.500723,0.314418,0.947785,-0.053291,0.222009,-0.613220,0.245651,0.750717,-0.522925,0.000000,0.000000,0.000000,1.000000,0.14668853082693975,176.08390568963532
1782485735.705905,0.724609,-0.203368,0.658438,0.500723,0.314418,0.947785,-0.053291,0.222009,-0.613220,0.245651,0.750717,-0.522925,0.000000,0.000000,0.000000,1.000000,0.14668853082693975,176.08390568963532
1782485735.741405,0.724609,-0.203368,0.658438,0.500723,0.314418,0.947785,-0.053291,0.222009,-0.613220,0.245651,0.750717,-0.522925,0.000000,0.000000,0.000000,1.000000,0.14668853082693975,176.08390568963532
1782485735.777186,0.724609,-0.203368,0.658438,0.500723,0.314418,0.947785,-0.053291,0.222009,-0.613220,0.245651,0.750717,-0.522925,0.000000,0.000000,0.000000,1.000000,0.14668853082693975,176.08390568963532
1782485735.812710,0.724609,-0.203368,0.658438,0.500723,0.314418,0.947785,-0.053291,0.222009,-0.613220,0.245651,0.750717,-0.522925,0.000000,0.000000,0.000000,1.000000,0.14668853082693975,176.08390568963532
1782485735.848593,0.724609,-0.203368,0.658438,0.500723,0.314418,0.947785,-0.053291,0.222009,-0.613220,0.245651,0.750717,-0.522925,0.000000,0.000000,0.000000,1.000000,0.14668853082693975,176.08390568963532
1782485735.884038,0.724609,-0.203368,0.658438,0.500723,0.314418,0.947785,-0.053291,0.222009,-0.613220,0.245651,0.750717,-0.522925,0.000000,0.000000,0.000000,1.000000,0.14668853082693975,176.08390568963532
1782485735.919719,0.724609,-0.203368,0.658438,0.500723,0.314418,0.947785,-0.053291,0.222009,-0.613220,0.245651,0.750717,-0.522925,0.000000,0.000000,0.000000,1.000000,0.14668853082693975,176.08390568963532
1782485735.955674,0.724609,-0.203368,0.658438,0.500723,0.314418,0.947785,-0.053291,0.222009,-0.613220,0.245651,0.750717,-0.522925,0.000000,0.000000,0.000000,1.000000,0.14668853082693975,176.08390568963532
1782485735.991171,0.724609,-0.203368,0.658438,0.500723,0.314418,0.947785,-0.053291,0.222009,-0.613220,0.245651,0.750717,-0.522925,0.000000,0.000000,0.000000,1.000000,0.14668853082693975,176.08390568963532
1782485736.027004,0.724609,-0.203368,0.658438,0.500723,0.314418,0.947785,-0.053291,0.222009,-0.613220,0.245651,0.750717,-0.522925,0.000000,0.000000,0.000000,1.000000,0.14668853082693975,176.08390568963532
1782485736.062607,0.724609,-0.203368,0.658438,0.500723,0.314418,0.947785,-0.053291,0.222009,-0.613220,0.245651,0.750717,-0.522925,0.000000,0.000000,0.000000,1.000000,0.14668853082693975,176.08390568963532
1782485736.098502,0.724609,-0.203368,0.658438,0.500723,0.314418,0.947785,-0.053291,0.222009,-0.613220,0.245651,0.750717,-0.522925,0.000000,0.000000,0.000000,1.000000,0.14668853082693975,176.08390568963532
1782485736.134173,0.724609,-0.203368,0.658438,0.500723,0.314418,0.947785,-0.053291,0.222009,-0.613220,0.245651,0.750717,-0.522925,0.000000,0.000000,0.000000,1.000000,0.14668853082693975,176.08390568963532
1782485736.170006,0.724609,-0.203368,0.658438,0.500723,0.314418,0.947785,-0.053291,0.222009,-0.613220,0.245651,0.750717,-0.522925,0.000000,0.000000,0.000000,1.000000,0.14668853082693975,176.08390568963532
1782485736.205816,0.724609,-0.203368,0.658438,0.500723,0.314418,0.947785,-0.053291,0.222009,-0.613220,0.245651,0.750717,-0.522925,0.000000,0.000000,0.000000,1.000000,0.14668853082693975,176.08390568963532
1782485736.241531,0.724609,-0.203368,0.658438,0.500723,0.314418,0.947785,-0.053291,0.222009,-0.613220,0.245651,0.750717,-0.522925,0.000000,0.000000,0.000000,1.000000,0.14668853082693975,176.08390568963532
1782485736.276997,0.724609,-0.203368,0.658438,0.500723,0.314418,0.947785,-0.053291,0.222009,-0.613220,0.245651,0.750717,-0.522925,0.000000,0.000000,0.000000,1.000000,0.14668853082693975,176.08390568963532
1782485736.312614,0.724609,-0.203368,0.658438,0.500723,0.314418,0.947785,-0.053291,0.222009,-0.613220,0.245651,0.750717,-0.522925,0.000000,0.000000,0.000000,1.000000,0.14668853082693975,176.08390568963532
1782485736.348091,0.724609,-0.203368,0.658438,0.500723,0.314418,0.947785,-0.053291,0.222009,-0.613220,0.245651,0.750717,-0.522925,0.000000,0.000000,0.000000,1.000000,0.14668853082693975,176.08390568963532
1782485736.383708,0.724609,-0.203368,0.658438,0.500723,0.314418,0.947785,-0.053291,0.222009,-0.613220,0.245651,0.750717,-0.522925,0.000000,0.000000,0.000000,1.000000,0.14668853082693975,176.08390568963532
1782485736.419418,0.724609,-0.203368,0.658438,0.500723,0.314418,0.947785,-0.053291,0.222009,-0.613220,0.245651,0.750717,-0.522925,0.000000,0.000000,0.000000,1.000000,0.14668853082693975,176.08390568963532
1782485736.455616,0.724609,-0.203368,0.658438,0.500723,0.314418,0.947785,-0.053291,0.222009,-0.613220,0.245651,0.750717,-0.522925,0.000000,0.000000,0.000000,1.000000,0.14668853082693975,176.08390568963532
1782485736.491395,0.724609,-0.203368,0.658438,0.500723,0.314418,0.947785,-0.053291,0.222009,-0.613220,0.245651,0.750717,-0.522925,0.000000,0.000000,0.000000,1.000000,0.14668853082693975,176.08390568963532
1782485736.526782,0.724609,-0.203368,0.658438,0.500723,0.314418,0.947785,-0.053291,0.222009,-0.613220,0.245651,0.750717,-0.522925,0.000000,0.000000,0.000000,1.000000,0.14668853082693975,176.08390568963532
1782485736.562829,0.724609,-0.203368,0.658438,0.500723,0.314418,0.947785,-0.053291,0.222009,-0.613220,0.245651,0.750717,-0.522925,0.000000,0.000000,0.000000,1.000000,0.14668853082693975,176.08390568963532
1782485736.598735,0.724609,-0.203368,0.658438,0.500723,0.314418,0.947785,-0.053291,0.222009,-0.613220,0.245651,0.750717,-0.522925,0.000000,0.000000,0.000000,1.000000,0.14668853082693975,176.08390568963532
1782485736.634431,0.724609,-0.203368,0.658438,0.500723,0.314418,0.947785,-0.053291,0.222009,-0.613220,0.245651,0.750717,-0.522925,0.000000,0.000000,0.000000,1.000000,0.14668853082693975,176.08390568963532
1782485736.670138,0.724609,-0.203368,0.658438,0.500723,0.314418,0.947785,-0.053291,0.222009,-0.613220,0.245651,0.750717,-0.522925,0.000000,0.000000,0.000000,1.000000,0.14668853082693975,176.08390568963532
1782485736.706108,0.724609,-0.203368,0.658438,0.500723,0.314418,0.947785,-0.053291,0.222009,-0.613220,0.245651,0.750717,-0.522925,0.000000,0.000000,0.000000,1.000000,0.14668853082693975,176.08390568963532
1782485736.740786,0.724609,-0.203368,0.658438,0.500723,0.314418,0.947785,-0.053291,0.222009,-0.613220,0.245651,0.750717,-0.522925,0.000000,0.000000,0.000000,1.000000,0.14668853082693975,176.08390568963532
1782485736.776432,0.724609,-0.203368,0.658438,0.500723,0.314418,0.947785,-0.053291,0.222009,-0.613220,0.245651,0.750717,-0.522925,0.000000,0.000000,0.000000,1.000000,0.14668853082693975,176.08390568963532
1782485736.812369,0.724609,-0.203368,0.658438,0.500723,0.314418,0.947785,-0.053291,0.222009,-0.613220,0.245651,0.750717,-0.522925,0.000000,0.000000,0.000000,1.000000,0.14668853082693975,176.08390568963532
1782485736.847476,0.724609,-0.203368,0.658438,0.500723,0.314418,0.947785,-0.053291,0.222009,-0.613220,0.245651,0.750717,-0.522925,0.000000,0.000000,0.000000,1.000000,0.14668853082693975,176.08390568963532
1782485736.882939,0.724609,-0.203368,0.658438,0.500723,0.314418,0.947785,-0.053291,0.222009,-0.613220,0.245651,0.750717,-0.522925,0.000000,0.000000,0.000000,1.000000,0.14668853082693975,176.08390568963532
1782485736.918700,0.724609,-0.203368,0.658438,0.500723,0.314418,0.947785,-0.053291,0.222009,-0.613220,0.245651,0.750717,-0.522925,0.000000,0.000000,0.000000,1.000000,0.14668853082693975,176.08390568963532
1782485736.954598,0.724609,-0.203368,0.658438,0.500723,0.314418,0.947785,-0.053291,0.222009,-0.613220,0.245651,0.750717,-0.522925,0.000000,0.000000,0.000000,1.000000,0.14668853082693975,176.08390568963532
1782485736.990274,0.724609,-0.203368,0.658438,0.500723,0.314418,0.947785,-0.053291,0.222009,-0.613220,0.245651,0.750717,-0.522925,0.000000,0.000000,0.000000,1.000000,0.14668853082693975,176.08390568963532
1782485737.026261,0.724609,-0.203368,0.658438,0.500723,0.314418,0.947785,-0.053291,0.222009,-0.613220,0.245651,0.750717,-0.522925,0.000000,0.000000,0.000000,1.000000,0.14668853082693975,176.08390568963532
1782485737.062177,0.724609,-0.203368,0.658438,0.500723,0.314418,0.947785,-0.053291,0.222009,-0.613220,0.245651,0.750717,-0.522925,0.000000,0.000000,0.000000,1.000000,0.14668853082693975,176.08390568963532
1782485737.098421,0.724609,-0.203368,0.658438,0.500723,0.314418,0.947785,-0.053291,0.222009,-0.613220,0.245651,0.750717,-0.522925,0.000000,0.000000,0.000000,1.000000,0.14668853082693975,176.08390568963532
1782485737.134176,0.724609,-0.203368,0.658438,0.500723,0.314418,0.947785,-0.053291,0.222009,-0.613220,0.245651,0.750717,-0.522925,0.000000,0.000000,0.000000,1.000000,0.14668853082693975,176.08390568963532
1782485737.169670,0.724609,-0.203368,0.658438,0.500723,0.314418,0.947785,-0.053291,0.222009,-0.613220,0.245651,0.750717,-0.522925,0.000000,0.000000,0.000000,1.000000,0.14668853082693975,176.08390568963532
1782485737.205544,0.724609,-0.203368,0.658438,0.500723,0.314418,0.947785,-0.053291,0.222009,-0.613220,0.245651,0.750717,-0.522925,0.000000,0.000000,0.000000,1.000000,0.14668853082693975,176.08390568963532
1782485737.241133,0.724609,-0.203368,0.658438,0.500723,0.314418,0.947785,-0.053291,0.222009,-0.613220,0.245651,0.750717,-0.522925,0.000000,0.000000,0.000000,1.000000,0.14668853082693975,176.08390568963532
1782485737.276713,0.724609,-0.203368,0.658438,0.500723,0.314418,0.947785,-0.053291,0.222009,-0.613220,0.245651,0.750717,-0.522925,0.000000,0.000000,0.000000,1.000000,0.14668853082693975,176.08390568963532
1782485737.312126,0.724609,-0.203368,0.658438,0.500723,0.314418,0.947785,-0.053291,0.222009,-0.613220,0.245651,0.750717,-0.522925,0.000000,0.000000,0.000000,1.000000,0.14668853082693975,176.08390568963532
1782485737.349641,0.724609,-0.203368,0.658438,0.500723,0.314418,0.947785,-0.053291,0.222009,-0.613220,0.245651,0.750717,-0.522925,0.000000,0.000000,0.000000,1.000000,0.14668853082693975,176.08390568963532
1782485737.385099,0.724609,-0.203368,0.658438,0.500723,0.314418,0.947785,-0.053291,0.222009,-0.613220,0.245651,0.750717,-0.522925,0.000000,0.000000,0.000000,1.000000,0.14668853082693975,176.08390568963532
1782485737.420762,0.724609,-0.203368,0.658438,0.500723,0.314418,0.947785,-0.053291,0.222009,-0.613220,0.245651,0.750717,-0.522925,0.000000,0.000000,0.000000,1.000000,0.14668853082693975,176.08390568963532
1782485737.455309,0.724609,-0.203368,0.658438,0.500723,0.314418,0.947785,-0.053291,0.222009,-0.613220,0.245651,0.750717,-0.522925,0.000000,0.000000,0.000000,1.000000,0.14668853082693975,176.08390568963532
1782485737.490698,0.724609,-0.203368,0.658438,0.500723,0.314418,0.947785,-0.053291,0.222009,-0.613220,0.245651,0.750717,-0.522925,0.000000,0.000000,0.000000,1.000000,0.14668853082693975,176.08390568963532
1782485737.526484,0.724609,-0.203368,0.658438,0.500723,0.314418,0.947785,-0.053291,0.222009,-0.613220,0.245651,0.750717,-0.522925,0.000000,0.000000,0.000000,1.000000,0.14668853082693975,176.08390568963532
1782485737.562255,0.724609,-0.203368,0.658438,0.500723,0.314418,0.947785,-0.053291,0.222009,-0.613220,0.245651,0.750717,-0.522925,0.000000,0.000000,0.000000,1.000000,0.14668853082693975,176.08390568963532
1782485737.597991,0.724609,-0.203368,0.658438,0.500723,0.314418,0.947785,-0.053291,0.222009,-0.613220,0.245651,0.750717,-0.522925,0.000000,0.000000,0.000000,1.000000,0.14668853082693975,176.08390568963532
1782485737.633759,0.724609,-0.203368,0.658438,0.500723,0.314418,0.947785,-0.053291,0.222009,-0.613220,0.245651,0.750717,-0.522925,0.000000,0.000000,0.000000,1.000000,0.14668853082693975,176.08390568963532
1782485737.669044,0.724609,-0.203368,0.658438,0.500723,0.314418,0.947785,-0.053291,0.222009,-0.613220,0.245651,0.750717,-0.522925,0.000000,0.000000,0.000000,1.000000,0.14668853082693975,176.08390568963532
1782485737.704758,0.724609,-0.203368,0.658438,0.500723,0.314418,0.947785,-0.053291,0.222009,-0.613220,0.245651,0.750717,-0.522925,0.000000,0.000000,0.000000,1.000000,0.14668853082693975,176.08390568963532
1782485737.740601,0.724609,-0.203368,0.658438,0.500723,0.314418,0.947785,-0.053291,0.222009,-0.613220,0.245651,0.750717,-0.522925,0.000000,0.000000,0.000000,1.000000,0.14668853082693975,176.08390568963532
1782485737.776211,0.724609,-0.203368,0.658438,0.500723,0.314418,0.947785,-0.053291,0.222009,-0.613220,0.245651,0.750717,-0.522925,0.000000,0.000000,0.000000,1.000000,0.14668853082693975,176.08390568963532
1782485737.811779,0.724609,-0.203368,0.658438,0.500723,0.314418,0.947785,-0.053291,0.222009,-0.613220,0.245651,0.750717,-0.522925,0.000000,0.000000,0.000000,1.000000,0.14668853082693975,176.08390568963532
1782485737.847541,0.724609,-0.203368,0.658438,0.500723,0.314418,0.947785,-0.053291,0.222009,-0.613220,0.245651,0.750717,-0.522925,0.000000,0.000000,0.000000,1.000000,0.14668853082693975,176.08390568963532
1782485737.883104,0.724609,-0.203368,0.658438,0.500723,0.314418,0.947785,-0.053291,0.222009,-0.613220,0.245651,0.750717,-0.522925,0.000000,0.000000,0.000000,1.000000,0.14668853082693975,176.08390568963532
1782485737.918333,0.724609,-0.203368,0.658438,0.500723,0.314418,0.947785,-0.053291,0.222009,-0.613220,0.245651,0.750717,-0.522925,0.000000,0.000000,0.000000,1.000000,0.14668853082693975,176.08390568963532
1782485737.954479,0.724609,-0.203368,0.658438,0.500723,0.314418,0.947785,-0.053291,0.222009,-0.613220,0.245651,0.750717,-0.522925,0.000000,0.000000,0.000000,1.000000,0.14668853082693975,176.08390568963532
1782485737.990585,0.724609,-0.203368,0.658438,0.500723,0.314418,0.947785,-0.053291,0.222009,-0.613220,0.245651,0.750717,-0.522925,0.000000,0.000000,0.000000,1.000000,0.14668853082693975,176.08390568963532
1782485738.026650,0.724609,-0.203368,0.658438,0.500723,0.314418,0.947785,-0.053291,0.222009,-0.613220,0.245651,0.750717,-0.522925,0.000000,0.000000,0.000000,1.000000,0.14668853082693975,176.08390568963532
1782485738.062021,0.724609,-0.203368,0.658438,0.500723,0.314418,0.947785,-0.053291,0.222009,-0.613220,0.245651,0.750717,-0.522925,0.000000,0.000000,0.000000,1.000000,0.14668853082693975,176.08390568963532
1782485738.097627,0.724609,-0.203368,0.658438,0.500723,0.314418,0.947785,-0.053291,0.222009,-0.613220,0.245651,0.750717,-0.522925,0.000000,0.000000,0.000000,1.000000,0.14668853082693975,176.08390568963532
1782485738.133325,0.724609,-0.203368,0.658438,0.500723,0.314418,0.947785,-0.053291,0.222009,-0.613220,0.245651,0.750717,-0.522925,0.000000,0.000000,0.000000,1.000000,0.14668853082693975,176.08390568963532
1782485738.169249,0.724609,-0.203368,0.658438,0.500723,0.314418,0.947785,-0.053291,0.222009,-0.613220,0.245651,0.750717,-0.522925,0.000000,0.000000,0.000000,1.000000,0.14668853082693975,176.08390568963532
1782485738.205050,0.724609,-0.203368,0.658438,0.500723,0.314418,0.947785,-0.053291,0.222009,-0.613220,0.245651,0.750717,-0.522925,0.000000,0.000000,0.000000,1.000000,0.14668853082693975,176.08390568963532
1782485738.241048,0.724609,-0.203368,0.658438,0.500723,0.314418,0.947785,-0.053291,0.222009,-0.613220,0.245651,0.750717,-0.522925,0.000000,0.000000,0.000000,1.000000,0.14668853082693975,176.08390568963532
1782485738.276051,0.724609,-0.203368,0.658438,0.500723,0.314418,0.947785,-0.053291,0.222009,-0.613220,0.245651,0.750717,-0.522925,0.000000,0.000000,0.000000,1.000000,0.14668853082693975,176.08390568963532
1782485738.311987,0.724609,-0.203368,0.658438,0.500723,0.314418,0.947785,-0.053291,0.222009,-0.613220,0.245651,0.750717,-0.522925,0.000000,0.000000,0.000000,1.000000,0.14668853082693975,176.08390568963532
1782485738.347828,0.724609,-0.203368,0.658438,0.500723,0.314418,0.947785,-0.053291,0.222009,-0.613220,0.245651,0.750717,-0.522925,0.000000,0.000000,0.000000,1.000000,0.14668853082693975,176.08390568963532
1782485738.383674,0.724609,-0.203368,0.658438,0.500723,0.314418,0.947785,-0.053291,0.222009,-0.613220,0.245651,0.750717,-0.522925,0.000000,0.000000,0.000000,1.000000,0.14668853082693975,176.08390568963532
1782485738.419749,0.724609,-0.203368,0.658438,0.500723,0.314418,0.947785,-0.053291,0.222009,-0.613220,0.245651,0.750717,-0.522925,0.000000,0.000000,0.000000,1.000000,0.14668853082693975,176.08390568963532
1782485738.455576,0.724609,-0.203368,0.658438,0.500723,0.314418,0.947785,-0.053291,0.222009,-0.613220,0.245651,0.750717,-0.522925,0.000000,0.000000,0.000000,1.000000,0.14668853082693975,176.08390568963532
1782485738.491180,0.724609,-0.203368,0.658438,0.500723,0.314418,0.947785,-0.053291,0.222009,-0.613220,0.245651,0.750717,-0.522925,0.000000,0.000000,0.000000,1.000000,0.14668853082693975,176.08390568963532
1782485738.526774,0.724609,-0.203368,0.658438,0.500723,0.314418,0.947785,-0.053291,0.222009,-0.613220,0.245651,0.750717,-0.522925,0.000000,0.000000,0.000000,1.000000,0.14668853082693975,176.08390568963532
1782485738.562369,0.724609,-0.203368,0.658438,0.500723,0.314418,0.947785,-0.053291,0.222009,-0.613220,0.245651,0.750717,-0.522925,0.000000,0.000000,0.000000,1.000000,0.14668853082693975,176.08390568963532
1782485738.597902,0.724609,-0.203368,0.658438,0.500723,0.314418,0.947785,-0.053291,0.222009,-0.613220,0.245651,0.750717,-0.522925,0.000000,0.000000,0.000000,1.000000,0.14668853082693975,176.08390568963532
1782485738.633373,0.724609,-0.203368,0.658438,0.500723,0.314418,0.947785,-0.053291,0.222009,-0.613220,0.245651,0.750717,-0.522925,0.000000,0.000000,0.000000,1.000000,0.14668853082693975,176.08390568963532
1782485738.668855,0.724609,-0.203368,0.658438,0.500723,0.314418,0.947785,-0.053291,0.222009,-0.613220,0.245651,0.750717,-0.522925,0.000000,0.000000,0.000000,1.000000,0.14668853082693975,176.08390568963532
1782485738.704288,0.724609,-0.203368,0.658438,0.500723,0.314418,0.947785,-0.053291,0.222009,-0.613220,0.245651,0.750717,-0.522925,0.000000,0.000000,0.000000,1.000000,0.14668853082693975,176.08390568963532
1782485738.739757,0.724609,-0.203368,0.658438,0.500723,0.314418,0.947785,-0.053291,0.222009,-0.613220,0.245651,0.750717,-0.522925,0.000000,0.000000,0.000000,1.000000,0.14668853082693975,176.08390568963532
1782485738.775177,0.724609,-0.203368,0.658438,0.500723,0.314418,0.947785,-0.053291,0.222009,-0.613220,0.245651,0.750717,-0.522925,0.000000,0.000000,0.000000,1.000000,0.14668853082693975,176.08390568963532
1782485738.810617,0.724609,-0.203368,0.658438,0.500723,0.314418,0.947785,-0.053291,0.222009,-0.613220,0.245651,0.750717,-0.522925,0.000000,0.000000,0.000000,1.000000,0.14668853082693975,176.08390568963532
1782485738.846523,0.724609,-0.203368,0.658438,0.500723,0.314418,0.947785,-0.053291,0.222009,-0.613220,0.245651,0.750717,-0.522925,0.000000,0.000000,0.000000,1.000000,0.14668853082693975,176.08390568963532
1782485738.882105,0.724609,-0.203368,0.658438,0.500723,0.314418,0.947785,-0.053291,0.222009,-0.613220,0.245651,0.750717,-0.522925,0.000000,0.000000,0.000000,1.000000,0.14668853082693975,176.08390568963532
1782485738.918069,0.724609,-0.203368,0.658438,0.500723,0.314418,0.947785,-0.053291,0.222009,-0.613220,0.245651,0.750717,-0.522925,0.000000,0.000000,0.000000,1.000000,0.14668853082693975,176.08390568963532
1782485738.953594,0.724609,-0.203368,0.658438,0.500723,0.314418,0.947785,-0.053291,0.222009,-0.613220,0.245651,0.750717,-0.522925,0.000000,0.000000,0.000000,1.000000,0.14668853082693975,176.08390568963532
1782485738.989329,0.724609,-0.203368,0.658438,0.500723,0.314418,0.947785,-0.053291,0.222009,-0.613220,0.245651,0.750717,-0.522925,0.000000,0.000000,0.000000,1.000000,0.14668853082693975,176.08390568963532
1782485739.024679,0.724609,-0.203368,0.658438,0.500723,0.314418,0.947785,-0.053291,0.222009,-0.613220,0.245651,0.750717,-0.522925,0.000000,0.000000,0.000000,1.000000,0.14668853082693975,176.08390568963532
1782485739.060317,0.724609,-0.203368,0.658438,0.500723,0.314418,0.947785,-0.053291,0.222009,-0.613220,0.245651,0.750717,-0.522925,0.000000,0.000000,0.000000,1.000000,0.14668853082693975,176.08390568963532
1782485739.096014,0.724609,-0.203368,0.658438,0.500723,0.314418,0.947785,-0.053291,0.222009,-0.613220,0.245651,0.750717,-0.522925,0.000000,0.000000,0.000000,1.000000,0.14668853082693975,176.08390568963532
1782485739.130981,0.724609,-0.203368,0.658438,0.500723,0.314418,0.947785,-0.053291,0.222009,-0.613220,0.245651,0.750717,-0.522925,0.000000,0.000000,0.000000,1.000000,0.14668853082693975,176.08390568963532
1782485739.166802,0.724609,-0.203368,0.658438,0.500723,0.314418,0.947785,-0.053291,0.222009,-0.613220,0.245651,0.750717,-0.522925,0.000000,0.000000,0.000000,1.000000,0.14668853082693975,176.08390568963532
1782485739.202287,0.724609,-0.203368,0.658438,0.500723,0.314418,0.947785,-0.053291,0.222009,-0.613220,0.245651,0.750717,-0.522925,0.000000,0.000000,0.000000,1.000000,0.14668853082693975,176.08390568963532
1782485739.238153,0.724609,-0.203368,0.658438,0.500723,0.314418,0.947785,-0.053291,0.222009,-0.613220,0.245651,0.750717,-0.522925,0.000000,0.000000,0.000000,1.000000,0.14668853082693975,176.08390568963532
1782485739.274065,0.724609,-0.203368,0.658438,0.500723,0.314418,0.947785,-0.053291,0.222009,-0.613220,0.245651,0.750717,-0.522925,0.000000,0.000000,0.000000,1.000000,0.14668853082693975,176.08390568963532
1782485739.310158,0.724609,-0.203368,0.658438,0.500723,0.314418,0.947785,-0.053291,0.222009,-0.613220,0.245651,0.750717,-0.522925,0.000000,0.000000,0.000000,1.000000,0.14668853082693975,176.08390568963532
1782485739.345893,0.724609,-0.203368,0.658438,0.500723,0.314418,0.947785,-0.053291,0.222009,-0.613220,0.245651,0.750717,-0.522925,0.000000,0.000000,0.000000,1.000000,0.14668853082693975,176.08390568963532
1782485739.381485,0.724609,-0.203368,0.658438,0.500723,0.314418,0.947785,-0.053291,0.222009,-0.613220,0.245651,0.750717,-0.522925,0.000000,0.000000,0.000000,1.000000,0.14668853082693975,176.08390568963532
1782485739.416575,0.724609,-0.203368,0.658438,0.500723,0.314418,0.947785,-0.053291,0.222009,-0.613220,0.245651,0.750717,-0.522925,0.000000,0.000000,0.000000,1.000000,0.14668853082693975,176.08390568963532
1782485739.452631,0.724609,-0.203368,0.658438,0.500723,0.314418,0.947785,-0.053291,0.222009,-0.613220,0.245651,0.750717,-0.522925,0.000000,0.000000,0.000000,1.000000,0.14668853082693975,176.08390568963532
1782485739.488250,0.724609,-0.203368,0.658438,0.500723,0.314418,0.947785,-0.053291,0.222009,-0.613220,0.245651,0.750717,-0.522925,0.000000,0.000000,0.000000,1.000000,0.14668853082693975,176.08390568963532
1782485739.524262,0.724609,-0.203368,0.658438,0.500723,0.314418,0.947785,-0.053291,0.222009,-0.613220,0.245651,0.750717,-0.522925,0.000000,0.000000,0.000000,1.000000,0.14668853082693975,176.08390568963532
1782485739.560238,0.724609,-0.203368,0.658438,0.500723,0.314418,0.947785,-0.053291,0.222009,-0.613220,0.245651,0.750717,-0.522925,0.000000,0.000000,0.000000,1.000000,0.14668853082693975,176.08390568963532
1782485739.596082,0.724609,-0.203368,0.658438,0.500723,0.314418,0.947785,-0.053291,0.222009,-0.613220,0.245651,0.750717,-0.522925,0.000000,0.000000,0.000000,1.000000,0.14668853082693975,176.08390568963532
1782485739.632165,0.724609,-0.203368,0.658438,0.500723,0.314418,0.947785,-0.053291,0.222009,-0.613220,0.245651,0.750717,-0.522925,0.000000,0.000000,0.000000,1.000000,0.14668853082693975,176.08390568963532
1782485739.667916,0.724609,-0.203368,0.658438,0.500723,0.314418,0.947785,-0.053291,0.222009,-0.613220,0.245651,0.750717,-0.522925,0.000000,0.000000,0.000000,1.000000,0.14668853082693975,176.08390568963532
1782485739.703633,0.724609,-0.203368,0.658438,0.500723,0.314418,0.947785,-0.053291,0.222009,-0.613220,0.245651,0.750717,-0.522925,0.000000,0.000000,0.000000,1.000000,0.14668853082693975,176.08390568963532
1782485739.739321,0.724609,-0.203368,0.658438,0.500723,0.314418,0.947785,-0.053291,0.222009,-0.613220,0.245651,0.750717,-0.522925,0.000000,0.000000,0.000000,1.000000,0.14668853082693975,176.08390568963532
1782485739.775110,0.724609,-0.203368,0.658438,0.500723,0.314418,0.947785,-0.053291,0.222009,-0.613220,0.245651,0.750717,-0.522925,0.000000,0.000000,0.000000,1.000000,0.14668853082693975,176.08390568963532
1782485739.810729,0.724609,-0.203368,0.658438,0.500723,0.314418,0.947785,-0.053291,0.222009,-0.613220,0.245651,0.750717,-0.522925,0.000000,0.000000,0.000000,1.000000,0.14668853082693975,176.08390568963532
1782485739.846666,0.724609,-0.203368,0.658438,0.500723,0.314418,0.947785,-0.053291,0.222009,-0.613220,0.245651,0.750717,-0.522925,0.000000,0.000000,0.000000,1.000000,0.14668853082693975,176.08390568963532
1782485739.882227,0.724609,-0.203368,0.658438,0.500723,0.314418,0.947785,-0.053291,0.222009,-0.613220,0.245651,0.750717,-0.522925,0.000000,0.000000,0.000000,1.000000,0.14668853082693975,176.08390568963532
1782485739.917831,0.724609,-0.203368,0.658438,0.500723,0.314418,0.947785,-0.053291,0.222009,-0.613220,0.245651,0.750717,-0.522925,0.000000,0.000000,0.000000,1.000000,0.14668853082693975,176.08390568963532
1782485739.953562,0.724609,-0.203368,0.658438,0.500723,0.314418,0.947785,-0.053291,0.222009,-0.613220,0.245651,0.750717,-0.522925,0.000000,0.000000,0.000000,1.000000,0.14668853082693975,176.08390568963532
1782485739.989424,0.724609,-0.203368,0.658438,0.500723,0.314418,0.947785,-0.053291,0.222009,-0.613220,0.245651,0.750717,-0.522925,0.000000,0.000000,0.000000,1.000000,0.14668853082693975,176.08390568963532
1782485740.024789,0.724609,-0.203368,0.658438,0.500723,0.314418,0.947785,-0.053291,0.222009,-0.613220,0.245651,0.750717,-0.522925,0.000000,0.000000,0.000000,1.000000,0.14668853082693975,176.08390568963532
1782485740.060317,0.724609,-0.203368,0.658438,0.500723,0.314418,0.947785,-0.053291,0.222009,-0.613220,0.245651,0.750717,-0.522925,0.000000,0.000000,0.000000,1.000000,0.14668853082693975,176.08390568963532
1782485740.096032,0.724609,-0.203368,0.658438,0.500723,0.314418,0.947785,-0.053291,0.222009,-0.613220,0.245651,0.750717,-0.522925,0.000000,0.000000,0.000000,1.000000,0.14668853082693975,176.08390568963532
1782485740.130758,0.724609,-0.203368,0.658438,0.500723,0.314418,0.947785,-0.053291,0.222009,-0.613220,0.245651,0.750717,-0.522925,0.000000,0.000000,0.000000,1.000000,0.14668853082693975,176.08390568963532
1782485740.166548,0.724609,-0.203368,0.658438,0.500723,0.314418,0.947785,-0.053291,0.222009,-0.613220,0.245651,0.750717,-0.522925,0.000000,0.000000,0.000000,1.000000,0.14668853082693975,176.08390568963532
1782485740.202280,0.724609,-0.203368,0.658438,0.500723,0.314418,0.947785,-0.053291,0.222009,-0.613220,0.245651,0.750717,-0.522925,0.000000,0.000000,0.000000,1.000000,0.14668853082693975,176.08390568963532
1782485740.238112,0.724609,-0.203368,0.658438,0.500723,0.314418,0.947785,-0.053291,0.222009,-0.613220,0.245651,0.750717,-0.522925,0.000000,0.000000,0.000000,1.000000,0.14668853082693975,176.08390568963532
1782485740.273609,0.724609,-0.203368,0.658438,0.500723,0.314418,0.947785,-0.053291,0.222009,-0.613220,0.245651,0.750717,-0.522925,0.000000,0.000000,0.000000,1.000000,0.14668853082693975,176.08390568963532
1782485740.309246,0.724609,-0.203368,0.658438,0.500723,0.314418,0.947785,-0.053291,0.222009,-0.613220,0.245651,0.750717,-0.522925,0.000000,0.000000,0.000000,1.000000,0.14668853082693975,176.08390568963532
1782485740.344988,0.724609,-0.203368,0.658438,0.500723,0.314418,0.947785,-0.053291,0.222009,-0.613220,0.245651,0.750717,-0.522925,0.000000,0.000000,0.000000,1.000000,0.14668853082693975,176.08390568963532
1782485740.380998,0.724609,-0.203368,0.658438,0.500723,0.314418,0.947785,-0.053291,0.222009,-0.613220,0.245651,0.750717,-0.522925,0.000000,0.000000,0.000000,1.000000,0.14668853082693975,176.08390568963532
1782485740.416487,0.724609,-0.203368,0.658438,0.500723,0.314418,0.947785,-0.053291,0.222009,-0.613220,0.245651,0.750717,-0.522925,0.000000,0.000000,0.000000,1.000000,0.14668853082693975,176.08390568963532
1782485740.452015,0.724609,-0.203368,0.658438,0.500723,0.314418,0.947785,-0.053291,0.222009,-0.613220,0.245651,0.750717,-0.522925,0.000000,0.000000,0.000000,1.000000,0.14668853082693975,176.08390568963532
1782485740.488060,0.724609,-0.203368,0.658438,0.500723,0.314418,0.947785,-0.053291,0.222009,-0.613220,0.245651,0.750717,-0.522925,0.000000,0.000000,0.000000,1.000000,0.14668853082693975,176.08390568963532
1782485740.524074,0.724609,-0.203368,0.658438,0.500723,0.314418,0.947785,-0.053291,0.222009,-0.613220,0.245651,0.750717,-0.522925,0.000000,0.000000,0.000000,1.000000,0.14668853082693975,176.08390568963532
1782485740.559971,0.724609,-0.203368,0.658438,0.500723,0.314418,0.947785,-0.053291,0.222009,-0.613220,0.245651,0.750717,-0.522925,0.000000,0.000000,0.000000,1.000000,0.14668853082693975,176.08390568963532
1782485740.595786,0.724609,-0.203368,0.658438,0.500723,0.314418,0.947785,-0.053291,0.222009,-0.613220,0.245651,0.750717,-0.522925,0.000000,0.000000,0.000000,1.000000,0.14668853082693975,176.08390568963532
1782485740.630761,0.724609,-0.203368,0.658438,0.500723,0.314418,0.947785,-0.053291,0.222009,-0.613220,0.245651,0.750717,-0.522925,0.000000,0.000000,0.000000,1.000000,0.14668853082693975,176.08390568963532
1782485740.666438,0.724609,-0.203368,0.658438,0.500723,0.314418,0.947785,-0.053291,0.222009,-0.613220,0.245651,0.750717,-0.522925,0.000000,0.000000,0.000000,1.000000,0.14668853082693975,176.08390568963532
1782485740.702278,0.724609,-0.203368,0.658438,0.500723,0.314418,0.947785,-0.053291,0.222009,-0.613220,0.245651,0.750717,-0.522925,0.000000,0.000000,0.000000,1.000000,0.14668853082693975,176.08390568963532
1782485740.737850,0.724609,-0.203368,0.658438,0.500723,0.314418,0.947785,-0.053291,0.222009,-0.613220,0.245651,0.750717,-0.522925,0.000000,0.000000,0.000000,1.000000,0.14668853082693975,176.08390568963532
1782485740.774093,0.724609,-0.203368,0.658438,0.500723,0.314418,0.947785,-0.053291,0.222009,-0.613220,0.245651,0.750717,-0.522925,0.000000,0.000000,0.000000,1.000000,0.14668853082693975,176.08390568963532
1782485740.810086,0.724609,-0.203368,0.658438,0.500723,0.314418,0.947785,-0.053291,0.222009,-0.613220,0.245651,0.750717,-0.522925,0.000000,0.000000,0.000000,1.000000,0.14668853082693975,176.08390568963532
1782485740.846045,0.724609,-0.203368,0.658438,0.500723,0.314418,0.947785,-0.053291,0.222009,-0.613220,0.245651,0.750717,-0.522925,0.000000,0.000000,0.000000,1.000000,0.14668853082693975,176.08390568963532
1782485740.882173,0.724609,-0.203368,0.658438,0.500723,0.314418,0.947785,-0.053291,0.222009,-0.613220,0.245651,0.750717,-0.522925,0.000000,0.000000,0.000000,1.000000,0.14668853082693975,176.08390568963532
1782485740.918132,0.724609,-0.203368,0.658438,0.500723,0.314418,0.947785,-0.053291,0.222009,-0.613220,0.245651,0.750717,-0.522925,0.000000,0.000000,0.000000,1.000000,0.14668853082693975,176.08390568963532
1782485740.953287,0.724609,-0.203368,0.658438,0.500723,0.314418,0.947785,-0.053291,0.222009,-0.613220,0.245651,0.750717,-0.522925,0.000000,0.000000,0.000000,1.000000,0.14668853082693975,176.08390568963532
1782485740.988934,0.724609,-0.203368,0.658438,0.500723,0.314418,0.947785,-0.053291,0.222009,-0.613220,0.245651,0.750717,-0.522925,0.000000,0.000000,0.000000,1.000000,0.14668853082693975,176.08390568963532
1782485741.024549,0.724609,-0.203368,0.658438,0.500723,0.314418,0.947785,-0.053291,0.222009,-0.613220,0.245651,0.750717,-0.522925,0.000000,0.000000,0.000000,1.000000,0.14668853082693975,176.08390568963532
1782485741.060631,0.724609,-0.203368,0.658438,0.500723,0.314418,0.947785,-0.053291,0.222009,-0.613220,0.245651,0.750717,-0.522925,0.000000,0.000000,0.000000,1.000000,0.14668853082693975,176.08390568963532
1782485741.095950,0.724609,-0.203368,0.658438,0.500723,0.314418,0.947785,-0.053291,0.222009,-0.613220,0.245651,0.750717,-0.522925,0.000000,0.000000,0.000000,1.000000,0.14668853082693975,176.08390568963532
1782485741.131873,0.724609,-0.203368,0.658438,0.500723,0.314418,0.947785,-0.053291,0.222009,-0.613220,0.245651,0.750717,-0.522925,0.000000,0.000000,0.000000,1.000000,0.14668853082693975,176.08390568963532
1782485741.167873,0.724609,-0.203368,0.658438,0.500723,0.314418,0.947785,-0.053291,0.222009,-0.613220,0.245651,0.750717,-0.522925,0.000000,0.000000,0.000000,1.000000,0.14668853082693975,176.08390568963532
1782485741.203567,0.724609,-0.203368,0.658438,0.500723,0.314418,0.947785,-0.053291,0.222009,-0.613220,0.245651,0.750717,-0.522925,0.000000,0.000000,0.000000,1.000000,0.14668853082693975,176.08390568963532
1782485741.238702,0.724609,-0.203368,0.658438,0.500723,0.314418,0.947785,-0.053291,0.222009,-0.613220,0.245651,0.750717,-0.522925,0.000000,0.000000,0.000000,1.000000,0.14668853082693975,176.08390568963532
1782485741.274327,0.724609,-0.203368,0.658438,0.500723,0.314418,0.947785,-0.053291,0.222009,-0.613220,0.245651,0.750717,-0.522925,0.000000,0.000000,0.000000,1.000000,0.14668853082693975,176.08390568963532
1782485741.310278,0.724609,-0.203368,0.658438,0.500723,0.314418,0.947785,-0.053291,0.222009,-0.613220,0.245651,0.750717,-0.522925,0.000000,0.000000,0.000000,1.000000,0.14668853082693975,176.08390568963532
1782485741.345730,0.724609,-0.203368,0.658438,0.500723,0.314418,0.947785,-0.053291,0.222009,-0.613220,0.245651,0.750717,-0.522925,0.000000,0.000000,0.000000,1.000000,0.14668853082693975,176.08390568963532
1782485741.381276,0.724609,-0.203368,0.658438,0.500723,0.314418,0.947785,-0.053291,0.222009,-0.613220,0.245651,0.750717,-0.522925,0.000000,0.000000,0.000000,1.000000,0.14668853082693975,176.08390568963532
1782485741.416326,0.724609,-0.203368,0.658438,0.500723,0.314418,0.947785,-0.053291,0.222009,-0.613220,0.245651,0.750717,-0.522925,0.000000,0.000000,0.000000,1.000000,0.14668853082693975,176.08390568963532
1782485741.451872,0.724609,-0.203368,0.658438,0.500723,0.314418,0.947785,-0.053291,0.222009,-0.613220,0.245651,0.750717,-0.522925,0.000000,0.000000,0.000000,1.000000,0.14668853082693975,176.08390568963532
1782485741.487360,0.724609,-0.203368,0.658438,0.500723,0.314418,0.947785,-0.053291,0.222009,-0.613220,0.245651,0.750717,-0.522925,0.000000,0.000000,0.000000,1.000000,0.14668853082693975,176.08390568963532
1782485741.522892,0.724609,-0.203368,0.658438,0.500723,0.314418,0.947785,-0.053291,0.222009,-0.613220,0.245651,0.750717,-0.522925,0.000000,0.000000,0.000000,1.000000,0.14668853082693975,176.08390568963532
1782485741.558626,0.724609,-0.203368,0.658438,0.500723,0.314418,0.947785,-0.053291,0.222009,-0.613220,0.245651,0.750717,-0.522925,0.000000,0.000000,0.000000,1.000000,0.14668853082693975,176.08390568963532
1782485741.594894,0.724609,-0.203368,0.658438,0.500723,0.314418,0.947785,-0.053291,0.222009,-0.613220,0.245651,0.750717,-0.522925,0.000000,0.000000,0.000000,1.000000,0.14668853082693975,176.08390568963532
1782485741.630922,0.724609,-0.203368,0.658438,0.500723,0.314418,0.947785,-0.053291,0.222009,-0.613220,0.245651,0.750717,-0.522925,0.000000,0.000000,0.000000,1.000000,0.14668853082693975,176.08390568963532
1782485741.666689,0.724609,-0.203368,0.658438,0.500723,0.314418,0.947785,-0.053291,0.222009,-0.613220,0.245651,0.750717,-0.522925,0.000000,0.000000,0.000000,1.000000,0.14668853082693975,176.08390568963532
1782485741.701790,0.724609,-0.203368,0.658438,0.500723,0.314418,0.947785,-0.053291,0.222009,-0.613220,0.245651,0.750717,-0.522925,0.000000,0.000000,0.000000,1.000000,0.14668853082693975,176.08390568963532
1782485741.737416,0.724609,-0.203368,0.658438,0.500723,0.314418,0.947785,-0.053291,0.222009,-0.613220,0.245651,0.750717,-0.522925,0.000000,0.000000,0.000000,1.000000,0.14668853082693975,176.08390568963532
1782485741.773474,0.724609,-0.203368,0.658438,0.500723,0.314418,0.947785,-0.053291,0.222009,-0.613220,0.245651,0.750717,-0.522925,0.000000,0.000000,0.000000,1.000000,0.14668853082693975,176.08390568963532
1782485741.809249,0.724609,-0.203368,0.658438,0.500723,0.314418,0.947785,-0.053291,0.222009,-0.613220,0.245651,0.750717,-0.522925,0.000000,0.000000,0.000000,1.000000,0.14668853082693975,176.08390568963532
1782485741.844992,0.724609,-0.203368,0.658438,0.500723,0.314418,0.947785,-0.053291,0.222009,-0.613220,0.245651,0.750717,-0.522925,0.000000,0.000000,0.000000,1.000000,0.14668853082693975,176.08390568963532
1782485741.880669,0.724609,-0.203368,0.658438,0.500723,0.314418,0.947785,-0.053291,0.222009,-0.613220,0.245651,0.750717,-0.522925,0.000000,0.000000,0.000000,1.000000,0.14668853082693975,176.08390568963532
1782485741.916424,0.724609,-0.203368,0.658438,0.500723,0.314418,0.947785,-0.053291,0.222009,-0.613220,0.245651,0.750717,-0.522925,0.000000,0.000000,0.000000,1.000000,0.14668853082693975,176.08390568963532
1782485741.951823,0.724609,-0.203368,0.658438,0.500723,0.314418,0.947785,-0.053291,0.222009,-0.613220,0.245651,0.750717,-0.522925,0.000000,0.000000,0.000000,1.000000,0.14668853082693975,176.08390568963532
1782485741.987407,0.724609,-0.203368,0.658438,0.500723,0.314418,0.947785,-0.053291,0.222009,-0.613220,0.245651,0.750717,-0.522925,0.000000,0.000000,0.000000,1.000000,0.14668853082693975,176.08390568963532
1782485742.022975,0.724609,-0.203368,0.658438,0.500723,0.314418,0.947785,-0.053291,0.222009,-0.613220,0.245651,0.750717,-0.522925,0.000000,0.000000,0.000000,1.000000,0.14668853082693975,176.08390568963532
1782485742.058880,0.724609,-0.203368,0.658438,0.500723,0.314418,0.947785,-0.053291,0.222009,-0.613220,0.245651,0.750717,-0.522925,0.000000,0.000000,0.000000,1.000000,0.14668853082693975,176.08390568963532
1782485742.094972,0.724609,-0.203368,0.658438,0.500723,0.314418,0.947785,-0.053291,0.222009,-0.613220,0.245651,0.750717,-0.522925,0.000000,0.000000,0.000000,1.000000,0.14668853082693975,176.08390568963532
1782485742.130565,0.724609,-0.203368,0.658438,0.500723,0.314418,0.947785,-0.053291,0.222009,-0.613220,0.245651,0.750717,-0.522925,0.000000,0.000000,0.000000,1.000000,0.14668853082693975,176.08390568963532
1782485742.166044,0.724609,-0.203368,0.658438,0.500723,0.314418,0.947785,-0.053291,0.222009,-0.613220,0.245651,0.750717,-0.522925,0.000000,0.000000,0.000000,1.000000,0.14668853082693975,176.08390568963532
1782485742.201542,0.724609,-0.203368,0.658438,0.500723,0.314418,0.947785,-0.053291,0.222009,-0.613220,0.245651,0.750717,-0.522925,0.000000,0.000000,0.000000,1.000000,0.14668853082693975,176.08390568963532
1782485742.237168,0.724609,-0.203368,0.658438,0.500723,0.314418,0.947785,-0.053291,0.222009,-0.613220,0.245651,0.750717,-0.522925,0.000000,0.000000,0.000000,1.000000,0.14668853082693975,176.08390568963532
1782485742.272581,0.724609,-0.203368,0.658438,0.500723,0.314418,0.947785,-0.053291,0.222009,-0.613220,0.245651,0.750717,-0.522925,0.000000,0.000000,0.000000,1.000000,0.14668853082693975,176.08390568963532
1782485742.308449,0.724609,-0.203368,0.658438,0.500723,0.314418,0.947785,-0.053291,0.222009,-0.613220,0.245651,0.750717,-0.522925,0.000000,0.000000,0.000000,1.000000,0.14668853082693975,176.08390568963532
1782485742.343868,0.724609,-0.203368,0.658438,0.500723,0.314418,0.947785,-0.053291,0.222009,-0.613220,0.245651,0.750717,-0.522925,0.000000,0.000000,0.000000,1.000000,0.14668853082693975,176.08390568963532
1782485742.379318,0.724609,-0.203368,0.658438,0.500723,0.314418,0.947785,-0.053291,0.222009,-0.613220,0.245651,0.750717,-0.522925,0.000000,0.000000,0.000000,1.000000,0.14668853082693975,176.08390568963532
1782485742.414186,0.724609,-0.203368,0.658438,0.500723,0.314418,0.947785,-0.053291,0.222009,-0.613220,0.245651,0.750717,-0.522925,0.000000,0.000000,0.000000,1.000000,0.14668853082693975,176.08390568963532
1782485742.449647,0.724609,-0.203368,0.658438,0.500723,0.314418,0.947785,-0.053291,0.222009,-0.613220,0.245651,0.750717,-0.522925,0.000000,0.000000,0.000000,1.000000,0.14668853082693975,176.08390568963532
1782485742.485098,0.724609,-0.203368,0.658438,0.500723,0.314418,0.947785,-0.053291,0.222009,-0.613220,0.245651,0.750717,-0.522925,0.000000,0.000000,0.000000,1.000000,0.14668853082693975,176.08390568963532
1782485742.519904,0.724609,-0.203368,0.658438,0.500723,0.314418,0.947785,-0.053291,0.222009,-0.613220,0.245651,0.750717,-0.522925,0.000000,0.000000,0.000000,1.000000,0.14668853082693975,176.08390568963532
1782485742.555338,0.724609,-0.203368,0.658438,0.500723,0.314418,0.947785,-0.053291,0.222009,-0.613220,0.245651,0.750717,-0.522925,0.000000,0.000000,0.000000,1.000000,0.14668853082693975,176.08390568963532
1782485742.590895,0.724609,-0.203368,0.658438,0.500723,0.314418,0.947785,-0.053291,0.222009,-0.613220,0.245651,0.750717,-0.522925,0.000000,0.000000,0.000000,1.000000,0.14668853082693975,176.08390568963532
1782485742.626469,0.724609,-0.203368,0.658438,0.500723,0.314418,0.947785,-0.053291,0.222009,-0.613220,0.245651,0.750717,-0.522925,0.000000,0.000000,0.000000,1.000000,0.14668853082693975,176.08390568963532
1782485742.661683,0.724609,-0.203368,0.658438,0.500723,0.314418,0.947785,-0.053291,0.222009,-0.613220,0.245651,0.750717,-0.522925,0.000000,0.000000,0.000000,1.000000,0.14668853082693975,176.08390568963532
1782485742.696657,0.724609,-0.203368,0.658438,0.500723,0.314418,0.947785,-0.053291,0.222009,-0.613220,0.245651,0.750717,-0.522925,0.000000,0.000000,0.000000,1.000000,0.14668853082693975,176.08390568963532
1782485742.732552,0.724609,-0.203368,0.658438,0.500723,0.314418,0.947785,-0.053291,0.222009,-0.613220,0.245651,0.750717,-0.522925,0.000000,0.000000,0.000000,1.000000,0.14668853082693975,176.08390568963532
1782485742.768226,0.724609,-0.203368,0.658438,0.500723,0.314418,0.947785,-0.053291,0.222009,-0.613220,0.245651,0.750717,-0.522925,0.000000,0.000000,0.000000,1.000000,0.14668853082693975,176.08390568963532
1782485742.803849,0.724609,-0.203368,0.658438,0.500723,0.314418,0.947785,-0.053291,0.222009,-0.613220,0.245651,0.750717,-0.522925,0.000000,0.000000,0.000000,1.000000,0.14668853082693975,176.08390568963532
1782485742.839187,0.724609,-0.203368,0.658438,0.500723,0.314418,0.947785,-0.053291,0.222009,-0.613220,0.245651,0.750717,-0.522925,0.000000,0.000000,0.000000,1.000000,0.14668853082693975,176.08390568963532
1782485742.874871,0.724609,-0.203368,0.658438,0.500723,0.314418,0.947785,-0.053291,0.222009,-0.613220,0.245651,0.750717,-0.522925,0.000000,0.000000,0.000000,1.000000,0.14668853082693975,176.08390568963532
1782485742.911071,0.724609,-0.203368,0.658438,0.500723,0.314418,0.947785,-0.053291,0.222009,-0.613220,0.245651,0.750717,-0.522925,0.000000,0.000000,0.000000,1.000000,0.14668853082693975,176.08390568963532
1782485742.946327,0.724609,-0.203368,0.658438,0.500723,0.314418,0.947785,-0.053291,0.222009,-0.613220,0.245651,0.750717,-0.522925,0.000000,0.000000,0.000000,1.000000,0.14668853082693975,176.08390568963532
1782485742.981632,0.724609,-0.203368,0.658438,0.500723,0.314418,0.947785,-0.053291,0.222009,-0.613220,0.245651,0.750717,-0.522925,0.000000,0.000000,0.000000,1.000000,0.14668853082693975,176.08390568963532
1782485743.017467,0.724609,-0.203368,0.658438,0.500723,0.314418,0.947785,-0.053291,0.222009,-0.613220,0.245651,0.750717,-0.522925,0.000000,0.000000,0.000000,1.000000,0.14668853082693975,176.08390568963532
1782485743.053108,0.724609,-0.203368,0.658438,0.500723,0.314418,0.947785,-0.053291,0.222009,-0.613220,0.245651,0.750717,-0.522925,0.000000,0.000000,0.000000,1.000000,0.14668853082693975,176.08390568963532
1782485743.088854,0.724609,-0.203368,0.658438,0.500723,0.314418,0.947785,-0.053291,0.222009,-0.613220,0.245651,0.750717,-0.522925,0.000000,0.000000,0.000000,1.000000,0.14668853082693975,176.08390568963532
1782485743.124071,0.724609,-0.203368,0.658438,0.500723,0.314418,0.947785,-0.053291,0.222009,-0.613220,0.245651,0.750717,-0.522925,0.000000,0.000000,0.000000,1.000000,0.14668853082693975,176.08390568963532
1782485743.159128,0.724609,-0.203368,0.658438,0.500723,0.314418,0.947785,-0.053291,0.222009,-0.613220,0.245651,0.750717,-0.522925,0.000000,0.000000,0.000000,1.000000,0.14668853082693975,176.08390568963532
1782485743.194163,0.724609,-0.203368,0.658438,0.500723,0.314418,0.947785,-0.053291,0.222009,-0.613220,0.245651,0.750717,-0.522925,0.000000,0.000000,0.000000,1.000000,0.14668853082693975,176.08390568963532
1782485743.229264,0.724609,-0.203368,0.658438,0.500723,0.314418,0.947785,-0.053291,0.222009,-0.613220,0.245651,0.750717,-0.522925,0.000000,0.000000,0.000000,1.000000,0.14668853082693975,176.08390568963532
1782485743.263809,0.724609,-0.203368,0.658438,0.500723,0.314418,0.947785,-0.053291,0.222009,-0.613220,0.245651,0.750717,-0.522925,0.000000,0.000000,0.000000,1.000000,0.14668853082693975,176.08390568963532
1782485743.299107,0.724609,-0.203368,0.658438,0.500723,0.314418,0.947785,-0.053291,0.222009,-0.613220,0.245651,0.750717,-0.522925,0.000000,0.000000,0.000000,1.000000,0.14668853082693975,176.08390568963532
1782485743.334174,0.724609,-0.203368,0.658438,0.500723,0.314418,0.947785,-0.053291,0.222009,-0.613220,0.245651,0.750717,-0.522925,0.000000,0.000000,0.000000,1.000000,0.14668853082693975,176.08390568963532
1782485743.369946,0.724609,-0.203368,0.658438,0.500723,0.314418,0.947785,-0.053291,0.222009,-0.613220,0.245651,0.750717,-0.522925,0.000000,0.000000,0.000000,1.000000,0.14668853082693975,176.08390568963532
1782485743.405062,0.724609,-0.203368,0.658438,0.500723,0.314418,0.947785,-0.053291,0.222009,-0.613220,0.245651,0.750717,-0.522925,0.000000,0.000000,0.000000,1.000000,0.14668853082693975,176.08390568963532
1782485743.440157,0.724609,-0.203368,0.658438,0.500723,0.314418,0.947785,-0.053291,0.222009,-0.613220,0.245651,0.750717,-0.522925,0.000000,0.000000,0.000000,1.000000,0.14668853082693975,176.08390568963532
1782485743.475380,0.724609,-0.203368,0.658438,0.500723,0.314418,0.947785,-0.053291,0.222009,-0.613220,0.245651,0.750717,-0.522925,0.000000,0.000000,0.000000,1.000000,0.14668853082693975,176.08390568963532
1782485743.510572,0.724609,-0.203368,0.658438,0.500723,0.314418,0.947785,-0.053291,0.222009,-0.613220,0.245651,0.750717,-0.522925,0.000000,0.000000,0.000000,1.000000,0.14668853082693975,176.08390568963532
1782485743.545767,0.724609,-0.203368,0.658438,0.500723,0.314418,0.947785,-0.053291,0.222009,-0.613220,0.245651,0.750717,-0.522925,0.000000,0.000000,0.000000,1.000000,0.14668853082693975,176.08390568963532
1782485743.581024,0.724609,-0.203368,0.658438,0.500723,0.314418,0.947785,-0.053291,0.222009,-0.613220,0.245651,0.750717,-0.522925,0.000000,0.000000,0.000000,1.000000,0.14668853082693975,176.08390568963532
1782485743.616182,0.724609,-0.203368,0.658438,0.500723,0.314418,0.947785,-0.053291,0.222009,-0.613220,0.245651,0.750717,-0.522925,0.000000,0.000000,0.000000,1.000000,0.14668853082693975,176.08390568963532
1782485743.651436,0.724609,-0.203368,0.658438,0.500723,0.314418,0.947785,-0.053291,0.222009,-0.613220,0.245651,0.750717,-0.522925,0.000000,0.000000,0.000000,1.000000,0.14668853082693975,176.08390568963532
1782485743.687048,0.724609,-0.203368,0.658438,0.500723,0.314418,0.947785,-0.053291,0.222009,-0.613220,0.245651,0.750717,-0.522925,0.000000,0.000000,0.000000,1.000000,0.14668853082693975,176.08390568963532
1782485743.721981,0.724609,-0.203368,0.658438,0.500723,0.314418,0.947785,-0.053291,0.222009,-0.613220,0.245651,0.750717,-0.522925,0.000000,0.000000,0.000000,1.000000,0.14668853082693975,176.08390568963532
1782485743.757139,0.724609,-0.203368,0.658438,0.500723,0.314418,0.947785,-0.053291,0.222009,-0.613220,0.245651,0.750717,-0.522925,0.000000,0.000000,0.000000,1.000000,0.14668853082693975,176.08390568963532
1782485743.792906,0.724609,-0.203368,0.658438,0.500723,0.314418,0.947785,-0.053291,0.222009,-0.613220,0.245651,0.750717,-0.522925,0.000000,0.000000,0.000000,1.000000,0.14668853082693975,176.08390568963532
1782485743.828230,0.724609,-0.203368,0.658438,0.500723,0.314418,0.947785,-0.053291,0.222009,-0.613220,0.245651,0.750717,-0.522925,0.000000,0.000000,0.000000,1.000000,0.14668853082693975,176.08390568963532
1782485743.863560,0.724609,-0.203368,0.658438,0.500723,0.314418,0.947785,-0.053291,0.222009,-0.613220,0.245651,0.750717,-0.522925,0.000000,0.000000,0.000000,1.000000,0.14668853082693975,176.08390568963532
1782485743.898115,0.724609,-0.203368,0.658438,0.500723,0.314418,0.947785,-0.053291,0.222009,-0.613220,0.245651,0.750717,-0.522925,0.000000,0.000000,0.000000,1.000000,0.14668853082693975,176.08390568963532
1782485743.933117,0.724609,-0.203368,0.658438,0.500723,0.314418,0.947785,-0.053291,0.222009,-0.613220,0.245651,0.750717,-0.522925,0.000000,0.000000,0.000000,1.000000,0.14668853082693975,176.08390568963532
1782485743.968178,0.724609,-0.203368,0.658438,0.500723,0.314418,0.947785,-0.053291,0.222009,-0.613220,0.245651,0.750717,-0.522925,0.000000,0.000000,0.000000,1.000000,0.14668853082693975,176.08390568963532
1782485744.003436,0.724609,-0.203368,0.658438,0.500723,0.314418,0.947785,-0.053291,0.222009,-0.613220,0.245651,0.750717,-0.522925,0.000000,0.000000,0.000000,1.000000,0.14668853082693975,176.08390568963532
1782485744.038683,0.724609,-0.203368,0.658438,0.500723,0.314418,0.947785,-0.053291,0.222009,-0.613220,0.245651,0.750717,-0.522925,0.000000,0.000000,0.000000,1.000000,0.14668853082693975,176.08390568963532
1782485744.073853,0.724609,-0.203368,0.658438,0.500723,0.314418,0.947785,-0.053291,0.222009,-0.613220,0.245651,0.750717,-0.522925,0.000000,0.000000,0.000000,1.000000,0.14668853082693975,176.08390568963532
1782485744.108835,0.724609,-0.203368,0.658438,0.500723,0.314418,0.947785,-0.053291,0.222009,-0.613220,0.245651,0.750717,-0.522925,0.000000,0.000000,0.000000,1.000000,0.14668853082693975,176.08390568963532
1782485744.143843,0.724609,-0.203368,0.658438,0.500723,0.314418,0.947785,-0.053291,0.222009,-0.613220,0.245651,0.750717,-0.522925,0.000000,0.000000,0.000000,1.000000,0.14668853082693975,176.08390568963532
1782485744.179154,0.724609,-0.203368,0.658438,0.500723,0.314418,0.947785,-0.053291,0.222009,-0.613220,0.245651,0.750717,-0.522925,0.000000,0.000000,0.000000,1.000000,0.14668853082693975,176.08390568963532
1782485744.214734,0.724609,-0.203368,0.658438,0.500723,0.314418,0.947785,-0.053291,0.222009,-0.613220,0.245651,0.750717,-0.522925,0.000000,0.000000,0.000000,1.000000,0.14668853082693975,176.08390568963532
1782485744.249248,0.724609,-0.203368,0.658438,0.500723,0.314418,0.947785,-0.053291,0.222009,-0.613220,0.245651,0.750717,-0.522925,0.000000,0.000000,0.000000,1.000000,0.14668853082693975,176.08390568963532
1782485744.283695,0.724609,-0.203368,0.658438,0.500723,0.314418,0.947785,-0.053291,0.222009,-0.613220,0.245651,0.750717,-0.522925,0.000000,0.000000,0.000000,1.000000,0.14668853082693975,176.08390568963532
1782485744.318775,0.724609,-0.203368,0.658438,0.500723,0.314418,0.947785,-0.053291,0.222009,-0.613220,0.245651,0.750717,-0.522925,0.000000,0.000000,0.000000,1.000000,0.14668853082693975,176.08390568963532
1782485744.353911,0.724609,-0.203368,0.658438,0.500723,0.314418,0.947785,-0.053291,0.222009,-0.613220,0.245651,0.750717,-0.522925,0.000000,0.000000,0.000000,1.000000,0.14668853082693975,176.08390568963532
1782485744.389120,0.724609,-0.203368,0.658438,0.500723,0.314418,0.947785,-0.053291,0.222009,-0.613220,0.245651,0.750717,-0.522925,0.000000,0.000000,0.000000,1.000000,0.14668853082693975,176.08390568963532
1782485744.424333,0.724609,-0.203368,0.658438,0.500723,0.314418,0.947785,-0.053291,0.222009,-0.613220,0.245651,0.750717,-0.522925,0.000000,0.000000,0.000000,1.000000,0.14668853082693975,176.08390568963532
1782485744.458975,0.724609,-0.203368,0.658438,0.500723,0.314418,0.947785,-0.053291,0.222009,-0.613220,0.245651,0.750717,-0.522925,0.000000,0.000000,0.000000,1.000000,0.14668853082693975,176.08390568963532
1782485744.494372,0.724609,-0.203368,0.658438,0.500723,0.314418,0.947785,-0.053291,0.222009,-0.613220,0.245651,0.750717,-0.522925,0.000000,0.000000,0.000000,1.000000,0.14668853082693975,176.08390568963532
1782485744.529753,0.724609,-0.203368,0.658438,0.500723,0.314418,0.947785,-0.053291,0.222009,-0.613220,0.245651,0.750717,-0.522925,0.000000,0.000000,0.000000,1.000000,0.14668853082693975,176.08390568963532
1782485744.565313,0.724609,-0.203368,0.658438,0.500723,0.314418,0.947785,-0.053291,0.222009,-0.613220,0.245651,0.750717,-0.522925,0.000000,0.000000,0.000000,1.000000,0.14668853082693975,176.08390568963532
1782485744.600541,0.724609,-0.203368,0.658438,0.500723,0.314418,0.947785,-0.053291,0.222009,-0.613220,0.245651,0.750717,-0.522925,0.000000,0.000000,0.000000,1.000000,0.14668853082693975,176.08390568963532
1782485744.635225,0.724609,-0.203368,0.658438,0.500723,0.314418,0.947785,-0.053291,0.222009,-0.613220,0.245651,0.750717,-0.522925,0.000000,0.000000,0.000000,1.000000,0.14668853082693975,176.08390568963532
1782485744.670665,0.724609,-0.203368,0.658438,0.500723,0.314418,0.947785,-0.053291,0.222009,-0.613220,0.245651,0.750717,-0.522925,0.000000,0.000000,0.000000,1.000000,0.14668853082693975,176.08390568963532
1782485744.706424,0.724609,-0.203368,0.658438,0.500723,0.314418,0.947785,-0.053291,0.222009,-0.613220,0.245651,0.750717,-0.522925,0.000000,0.000000,0.000000,1.000000,0.14668853082693975,176.08390568963532
1782485744.741672,0.724609,-0.203368,0.658438,0.500723,0.314418,0.947785,-0.053291,0.222009,-0.613220,0.245651,0.750717,-0.522925,0.000000,0.000000,0.000000,1.000000,0.14668853082693975,176.08390568963532
1782485744.777115,0.724609,-0.203368,0.658438,0.500723,0.314418,0.947785,-0.053291,0.222009,-0.613220,0.245651,0.750717,-0.522925,0.000000,0.000000,0.000000,1.000000,0.14668853082693975,176.08390568963532
1782485744.812932,0.724609,-0.203368,0.658438,0.500723,0.314418,0.947785,-0.053291,0.222009,-0.613220,0.245651,0.750717,-0.522925,0.000000,0.000000,0.000000,1.000000,0.14668853082693975,176.08390568963532
1782485744.848221,0.724609,-0.203368,0.658438,0.500723,0.314418,0.947785,-0.053291,0.222009,-0.613220,0.245651,0.750717,-0.522925,0.000000,0.000000,0.000000,1.000000,0.14668853082693975,176.08390568963532
1782485744.883774,0.724609,-0.203368,0.658438,0.500723,0.314418,0.947785,-0.053291,0.222009,-0.613220,0.245651,0.750717,-0.522925,0.000000,0.000000,0.000000,1.000000,0.14668853082693975,176.08390568963532
1782485744.919637,0.724609,-0.203368,0.658438,0.500723,0.314418,0.947785,-0.053291,0.222009,-0.613220,0.245651,0.750717,-0.522925,0.000000,0.000000,0.000000,1.000000,0.14668853082693975,176.08390568963532
1782485744.954910,0.724609,-0.203368,0.658438,0.500723,0.314418,0.947785,-0.053291,0.222009,-0.613220,0.245651,0.750717,-0.522925,0.000000,0.000000,0.000000,1.000000,0.14668853082693975,176.08390568963532
1782485744.990216,0.724609,-0.203368,0.658438,0.500723,0.314418,0.947785,-0.053291,0.222009,-0.613220,0.245651,0.750717,-0.522925,0.000000,0.000000,0.000000,1.000000,0.14668853082693975,176.08390568963532
1782485745.025939,0.724609,-0.203368,0.658438,0.500723,0.314418,0.947785,-0.053291,0.222009,-0.613220,0.245651,0.750717,-0.522925,0.000000,0.000000,0.000000,1.000000,0.14668853082693975,176.08390568963532
1782485745.061747,0.724609,-0.203368,0.658438,0.500723,0.314418,0.947785,-0.053291,0.222009,-0.613220,0.245651,0.750717,-0.522925,0.000000,0.000000,0.000000,1.000000,0.14668853082693975,176.08390568963532
1782485745.097578,0.724609,-0.203368,0.658438,0.500723,0.314418,0.947785,-0.053291,0.222009,-0.613220,0.245651,0.750717,-0.522925,0.000000,0.000000,0.000000,1.000000,0.14668853082693975,176.08390568963532
1782485745.133318,0.724609,-0.203368,0.658438,0.500723,0.314418,0.947785,-0.053291,0.222009,-0.613220,0.245651,0.750717,-0.522925,0.000000,0.000000,0.000000,1.000000,0.14668853082693975,176.08390568963532
1782485745.168482,0.724609,-0.203368,0.658438,0.500723,0.314418,0.947785,-0.053291,0.222009,-0.613220,0.245651,0.750717,-0.522925,0.000000,0.000000,0.000000,1.000000,0.14668853082693975,176.08390568963532
1782485745.204135,0.724609,-0.203368,0.658438,0.500723,0.314418,0.947785,-0.053291,0.222009,-0.613220,0.245651,0.750717,-0.522925,0.000000,0.000000,0.000000,1.000000,0.14668853082693975,176.08390568963532
1782485745.239796,0.724609,-0.203368,0.658438,0.500723,0.314418,0.947785,-0.053291,0.222009,-0.613220,0.245651,0.750717,-0.522925,0.000000,0.000000,0.000000,1.000000,0.14668853082693975,176.08390568963532
1782485745.274396,0.724609,-0.203368,0.658438,0.500723,0.314418,0.947785,-0.053291,0.222009,-0.613220,0.245651,0.750717,-0.522925,0.000000,0.000000,0.000000,1.000000,0.14668853082693975,176.08390568963532
1782485745.309917,0.724609,-0.203368,0.658438,0.500723,0.314418,0.947785,-0.053291,0.222009,-0.613220,0.245651,0.750717,-0.522925,0.000000,0.000000,0.000000,1.000000,0.14668853082693975,176.08390568963532
1782485745.345623,0.724609,-0.203368,0.658438,0.500723,0.314418,0.947785,-0.053291,0.222009,-0.613220,0.245651,0.750717,-0.522925,0.000000,0.000000,0.000000,1.000000,0.14668853082693975,176.08390568963532
1782485745.381530,0.724609,-0.203368,0.658438,0.500723,0.314418,0.947785,-0.053291,0.222009,-0.613220,0.245651,0.750717,-0.522925,0.000000,0.000000,0.000000,1.000000,0.14668853082693975,176.08390568963532
1782485745.417415,0.724609,-0.203368,0.658438,0.500723,0.314418,0.947785,-0.053291,0.222009,-0.613220,0.245651,0.750717,-0.522925,0.000000,0.000000,0.000000,1.000000,0.14668853082693975,176.08390568963532
1782485745.453492,0.724609,-0.203368,0.658438,0.500723,0.314418,0.947785,-0.053291,0.222009,-0.613220,0.245651,0.750717,-0.522925,0.000000,0.000000,0.000000,1.000000,0.14668853082693975,176.08390568963532
1782485745.489076,0.724609,-0.203368,0.658438,0.500723,0.314418,0.947785,-0.053291,0.222009,-0.613220,0.245651,0.750717,-0.522925,0.000000,0.000000,0.000000,1.000000,0.14668853082693975,176.08390568963532
1782485745.524873,0.724609,-0.203368,0.658438,0.500723,0.314418,0.947785,-0.053291,0.222009,-0.613220,0.245651,0.750717,-0.522925,0.000000,0.000000,0.000000,1.000000,0.14668853082693975,176.08390568963532
1782485745.560927,0.724609,-0.203368,0.658438,0.500723,0.314418,0.947785,-0.053291,0.222009,-0.613220,0.245651,0.750717,-0.522925,0.000000,0.000000,0.000000,1.000000,0.14668853082693975,176.08390568963532
1782485745.596856,0.724609,-0.203368,0.658438,0.500723,0.314418,0.947785,-0.053291,0.222009,-0.613220,0.245651,0.750717,-0.522925,0.000000,0.000000,0.000000,1.000000,0.14668853082693975,176.08390568963532
1782485745.633048,0.724609,-0.203368,0.658438,0.500723,0.314418,0.947785,-0.053291,0.222009,-0.613220,0.245651,0.750717,-0.522925,0.000000,0.000000,0.000000,1.000000,0.14668853082693975,176.08390568963532
1782485745.668552,0.724609,-0.203368,0.658438,0.500723,0.314418,0.947785,-0.053291,0.222009,-0.613220,0.245651,0.750717,-0.522925,0.000000,0.000000,0.000000,1.000000,0.14668853082693975,176.08390568963532
1782485745.704106,0.724609,-0.203368,0.658438,0.500723,0.314418,0.947785,-0.053291,0.222009,-0.613220,0.245651,0.750717,-0.522925,0.000000,0.000000,0.000000,1.000000,0.14668853082693975,176.08390568963532
1782485745.740545,0.724609,-0.203368,0.658438,0.500723,0.314418,0.947785,-0.053291,0.222009,-0.613220,0.245651,0.750717,-0.522925,0.000000,0.000000,0.000000,1.000000,0.14668853082693975,176.08390568963532
1782485745.776745,0.724609,-0.203368,0.658438,0.500723,0.314418,0.947785,-0.053291,0.222009,-0.613220,0.245651,0.750717,-0.522925,0.000000,0.000000,0.000000,1.000000,0.14668853082693975,176.08390568963532
1782485745.812668,0.724609,-0.203368,0.658438,0.500723,0.314418,0.947785,-0.053291,0.222009,-0.613220,0.245651,0.750717,-0.522925,0.000000,0.000000,0.000000,1.000000,0.14668853082693975,176.08390568963532
1782485745.848463,0.724609,-0.203368,0.658438,0.500723,0.314418,0.947785,-0.053291,0.222009,-0.613220,0.245651,0.750717,-0.522925,0.000000,0.000000,0.000000,1.000000,0.14668853082693975,176.08390568963532
1782485745.883386,0.724609,-0.203368,0.658438,0.500723,0.314418,0.947785,-0.053291,0.222009,-0.613220,0.245651,0.750717,-0.522925,0.000000,0.000000,0.000000,1.000000,0.14668853082693975,176.08390568963532
1782485745.918513,0.724609,-0.203368,0.658438,0.500723,0.314418,0.947785,-0.053291,0.222009,-0.613220,0.245651,0.750717,-0.522925,0.000000,0.000000,0.000000,1.000000,0.14668853082693975,176.08390568963532
1782485745.954403,0.724609,-0.203368,0.658438,0.500723,0.314418,0.947785,-0.053291,0.222009,-0.613220,0.245651,0.750717,-0.522925,0.000000,0.000000,0.000000,1.000000,0.14668853082693975,176.08390568963532
1782485745.989382,0.724609,-0.203368,0.658438,0.500723,0.314418,0.947785,-0.053291,0.222009,-0.613220,0.245651,0.750717,-0.522925,0.000000,0.000000,0.000000,1.000000,0.14668853082693975,176.08390568963532
1782485746.025323,0.724609,-0.203368,0.658438,0.500723,0.314418,0.947785,-0.053291,0.222009,-0.613220,0.245651,0.750717,-0.522925,0.000000,0.000000,0.000000,1.000000,0.14668853082693975,176.08390568963532
1782485746.061409,0.724609,-0.203368,0.658438,0.500723,0.314418,0.947785,-0.053291,0.222009,-0.613220,0.245651,0.750717,-0.522925,0.000000,0.000000,0.000000,1.000000,0.14668853082693975,176.08390568963532
1782485746.097377,0.724609,-0.203368,0.658438,0.500723,0.314418,0.947785,-0.053291,0.222009,-0.613220,0.245651,0.750717,-0.522925,0.000000,0.000000,0.000000,1.000000,0.14668853082693975,176.08390568963532
1782485746.133274,0.724609,-0.203368,0.658438,0.500723,0.314418,0.947785,-0.053291,0.222009,-0.613220,0.245651,0.750717,-0.522925,0.000000,0.000000,0.000000,1.000000,0.14668853082693975,176.08390568963532
1782485746.168537,0.724609,-0.203368,0.658438,0.500723,0.314418,0.947785,-0.053291,0.222009,-0.613220,0.245651,0.750717,-0.522925,0.000000,0.000000,0.000000,1.000000,0.14668853082693975,176.08390568963532
1782485746.204394,0.724609,-0.203368,0.658438,0.500723,0.314418,0.947785,-0.053291,0.222009,-0.613220,0.245651,0.750717,-0.522925,0.000000,0.000000,0.000000,1.000000,0.14668853082693975,176.08390568963532
1782485746.239361,0.724609,-0.203368,0.658438,0.500723,0.314418,0.947785,-0.053291,0.222009,-0.613220,0.245651,0.750717,-0.522925,0.000000,0.000000,0.000000,1.000000,0.14668853082693975,176.08390568963532
1782485746.274344,0.724609,-0.203368,0.658438,0.500723,0.314418,0.947785,-0.053291,0.222009,-0.613220,0.245651,0.750717,-0.522925,0.000000,0.000000,0.000000,1.000000,0.14668853082693975,176.08390568963532
1782485746.310252,0.724609,-0.203368,0.658438,0.500723,0.314418,0.947785,-0.053291,0.222009,-0.613220,0.245651,0.750717,-0.522925,0.000000,0.000000,0.000000,1.000000,0.14668853082693975,176.08390568963532
1782485746.345764,0.724609,-0.203368,0.658438,0.500723,0.314418,0.947785,-0.053291,0.222009,-0.613220,0.245651,0.750717,-0.522925,0.000000,0.000000,0.000000,1.000000,0.14668853082693975,176.08390568963532
1782485746.381345,0.724609,-0.203368,0.658438,0.500723,0.314418,0.947785,-0.053291,0.222009,-0.613220,0.245651,0.750717,-0.522925,0.000000,0.000000,0.000000,1.000000,0.14668853082693975,176.08390568963532
1782485746.417119,0.724609,-0.203368,0.658438,0.500723,0.314418,0.947785,-0.053291,0.222009,-0.613220,0.245651,0.750717,-0.522925,0.000000,0.000000,0.000000,1.000000,0.14668853082693975,176.08390568963532
1782485746.453239,0.724609,-0.203368,0.658438,0.500723,0.314418,0.947785,-0.053291,0.222009,-0.613220,0.245651,0.750717,-0.522925,0.000000,0.000000,0.000000,1.000000,0.14668853082693975,176.08390568963532
1782485746.488124,0.724609,-0.203368,0.658438,0.500723,0.314418,0.947785,-0.053291,0.222009,-0.613220,0.245651,0.750717,-0.522925,0.000000,0.000000,0.000000,1.000000,0.14668853082693975,176.08390568963532
1782485746.524051,0.724609,-0.203368,0.658438,0.500723,0.314418,0.947785,-0.053291,0.222009,-0.613220,0.245651,0.750717,-0.522925,0.000000,0.000000,0.000000,1.000000,0.14668853082693975,176.08390568963532
1782485746.560052,0.724609,-0.203368,0.658438,0.500723,0.314418,0.947785,-0.053291,0.222009,-0.613220,0.245651,0.750717,-0.522925,0.000000,0.000000,0.000000,1.000000,0.14668853082693975,176.08390568963532
1782485746.595282,0.724609,-0.203368,0.658438,0.500723,0.314418,0.947785,-0.053291,0.222009,-0.613220,0.245651,0.750717,-0.522925,0.000000,0.000000,0.000000,1.000000,0.14668853082693975,176.08390568963532
1782485746.630789,0.724609,-0.203368,0.658438,0.500723,0.314418,0.947785,-0.053291,0.222009,-0.613220,0.245651,0.750717,-0.522925,0.000000,0.000000,0.000000,1.000000,0.14668853082693975,176.08390568963532
1782485746.666300,0.724609,-0.203368,0.658438,0.500723,0.314418,0.947785,-0.053291,0.222009,-0.613220,0.245651,0.750717,-0.522925,0.000000,0.000000,0.000000,1.000000,0.14668853082693975,176.08390568963532
1782485746.701410,0.724609,-0.203368,0.658438,0.500723,0.314418,0.947785,-0.053291,0.222009,-0.613220,0.245651,0.750717,-0.522925,0.000000,0.000000,0.000000,1.000000,0.14668853082693975,176.08390568963532
1782485746.736010,0.724609,-0.203368,0.658438,0.500723,0.314418,0.947785,-0.053291,0.222009,-0.613220,0.245651,0.750717,-0.522925,0.000000,0.000000,0.000000,1.000000,0.14668853082693975,176.08390568963532
1782485746.772199,0.724609,-0.203368,0.658438,0.500723,0.314418,0.947785,-0.053291,0.222009,-0.613220,0.245651,0.750717,-0.522925,0.000000,0.000000,0.000000,1.000000,0.14668853082693975,176.08390568963532
1782485746.807673,0.724609,-0.203368,0.658438,0.500723,0.314418,0.947785,-0.053291,0.222009,-0.613220,0.245651,0.750717,-0.522925,0.000000,0.000000,0.000000,1.000000,0.14668853082693975,176.08390568963532
1782485746.843318,0.724609,-0.203368,0.658438,0.500723,0.314418,0.947785,-0.053291,0.222009,-0.613220,0.245651,0.750717,-0.522925,0.000000,0.000000,0.000000,1.000000,0.14668853082693975,176.08390568963532
1782485746.878874,0.724609,-0.203368,0.658438,0.500723,0.314418,0.947785,-0.053291,0.222009,-0.613220,0.245651,0.750717,-0.522925,0.000000,0.000000,0.000000,1.000000,0.14668853082693975,176.08390568963532
1782485746.914376,0.724609,-0.203368,0.658438,0.500723,0.314418,0.947785,-0.053291,0.222009,-0.613220,0.245651,0.750717,-0.522925,0.000000,0.000000,0.000000,1.000000,0.14668853082693975,176.08390568963532
1782485746.950151,0.724609,-0.203368,0.658438,0.500723,0.314418,0.947785,-0.053291,0.222009,-0.613220,0.245651,0.750717,-0.522925,0.000000,0.000000,0.000000,1.000000,0.14668853082693975,176.08390568963532
1782485746.986226,0.724609,-0.203368,0.658438,0.500723,0.314418,0.947785,-0.053291,0.222009,-0.613220,0.245651,0.750717,-0.522925,0.000000,0.000000,0.000000,1.000000,0.14668853082693975,176.08390568963532
1782485747.021863,0.724609,-0.203368,0.658438,0.500723,0.314418,0.947785,-0.053291,0.222009,-0.613220,0.245651,0.750717,-0.522925,0.000000,0.000000,0.000000,1.000000,0.14668853082693975,176.08390568963532
1782485747.057439,0.724609,-0.203368,0.658438,0.500723,0.314418,0.947785,-0.053291,0.222009,-0.613220,0.245651,0.750717,-0.522925,0.000000,0.000000,0.000000,1.000000,0.14668853082693975,176.08390568963532
1782485747.092824,0.724609,-0.203368,0.658438,0.500723,0.314418,0.947785,-0.053291,0.222009,-0.613220,0.245651,0.750717,-0.522925,0.000000,0.000000,0.000000,1.000000,0.14668853082693975,176.08390568963532
1782485747.127862,0.724609,-0.203368,0.658438,0.500723,0.314418,0.947785,-0.053291,0.222009,-0.613220,0.245651,0.750717,-0.522925,0.000000,0.000000,0.000000,1.000000,0.14668853082693975,176.08390568963532
1782485747.163291,0.724609,-0.203368,0.658438,0.500723,0.314418,0.947785,-0.053291,0.222009,-0.613220,0.245651,0.750717,-0.522925,0.000000,0.000000,0.000000,1.000000,0.14668853082693975,176.08390568963532
1782485747.198951,0.724609,-0.203368,0.658438,0.500723,0.314418,0.947785,-0.053291,0.222009,-0.613220,0.245651,0.750717,-0.522925,0.000000,0.000000,0.000000,1.000000,0.14668853082693975,176.08390568963532
1782485747.234287,0.724609,-0.203368,0.658438,0.500723,0.314418,0.947785,-0.053291,0.222009,-0.613220,0.245651,0.750717,-0.522925,0.000000,0.000000,0.000000,1.000000,0.14668853082693975,176.08390568963532
1782485747.268462,0.724609,-0.203368,0.658438,0.500723,0.314418,0.947785,-0.053291,0.222009,-0.613220,0.245651,0.750717,-0.522925,0.000000,0.000000,0.000000,1.000000,0.14668853082693975,176.08390568963532
1782485747.304023,0.724609,-0.203368,0.658438,0.500723,0.314418,0.947785,-0.053291,0.222009,-0.613220,0.245651,0.750717,-0.522925,0.000000,0.000000,0.000000,1.000000,0.14668853082693975,176.08390568963532
1782485747.339547,0.724609,-0.203368,0.658438,0.500723,0.314418,0.947785,-0.053291,0.222009,-0.613220,0.245651,0.750717,-0.522925,0.000000,0.000000,0.000000,1.000000,0.14668853082693975,176.08390568963532
1782485747.375132,0.724609,-0.203368,0.658438,0.500723,0.314418,0.947785,-0.053291,0.222009,-0.613220,0.245651,0.750717,-0.522925,0.000000,0.000000,0.000000,1.000000,0.14668853082693975,176.08390568963532
1782485747.410482,0.724609,-0.203368,0.658438,0.500723,0.314418,0.947785,-0.053291,0.222009,-0.613220,0.245651,0.750717,-0.522925,0.000000,0.000000,0.000000,1.000000,0.14668853082693975,176.08390568963532
1782485747.445819,0.724609,-0.203368,0.658438,0.500723,0.314418,0.947785,-0.053291,0.222009,-0.613220,0.245651,0.750717,-0.522925,0.000000,0.000000,0.000000,1.000000,0.14668853082693975,176.08390568963532
1782485747.480757,0.724609,-0.203368,0.658438,0.500723,0.314418,0.947785,-0.053291,0.222009,-0.613220,0.245651,0.750717,-0.522925,0.000000,0.000000,0.000000,1.000000,0.14668853082693975,176.08390568963532
1782485747.516036,0.724609,-0.203368,0.658438,0.500723,0.314418,0.947785,-0.053291,0.222009,-0.613220,0.245651,0.750717,-0.522925,0.000000,0.000000,0.000000,1.000000,0.14668853082693975,176.08390568963532
1782485747.551287,0.724609,-0.203368,0.658438,0.500723,0.314418,0.947785,-0.053291,0.222009,-0.613220,0.245651,0.750717,-0.522925,0.000000,0.000000,0.000000,1.000000,0.14668853082693975,176.08390568963532
1782485747.586594,0.724609,-0.203368,0.658438,0.500723,0.314418,0.947785,-0.053291,0.222009,-0.613220,0.245651,0.750717,-0.522925,0.000000,0.000000,0.000000,1.000000,0.14668853082693975,176.08390568963532
1782485747.621762,0.724609,-0.203368,0.658438,0.500723,0.314418,0.947785,-0.053291,0.222009,-0.613220,0.245651,0.750717,-0.522925,0.000000,0.000000,0.000000,1.000000,0.14668853082693975,176.08390568963532
1782485747.657137,0.724609,-0.203368,0.658438,0.500723,0.314418,0.947785,-0.053291,0.222009,-0.613220,0.245651,0.750717,-0.522925,0.000000,0.000000,0.000000,1.000000,0.14668853082693975,176.08390568963532
1782485747.692384,0.724609,-0.203368,0.658438,0.500723,0.314418,0.947785,-0.053291,0.222009,-0.613220,0.245651,0.750717,-0.522925,0.000000,0.000000,0.000000,1.000000,0.14668853082693975,176.08390568963532
1782485747.727873,0.724609,-0.203368,0.658438,0.500723,0.314418,0.947785,-0.053291,0.222009,-0.613220,0.245651,0.750717,-0.522925,0.000000,0.000000,0.000000,1.000000,0.14668853082693975,176.08390568963532
1782485747.763220,0.724609,-0.203368,0.658438,0.500723,0.314418,0.947785,-0.053291,0.222009,-0.613220,0.245651,0.750717,-0.522925,0.000000,0.000000,0.000000,1.000000,0.14668853082693975,176.08390568963532
1782485747.797873,0.724609,-0.203368,0.658438,0.500723,0.314418,0.947785,-0.053291,0.222009,-0.613220,0.245651,0.750717,-0.522925,0.000000,0.000000,0.000000,1.000000,0.14668853082693975,176.08390568963532
1782485747.833325,0.724609,-0.203368,0.658438,0.500723,0.314418,0.947785,-0.053291,0.222009,-0.613220,0.245651,0.750717,-0.522925,0.000000,0.000000,0.000000,1.000000,0.14668853082693975,176.08390568963532
1782485747.868876,0.724609,-0.203368,0.658438,0.500723,0.314418,0.947785,-0.053291,0.222009,-0.613220,0.245651,0.750717,-0.522925,0.000000,0.000000,0.000000,1.000000,0.14668853082693975,176.08390568963532
1782485747.904609,0.724609,-0.203368,0.658438,0.500723,0.314418,0.947785,-0.053291,0.222009,-0.613220,0.245651,0.750717,-0.522925,0.000000,0.000000,0.000000,1.000000,0.14668853082693975,176.08390568963532
1782485747.939826,0.724609,-0.203368,0.658438,0.500723,0.314418,0.947785,-0.053291,0.222009,-0.613220,0.245651,0.750717,-0.522925,0.000000,0.000000,0.000000,1.000000,0.14668853082693975,176.08390568963532
1782485747.975642,0.724609,-0.203368,0.658438,0.500723,0.314418,0.947785,-0.053291,0.222009,-0.613220,0.245651,0.750717,-0.522925,0.000000,0.000000,0.000000,1.000000,0.14668853082693975,176.08390568963532
1782485748.010692,0.724609,-0.203368,0.658438,0.500723,0.314418,0.947785,-0.053291,0.222009,-0.613220,0.245651,0.750717,-0.522925,0.000000,0.000000,0.000000,1.000000,0.14668853082693975,176.08390568963532
1782485748.046493,0.724609,-0.203368,0.658438,0.500723,0.314418,0.947785,-0.053291,0.222009,-0.613220,0.245651,0.750717,-0.522925,0.000000,0.000000,0.000000,1.000000,0.14668853082693975,176.08390568963532
1782485748.081791,0.724609,-0.203368,0.658438,0.500723,0.314418,0.947785,-0.053291,0.222009,-0.613220,0.245651,0.750717,-0.522925,0.000000,0.000000,0.000000,1.000000,0.14668853082693975,176.08390568963532
1782485748.117659,0.724609,-0.203368,0.658438,0.500723,0.314418,0.947785,-0.053291,0.222009,-0.613220,0.245651,0.750717,-0.522925,0.000000,0.000000,0.000000,1.000000,0.14668853082693975,176.08390568963532
1782485748.153647,0.724609,-0.203368,0.658438,0.500723,0.314418,0.947785,-0.053291,0.222009,-0.613220,0.245651,0.750717,-0.522925,0.000000,0.000000,0.000000,1.000000,0.14668853082693975,176.08390568963532
1782485748.189234,0.724609,-0.203368,0.658438,0.500723,0.314418,0.947785,-0.053291,0.222009,-0.613220,0.245651,0.750717,-0.522925,0.000000,0.000000,0.000000,1.000000,0.14668853082693975,176.08390568963532
1782485748.224647,0.724609,-0.203368,0.658438,0.500723,0.314418,0.947785,-0.053291,0.222009,-0.613220,0.245651,0.750717,-0.522925,0.000000,0.000000,0.000000,1.000000,0.14668853082693975,176.08390568963532
1782485748.260114,0.724609,-0.203368,0.658438,0.500723,0.314418,0.947785,-0.053291,0.222009,-0.613220,0.245651,0.750717,-0.522925,0.000000,0.000000,0.000000,1.000000,0.14668853082693975,176.08390568963532
1782485748.295395,0.724609,-0.203368,0.658438,0.500723,0.314418,0.947785,-0.053291,0.222009,-0.613220,0.245651,0.750717,-0.522925,0.000000,0.000000,0.000000,1.000000,0.14668853082693975,176.08390568963532
1782485748.330639,0.724609,-0.203368,0.658438,0.500723,0.314418,0.947785,-0.053291,0.222009,-0.613220,0.245651,0.750717,-0.522925,0.000000,0.000000,0.000000,1.000000,0.14668853082693975,176.08390568963532
1782485748.366219,0.724609,-0.203368,0.658438,0.500723,0.314418,0.947785,-0.053291,0.222009,-0.613220,0.245651,0.750717,-0.522925,0.000000,0.000000,0.000000,1.000000,0.14668853082693975,176.08390568963532
1782485748.402091,0.724609,-0.203368,0.658438,0.500723,0.314418,0.947785,-0.053291,0.222009,-0.613220,0.245651,0.750717,-0.522925,0.000000,0.000000,0.000000,1.000000,0.14668853082693975,176.08390568963532
1782485748.437528,0.724609,-0.203368,0.658438,0.500723,0.314418,0.947785,-0.053291,0.222009,-0.613220,0.245651,0.750717,-0.522925,0.000000,0.000000,0.000000,1.000000,0.14668853082693975,176.08390568963532
1782485748.472506,0.724609,-0.203368,0.658438,0.500723,0.314418,0.947785,-0.053291,0.222009,-0.613220,0.245651,0.750717,-0.522925,0.000000,0.000000,0.000000,1.000000,0.14668853082693975,176.08390568963532
1782485748.508305,0.724609,-0.203368,0.658438,0.500723,0.314418,0.947785,-0.053291,0.222009,-0.613220,0.245651,0.750717,-0.522925,0.000000,0.000000,0.000000,1.000000,0.14668853082693975,176.08390568963532
1782485748.544174,0.724609,-0.203368,0.658438,0.500723,0.314418,0.947785,-0.053291,0.222009,-0.613220,0.245651,0.750717,-0.522925,0.000000,0.000000,0.000000,1.000000,0.14668853082693975,176.08390568963532
1782485748.579788,0.724609,-0.203368,0.658438,0.500723,0.314418,0.947785,-0.053291,0.222009,-0.613220,0.245651,0.750717,-0.522925,0.000000,0.000000,0.000000,1.000000,0.14668853082693975,176.08390568963532
1782485748.614751,0.724609,-0.203368,0.658438,0.500723,0.314418,0.947785,-0.053291,0.222009,-0.613220,0.245651,0.750717,-0.522925,0.000000,0.000000,0.000000,1.000000,0.14668853082693975,176.08390568963532
1782485748.649884,0.724609,-0.203368,0.658438,0.500723,0.314418,0.947785,-0.053291,0.222009,-0.613220,0.245651,0.750717,-0.522925,0.000000,0.000000,0.000000,1.000000,0.14668853082693975,176.08390568963532
1782485748.685429,0.724609,-0.203368,0.658438,0.500723,0.314418,0.947785,-0.053291,0.222009,-0.613220,0.245651,0.750717,-0.522925,0.000000,0.000000,0.000000,1.000000,0.14668853082693975,176.08390568963532
1782485748.720587,0.724609,-0.203368,0.658438,0.500723,0.314418,0.947785,-0.053291,0.222009,-0.613220,0.245651,0.750717,-0.522925,0.000000,0.000000,0.000000,1.000000,0.14668853082693975,176.08390568963532
1782485748.756269,0.724609,-0.203368,0.658438,0.500723,0.314418,0.947785,-0.053291,0.222009,-0.613220,0.245651,0.750717,-0.522925,0.000000,0.000000,0.000000,1.000000,0.14668853082693975,176.08390568963532
1782485748.792090,0.724609,-0.203368,0.658438,0.500723,0.314418,0.947785,-0.053291,0.222009,-0.613220,0.245651,0.750717,-0.522925,0.000000,0.000000,0.000000,1.000000,0.14668853082693975,176.08390568963532
1782485748.827665,0.724609,-0.203368,0.658438,0.500723,0.314418,0.947785,-0.053291,0.222009,-0.613220,0.245651,0.750717,-0.522925,0.000000,0.000000,0.000000,1.000000,0.14668853082693975,176.08390568963532
1782485748.862930,0.724609,-0.203368,0.658438,0.500723,0.314418,0.947785,-0.053291,0.222009,-0.613220,0.245651,0.750717,-0.522925,0.000000,0.000000,0.000000,1.000000,0.14668853082693975,176.08390568963532
1782485748.898142,0.724609,-0.203368,0.658438,0.500723,0.314418,0.947785,-0.053291,0.222009,-0.613220,0.245651,0.750717,-0.522925,0.000000,0.000000,0.000000,1.000000,0.14668853082693975,176.08390568963532
1782485748.933140,0.724609,-0.203368,0.658438,0.500723,0.314418,0.947785,-0.053291,0.222009,-0.613220,0.245651,0.750717,-0.522925,0.000000,0.000000,0.000000,1.000000,0.14668853082693975,176.08390568963532
1782485748.968171,0.724609,-0.203368,0.658438,0.500723,0.314418,0.947785,-0.053291,0.222009,-0.613220,0.245651,0.750717,-0.522925,0.000000,0.000000,0.000000,1.000000,0.14668853082693975,176.08390568963532
1782485749.003254,0.724609,-0.203368,0.658438,0.500723,0.314418,0.947785,-0.053291,0.222009,-0.613220,0.245651,0.750717,-0.522925,0.000000,0.000000,0.000000,1.000000,0.14668853082693975,176.08390568963532
1782485749.038311,0.724609,-0.203368,0.658438,0.500723,0.314418,0.947785,-0.053291,0.222009,-0.613220,0.245651,0.750717,-0.522925,0.000000,0.000000,0.000000,1.000000,0.14668853082693975,176.08390568963532
1782485749.073606,0.724609,-0.203368,0.658438,0.500723,0.314418,0.947785,-0.053291,0.222009,-0.613220,0.245651,0.750717,-0.522925,0.000000,0.000000,0.000000,1.000000,0.14668853082693975,176.08390568963532
1782485749.109001,0.724609,-0.203368,0.658438,0.500723,0.314418,0.947785,-0.053291,0.222009,-0.613220,0.245651,0.750717,-0.522925,0.000000,0.000000,0.000000,1.000000,0.14668853082693975,176.08390568963532
1782485749.144406,0.724609,-0.203368,0.658438,0.500723,0.314418,0.947785,-0.053291,0.222009,-0.613220,0.245651,0.750717,-0.522925,0.000000,0.000000,0.000000,1.000000,0.14668853082693975,176.08390568963532
1782485749.179541,0.724609,-0.203368,0.658438,0.500723,0.314418,0.947785,-0.053291,0.222009,-0.613220,0.245651,0.750717,-0.522925,0.000000,0.000000,0.000000,1.000000,0.14668853082693975,176.08390568963532
1782485749.215187,0.724609,-0.203368,0.658438,0.500723,0.314418,0.947785,-0.053291,0.222009,-0.613220,0.245651,0.750717,-0.522925,0.000000,0.000000,0.000000,1.000000,0.14668853082693975,176.08390568963532
1782485749.250905,0.724609,-0.203368,0.658438,0.500723,0.314418,0.947785,-0.053291,0.222009,-0.613220,0.245651,0.750717,-0.522925,0.000000,0.000000,0.000000,1.000000,0.14668853082693975,176.08390568963532
1782485749.286273,0.724609,-0.203368,0.658438,0.500723,0.314418,0.947785,-0.053291,0.222009,-0.613220,0.245651,0.750717,-0.522925,0.000000,0.000000,0.000000,1.000000,0.14668853082693975,176.08390568963532
1782485749.321495,0.724609,-0.203368,0.658438,0.500723,0.314418,0.947785,-0.053291,0.222009,-0.613220,0.245651,0.750717,-0.522925,0.000000,0.000000,0.000000,1.000000,0.14668853082693975,176.08390568963532
1782485749.357194,0.724609,-0.203368,0.658438,0.500723,0.314418,0.947785,-0.053291,0.222009,-0.613220,0.245651,0.750717,-0.522925,0.000000,0.000000,0.000000,1.000000,0.14668853082693975,176.08390568963532
1782485749.392550,0.724609,-0.203368,0.658438,0.500723,0.314418,0.947785,-0.053291,0.222009,-0.613220,0.245651,0.750717,-0.522925,0.000000,0.000000,0.000000,1.000000,0.14668853082693975,176.08390568963532
1782485749.428005,0.724609,-0.203368,0.658438,0.500723,0.314418,0.947785,-0.053291,0.222009,-0.613220,0.245651,0.750717,-0.522925,0.000000,0.000000,0.000000,1.000000,0.14668853082693975,176.08390568963532
1782485749.463268,0.724609,-0.203368,0.658438,0.500723,0.314418,0.947785,-0.053291,0.222009,-0.613220,0.245651,0.750717,-0.522925,0.000000,0.000000,0.000000,1.000000,0.14668853082693975,176.08390568963532
1782485749.498713,0.724609,-0.203368,0.658438,0.500723,0.314418,0.947785,-0.053291,0.222009,-0.613220,0.245651,0.750717,-0.522925,0.000000,0.000000,0.000000,1.000000,0.14668853082693975,176.08390568963532
1782485749.533903,0.724609,-0.203368,0.658438,0.500723,0.314418,0.947785,-0.053291,0.222009,-0.613220,0.245651,0.750717,-0.522925,0.000000,0.000000,0.000000,1.000000,0.14668853082693975,176.08390568963532
1782485749.569198,0.724609,-0.203368,0.658438,0.500723,0.314418,0.947785,-0.053291,0.222009,-0.613220,0.245651,0.750717,-0.522925,0.000000,0.000000,0.000000,1.000000,0.14668853082693975,176.08390568963532
1782485749.604785,0.724609,-0.203368,0.658438,0.500723,0.314418,0.947785,-0.053291,0.222009,-0.613220,0.245651,0.750717,-0.522925,0.000000,0.000000,0.000000,1.000000,0.14668853082693975,176.08390568963532
1782485749.640240,0.724609,-0.203368,0.658438,0.500723,0.314418,0.947785,-0.053291,0.222009,-0.613220,0.245651,0.750717,-0.522925,0.000000,0.000000,0.000000,1.000000,0.14668853082693975,176.08390568963532
1782485749.675276,0.724609,-0.203368,0.658438,0.500723,0.314418,0.947785,-0.053291,0.222009,-0.613220,0.245651,0.750717,-0.522925,0.000000,0.000000,0.000000,1.000000,0.14668853082693975,176.08390568963532
1782485749.710497,0.724609,-0.203368,0.658438,0.500723,0.314418,0.947785,-0.053291,0.222009,-0.613220,0.245651,0.750717,-0.522925,0.000000,0.000000,0.000000,1.000000,0.14668853082693975,176.08390568963532
1782485749.745895,0.724609,-0.203368,0.658438,0.500723,0.314418,0.947785,-0.053291,0.222009,-0.613220,0.245651,0.750717,-0.522925,0.000000,0.000000,0.000000,1.000000,0.14668853082693975,176.08390568963532
1782485749.781470,0.724609,-0.203368,0.658438,0.500723,0.314418,0.947785,-0.053291,0.222009,-0.613220,0.245651,0.750717,-0.522925,0.000000,0.000000,0.000000,1.000000,0.14668853082693975,176.08390568963532
1782485749.816991,0.724609,-0.203368,0.658438,0.500723,0.314418,0.947785,-0.053291,0.222009,-0.613220,0.245651,0.750717,-0.522925,0.000000,0.000000,0.000000,1.000000,0.14668853082693975,176.08390568963532
1782485749.852843,0.724609,-0.203368,0.658438,0.500723,0.314418,0.947785,-0.053291,0.222009,-0.613220,0.245651,0.750717,-0.522925,0.000000,0.000000,0.000000,1.000000,0.14668853082693975,176.08390568963532
1782485749.888526,0.724609,-0.203368,0.658438,0.500723,0.314418,0.947785,-0.053291,0.222009,-0.613220,0.245651,0.750717,-0.522925,0.000000,0.000000,0.000000,1.000000,0.14668853082693975,176.08390568963532
1782485749.924023,0.724609,-0.203368,0.658438,0.500723,0.314418,0.947785,-0.053291,0.222009,-0.613220,0.245651,0.750717,-0.522925,0.000000,0.000000,0.000000,1.000000,0.14668853082693975,176.08390568963532
1782485749.959611,0.724609,-0.203368,0.658438,0.500723,0.314418,0.947785,-0.053291,0.222009,-0.613220,0.245651,0.750717,-0.522925,0.000000,0.000000,0.000000,1.000000,0.14668853082693975,176.08390568963532
1782485749.994770,0.724609,-0.203368,0.658438,0.500723,0.314418,0.947785,-0.053291,0.222009,-0.613220,0.245651,0.750717,-0.522925,0.000000,0.000000,0.000000,1.000000,0.14668853082693975,176.08390568963532
1782485750.030430,0.724609,-0.203368,0.658438,0.500723,0.314418,0.947785,-0.053291,0.222009,-0.613220,0.245651,0.750717,-0.522925,0.000000,0.000000,0.000000,1.000000,0.14668853082693975,176.08390568963532
1782485750.066149,0.724609,-0.203368,0.658438,0.500723,0.314418,0.947785,-0.053291,0.222009,-0.613220,0.245651,0.750717,-0.522925,0.000000,0.000000,0.000000,1.000000,0.14668853082693975,176.08390568963532
1782485750.101859,0.724609,-0.203368,0.658438,0.500723,0.314418,0.947785,-0.053291,0.222009,-0.613220,0.245651,0.750717,-0.522925,0.000000,0.000000,0.000000,1.000000,0.14668853082693975,176.08390568963532
1782485750.137808,0.724609,-0.203368,0.658438,0.500723,0.314418,0.947785,-0.053291,0.222009,-0.613220,0.245651,0.750717,-0.522925,0.000000,0.000000,0.000000,1.000000,0.14668853082693975,176.08390568963532
1782485750.173302,0.724609,-0.203368,0.658438,0.500723,0.314418,0.947785,-0.053291,0.222009,-0.613220,0.245651,0.750717,-0.522925,0.000000,0.000000,0.000000,1.000000,0.14668853082693975,176.08390568963532
1782485750.209013,0.724609,-0.203368,0.658438,0.500723,0.314418,0.947785,-0.053291,0.222009,-0.613220,0.245651,0.750717,-0.522925,0.000000,0.000000,0.000000,1.000000,0.14668853082693975,176.08390568963532
1782485750.244510,0.724609,-0.203368,0.658438,0.500723,0.314418,0.947785,-0.053291,0.222009,-0.613220,0.245651,0.750717,-0.522925,0.000000,0.000000,0.000000,1.000000,0.14668853082693975,176.08390568963532
1782485750.280401,0.724609,-0.203368,0.658438,0.500723,0.314418,0.947785,-0.053291,0.222009,-0.613220,0.245651,0.750717,-0.522925,0.000000,0.000000,0.000000,1.000000,0.14668853082693975,176.08390568963532
1782485750.316139,0.724609,-0.203368,0.658438,0.500723,0.314418,0.947785,-0.053291,0.222009,-0.613220,0.245651,0.750717,-0.522925,0.000000,0.000000,0.000000,1.000000,0.14668853082693975,176.08390568963532
1782485750.352006,0.724609,-0.203368,0.658438,0.500723,0.314418,0.947785,-0.053291,0.222009,-0.613220,0.245651,0.750717,-0.522925,0.000000,0.000000,0.000000,1.000000,0.14668853082693975,176.08390568963532
1782485750.387998,0.724609,-0.203368,0.658438,0.500723,0.314418,0.947785,-0.053291,0.222009,-0.613220,0.245651,0.750717,-0.522925,0.000000,0.000000,0.000000,1.000000,0.14668853082693975,176.08390568963532
1782485750.423918,0.724609,-0.203368,0.658438,0.500723,0.314418,0.947785,-0.053291,0.222009,-0.613220,0.245651,0.750717,-0.522925,0.000000,0.000000,0.000000,1.000000,0.14668853082693975,176.08390568963532
1782485750.459923,0.724609,-0.203368,0.658438,0.500723,0.314418,0.947785,-0.053291,0.222009,-0.613220,0.245651,0.750717,-0.522925,0.000000,0.000000,0.000000,1.000000,0.14668853082693975,176.08390568963532
1782485750.495693,0.724609,-0.203368,0.658438,0.500723,0.314418,0.947785,-0.053291,0.222009,-0.613220,0.245651,0.750717,-0.522925,0.000000,0.000000,0.000000,1.000000,0.14668853082693975,176.08390568963532
1782485750.531843,0.724609,-0.203368,0.658438,0.500723,0.314418,0.947785,-0.053291,0.222009,-0.613220,0.245651,0.750717,-0.522925,0.000000,0.000000,0.000000,1.000000,0.14668853082693975,176.08390568963532
1782485750.567601,0.724609,-0.203368,0.658438,0.500723,0.314418,0.947785,-0.053291,0.222009,-0.613220,0.245651,0.750717,-0.522925,0.000000,0.000000,0.000000,1.000000,0.14668853082693975,176.08390568963532
1782485750.603456,0.724609,-0.203368,0.658438,0.500723,0.314418,0.947785,-0.053291,0.222009,-0.613220,0.245651,0.750717,-0.522925,0.000000,0.000000,0.000000,1.000000,0.14668853082693975,176.08390568963532
1782485750.639415,0.724609,-0.203368,0.658438,0.500723,0.314418,0.947785,-0.053291,0.222009,-0.613220,0.245651,0.750717,-0.522925,0.000000,0.000000,0.000000,1.000000,0.14668853082693975,176.08390568963532
1782485750.674117,0.724609,-0.203368,0.658438,0.500723,0.314418,0.947785,-0.053291,0.222009,-0.613220,0.245651,0.750717,-0.522925,0.000000,0.000000,0.000000,1.000000,0.14668853082693975,176.08390568963532
1782485750.709802,0.724609,-0.203368,0.658438,0.500723,0.314418,0.947785,-0.053291,0.222009,-0.613220,0.245651,0.750717,-0.522925,0.000000,0.000000,0.000000,1.000000,0.14668853082693975,176.08390568963532
1782485750.745653,0.724609,-0.203368,0.658438,0.500723,0.314418,0.947785,-0.053291,0.222009,-0.613220,0.245651,0.750717,-0.522925,0.000000,0.000000,0.000000,1.000000,0.14668853082693975,176.08390568963532
1782485750.781389,0.724609,-0.203368,0.658438,0.500723,0.314418,0.947785,-0.053291,0.222009,-0.613220,0.245651,0.750717,-0.522925,0.000000,0.000000,0.000000,1.000000,0.14668853082693975,176.08390568963532
1782485750.816999,0.724609,-0.203368,0.658438,0.500723,0.314418,0.947785,-0.053291,0.222009,-0.613220,0.245651,0.750717,-0.522925,0.000000,0.000000,0.000000,1.000000,0.14668853082693975,176.08390568963532
1782485750.852317,0.724609,-0.203368,0.658438,0.500723,0.314418,0.947785,-0.053291,0.222009,-0.613220,0.245651,0.750717,-0.522925,0.000000,0.000000,0.000000,1.000000,0.14668853082693975,176.08390568963532
1782485750.887832,0.724609,-0.203368,0.658438,0.500723,0.314418,0.947785,-0.053291,0.222009,-0.613220,0.245651,0.750717,-0.522925,0.000000,0.000000,0.000000,1.000000,0.14668853082693975,176.08390568963532
1782485750.923512,0.724609,-0.203368,0.658438,0.500723,0.314418,0.947785,-0.053291,0.222009,-0.613220,0.245651,0.750717,-0.522925,0.000000,0.000000,0.000000,1.000000,0.14668853082693975,176.08390568963532
1782485750.959011,0.724609,-0.203368,0.658438,0.500723,0.314418,0.947785,-0.053291,0.222009,-0.613220,0.245651,0.750717,-0.522925,0.000000,0.000000,0.000000,1.000000,0.14668853082693975,176.08390568963532
1782485750.995018,0.724609,-0.203368,0.658438,0.500723,0.314418,0.947785,-0.053291,0.222009,-0.613220,0.245651,0.750717,-0.522925,0.000000,0.000000,0.000000,1.000000,0.14668853082693975,176.08390568963532
1782485751.030949,0.724609,-0.203368,0.658438,0.500723,0.314418,0.947785,-0.053291,0.222009,-0.613220,0.245651,0.750717,-0.522925,0.000000,0.000000,0.000000,1.000000,0.14668853082693975,176.08390568963532
1782485751.066661,0.724609,-0.203368,0.658438,0.500723,0.314418,0.947785,-0.053291,0.222009,-0.613220,0.245651,0.750717,-0.522925,0.000000,0.000000,0.000000,1.000000,0.14668853082693975,176.08390568963532
1782485751.102341,0.724609,-0.203368,0.658438,0.500723,0.314418,0.947785,-0.053291,0.222009,-0.613220,0.245651,0.750717,-0.522925,0.000000,0.000000,0.000000,1.000000,0.14668853082693975,176.08390568963532
1782485751.138011,0.724609,-0.203368,0.658438,0.500723,0.314418,0.947785,-0.053291,0.222009,-0.613220,0.245651,0.750717,-0.522925,0.000000,0.000000,0.000000,1.000000,0.14668853082693975,176.08390568963532
1782485751.173804,0.724609,-0.203368,0.658438,0.500723,0.314418,0.947785,-0.053291,0.222009,-0.613220,0.245651,0.750717,-0.522925,0.000000,0.000000,0.000000,1.000000,0.14668853082693975,176.08390568963532
1782485751.209585,0.724609,-0.203368,0.658438,0.500723,0.314418,0.947785,-0.053291,0.222009,-0.613220,0.245651,0.750717,-0.522925,0.000000,0.000000,0.000000,1.000000,0.14668853082693975,176.08390568963532
1782485751.244793,0.724609,-0.203368,0.658438,0.500723,0.314418,0.947785,-0.053291,0.222009,-0.613220,0.245651,0.750717,-0.522925,0.000000,0.000000,0.000000,1.000000,0.14668853082693975,176.08390568963532
1782485751.280955,0.724609,-0.203368,0.658438,0.500723,0.314418,0.947785,-0.053291,0.222009,-0.613220,0.245651,0.750717,-0.522925,0.000000,0.000000,0.000000,1.000000,0.14668853082693975,176.08390568963532
1782485751.316850,0.724609,-0.203368,0.658438,0.500723,0.314418,0.947785,-0.053291,0.222009,-0.613220,0.245651,0.750717,-0.522925,0.000000,0.000000,0.000000,1.000000,0.14668853082693975,176.08390568963532
1782485751.352392,0.724609,-0.203368,0.658438,0.500723,0.314418,0.947785,-0.053291,0.222009,-0.613220,0.245651,0.750717,-0.522925,0.000000,0.000000,0.000000,1.000000,0.14668853082693975,176.08390568963532
1782485751.387893,0.724609,-0.203368,0.658438,0.500723,0.314418,0.947785,-0.053291,0.222009,-0.613220,0.245651,0.750717,-0.522925,0.000000,0.000000,0.000000,1.000000,0.14668853082693975,176.08390568963532
1782485751.423841,0.724609,-0.203368,0.658438,0.500723,0.314418,0.947785,-0.053291,0.222009,-0.613220,0.245651,0.750717,-0.522925,0.000000,0.000000,0.000000,1.000000,0.14668853082693975,176.08390568963532
1782485751.459967,0.724609,-0.203368,0.658438,0.500723,0.314418,0.947785,-0.053291,0.222009,-0.613220,0.245651,0.750717,-0.522925,0.000000,0.000000,0.000000,1.000000,0.14668853082693975,176.08390568963532
1782485751.495982,0.724609,-0.203368,0.658438,0.500723,0.314418,0.947785,-0.053291,0.222009,-0.613220,0.245651,0.750717,-0.522925,0.000000,0.000000,0.000000,1.000000,0.14668853082693975,176.08390568963532
1782485751.532086,0.724609,-0.203368,0.658438,0.500723,0.314418,0.947785,-0.053291,0.222009,-0.613220,0.245651,0.750717,-0.522925,0.000000,0.000000,0.000000,1.000000,0.14668853082693975,176.08390568963532
1782485751.567395,0.724609,-0.203368,0.658438,0.500723,0.314418,0.947785,-0.053291,0.222009,-0.613220,0.245651,0.750717,-0.522925,0.000000,0.000000,0.000000,1.000000,0.14668853082693975,176.08390568963532
1782485751.602990,0.724609,-0.203368,0.658438,0.500723,0.314418,0.947785,-0.053291,0.222009,-0.613220,0.245651,0.750717,-0.522925,0.000000,0.000000,0.000000,1.000000,0.14668853082693975,176.08390568963532
1782485751.638495,0.724609,-0.203368,0.658438,0.500723,0.314418,0.947785,-0.053291,0.222009,-0.613220,0.245651,0.750717,-0.522925,0.000000,0.000000,0.000000,1.000000,0.14668853082693975,176.08390568963532
1782485751.673833,0.724609,-0.203368,0.658438,0.500723,0.314418,0.947785,-0.053291,0.222009,-0.613220,0.245651,0.750717,-0.522925,0.000000,0.000000,0.000000,1.000000,0.14668853082693975,176.08390568963532
1782485751.709170,0.724609,-0.203368,0.658438,0.500723,0.314418,0.947785,-0.053291,0.222009,-0.613220,0.245651,0.750717,-0.522925,0.000000,0.000000,0.000000,1.000000,0.14668853082693975,176.08390568963532
1782485751.744926,0.724609,-0.203368,0.658438,0.500723,0.314418,0.947785,-0.053291,0.222009,-0.613220,0.245651,0.750717,-0.522925,0.000000,0.000000,0.000000,1.000000,0.14668853082693975,176.08390568963532
1782485751.780544,0.724609,-0.203368,0.658438,0.500723,0.314418,0.947785,-0.053291,0.222009,-0.613220,0.245651,0.750717,-0.522925,0.000000,0.000000,0.000000,1.000000,0.14668853082693975,176.08390568963532
1782485751.815975,0.724609,-0.203368,0.658438,0.500723,0.314418,0.947785,-0.053291,0.222009,-0.613220,0.245651,0.750717,-0.522925,0.000000,0.000000,0.000000,1.000000,0.14668853082693975,176.08390568963532
1782485751.851763,0.724609,-0.203368,0.658438,0.500723,0.314418,0.947785,-0.053291,0.222009,-0.613220,0.245651,0.750717,-0.522925,0.000000,0.000000,0.000000,1.000000,0.14668853082693975,176.08390568963532
1782485751.887110,0.724609,-0.203368,0.658438,0.500723,0.314418,0.947785,-0.053291,0.222009,-0.613220,0.245651,0.750717,-0.522925,0.000000,0.000000,0.000000,1.000000,0.14668853082693975,176.08390568963532
1782485751.922274,0.724609,-0.203368,0.658438,0.500723,0.314418,0.947785,-0.053291,0.222009,-0.613220,0.245651,0.750717,-0.522925,0.000000,0.000000,0.000000,1.000000,0.14668853082693975,176.08390568963532
1782485751.957502,0.724609,-0.203368,0.658438,0.500723,0.314418,0.947785,-0.053291,0.222009,-0.613220,0.245651,0.750717,-0.522925,0.000000,0.000000,0.000000,1.000000,0.14668853082693975,176.08390568963532
1782485751.993114,0.724609,-0.203368,0.658438,0.500723,0.314418,0.947785,-0.053291,0.222009,-0.613220,0.245651,0.750717,-0.522925,0.000000,0.000000,0.000000,1.000000,0.14668853082693975,176.08390568963532
1782485752.028653,0.724609,-0.203368,0.658438,0.500723,0.314418,0.947785,-0.053291,0.222009,-0.613220,0.245651,0.750717,-0.522925,0.000000,0.000000,0.000000,1.000000,0.14668853082693975,176.08390568963532
1782485752.064546,0.724609,-0.203368,0.658438,0.500723,0.314418,0.947785,-0.053291,0.222009,-0.613220,0.245651,0.750717,-0.522925,0.000000,0.000000,0.000000,1.000000,0.14668853082693975,176.08390568963532
1782485752.100272,0.724609,-0.203368,0.658438,0.500723,0.314418,0.947785,-0.053291,0.222009,-0.613220,0.245651,0.750717,-0.522925,0.000000,0.000000,0.000000,1.000000,0.14668853082693975,176.08390568963532
1782485752.135873,0.724609,-0.203368,0.658438,0.500723,0.314418,0.947785,-0.053291,0.222009,-0.613220,0.245651,0.750717,-0.522925,0.000000,0.000000,0.000000,1.000000,0.14668853082693975,176.08390568963532
1782485752.171691,0.724609,-0.203368,0.658438,0.500723,0.314418,0.947785,-0.053291,0.222009,-0.613220,0.245651,0.750717,-0.522925,0.000000,0.000000,0.000000,1.000000,0.14668853082693975,176.08390568963532
1782485752.207678,0.724609,-0.203368,0.658438,0.500723,0.314418,0.947785,-0.053291,0.222009,-0.613220,0.245651,0.750717,-0.522925,0.000000,0.000000,0.000000,1.000000,0.14668853082693975,176.08390568963532
1782485752.243415,0.724609,-0.203368,0.658438,0.500723,0.314418,0.947785,-0.053291,0.222009,-0.613220,0.245651,0.750717,-0.522925,0.000000,0.000000,0.000000,1.000000,0.14668853082693975,176.08390568963532
1782485752.278388,0.724609,-0.203368,0.658438,0.500723,0.314418,0.947785,-0.053291,0.222009,-0.613220,0.245651,0.750717,-0.522925,0.000000,0.000000,0.000000,1.000000,0.14668853082693975,176.08390568963532
1782485752.313853,0.724609,-0.203368,0.658438,0.500723,0.314418,0.947785,-0.053291,0.222009,-0.613220,0.245651,0.750717,-0.522925,0.000000,0.000000,0.000000,1.000000,0.14668853082693975,176.08390568963532
1782485752.349647,0.724609,-0.203368,0.658438,0.500723,0.314418,0.947785,-0.053291,0.222009,-0.613220,0.245651,0.750717,-0.522925,0.000000,0.000000,0.000000,1.000000,0.14668853082693975,176.08390568963532
1782485752.385759,0.724609,-0.203368,0.658438,0.500723,0.314418,0.947785,-0.053291,0.222009,-0.613220,0.245651,0.750717,-0.522925,0.000000,0.000000,0.000000,1.000000,0.14668853082693975,176.08390568963532
1782485752.421638,0.724609,-0.203368,0.658438,0.500723,0.314418,0.947785,-0.053291,0.222009,-0.613220,0.245651,0.750717,-0.522925,0.000000,0.000000,0.000000,1.000000,0.14668853082693975,176.08390568963532
1782485752.457019,0.724609,-0.203368,0.658438,0.500723,0.314418,0.947785,-0.053291,0.222009,-0.613220,0.245651,0.750717,-0.522925,0.000000,0.000000,0.000000,1.000000,0.14668853082693975,176.08390568963532
1782485752.492709,0.724609,-0.203368,0.658438,0.500723,0.314418,0.947785,-0.053291,0.222009,-0.613220,0.245651,0.750717,-0.522925,0.000000,0.000000,0.000000,1.000000,0.14668853082693975,176.08390568963532
1782485752.528524,0.724609,-0.203368,0.658438,0.500723,0.314418,0.947785,-0.053291,0.222009,-0.613220,0.245651,0.750717,-0.522925,0.000000,0.000000,0.000000,1.000000,0.14668853082693975,176.08390568963532
1782485752.564216,0.724609,-0.203368,0.658438,0.500723,0.314418,0.947785,-0.053291,0.222009,-0.613220,0.245651,0.750717,-0.522925,0.000000,0.000000,0.000000,1.000000,0.14668853082693975,176.08390568963532
1782485752.599629,0.724609,-0.203368,0.658438,0.500723,0.314418,0.947785,-0.053291,0.222009,-0.613220,0.245651,0.750717,-0.522925,0.000000,0.000000,0.000000,1.000000,0.14668853082693975,176.08390568963532
1782485752.635068,0.724609,-0.203368,0.658438,0.500723,0.314418,0.947785,-0.053291,0.222009,-0.613220,0.245651,0.750717,-0.522925,0.000000,0.000000,0.000000,1.000000,0.14668853082693975,176.08390568963532
1782485752.670589,0.724609,-0.203368,0.658438,0.500723,0.314418,0.947785,-0.053291,0.222009,-0.613220,0.245651,0.750717,-0.522925,0.000000,0.000000,0.000000,1.000000,0.14668853082693975,176.08390568963532
1782485752.706223,0.724609,-0.203368,0.658438,0.500723,0.314418,0.947785,-0.053291,0.222009,-0.613220,0.245651,0.750717,-0.522925,0.000000,0.000000,0.000000,1.000000,0.14668853082693975,176.08390568963532
1782485752.741551,0.724609,-0.203368,0.658438,0.500723,0.314418,0.947785,-0.053291,0.222009,-0.613220,0.245651,0.750717,-0.522925,0.000000,0.000000,0.000000,1.000000,0.14668853082693975,176.08390568963532
1782485752.777084,0.724609,-0.203368,0.658438,0.500723,0.314418,0.947785,-0.053291,0.222009,-0.613220,0.245651,0.750717,-0.522925,0.000000,0.000000,0.000000,1.000000,0.14668853082693975,176.08390568963532
1782485752.812450,0.724609,-0.203368,0.658438,0.500723,0.314418,0.947785,-0.053291,0.222009,-0.613220,0.245651,0.750717,-0.522925,0.000000,0.000000,0.000000,1.000000,0.14668853082693975,176.08390568963532
1782485752.848330,0.724609,-0.203368,0.658438,0.500723,0.314418,0.947785,-0.053291,0.222009,-0.613220,0.245651,0.750717,-0.522925,0.000000,0.000000,0.000000,1.000000,0.14668853082693975,176.08390568963532
1782485752.884290,0.724609,-0.203368,0.658438,0.500723,0.314418,0.947785,-0.053291,0.222009,-0.613220,0.245651,0.750717,-0.522925,0.000000,0.000000,0.000000,1.000000,0.14668853082693975,176.08390568963532
1782485752.919801,0.724609,-0.203368,0.658438,0.500723,0.314418,0.947785,-0.053291,0.222009,-0.613220,0.245651,0.750717,-0.522925,0.000000,0.000000,0.000000,1.000000,0.14668853082693975,176.08390568963532
1782485752.955584,0.724609,-0.203368,0.658438,0.500723,0.314418,0.947785,-0.053291,0.222009,-0.613220,0.245651,0.750717,-0.522925,0.000000,0.000000,0.000000,1.000000,0.14668853082693975,176.08390568963532
1782485752.991383,0.724609,-0.203368,0.658438,0.500723,0.314418,0.947785,-0.053291,0.222009,-0.613220,0.245651,0.750717,-0.522925,0.000000,0.000000,0.000000,1.000000,0.14668853082693975,176.08390568963532
1782485753.026125,0.724609,-0.203368,0.658438,0.500723,0.314418,0.947785,-0.053291,0.222009,-0.613220,0.245651,0.750717,-0.522925,0.000000,0.000000,0.000000,1.000000,0.14668853082693975,176.08390568963532
1782485753.062141,0.724609,-0.203368,0.658438,0.500723,0.314418,0.947785,-0.053291,0.222009,-0.613220,0.245651,0.750717,-0.522925,0.000000,0.000000,0.000000,1.000000,0.14668853082693975,176.08390568963532
1782485753.098285,0.724609,-0.203368,0.658438,0.500723,0.314418,0.947785,-0.053291,0.222009,-0.613220,0.245651,0.750717,-0.522925,0.000000,0.000000,0.000000,1.000000,0.14668853082693975,176.08390568963532
1782485753.134217,0.724609,-0.203368,0.658438,0.500723,0.314418,0.947785,-0.053291,0.222009,-0.613220,0.245651,0.750717,-0.522925,0.000000,0.000000,0.000000,1.000000,0.14668853082693975,176.08390568963532
1782485753.169633,0.724609,-0.203368,0.658438,0.500723,0.314418,0.947785,-0.053291,0.222009,-0.613220,0.245651,0.750717,-0.522925,0.000000,0.000000,0.000000,1.000000,0.14668853082693975,176.08390568963532
1782485753.205281,0.724609,-0.203368,0.658438,0.500723,0.314418,0.947785,-0.053291,0.222009,-0.613220,0.245651,0.750717,-0.522925,0.000000,0.000000,0.000000,1.000000,0.14668853082693975,176.08390568963532
1782485753.241158,0.724609,-0.203368,0.658438,0.500723,0.314418,0.947785,-0.053291,0.222009,-0.613220,0.245651,0.750717,-0.522925,0.000000,0.000000,0.000000,1.000000,0.14668853082693975,176.08390568963532
1782485753.276767,0.724609,-0.203368,0.658438,0.500723,0.314418,0.947785,-0.053291,0.222009,-0.613220,0.245651,0.750717,-0.522925,0.000000,0.000000,0.000000,1.000000,0.14668853082693975,176.08390568963532
1782485753.312188,0.724609,-0.203368,0.658438,0.500723,0.314418,0.947785,-0.053291,0.222009,-0.613220,0.245651,0.750717,-0.522925,0.000000,0.000000,0.000000,1.000000,0.14668853082693975,176.08390568963532
1782485753.347984,0.724609,-0.203368,0.658438,0.500723,0.314418,0.947785,-0.053291,0.222009,-0.613220,0.245651,0.750717,-0.522925,0.000000,0.000000,0.000000,1.000000,0.14668853082693975,176.08390568963532
1782485753.383390,0.724609,-0.203368,0.658438,0.500723,0.314418,0.947785,-0.053291,0.222009,-0.613220,0.245651,0.750717,-0.522925,0.000000,0.000000,0.000000,1.000000,0.14668853082693975,176.08390568963532
1782485753.419257,0.724609,-0.203368,0.658438,0.500723,0.314418,0.947785,-0.053291,0.222009,-0.613220,0.245651,0.750717,-0.522925,0.000000,0.000000,0.000000,1.000000,0.14668853082693975,176.08390568963532
1782485753.454853,0.724609,-0.203368,0.658438,0.500723,0.314418,0.947785,-0.053291,0.222009,-0.613220,0.245651,0.750717,-0.522925,0.000000,0.000000,0.000000,1.000000,0.14668853082693975,176.08390568963532
1782485753.490343,0.724609,-0.203368,0.658438,0.500723,0.314418,0.947785,-0.053291,0.222009,-0.613220,0.245651,0.750717,-0.522925,0.000000,0.000000,0.000000,1.000000,0.14668853082693975,176.08390568963532
1782485753.526205,0.724609,-0.203368,0.658438,0.500723,0.314418,0.947785,-0.053291,0.222009,-0.613220,0.245651,0.750717,-0.522925,0.000000,0.000000,0.000000,1.000000,0.14668853082693975,176.08390568963532
1782485753.561831,0.724609,-0.203368,0.658438,0.500723,0.314418,0.947785,-0.053291,0.222009,-0.613220,0.245651,0.750717,-0.522925,0.000000,0.000000,0.000000,1.000000,0.14668853082693975,176.08390568963532
1782485753.597255,0.724609,-0.203368,0.658438,0.500723,0.314418,0.947785,-0.053291,0.222009,-0.613220,0.245651,0.750717,-0.522925,0.000000,0.000000,0.000000,1.000000,0.14668853082693975,176.08390568963532
1782485753.633590,0.724609,-0.203368,0.658438,0.500723,0.314418,0.947785,-0.053291,0.222009,-0.613220,0.245651,0.750717,-0.522925,0.000000,0.000000,0.000000,1.000000,0.14668853082693975,176.08390568963532
1782485753.669250,0.724609,-0.203368,0.658438,0.500723,0.314418,0.947785,-0.053291,0.222009,-0.613220,0.245651,0.750717,-0.522925,0.000000,0.000000,0.000000,1.000000,0.14668853082693975,176.08390568963532
1782485753.704579,0.724609,-0.203368,0.658438,0.500723,0.314418,0.947785,-0.053291,0.222009,-0.613220,0.245651,0.750717,-0.522925,0.000000,0.000000,0.000000,1.000000,0.14668853082693975,176.08390568963532
1782485753.740188,0.724609,-0.203368,0.658438,0.500723,0.314418,0.947785,-0.053291,0.222009,-0.613220,0.245651,0.750717,-0.522925,0.000000,0.000000,0.000000,1.000000,0.14668853082693975,176.08390568963532
1782485753.776192,0.724609,-0.203368,0.658438,0.500723,0.314418,0.947785,-0.053291,0.222009,-0.613220,0.245651,0.750717,-0.522925,0.000000,0.000000,0.000000,1.000000,0.14668853082693975,176.08390568963532
1782485753.811736,0.724609,-0.203368,0.658438,0.500723,0.314418,0.947785,-0.053291,0.222009,-0.613220,0.245651,0.750717,-0.522925,0.000000,0.000000,0.000000,1.000000,0.14668853082693975,176.08390568963532
1782485753.846938,0.724609,-0.203368,0.658438,0.500723,0.314418,0.947785,-0.053291,0.222009,-0.613220,0.245651,0.750717,-0.522925,0.000000,0.000000,0.000000,1.000000,0.14668853082693975,176.08390568963532
1782485753.882190,0.724609,-0.203368,0.658438,0.500723,0.314418,0.947785,-0.053291,0.222009,-0.613220,0.245651,0.750717,-0.522925,0.000000,0.000000,0.000000,1.000000,0.14668853082693975,176.08390568963532
1782485753.917818,0.724609,-0.203368,0.658438,0.500723,0.314418,0.947785,-0.053291,0.222009,-0.613220,0.245651,0.750717,-0.522925,0.000000,0.000000,0.000000,1.000000,0.14668853082693975,176.08390568963532
1782485753.953340,0.724609,-0.203368,0.658438,0.500723,0.314418,0.947785,-0.053291,0.222009,-0.613220,0.245651,0.750717,-0.522925,0.000000,0.000000,0.000000,1.000000,0.14668853082693975,176.08390568963532
1782485753.988991,0.724609,-0.203368,0.658438,0.500723,0.314418,0.947785,-0.053291,0.222009,-0.613220,0.245651,0.750717,-0.522925,0.000000,0.000000,0.000000,1.000000,0.14668853082693975,176.08390568963532
1782485754.024387,0.724609,-0.203368,0.658438,0.500723,0.314418,0.947785,-0.053291,0.222009,-0.613220,0.245651,0.750717,-0.522925,0.000000,0.000000,0.000000,1.000000,0.14668853082693975,176.08390568963532
1782485754.059955,0.724609,-0.203368,0.658438,0.500723,0.314418,0.947785,-0.053291,0.222009,-0.613220,0.245651,0.750717,-0.522925,0.000000,0.000000,0.000000,1.000000,0.14668853082693975,176.08390568963532
1782485754.095455,0.724609,-0.203368,0.658438,0.500723,0.314418,0.947785,-0.053291,0.222009,-0.613220,0.245651,0.750717,-0.522925,0.000000,0.000000,0.000000,1.000000,0.14668853082693975,176.08390568963532
1782485754.131182,0.724609,-0.203368,0.658438,0.500723,0.314418,0.947785,-0.053291,0.222009,-0.613220,0.245651,0.750717,-0.522925,0.000000,0.000000,0.000000,1.000000,0.14668853082693975,176.08390568963532
1782485754.167469,0.724609,-0.203368,0.658438,0.500723,0.314418,0.947785,-0.053291,0.222009,-0.613220,0.245651,0.750717,-0.522925,0.000000,0.000000,0.000000,1.000000,0.14668853082693975,176.08390568963532
1782485754.202917,0.724609,-0.203368,0.658438,0.500723,0.314418,0.947785,-0.053291,0.222009,-0.613220,0.245651,0.750717,-0.522925,0.000000,0.000000,0.000000,1.000000,0.14668853082693975,176.08390568963532
1782485754.238411,0.724609,-0.203368,0.658438,0.500723,0.314418,0.947785,-0.053291,0.222009,-0.613220,0.245651,0.750717,-0.522925,0.000000,0.000000,0.000000,1.000000,0.14668853082693975,176.08390568963532
1782485754.273763,0.724609,-0.203368,0.658438,0.500723,0.314418,0.947785,-0.053291,0.222009,-0.613220,0.245651,0.750717,-0.522925,0.000000,0.000000,0.000000,1.000000,0.14668853082693975,176.08390568963532
1782485754.309191,0.724609,-0.203368,0.658438,0.500723,0.314418,0.947785,-0.053291,0.222009,-0.613220,0.245651,0.750717,-0.522925,0.000000,0.000000,0.000000,1.000000,0.14668853082693975,176.08390568963532
1782485754.345321,0.724609,-0.203368,0.658438,0.500723,0.314418,0.947785,-0.053291,0.222009,-0.613220,0.245651,0.750717,-0.522925,0.000000,0.000000,0.000000,1.000000,0.14668853082693975,176.08390568963532
1782485754.380964,0.724609,-0.203368,0.658438,0.500723,0.314418,0.947785,-0.053291,0.222009,-0.613220,0.245651,0.750717,-0.522925,0.000000,0.000000,0.000000,1.000000,0.14668853082693975,176.08390568963532
1782485754.415980,0.724609,-0.203368,0.658438,0.500723,0.314418,0.947785,-0.053291,0.222009,-0.613220,0.245651,0.750717,-0.522925,0.000000,0.000000,0.000000,1.000000,0.14668853082693975,176.08390568963532
1782485754.451684,0.724609,-0.203368,0.658438,0.500723,0.314418,0.947785,-0.053291,0.222009,-0.613220,0.245651,0.750717,-0.522925,0.000000,0.000000,0.000000,1.000000,0.14668853082693975,176.08390568963532
1782485754.487331,0.724609,-0.203368,0.658438,0.500723,0.314418,0.947785,-0.053291,0.222009,-0.613220,0.245651,0.750717,-0.522925,0.000000,0.000000,0.000000,1.000000,0.14668853082693975,176.08390568963532
1782485754.522380,0.724609,-0.203368,0.658438,0.500723,0.314418,0.947785,-0.053291,0.222009,-0.613220,0.245651,0.750717,-0.522925,0.000000,0.000000,0.000000,1.000000,0.14668853082693975,176.08390568963532
1782485754.557977,0.724609,-0.203368,0.658438,0.500723,0.314418,0.947785,-0.053291,0.222009,-0.613220,0.245651,0.750717,-0.522925,0.000000,0.000000,0.000000,1.000000,0.14668853082693975,176.08390568963532
1782485754.593870,0.724609,-0.203368,0.658438,0.500723,0.314418,0.947785,-0.053291,0.222009,-0.613220,0.245651,0.750717,-0.522925,0.000000,0.000000,0.000000,1.000000,0.14668853082693975,176.08390568963532
1782485754.630158,0.724609,-0.203368,0.658438,0.500723,0.314418,0.947785,-0.053291,0.222009,-0.613220,0.245651,0.750717,-0.522925,0.000000,0.000000,0.000000,1.000000,0.14668853082693975,176.08390568963532
1782485754.666345,0.724609,-0.203368,0.658438,0.500723,0.314418,0.947785,-0.053291,0.222009,-0.613220,0.245651,0.750717,-0.522925,0.000000,0.000000,0.000000,1.000000,0.14668853082693975,176.08390568963532
1782485754.701738,0.724609,-0.203368,0.658438,0.500723,0.314418,0.947785,-0.053291,0.222009,-0.613220,0.245651,0.750717,-0.522925,0.000000,0.000000,0.000000,1.000000,0.14668853082693975,176.08390568963532
1782485754.737602,0.724609,-0.203368,0.658438,0.500723,0.314418,0.947785,-0.053291,0.222009,-0.613220,0.245651,0.750717,-0.522925,0.000000,0.000000,0.000000,1.000000,0.14668853082693975,176.08390568963532
1782485754.773622,0.724609,-0.203368,0.658438,0.500723,0.314418,0.947785,-0.053291,0.222009,-0.613220,0.245651,0.750717,-0.522925,0.000000,0.000000,0.000000,1.000000,0.14668853082693975,176.08390568963532
1782485754.809547,0.724609,-0.203368,0.658438,0.500723,0.314418,0.947785,-0.053291,0.222009,-0.613220,0.245651,0.750717,-0.522925,0.000000,0.000000,0.000000,1.000000,0.14668853082693975,176.08390568963532
1782485754.844598,0.724609,-0.203368,0.658438,0.500723,0.314418,0.947785,-0.053291,0.222009,-0.613220,0.245651,0.750717,-0.522925,0.000000,0.000000,0.000000,1.000000,0.14668853082693975,176.08390568963532
1782485754.879826,0.724609,-0.203368,0.658438,0.500723,0.314418,0.947785,-0.053291,0.222009,-0.613220,0.245651,0.750717,-0.522925,0.000000,0.000000,0.000000,1.000000,0.14668853082693975,176.08390568963532
1782485754.915258,0.724609,-0.203368,0.658438,0.500723,0.314418,0.947785,-0.053291,0.222009,-0.613220,0.245651,0.750717,-0.522925,0.000000,0.000000,0.000000,1.000000,0.14668853082693975,176.08390568963532
1782485754.950838,0.724609,-0.203368,0.658438,0.500723,0.314418,0.947785,-0.053291,0.222009,-0.613220,0.245651,0.750717,-0.522925,0.000000,0.000000,0.000000,1.000000,0.14668853082693975,176.08390568963532
1782485754.985576,0.724609,-0.203368,0.658438,0.500723,0.314418,0.947785,-0.053291,0.222009,-0.613220,0.245651,0.750717,-0.522925,0.000000,0.000000,0.000000,1.000000,0.14668853082693975,176.08390568963532
1782485755.020812,0.724609,-0.203368,0.658438,0.500723,0.314418,0.947785,-0.053291,0.222009,-0.613220,0.245651,0.750717,-0.522925,0.000000,0.000000,0.000000,1.000000,0.14668853082693975,176.08390568963532
1782485755.056392,0.724609,-0.203368,0.658438,0.500723,0.314418,0.947785,-0.053291,0.222009,-0.613220,0.245651,0.750717,-0.522925,0.000000,0.000000,0.000000,1.000000,0.14668853082693975,176.08390568963532
1782485755.092092,0.724609,-0.203368,0.658438,0.500723,0.314418,0.947785,-0.053291,0.222009,-0.613220,0.245651,0.750717,-0.522925,0.000000,0.000000,0.000000,1.000000,0.14668853082693975,176.08390568963532
1782485755.127742,0.724609,-0.203368,0.658438,0.500723,0.314418,0.947785,-0.053291,0.222009,-0.613220,0.245651,0.750717,-0.522925,0.000000,0.000000,0.000000,1.000000,0.14668853082693975,176.08390568963532
1782485755.163377,0.724609,-0.203368,0.658438,0.500723,0.314418,0.947785,-0.053291,0.222009,-0.613220,0.245651,0.750717,-0.522925,0.000000,0.000000,0.000000,1.000000,0.14668853082693975,176.08390568963532
1782485755.199373,0.724609,-0.203368,0.658438,0.500723,0.314418,0.947785,-0.053291,0.222009,-0.613220,0.245651,0.750717,-0.522925,0.000000,0.000000,0.000000,1.000000,0.14668853082693975,176.08390568963532
1782485755.235184,0.724609,-0.203368,0.658438,0.500723,0.314418,0.947785,-0.053291,0.222009,-0.613220,0.245651,0.750717,-0.522925,0.000000,0.000000,0.000000,1.000000,0.14668853082693975,176.08390568963532
1782485755.270853,0.724609,-0.203368,0.658438,0.500723,0.314418,0.947785,-0.053291,0.222009,-0.613220,0.245651,0.750717,-0.522925,0.000000,0.000000,0.000000,1.000000,0.14668853082693975,176.08390568963532
1782485755.306890,0.724609,-0.203368,0.658438,0.500723,0.314418,0.947785,-0.053291,0.222009,-0.613220,0.245651,0.750717,-0.522925,0.000000,0.000000,0.000000,1.000000,0.14668853082693975,176.08390568963532
1782485755.342460,0.724609,-0.203368,0.658438,0.500723,0.314418,0.947785,-0.053291,0.222009,-0.613220,0.245651,0.750717,-0.522925,0.000000,0.000000,0.000000,1.000000,0.14668853082693975,176.08390568963532
1782485755.377690,0.724609,-0.203368,0.658438,0.500723,0.314418,0.947785,-0.053291,0.222009,-0.613220,0.245651,0.750717,-0.522925,0.000000,0.000000,0.000000,1.000000,0.14668853082693975,176.08390568963532
1782485755.412892,0.724609,-0.203368,0.658438,0.500723,0.314418,0.947785,-0.053291,0.222009,-0.613220,0.245651,0.750717,-0.522925,0.000000,0.000000,0.000000,1.000000,0.14668853082693975,176.08390568963532
1782485755.448597,0.724609,-0.203368,0.658438,0.500723,0.314418,0.947785,-0.053291,0.222009,-0.613220,0.245651,0.750717,-0.522925,0.000000,0.000000,0.000000,1.000000,0.14668853082693975,176.08390568963532
1782485755.484062,0.724609,-0.203368,0.658438,0.500723,0.314418,0.947785,-0.053291,0.222009,-0.613220,0.245651,0.750717,-0.522925,0.000000,0.000000,0.000000,1.000000,0.14668853082693975,176.08390568963532
1782485755.519820,0.724609,-0.203368,0.658438,0.500723,0.314418,0.947785,-0.053291,0.222009,-0.613220,0.245651,0.750717,-0.522925,0.000000,0.000000,0.000000,1.000000,0.14668853082693975,176.08390568963532
