timestamp,live_pose_0,live_pose_1,live_pose_2,live_pose_3,live_pose_4,live_pose_5,live_pose_6,live_pose_7,live_pose_8,live_pose_9,live_pose_10,live_pose_11,live_pose_12,live_pose_13,live_pose_14,live_pose_15,linear_m,angular_deg
1782485635.551477,0.724609,-0.203368,0.658438,0.500723,0.314418,0.947785,-0.053291,0.222009,-0.613220,0.245651,0.750717,-0.522925,0.000000,0.000000,0.000000,1.000000,0.09514110505498805,56.75452320628121
1782485635.586924,0.724609,-0.203368,0.658438,0.500723,0.314418,0.947785,-0.053291,0.222009,-0.613220,0.245651,0.750717,-0.522925,0.000000,0.000000,0.000000,1.000000,0.09514110505498805,56.75452320628121
1782485635.622540,0.724609,-0.203368,0.658438,0.500723,0.314418,0.947785,-0.053291,0.222009,-0.613220,0.245651,0.750717,-0.522925,0.000000,0.000000,0.000000,1.000000,0.09514110505498805,56.75452320628121
1782485635.658176,0.724609,-0.203368,0.658438,0.500723,0.314418,0.947785,-0.053291,0.222009,-0.613220,0.245651,0.750717,-0.522925,0.000000,0.000000,0.000000,1.000000,0.09514110505498805,56.75452320628121
1782485635.693922,0.724609,-0.203368,0.658438,0.500723,0.314418,0.947785,-0.053291,0.222009,-0.613220,0.245651,0.750717,-0.522925,0.000000,0.000000,0.000000,1.000000,0.09514110505498805,56.75452320628121
1782485635.729641,0.724609,-0.203368,0.658438,0.500723,0.314418,0.947785,-0.053291,0.222009,-0.613220,0.245651,0.750717,-0.522925,0.000000,0.000000,0.000000,1.000000,0.09514110505498805,56.75452320628121
1782485635.765347,0.724609,-0.203368,0.658438,0.500723,0.314418,0.947785,-0.053291,0.222009,-0.613220,0.245651,0.750717,-0.522925,0.000000,0.000000,0.000000,1.000000,0.09514110505498805,56.75452320628121
1782485635.800708,0.724609,-0.203368,0.658438,0.500723,0.314418,0.947785,-0.053291,0.222009,-0.613220,0.245651,0.750717,-0.522925,0.000000,0.000000,0.000000,1.000000,0.09514110505498805,56.75452320628121
1782485635.835961,0.724609,-0.203368,0.658438,0.500723,0.314418,0.947785,-0.053291,0.222009,-0.613220,0.245651,0.750717,-0.522925,0.000000,0.000000,0.000000,1.000000,0.09514110505498805,56.75452320628121
1782485635.871567,0.724609,-0.203368,0.658438,0.500723,0.314418,0.947785,-0.053291,0.222009,-0.613220,0.245651,0.750717,-0.522925,0.000000,0.000000,0.000000,1.000000,0.09514110505498805,56.75452320628121
1782485635.907249,0.724609,-0.203368,0.658438,0.500723,0.314418,0.947785,-0.053291,0.222009,-0.613220,0.245651,0.750717,-0.522925,0.000000,0.000000,0.000000,1.000000,0.09514110505498805,56.75452320628121
1782485635.942947,0.724609,-0.203368,0.658438,0.500723,0.314418,0.947785,-0.053291,0.222009,-0.613220,0.245651,0.750717,-0.522925,0.000000,0.000000,0.000000,1.000000,0.09514110505498805,56.75452320628121
1782485635.978273,0.724609,-0.203368,0.658438,0.500723,0.314418,0.947785,-0.053291,0.222009,-0.613220,0.245651,0.750717,-0.522925,0.000000,0.000000,0.000000,1.000000,0.09514110505498805,56.75452320628121
1782485636.014225,0.724609,-0.203368,0.658438,0.500723,0.314418,0.947785,-0.053291,0.222009,-0.613220,0.245651,0.750717,-0.522925,0.000000,0.000000,0.000000,1.000000,0.09514110505498805,56.75452320628121
1782485636.050249,0.724609,-0.203368,0.658438,0.500723,0.314418,0.947785,-0.053291,0.222009,-0.613220,0.245651,0.750717,-0.522925,0.000000,0.000000,0.000000,1.000000,0.09514110505498805,56.75452320628121
1782485636.085573,0.724609,-0.203368,0.658438,0.500723,0.314418,0.947785,-0.053291,0.222009,-0.613220,0.245651,0.750717,-0.522925,0.000000,0.000000,0.000000,1.000000,0.09514110505498805,56.75452320628121
1782485636.121089,0.724609,-0.203368,0.658438,0.500723,0.314418,0.947785,-0.053291,0.222009,-0.613220,0.245651,0.750717,-0.522925,0.000000,0.000000,0.000000,1.000000,0.09514110505498805,56.75452320628121
1782485636.156589,0.724609,-0.203368,0.658438,0.500723,0.314418,0.947785,-0.053291,0.222009,-0.613220,0.245651,0.750717,-0.522925,0.000000,0.000000,0.000000,1.000000,0.09514110505498805,56.75452320628121
1782485636.192512,0.724609,-0.203368,0.658438,0.500723,0.314418,0.947785,-0.053291,0.222009,-0.613220,0.245651,0.750717,-0.522925,0.000000,0.000000,0.000000,1.000000,0.09514110505498805,56.75452320628121
1782485636.228445,0.724609,-0.203368,0.658438,0.500723,0.314418,0.947785,-0.053291,0.222009,-0.613220,0.245651,0.750717,-0.522925,0.000000,0.000000,0.000000,1.000000,0.09514110505498805,56.75452320628121
1782485636.264102,0.724609,-0.203368,0.658438,0.500723,0.314418,0.947785,-0.053291,0.222009,-0.613220,0.245651,0.750717,-0.522925,0.000000,0.000000,0.000000,1.000000,0.09514110505498805,56.75452320628121
1782485636.299478,0.724609,-0.203368,0.658438,0.500723,0.314418,0.947785,-0.053291,0.222009,-0.613220,0.245651,0.750717,-0.522925,0.000000,0.000000,0.000000,1.000000,0.09514110505498805,56.75452320628121
1782485636.334698,0.724609,-0.203368,0.658438,0.500723,0.314418,0.947785,-0.053291,0.222009,-0.613220,0.245651,0.750717,-0.522925,0.000000,0.000000,0.000000,1.000000,0.09514110505498805,56.75452320628121
1782485636.368940,0.724609,-0.203368,0.658438,0.500723,0.314418,0.947785,-0.053291,0.222009,-0.613220,0.245651,0.750717,-0.522925,0.000000,0.000000,0.000000,1.000000,0.09514110505498805,56.75452320628121
1782485636.404397,0.724609,-0.203368,0.658438,0.500723,0.314418,0.947785,-0.053291,0.222009,-0.613220,0.245651,0.750717,-0.522925,0.000000,0.000000,0.000000,1.000000,0.09514110505498805,56.75452320628121
1782485636.440207,0.724609,-0.203368,0.658438,0.500723,0.314418,0.947785,-0.053291,0.222009,-0.613220,0.245651,0.750717,-0.522925,0.000000,0.000000,0.000000,1.000000,0.09514110505498805,56.75452320628121
1782485636.475327,0.724609,-0.203368,0.658438,0.500723,0.314418,0.947785,-0.053291,0.222009,-0.613220,0.245651,0.750717,-0.522925,0.000000,0.000000,0.000000,1.000000,0.09514110505498805,56.75452320628121
1782485636.510489,0.724609,-0.203368,0.658438,0.500723,0.314418,0.947785,-0.053291,0.222009,-0.613220,0.245651,0.750717,-0.522925,0.000000,0.000000,0.000000,1.000000,0.09514110505498805,56.75452320628121
1782485636.545448,0.724609,-0.203368,0.658438,0.500723,0.314418,0.947785,-0.053291,0.222009,-0.613220,0.245651,0.750717,-0.522925,0.000000,0.000000,0.000000,1.000000,0.09514110505498805,56.75452320628121
1782485636.580404,0.724609,-0.203368,0.658438,0.500723,0.314418,0.947785,-0.053291,0.222009,-0.613220,0.245651,0.750717,-0.522925,0.000000,0.000000,0.000000,1.000000,0.09514110505498805,56.75452320628121
1782485636.615408,0.724609,-0.203368,0.658438,0.500723,0.314418,0.947785,-0.053291,0.222009,-0.613220,0.245651,0.750717,-0.522925,0.000000,0.000000,0.000000,1.000000,0.09514110505498805,56.75452320628121
1782485636.650390,0.724609,-0.203368,0.658438,0.500723,0.314418,0.947785,-0.053291,0.222009,-0.613220,0.245651,0.750717,-0.522925,0.000000,0.000000,0.000000,1.000000,0.09514110505498805,56.75452320628121
1782485636.685423,0.724609,-0.203368,0.658438,0.500723,0.314418,0.947785,-0.053291,0.222009,-0.613220,0.245651,0.750717,-0.522925,0.000000,0.000000,0.000000,1.000000,0.09514110505498805,56.75452320628121
1782485636.720723,0.724609,-0.203368,0.658438,0.500723,0.314418,0.947785,-0.053291,0.222009,-0.613220,0.245651,0.750717,-0.522925,0.000000,0.000000,0.000000,1.000000,0.09514110505498805,56.75452320628121
1782485636.755807,0.724609,-0.203368,0.658438,0.500723,0.314418,0.947785,-0.053291,0.222009,-0.613220,0.245651,0.750717,-0.522925,0.000000,0.000000,0.000000,1.000000,0.09514110505498805,56.75452320628121
1782485636.790803,0.724609,-0.203368,0.658438,0.500723,0.314418,0.947785,-0.053291,0.222009,-0.613220,0.245651,0.750717,-0.522925,0.000000,0.000000,0.000000,1.000000,0.09514110505498805,56.75452320628121
1782485636.825802,0.724609,-0.203368,0.658438,0.500723,0.314418,0.947785,-0.053291,0.222009,-0.613220,0.245651,0.750717,-0.522925,0.000000,0.000000,0.000000,1.000000,0.09514110505498805,56.75452320628121
1782485636.861114,0.724609,-0.203368,0.658438,0.500723,0.314418,0.947785,-0.053291,0.222009,-0.613220,0.245651,0.750717,-0.522925,0.000000,0.000000,0.000000,1.000000,0.09514110505498805,56.75452320628121
1782485636.896633,0.724609,-0.203368,0.658438,0.500723,0.314418,0.947785,-0.053291,0.222009,-0.613220,0.245651,0.750717,-0.522925,0.000000,0.000000,0.000000,1.000000,0.09514110505498805,56.75452320628121
1782485636.932034,0.724609,-0.203368,0.658438,0.500723,0.314418,0.947785,-0.053291,0.222009,-0.613220,0.245651,0.750717,-0.522925,0.000000,0.000000,0.000000,1.000000,0.09514110505498805,56.75452320628121
1782485636.967499,0.724609,-0.203368,0.658438,0.500723,0.314418,0.947785,-0.053291,0.222009,-0.613220,0.245651,0.750717,-0.522925,0.000000,0.000000,0.000000,1.000000,0.09514110505498805,56.75452320628121
1782485637.002923,0.724609,-0.203368,0.658438,0.500723,0.314418,0.947785,-0.053291,0.222009,-0.613220,0.245651,0.750717,-0.522925,0.000000,0.000000,0.000000,1.000000,0.09514110505498805,56.75452320628121
1782485637.038357,0.724609,-0.203368,0.658438,0.500723,0.314418,0.947785,-0.053291,0.222009,-0.613220,0.245651,0.750717,-0.522925,0.000000,0.000000,0.000000,1.000000,0.09514110505498805,56.75452320628121
1782485637.074078,0.724609,-0.203368,0.658438,0.500723,0.314418,0.947785,-0.053291,0.222009,-0.613220,0.245651,0.750717,-0.522925,0.000000,0.000000,0.000000,1.000000,0.09514110505498805,56.75452320628121
1782485637.109897,0.724609,-0.203368,0.658438,0.500723,0.314418,0.947785,-0.053291,0.222009,-0.613220,0.245651,0.750717,-0.522925,0.000000,0.000000,0.000000,1.000000,0.09514110505498805,56.75452320628121
1782485637.145347,0.724609,-0.203368,0.658438,0.500723,0.314418,0.947785,-0.053291,0.222009,-0.613220,0.245651,0.750717,-0.522925,0.000000,0.000000,0.000000,1.000000,0.09514110505498805,56.75452320628121
1782485637.181169,0.724609,-0.203368,0.658438,0.500723,0.314418,0.947785,-0.053291,0.222009,-0.613220,0.245651,0.750717,-0.522925,0.000000,0.000000,0.000000,1.000000,0.09514110505498805,56.75452320628121
1782485637.217097,0.724609,-0.203368,0.658438,0.500723,0.314418,0.947785,-0.053291,0.222009,-0.613220,0.245651,0.750717,-0.522925,0.000000,0.000000,0.000000,1.000000,0.09514110505498805,56.75452320628121
1782485637.252937,0.724609,-0.203368,0.658438,0.500723,0.314418,0.947785,-0.053291,0.222009,-0.613220,0.245651,0.750717,-0.522925,0.000000,0.000000,0.000000,1.000000,0.09514110505498805,56.75452320628121
1782485637.289111,0.724609,-0.203368,0.658438,0.500723,0.314418,0.947785,-0.053291,0.222009,-0.613220,0.245651,0.750717,-0.522925,0.000000,0.000000,0.000000,1.000000,0.09514110505498805,56.75452320628121
1782485637.324822,0.724609,-0.203368,0.658438,0.500723,0.314418,0.947785,-0.053291,0.222009,-0.613220,0.245651,0.750717,-0.522925,0.000000,0.000000,0.000000,1.000000,0.09514110505498805,56.75452320628121
1782485637.360053,0.724609,-0.203368,0.658438,0.500723,0.314418,0.947785,-0.053291,0.222009,-0.613220,0.245651,0.750717,-0.522925,0.000000,0.000000,0.000000,1.000000,0.09514110505498805,56.75452320628121
1782485637.395243,0.724609,-0.203368,0.658438,0.500723,0.314418,0.947785,-0.053291,0.222009,-0.613220,0.245651,0.750717,-0.522925,0.000000,0.000000,0.000000,1.000000,0.09514110505498805,56.75452320628121
1782485637.430601,0.724609,-0.203368,0.658438,0.500723,0.314418,0.947785,-0.053291,0.222009,-0.613220,0.245651,0.750717,-0.522925,0.000000,0.000000,0.000000,1.000000,0.09514110505498805,56.75452320628121
1782485637.465655,0.724609,-0.203368,0.658438,0.500723,0.314418,0.947785,-0.053291,0.222009,-0.613220,0.245651,0.750717,-0.522925,0.000000,0.000000,0.000000,1.000000,0.09514110505498805,56.75452320628121
1782485637.500607,0.724609,-0.203368,0.658438,0.500723,0.314418,0.947785,-0.053291,0.222009,-0.613220,0.245651,0.750717,-0.522925,0.000000,0.000000,0.000000,1.000000,0.09514110505498805,56.75452320628121
1782485637.535589,0.724609,-0.203368,0.658438,0.500723,0.314418,0.947785,-0.053291,0.222009,-0.613220,0.245651,0.750717,-0.522925,0.000000,0.000000,0.000000,1.000000,0.09514110505498805,56.75452320628121
1782485637.570900,0.724609,-0.203368,0.658438,0.500723,0.314418,0.947785,-0.053291,0.222009,-0.613220,0.245651,0.750717,-0.522925,0.000000,0.000000,0.000000,1.000000,0.09514110505498805,56.75452320628121
1782485637.606238,0.724609,-0.203368,0.658438,0.500723,0.314418,0.947785,-0.053291,0.222009,-0.613220,0.245651,0.750717,-0.522925,0.000000,0.000000,0.000000,1.000000,0.09514110505498805,56.75452320628121
1782485637.641621,0.724609,-0.203368,0.658438,0.500723,0.314418,0.947785,-0.053291,0.222009,-0.613220,0.245651,0.750717,-0.522925,0.000000,0.000000,0.000000,1.000000,0.09514110505498805,56.75452320628121
1782485637.676647,0.724609,-0.203368,0.658438,0.500723,0.314418,0.947785,-0.053291,0.222009,-0.613220,0.245651,0.750717,-0.522925,0.000000,0.000000,0.000000,1.000000,0.09514110505498805,56.75452320628121
1782485637.712219,0.724609,-0.203368,0.658438,0.500723,0.314418,0.947785,-0.053291,0.222009,-0.613220,0.245651,0.750717,-0.522925,0.000000,0.000000,0.000000,1.000000,0.09514110505498805,56.75452320628121
1782485637.748141,0.724609,-0.203368,0.658438,0.500723,0.314418,0.947785,-0.053291,0.222009,-0.613220,0.245651,0.750717,-0.522925,0.000000,0.000000,0.000000,1.000000,0.09514110505498805,56.75452320628121
1782485637.784031,0.724609,-0.203368,0.658438,0.500723,0.314418,0.947785,-0.053291,0.222009,-0.613220,0.245651,0.750717,-0.522925,0.000000,0.000000,0.000000,1.000000,0.09514110505498805,56.75452320628121
1782485637.819833,0.724609,-0.203368,0.658438,0.500723,0.314418,0.947785,-0.053291,0.222009,-0.613220,0.245651,0.750717,-0.522925,0.000000,0.000000,0.000000,1.000000,0.09514110505498805,56.75452320628121
1782485637.855923,0.724609,-0.203368,0.658438,0.500723,0.314418,0.947785,-0.053291,0.222009,-0.613220,0.245651,0.750717,-0.522925,0.000000,0.000000,0.000000,1.000000,0.09514110505498805,56.75452320628121
1782485637.891680,0.724609,-0.203368,0.658438,0.500723,0.314418,0.947785,-0.053291,0.222009,-0.613220,0.245651,0.750717,-0.522925,0.000000,0.000000,0.000000,1.000000,0.09514110505498805,56.75452320628121
1782485637.926816,0.724609,-0.203368,0.658438,0.500723,0.314418,0.947785,-0.053291,0.222009,-0.613220,0.245651,0.750717,-0.522925,0.000000,0.000000,0.000000,1.000000,0.09514110505498805,56.75452320628121
1782485637.962408,0.724609,-0.203368,0.658438,0.500723,0.314418,0.947785,-0.053291,0.222009,-0.613220,0.245651,0.750717,-0.522925,0.000000,0.000000,0.000000,1.000000,0.09514110505498805,56.75452320628121
1782485637.997549,0.724609,-0.203368,0.658438,0.500723,0.314418,0.947785,-0.053291,0.222009,-0.613220,0.245651,0.750717,-0.522925,0.000000,0.000000,0.000000,1.000000,0.09514110505498805,56.75452320628121
1782485638.032775,0.724609,-0.203368,0.658438,0.500723,0.314418,0.947785,-0.053291,0.222009,-0.613220,0.245651,0.750717,-0.522925,0.000000,0.000000,0.000000,1.000000,0.09514110505498805,56.75452320628121
1782485638.068311,0.724609,-0.203368,0.658438,0.500723,0.314418,0.947785,-0.053291,0.222009,-0.613220,0.245651,0.750717,-0.522925,0.000000,0.000000,0.000000,1.000000,0.09514110505498805,56.75452320628121
1782485638.103353,0.724609,-0.203368,0.658438,0.500723,0.314418,0.947785,-0.053291,0.222009,-0.613220,0.245651,0.750717,-0.522925,0.000000,0.000000,0.000000,1.000000,0.09514110505498805,56.75452320628121
1782485638.138681,0.724609,-0.203368,0.658438,0.500723,0.314418,0.947785,-0.053291,0.222009,-0.613220,0.245651,0.750717,-0.522925,0.000000,0.000000,0.000000,1.000000,0.09514110505498805,56.75452320628121
1782485638.173550,0.724609,-0.203368,0.658438,0.500723,0.314418,0.947785,-0.053291,0.222009,-0.613220,0.245651,0.750717,-0.522925,0.000000,0.000000,0.000000,1.000000,0.09514110505498805,56.75452320628121
1782485638.208522,0.724609,-0.203368,0.658438,0.500723,0.314418,0.947785,-0.053291,0.222009,-0.613220,0.245651,0.750717,-0.522925,0.000000,0.000000,0.000000,1.000000,0.09514110505498805,56.75452320628121
1782485638.244135,0.724609,-0.203368,0.658438,0.500723,0.314418,0.947785,-0.053291,0.222009,-0.613220,0.245651,0.750717,-0.522925,0.000000,0.000000,0.000000,1.000000,0.09514110505498805,56.75452320628121
1782485638.279982,0.724609,-0.203368,0.658438,0.500723,0.314418,0.947785,-0.053291,0.222009,-0.613220,0.245651,0.750717,-0.522925,0.000000,0.000000,0.000000,1.000000,0.09514110505498805,56.75452320628121
1782485638.315662,0.724609,-0.203368,0.658438,0.500723,0.314418,0.947785,-0.053291,0.222009,-0.613220,0.245651,0.750717,-0.522925,0.000000,0.000000,0.000000,1.000000,0.09514110505498805,56.75452320628121
1782485638.351455,0.724609,-0.203368,0.658438,0.500723,0.314418,0.947785,-0.053291,0.222009,-0.613220,0.245651,0.750717,-0.522925,0.000000,0.000000,0.000000,1.000000,0.09514110505498805,56.75452320628121
1782485638.386472,0.724609,-0.203368,0.658438,0.500723,0.314418,0.947785,-0.053291,0.222009,-0.613220,0.245651,0.750717,-0.522925,0.000000,0.000000,0.000000,1.000000,0.09514110505498805,56.75452320628121
1782485638.422029,0.724609,-0.203368,0.658438,0.500723,0.314418,0.947785,-0.053291,0.222009,-0.613220,0.245651,0.750717,-0.522925,0.000000,0.000000,0.000000,1.000000,0.09514110505498805,56.75452320628121
1782485638.457650,0.724609,-0.203368,0.658438,0.500723,0.314418,0.947785,-0.053291,0.222009,-0.613220,0.245651,0.750717,-0.522925,0.000000,0.000000,0.000000,1.000000,0.09514110505498805,56.75452320628121
1782485638.493155,0.724609,-0.203368,0.658438,0.500723,0.314418,0.947785,-0.053291,0.222009,-0.613220,0.245651,0.750717,-0.522925,0.000000,0.000000,0.000000,1.000000,0.09514110505498805,56.75452320628121
1782485638.528475,0.724609,-0.203368,0.658438,0.500723,0.314418,0.947785,-0.053291,0.222009,-0.613220,0.245651,0.750717,-0.522925,0.000000,0.000000,0.000000,1.000000,0.09514110505498805,56.75452320628121
1782485638.564027,0.724609,-0.203368,0.658438,0.500723,0.314418,0.947785,-0.053291,0.222009,-0.613220,0.245651,0.750717,-0.522925,0.000000,0.000000,0.000000,1.000000,0.09514110505498805,56.75452320628121
1782485638.599207,0.724609,-0.203368,0.658438,0.500723,0.314418,0.947785,-0.053291,0.222009,-0.613220,0.245651,0.750717,-0.522925,0.000000,0.000000,0.000000,1.000000,0.09514110505498805,56.75452320628121
1782485638.633570,0.724609,-0.203368,0.658438,0.500723,0.314418,0.947785,-0.053291,0.222009,-0.613220,0.245651,0.750717,-0.522925,0.000000,0.000000,0.000000,1.000000,0.09514110505498805,56.75452320628121
1782485638.668941,0.724609,-0.203368,0.658438,0.500723,0.314418,0.947785,-0.053291,0.222009,-0.613220,0.245651,0.750717,-0.522925,0.000000,0.000000,0.000000,1.000000,0.09514110505498805,56.75452320628121
1782485638.704507,0.724609,-0.203368,0.658438,0.500723,0.314418,0.947785,-0.053291,0.222009,-0.613220,0.245651,0.750717,-0.522925,0.000000,0.000000,0.000000,1.000000,0.09514110505498805,56.75452320628121
1782485638.740589,0.724609,-0.203368,0.658438,0.500723,0.314418,0.947785,-0.053291,0.222009,-0.613220,0.245651,0.750717,-0.522925,0.000000,0.000000,0.000000,1.000000,0.09514110505498805,56.75452320628121
1782485638.775772,0.724609,-0.203368,0.658438,0.500723,0.314418,0.947785,-0.053291,0.222009,-0.613220,0.245651,0.750717,-0.522925,0.000000,0.000000,0.000000,1.000000,0.09514110505498805,56.75452320628121
1782485638.811474,0.724609,-0.203368,0.658438,0.500723,0.314418,0.947785,-0.053291,0.222009,-0.613220,0.245651,0.750717,-0.522925,0.000000,0.000000,0.000000,1.000000,0.09514110505498805,56.75452320628121
1782485638.847045,0.724609,-0.203368,0.658438,0.500723,0.314418,0.947785,-0.053291,0.222009,-0.613220,0.245651,0.750717,-0.522925,0.000000,0.000000,0.000000,1.000000,0.09514110505498805,56.75452320628121
1782485638.882326,0.724609,-0.203368,0.658438,0.500723,0.314418,0.947785,-0.053291,0.222009,-0.613220,0.245651,0.750717,-0.522925,0.000000,0.000000,0.000000,1.000000,0.09514110505498805,56.75452320628121
1782485638.918056,0.724609,-0.203368,0.658438,0.500723,0.314418,0.947785,-0.053291,0.222009,-0.613220,0.245651,0.750717,-0.522925,0.000000,0.000000,0.000000,1.000000,0.09514110505498805,56.75452320628121
1782485638.953033,0.724609,-0.203368,0.658438,0.500723,0.314418,0.947785,-0.053291,0.222009,-0.613220,0.245651,0.750717,-0.522925,0.000000,0.000000,0.000000,1.000000,0.09514110505498805,56.75452320628121
1782485638.987765,0.724609,-0.203368,0.658438,0.500723,0.314418,0.947785,-0.053291,0.222009,-0.613220,0.245651,0.750717,-0.522925,0.000000,0.000000,0.000000,1.000000,0.09514110505498805,56.75452320628121
1782485639.023499,0.724609,-0.203368,0.658438,0.500723,0.314418,0.947785,-0.053291,0.222009,-0.613220,0.245651,0.750717,-0.522925,0.000000,0.000000,0.000000,1.000000,0.09514110505498805,56.75452320628121
1782485639.059219,0.724609,-0.203368,0.658438,0.500723,0.314418,0.947785,-0.053291,0.222009,-0.613220,0.245651,0.750717,-0.522925,0.000000,0.000000,0.000000,1.000000,0.09514110505498805,56.75452320628121
1782485639.094822,0.724609,-0.203368,0.658438,0.500723,0.314418,0.947785,-0.053291,0.222009,-0.613220,0.245651,0.750717,-0.522925,0.000000,0.000000,0.000000,1.000000,0.09514110505498805,56.75452320628121
1782485639.130519,0.724609,-0.203368,0.658438,0.500723,0.314418,0.947785,-0.053291,0.222009,-0.613220,0.245651,0.750717,-0.522925,0.000000,0.000000,0.000000,1.000000,0.09514110505498805,56.75452320628121
1782485639.166094,0.724609,-0.203368,0.658438,0.500723,0.314418,0.947785,-0.053291,0.222009,-0.613220,0.245651,0.750717,-0.522925,0.000000,0.000000,0.000000,1.000000,0.09514110505498805,56.75452320628121
1782485639.201877,0.724609,-0.203368,0.658438,0.500723,0.314418,0.947785,-0.053291,0.222009,-0.613220,0.245651,0.750717,-0.522925,0.000000,0.000000,0.000000,1.000000,0.09514110505498805,56.75452320628121
1782485639.237625,0.724609,-0.203368,0.658438,0.500723,0.314418,0.947785,-0.053291,0.222009,-0.613220,0.245651,0.750717,-0.522925,0.000000,0.000000,0.000000,1.000000,0.09514110505498805,56.75452320628121
1782485639.272683,0.724609,-0.203368,0.658438,0.500723,0.314418,0.947785,-0.053291,0.222009,-0.613220,0.245651,0.750717,-0.522925,0.000000,0.000000,0.000000,1.000000,0.09514110505498805,56.75452320628121
1782485639.308575,0.724609,-0.203368,0.658438,0.500723,0.314418,0.947785,-0.053291,0.222009,-0.613220,0.245651,0.750717,-0.522925,0.000000,0.000000,0.000000,1.000000,0.09514110505498805,56.75452320628121
1782485639.343337,0.724609,-0.203368,0.658438,0.500723,0.314418,0.947785,-0.053291,0.222009,-0.613220,0.245651,0.750717,-0.522925,0.000000,0.000000,0.000000,1.000000,0.09514110505498805,56.75452320628121
1782485639.378947,0.724609,-0.203368,0.658438,0.500723,0.314418,0.947785,-0.053291,0.222009,-0.613220,0.245651,0.750717,-0.522925,0.000000,0.000000,0.000000,1.000000,0.09514110505498805,56.75452320628121
1782485639.414410,0.724609,-0.203368,0.658438,0.500723,0.314418,0.947785,-0.053291,0.222009,-0.613220,0.245651,0.750717,-0.522925,0.000000,0.000000,0.000000,1.000000,0.09514110505498805,56.75452320628121
1782485639.450051,0.724609,-0.203368,0.658438,0.500723,0.314418,0.947785,-0.053291,0.222009,-0.613220,0.245651,0.750717,-0.522925,0.000000,0.000000,0.000000,1.000000,0.09514110505498805,56.75452320628121
1782485639.485016,0.724609,-0.203368,0.658438,0.500723,0.314418,0.947785,-0.053291,0.222009,-0.613220,0.245651,0.750717,-0.522925,0.000000,0.000000,0.000000,1.000000,0.09514110505498805,56.75452320628121
1782485639.520606,0.724609,-0.203368,0.658438,0.500723,0.314418,0.947785,-0.053291,0.222009,-0.613220,0.245651,0.750717,-0.522925,0.000000,0.000000,0.000000,1.000000,0.09514110505498805,56.75452320628121
1782485639.555970,0.724609,-0.203368,0.658438,0.500723,0.314418,0.947785,-0.053291,0.222009,-0.613220,0.245651,0.750717,-0.522925,0.000000,0.000000,0.000000,1.000000,0.09514110505498805,56.75452320628121
1782485639.591721,0.724609,-0.203368,0.658438,0.500723,0.314418,0.947785,-0.053291,0.222009,-0.613220,0.245651,0.750717,-0.522925,0.000000,0.000000,0.000000,1.000000,0.09514110505498805,56.75452320628121
1782485639.627320,0.724609,-0.203368,0.658438,0.500723,0.314418,0.947785,-0.053291,0.222009,-0.613220,0.245651,0.750717,-0.522925,0.000000,0.000000,0.000000,1.000000,0.09514110505498805,56.75452320628121
1782485639.663193,0.724609,-0.203368,0.658438,0.500723,0.314418,0.947785,-0.053291,0.222009,-0.613220,0.245651,0.750717,-0.522925,0.000000,0.000000,0.000000,1.000000,0.09514110505498805,56.75452320628121
1782485639.698535,0.724609,-0.203368,0.658438,0.500723,0.314418,0.947785,-0.053291,0.222009,-0.613220,0.245651,0.750717,-0.522925,0.000000,0.000000,0.000000,1.000000,0.09514110505498805,56.75452320628121
1782485639.733895,0.724609,-0.203368,0.658438,0.500723,0.314418,0.947785,-0.053291,0.222009,-0.613220,0.245651,0.750717,-0.522925,0.000000,0.000000,0.000000,1.000000,0.09514110505498805,56.75452320628121
1782485639.769247,0.724609,-0.203368,0.658438,0.500723,0.314418,0.947785,-0.053291,0.222009,-0.613220,0.245651,0.750717,-0.522925,0.000000,0.000000,0.000000,1.000000,0.09514110505498805,56.75452320628121
1782485639.805321,0.724609,-0.203368,0.658438,0.500723,0.314418,0.947785,-0.053291,0.222009,-0.613220,0.245651,0.750717,-0.522925,0.000000,0.000000,0.000000,1.000000,0.09514110505498805,56.75452320628121
1782485639.840646,0.724609,-0.203368,0.658438,0.500723,0.314418,0.947785,-0.053291,0.222009,-0.613220,0.245651,0.750717,-0.522925,0.000000,0.000000,0.000000,1.000000,0.09514110505498805,56.75452320628121
1782485639.876331,0.724609,-0.203368,0.658438,0.500723,0.314418,0.947785,-0.053291,0.222009,-0.613220,0.245651,0.750717,-0.522925,0.000000,0.000000,0.000000,1.000000,0.09514110505498805,56.75452320628121
1782485639.911676,0.724609,-0.203368,0.658438,0.500723,0.314418,0.947785,-0.053291,0.222009,-0.613220,0.245651,0.750717,-0.522925,0.000000,0.000000,0.000000,1.000000,0.09514110505498805,56.75452320628121
1782485639.946850,0.724609,-0.203368,0.658438,0.500723,0.314418,0.947785,-0.053291,0.222009,-0.613220,0.245651,0.750717,-0.522925,0.000000,0.000000,0.000000,1.000000,0.09514110505498805,56.75452320628121
1782485639.981946,0.724609,-0.203368,0.658438,0.500723,0.314418,0.947785,-0.053291,0.222009,-0.613220,0.245651,0.750717,-0.522925,0.000000,0.000000,0.000000,1.000000,0.09514110505498805,56.75452320628121
1782485640.017319,0.724609,-0.203368,0.658438,0.500723,0.314418,0.947785,-0.053291,0.222009,-0.613220,0.245651,0.750717,-0.522925,0.000000,0.000000,0.000000,1.000000,0.09514110505498805,56.75452320628121
1782485640.051692,0.724609,-0.203368,0.658438,0.500723,0.314418,0.947785,-0.053291,0.222009,-0.613220,0.245651,0.750717,-0.522925,0.000000,0.000000,0.000000,1.000000,0.09514110505498805,56.75452320628121
1782485640.087160,0.724609,-0.203368,0.658438,0.500723,0.314418,0.947785,-0.053291,0.222009,-0.613220,0.245651,0.750717,-0.522925,0.000000,0.000000,0.000000,1.000000,0.09514110505498805,56.75452320628121
1782485640.122712,0.724609,-0.203368,0.658438,0.500723,0.314418,0.947785,-0.053291,0.222009,-0.613220,0.245651,0.750717,-0.522925,0.000000,0.000000,0.000000,1.000000,0.09514110505498805,56.75452320628121
1782485640.157150,0.724609,-0.203368,0.658438,0.500723,0.314418,0.947785,-0.053291,0.222009,-0.613220,0.245651,0.750717,-0.522925,0.000000,0.000000,0.000000,1.000000,0.09514110505498805,56.75452320628121
1782485640.192360,0.724609,-0.203368,0.658438,0.500723,0.314418,0.947785,-0.053291,0.222009,-0.613220,0.245651,0.750717,-0.522925,0.000000,0.000000,0.000000,1.000000,0.09514110505498805,56.75452320628121
1782485640.227917,0.724609,-0.203368,0.658438,0.500723,0.314418,0.947785,-0.053291,0.222009,-0.613220,0.245651,0.750717,-0.522925,0.000000,0.000000,0.000000,1.000000,0.09514110505498805,56.75452320628121
1782485640.262637,0.724609,-0.203368,0.658438,0.500723,0.314418,0.947785,-0.053291,0.222009,-0.613220,0.245651,0.750717,-0.522925,0.000000,0.000000,0.000000,1.000000,0.09514110505498805,56.75452320628121
1782485640.298258,0.724609,-0.203368,0.658438,0.500723,0.314418,0.947785,-0.053291,0.222009,-0.613220,0.245651,0.750717,-0.522925,0.000000,0.000000,0.000000,1.000000,0.09514110505498805,56.75452320628121
1782485640.333597,0.724609,-0.203368,0.658438,0.500723,0.314418,0.947785,-0.053291,0.222009,-0.613220,0.245651,0.750717,-0.522925,0.000000,0.000000,0.000000,1.000000,0.09514110505498805,56.75452320628121
1782485640.369406,0.724609,-0.203368,0.658438,0.500723,0.314418,0.947785,-0.053291,0.222009,-0.613220,0.245651,0.750717,-0.522925,0.000000,0.000000,0.000000,1.000000,0.09514110505498805,56.75452320628121
1782485640.405192,0.724609,-0.203368,0.658438,0.500723,0.314418,0.947785,-0.053291,0.222009,-0.613220,0.245651,0.750717,-0.522925,0.000000,0.000000,0.000000,1.000000,0.09514110505498805,56.75452320628121
1782485640.440477,0.724609,-0.203368,0.658438,0.500723,0.314418,0.947785,-0.053291,0.222009,-0.613220,0.245651,0.750717,-0.522925,0.000000,0.000000,0.000000,1.000000,0.09514110505498805,56.75452320628121
1782485640.475456,0.724609,-0.203368,0.658438,0.500723,0.314418,0.947785,-0.053291,0.222009,-0.613220,0.245651,0.750717,-0.522925,0.000000,0.000000,0.000000,1.000000,0.09514110505498805,56.75452320628121
1782485640.510550,0.724609,-0.203368,0.658438,0.500723,0.314418,0.947785,-0.053291,0.222009,-0.613220,0.245651,0.750717,-0.522925,0.000000,0.000000,0.000000,1.000000,0.09514110505498805,56.75452320628121
1782485640.545811,0.724609,-0.203368,0.658438,0.500723,0.314418,0.947785,-0.053291,0.222009,-0.613220,0.245651,0.750717,-0.522925,0.000000,0.000000,0.000000,1.000000,0.09514110505498805,56.75452320628121
1782485640.580923,0.724609,-0.203368,0.658438,0.500723,0.314418,0.947785,-0.053291,0.222009,-0.613220,0.245651,0.750717,-0.522925,0.000000,0.000000,0.000000,1.000000,0.09514110505498805,56.75452320628121
1782485640.615739,0.724609,-0.203368,0.658438,0.500723,0.314418,0.947785,-0.053291,0.222009,-0.613220,0.245651,0.750717,-0.522925,0.000000,0.000000,0.000000,1.000000,0.09514110505498805,56.75452320628121
1782485640.651016,0.724609,-0.203368,0.658438,0.500723,0.314418,0.947785,-0.053291,0.222009,-0.613220,0.245651,0.750717,-0.522925,0.000000,0.000000,0.000000,1.000000,0.09514110505498805,56.75452320628121
1782485640.686234,0.724609,-0.203368,0.658438,0.500723,0.314418,0.947785,-0.053291,0.222009,-0.613220,0.245651,0.750717,-0.522925,0.000000,0.000000,0.000000,1.000000,0.09514110505498805,56.75452320628121
1782485640.720405,0.724609,-0.203368,0.658438,0.500723,0.314418,0.947785,-0.053291,0.222009,-0.613220,0.245651,0.750717,-0.522925,0.000000,0.000000,0.000000,1.000000,0.09514110505498805,56.75452320628121
1782485640.755824,0.724609,-0.203368,0.658438,0.500723,0.314418,0.947785,-0.053291,0.222009,-0.613220,0.245651,0.750717,-0.522925,0.000000,0.000000,0.000000,1.000000,0.09514110505498805,56.75452320628121
1782485640.791620,0.724609,-0.203368,0.658438,0.500723,0.314418,0.947785,-0.053291,0.222009,-0.613220,0.245651,0.750717,-0.522925,0.000000,0.000000,0.000000,1.000000,0.09514110505498805,56.75452320628121
1782485640.827342,0.724609,-0.203368,0.658438,0.500723,0.314418,0.947785,-0.053291,0.222009,-0.613220,0.245651,0.750717,-0.522925,0.000000,0.000000,0.000000,1.000000,0.09514110505498805,56.75452320628121
1782485640.862948,0.724609,-0.203368,0.658438,0.500723,0.314418,0.947785,-0.053291,0.222009,-0.613220,0.245651,0.750717,-0.522925,0.000000,0.000000,0.000000,1.000000,0.09514110505498805,56.75452320628121
1782485640.897475,0.724609,-0.203368,0.658438,0.500723,0.314418,0.947785,-0.053291,0.222009,-0.613220,0.245651,0.750717,-0.522925,0.000000,0.000000,0.000000,1.000000,0.09514110505498805,56.75452320628121
1782485640.933095,0.724609,-0.203368,0.658438,0.500723,0.314418,0.947785,-0.053291,0.222009,-0.613220,0.245651,0.750717,-0.522925,0.000000,0.000000,0.000000,1.000000,0.09514110505498805,56.75452320628121
1782485640.968564,0.724609,-0.203368,0.658438,0.500723,0.314418,0.947785,-0.053291,0.222009,-0.613220,0.245651,0.750717,-0.522925,0.000000,0.000000,0.000000,1.000000,0.09514110505498805,56.75452320628121
1782485641.004517,0.724609,-0.203368,0.658438,0.500723,0.314418,0.947785,-0.053291,0.222009,-0.613220,0.245651,0.750717,-0.522925,0.000000,0.000000,0.000000,1.000000,0.09514110505498805,56.75452320628121
1782485641.040099,0.724609,-0.203368,0.658438,0.500723,0.314418,0.947785,-0.053291,0.222009,-0.613220,0.245651,0.750717,-0.522925,0.000000,0.000000,0.000000,1.000000,0.09514110505498805,56.75452320628121
1782485641.075538,0.724609,-0.203368,0.658438,0.500723,0.314418,0.947785,-0.053291,0.222009,-0.613220,0.245651,0.750717,-0.522925,0.000000,0.000000,0.000000,1.000000,0.09514110505498805,56.75452320628121
1782485641.110693,0.724609,-0.203368,0.658438,0.500723,0.314418,0.947785,-0.053291,0.222009,-0.613220,0.245651,0.750717,-0.522925,0.000000,0.000000,0.000000,1.000000,0.09514110505498805,56.75452320628121
1782485641.146622,0.724609,-0.203368,0.658438,0.500723,0.314418,0.947785,-0.053291,0.222009,-0.613220,0.245651,0.750717,-0.522925,0.000000,0.000000,0.000000,1.000000,0.09514110505498805,56.75452320628121
1782485641.182351,0.724609,-0.203368,0.658438,0.500723,0.314418,0.947785,-0.053291,0.222009,-0.613220,0.245651,0.750717,-0.522925,0.000000,0.000000,0.000000,1.000000,0.09514110505498805,56.75452320628121
1782485641.217161,0.724609,-0.203368,0.658438,0.500723,0.314418,0.947785,-0.053291,0.222009,-0.613220,0.245651,0.750717,-0.522925,0.000000,0.000000,0.000000,1.000000,0.09514110505498805,56.75452320628121
1782485641.252947,0.724609,-0.203368,0.658438,0.500723,0.314418,0.947785,-0.053291,0.222009,-0.613220,0.245651,0.750717,-0.522925,0.000000,0.000000,0.000000,1.000000,0.09514110505498805,56.75452320628121
1782485641.288415,0.724609,-0.203368,0.658438,0.500723,0.314418,0.947785,-0.053291,0.222009,-0.613220,0.245651,0.750717,-0.522925,0.000000,0.000000,0.000000,1.000000,0.09514110505498805,56.75452320628121
1782485641.323548,0.724609,-0.203368,0.658438,0.500723,0.314418,0.947785,-0.053291,0.222009,-0.613220,0.245651,0.750717,-0.522925,0.000000,0.000000,0.000000,1.000000,0.09514110505498805,56.75452320628121
1782485641.359321,0.724609,-0.203368,0.658438,0.500723,0.314418,0.947785,-0.053291,0.222009,-0.613220,0.245651,0.750717,-0.522925,0.000000,0.000000,0.000000,1.000000,0.09514110505498805,56.75452320628121
1782485641.395022,0.724609,-0.203368,0.658438,0.500723,0.314418,0.947785,-0.053291,0.222009,-0.613220,0.245651,0.750717,-0.522925,0.000000,0.000000,0.000000,1.000000,0.09514110505498805,56.75452320628121
1782485641.431039,0.724609,-0.203368,0.658438,0.500723,0.314418,0.947785,-0.053291,0.222009,-0.613220,0.245651,0.750717,-0.522925,0.000000,0.000000,0.000000,1.000000,0.09514110505498805,56.75452320628121
1782485641.467207,0.724609,-0.203368,0.658438,0.500723,0.314418,0.947785,-0.053291,0.222009,-0.613220,0.245651,0.750717,-0.522925,0.000000,0.000000,0.000000,1.000000,0.09514110505498805,56.75452320628121
1782485641.503282,0.724609,-0.203368,0.658438,0.500723,0.314418,0.947785,-0.053291,0.222009,-0.613220,0.245651,0.750717,-0.522925,0.000000,0.000000,0.000000,1.000000,0.09514110505498805,56.75452320628121
1782485641.538789,0.724609,-0.203368,0.658438,0.500723,0.314418,0.947785,-0.053291,0.222009,-0.613220,0.245651,0.750717,-0.522925,0.000000,0.000000,0.000000,1.000000,0.09514110505498805,56.75452320628121
1782485641.574551,0.724609,-0.203368,0.658438,0.500723,0.314418,0.947785,-0.053291,0.222009,-0.613220,0.245651,0.750717,-0.522925,0.000000,0.000000,0.000000,1.000000,0.09514110505498805,56.75452320628121
1782485641.610338,0.724609,-0.203368,0.658438,0.500723,0.314418,0.947785,-0.053291,0.222009,-0.613220,0.245651,0.750717,-0.522925,0.000000,0.000000,0.000000,1.000000,0.09514110505498805,56.75452320628121
1782485641.646151,0.724609,-0.203368,0.658438,0.500723,0.314418,0.947785,-0.053291,0.222009,-0.613220,0.245651,0.750717,-0.522925,0.000000,0.000000,0.000000,1.000000,0.09514110505498805,56.75452320628121
1782485641.681874,0.724609,-0.203368,0.658438,0.500723,0.314418,0.947785,-0.053291,0.222009,-0.613220,0.245651,0.750717,-0.522925,0.000000,0.000000,0.000000,1.000000,0.09514110505498805,56.75452320628121
1782485641.717657,0.724609,-0.203368,0.658438,0.500723,0.314418,0.947785,-0.053291,0.222009,-0.613220,0.245651,0.750717,-0.522925,0.000000,0.000000,0.000000,1.000000,0.09514110505498805,56.75452320628121
1782485641.753356,0.724609,-0.203368,0.658438,0.500723,0.314418,0.947785,-0.053291,0.222009,-0.613220,0.245651,0.750717,-0.522925,0.000000,0.000000,0.000000,1.000000,0.09514110505498805,56.75452320628121
1782485641.789099,0.724609,-0.203368,0.658438,0.500723,0.314418,0.947785,-0.053291,0.222009,-0.613220,0.245651,0.750717,-0.522925,0.000000,0.000000,0.000000,1.000000,0.09514110505498805,56.75452320628121
1782485641.824329,0.724609,-0.203368,0.658438,0.500723,0.314418,0.947785,-0.053291,0.222009,-0.613220,0.245651,0.750717,-0.522925,0.000000,0.000000,0.000000,1.000000,0.09514110505498805,56.75452320628121
1782485641.859760,0.724609,-0.203368,0.658438,0.500723,0.314418,0.947785,-0.053291,0.222009,-0.613220,0.245651,0.750717,-0.522925,0.000000,0.000000,0.000000,1.000000,0.09514110505498805,56.75452320628121
1782485641.895602,0.724609,-0.203368,0.658438,0.500723,0.314418,0.947785,-0.053291,0.222009,-0.613220,0.245651,0.750717,-0.522925,0.000000,0.000000,0.000000,1.000000,0.09514110505498805,56.75452320628121
1782485641.930896,0.724609,-0.203368,0.658438,0.500723,0.314418,0.947785,-0.053291,0.222009,-0.613220,0.245651,0.750717,-0.522925,0.000000,0.000000,0.000000,1.000000,0.09514110505498805,56.75452320628121
1782485641.966489,0.724609,-0.203368,0.658438,0.500723,0.314418,0.947785,-0.053291,0.222009,-0.613220,0.245651,0.750717,-0.522925,0.000000,0.000000,0.000000,1.000000,0.09514110505498805,56.75452320628121
1782485642.001823,0.724609,-0.203368,0.658438,0.500723,0.314418,0.947785,-0.053291,0.222009,-0.613220,0.245651,0.750717,-0.522925,0.000000,0.000000,0.000000,1.000000,0.09514110505498805,56.75452320628121
1782485642.037631,0.724609,-0.203368,0.658438,0.500723,0.314418,0.947785,-0.053291,0.222009,-0.613220,0.245651,0.750717,-0.522925,0.000000,0.000000,0.000000,1.000000,0.09514110505498805,56.75452320628121
1782485642.073318,0.724609,-0.203368,0.658438,0.500723,0.314418,0.947785,-0.053291,0.222009,-0.613220,0.245651,0.750717,-0.522925,0.000000,0.000000,0.000000,1.000000,0.09514110505498805,56.75452320628121
1782485642.109008,0.724609,-0.203368,0.658438,0.500723,0.314418,0.947785,-0.053291,0.222009,-0.613220,0.245651,0.750717,-0.522925,0.000000,0.000000,0.000000,1.000000,0.09514110505498805,56.75452320628121
1782485642.144000,0.724609,-0.203368,0.658438,0.500723,0.314418,0.947785,-0.053291,0.222009,-0.613220,0.245651,0.750717,-0.522925,0.000000,0.000000,0.000000,1.000000,0.09514110505498805,56.75452320628121
1782485642.179049,0.724609,-0.203368,0.658438,0.500723,0.314418,0.947785,-0.053291,0.222009,-0.613220,0.245651,0.750717,-0.522925,0.000000,0.000000,0.000000,1.000000,0.09514110505498805,56.75452320628121
1782485642.214823,0.724609,-0.203368,0.658438,0.500723,0.314418,0.947785,-0.053291,0.222009,-0.613220,0.245651,0.750717,-0.522925,0.000000,0.000000,0.000000,1.000000,0.09514110505498805,56.75452320628121
1782485642.249779,0.724609,-0.203368,0.658438,0.500723,0.314418,0.947785,-0.053291,0.222009,-0.613220,0.245651,0.750717,-0.522925,0.000000,0.000000,0.000000,1.000000,0.09514110505498805,56.75452320628121
1782485642.285571,0.724609,-0.203368,0.658438,0.500723,0.314418,0.947785,-0.053291,0.222009,-0.613220,0.245651,0.750717,-0.522925,0.000000,0.000000,0.000000,1.000000,0.09514110505498805,56.75452320628121
1782485642.321413,0.724609,-0.203368,0.658438,0.500723,0.314418,0.947785,-0.053291,0.222009,-0.613220,0.245651,0.750717,-0.522925,0.000000,0.000000,0.000000,1.000000,0.09514110505498805,56.75452320628121
1782485642.357062,0.724609,-0.203368,0.658438,0.500723,0.314418,0.947785,-0.053291,0.222009,-0.613220,0.245651,0.750717,-0.522925,0.000000,0.000000,0.000000,1.000000,0.09514110505498805,56.75452320628121
1782485642.391791,0.724609,-0.203368,0.658438,0.500723,0.314418,0.947785,-0.053291,0.222009,-0.613220,0.245651,0.750717,-0.522925,0.000000,0.000000,0.000000,1.000000,0.09514110505498805,56.75452320628121
1782485642.426873,0.724609,-0.203368,0.658438,0.500723,0.314418,0.947785,-0.053291,0.222009,-0.613220,0.245651,0.750717,-0.522925,0.000000,0.000000,0.000000,1.000000,0.09514110505498805,56.75452320628121
1782485642.462542,0.724609,-0.203368,0.658438,0.500723,0.314418,0.947785,-0.053291,0.222009,-0.613220,0.245651,0.750717,-0.522925,0.000000,0.000000,0.000000,1.000000,0.09514110505498805,56.75452320628121
1782485642.497607,0.724609,-0.203368,0.658438,0.500723,0.314418,0.947785,-0.053291,0.222009,-0.613220,0.245651,0.750717,-0.522925,0.000000,0.000000,0.000000,1.000000,0.09514110505498805,56.75452320628121
1782485642.533395,0.724609,-0.203368,0.658438,0.500723,0.314418,0.947785,-0.053291,0.222009,-0.613220,0.245651,0.750717,-0.522925,0.000000,0.000000,0.000000,1.000000,0.09514110505498805,56.75452320628121
1782485642.569505,0.724609,-0.203368,0.658438,0.500723,0.314418,0.947785,-0.053291,0.222009,-0.613220,0.245651,0.750717,-0.522925,0.000000,0.000000,0.000000,1.000000,0.09514110505498805,56.75452320628121
1782485642.604988,0.724609,-0.203368,0.658438,0.500723,0.314418,0.947785,-0.053291,0.222009,-0.613220,0.245651,0.750717,-0.522925,0.000000,0.000000,0.000000,1.000000,0.09514110505498805,56.75452320628121
1782485642.640497,0.724609,-0.203368,0.658438,0.500723,0.314418,0.947785,-0.053291,0.222009,-0.613220,0.245651,0.750717,-0.522925,0.000000,0.000000,0.000000,1.000000,0.09514110505498805,56.75452320628121
1782485642.676327,0.724609,-0.203368,0.658438,0.500723,0.314418,0.947785,-0.053291,0.222009,-0.613220,0.245651,0.750717,-0.522925,0.000000,0.000000,0.000000,1.000000,0.09514110505498805,56.75452320628121
1782485642.711099,0.724609,-0.203368,0.658438,0.500723,0.314418,0.947785,-0.053291,0.222009,-0.613220,0.245651,0.750717,-0.522925,0.000000,0.000000,0.000000,1.000000,0.09514110505498805,56.75452320628121
1782485642.746280,0.724609,-0.203368,0.658438,0.500723,0.314418,0.947785,-0.053291,0.222009,-0.613220,0.245651,0.750717,-0.522925,0.000000,0.000000,0.000000,1.000000,0.09514110505498805,56.75452320628121
1782485642.782454,0.724609,-0.203368,0.658438,0.500723,0.314418,0.947785,-0.053291,0.222009,-0.613220,0.245651,0.750717,-0.522925,0.000000,0.000000,0.000000,1.000000,0.09514110505498805,56.75452320628121
1782485642.818183,0.724609,-0.203368,0.658438,0.500723,0.314418,0.947785,-0.053291,0.222009,-0.613220,0.245651,0.750717,-0.522925,0.000000,0.000000,0.000000,1.000000,0.09514110505498805,56.75452320628121
1782485642.854080,0.724609,-0.203368,0.658438,0.500723,0.314418,0.947785,-0.053291,0.222009,-0.613220,0.245651,0.750717,-0.522925,0.000000,0.000000,0.000000,1.000000,0.09514110505498805,56.75452320628121
1782485642.889490,0.724609,-0.203368,0.658438,0.500723,0.314418,0.947785,-0.053291,0.222009,-0.613220,0.245651,0.750717,-0.522925,0.000000,0.000000,0.000000,1.000000,0.09514110505498805,56.75452320628121
1782485642.925101,0.724609,-0.203368,0.658438,0.500723,0.314418,0.947785,-0.053291,0.222009,-0.613220,0.245651,0.750717,-0.522925,0.000000,0.000000,0.000000,1.000000,0.09514110505498805,56.75452320628121
1782485642.960605,0.724609,-0.203368,0.658438,0.500723,0.314418,0.947785,-0.053291,0.222009,-0.613220,0.245651,0.750717,-0.522925,0.000000,0.000000,0.000000,1.000000,0.09514110505498805,56.75452320628121
1782485642.996116,0.724609,-0.203368,0.658438,0.500723,0.314418,0.947785,-0.053291,0.222009,-0.613220,0.245651,0.750717,-0.522925,0.000000,0.000000,0.000000,1.000000,0.09514110505498805,56.75452320628121
1782485643.031027,0.724609,-0.203368,0.658438,0.500723,0.314418,0.947785,-0.053291,0.222009,-0.613220,0.245651,0.750717,-0.522925,0.000000,0.000000,0.000000,1.000000,0.09514110505498805,56.75452320628121
1782485643.067248,0.724609,-0.203368,0.658438,0.500723,0.314418,0.947785,-0.053291,0.222009,-0.613220,0.245651,0.750717,-0.522925,0.000000,0.000000,0.000000,1.000000,0.09514110505498805,56.75452320628121
1782485643.103124,0.724609,-0.203368,0.658438,0.500723,0.314418,0.947785,-0.053291,0.222009,-0.613220,0.245651,0.750717,-0.522925,0.000000,0.000000,0.000000,1.000000,0.09514110505498805,56.75452320628121
1782485643.138903,0.724609,-0.203368,0.658438,0.500723,0.314418,0.947785,-0.053291,0.222009,-0.613220,0.245651,0.750717,-0.522925,0.000000,0.000000,0.000000,1.000000,0.09514110505498805,56.75452320628121
1782485643.174320,0.724609,-0.203368,0.658438,0.500723,0.314418,0.947785,-0.053291,0.222009,-0.613220,0.245651,0.750717,-0.522925,0.000000,0.000000,0.000000,1.000000,0.09514110505498805,56.75452320628121
1782485643.209898,0.724609,-0.203368,0.658438,0.500723,0.314418,0.947785,-0.053291,0.222009,-0.613220,0.245651,0.750717,-0.522925,0.000000,0.000000,0.000000,1.000000,0.09514110505498805,56.75452320628121
1782485643.245812,0.724609,-0.203368,0.658438,0.500723,0.314418,0.947785,-0.053291,0.222009,-0.613220,0.245651,0.750717,-0.522925,0.000000,0.000000,0.000000,1.000000,0.09514110505498805,56.75452320628121
1782485643.281621,0.724609,-0.203368,0.658438,0.500723,0.314418,0.947785,-0.053291,0.222009,-0.613220,0.245651,0.750717,-0.522925,0.000000,0.000000,0.000000,1.000000,0.09514110505498805,56.75452320628121
1782485643.317245,0.724609,-0.203368,0.658438,0.500723,0.314418,0.947785,-0.053291,0.222009,-0.613220,0.245651,0.750717,-0.522925,0.000000,0.000000,0.000000,1.000000,0.09514110505498805,56.75452320628121
1782485643.353353,0.724609,-0.203368,0.658438,0.500723,0.314418,0.947785,-0.053291,0.222009,-0.613220,0.245651,0.750717,-0.522925,0.000000,0.000000,0.000000,1.000000,0.09514110505498805,56.75452320628121
1782485643.391175,0.724609,-0.203368,0.658438,0.500723,0.314418,0.947785,-0.053291,0.222009,-0.613220,0.245651,0.750717,-0.522925,0.000000,0.000000,0.000000,1.000000,0.09514110505498805,56.75452320628121
1782485643.426916,0.724609,-0.203368,0.658438,0.500723,0.314418,0.947785,-0.053291,0.222009,-0.613220,0.245651,0.750717,-0.522925,0.000000,0.000000,0.000000,1.000000,0.09514110505498805,56.75452320628121
1782485643.462659,0.724609,-0.203368,0.658438,0.500723,0.314418,0.947785,-0.053291,0.222009,-0.613220,0.245651,0.750717,-0.522925,0.000000,0.000000,0.000000,1.000000,0.09514110505498805,56.75452320628121
1782485643.498374,0.724609,-0.203368,0.658438,0.500723,0.314418,0.947785,-0.053291,0.222009,-0.613220,0.245651,0.750717,-0.522925,0.000000,0.000000,0.000000,1.000000,0.09514110505498805,56.75452320628121
1782485643.534104,0.724609,-0.203368,0.658438,0.500723,0.314418,0.947785,-0.053291,0.222009,-0.613220,0.245651,0.750717,-0.522925,0.000000,0.000000,0.000000,1.000000,0.09514110505498805,56.75452320628121
1782485643.569936,0.724609,-0.203368,0.658438,0.500723,0.314418,0.947785,-0.053291,0.222009,-0.613220,0.245651,0.750717,-0.522925,0.000000,0.000000,0.000000,1.000000,0.09514110505498805,56.75452320628121
1782485643.605722,0.724609,-0.203368,0.658438,0.500723,0.314418,0.947785,-0.053291,0.222009,-0.613220,0.245651,0.750717,-0.522925,0.000000,0.000000,0.000000,1.000000,0.09514110505498805,56.75452320628121
1782485643.641518,0.724609,-0.203368,0.658438,0.500723,0.314418,0.947785,-0.053291,0.222009,-0.613220,0.245651,0.750717,-0.522925,0.000000,0.000000,0.000000,1.000000,0.09514110505498805,56.75452320628121
1782485643.677222,0.724609,-0.203368,0.658438,0.500723,0.314418,0.947785,-0.053291,0.222009,-0.613220,0.245651,0.750717,-0.522925,0.000000,0.000000,0.000000,1.000000,0.09514110505498805,56.75452320628121
1782485643.712847,0.724609,-0.203368,0.658438,0.500723,0.314418,0.947785,-0.053291,0.222009,-0.613220,0.245651,0.750717,-0.522925,0.000000,0.000000,0.000000,1.000000,0.09514110505498805,56.75452320628121
1782485643.747786,0.724609,-0.203368,0.658438,0.500723,0.314418,0.947785,-0.053291,0.222009,-0.613220,0.245651,0.750717,-0.522925,0.000000,0.000000,0.000000,1.000000,0.09514110505498805,56.75452320628121
1782485643.783654,0.724609,-0.203368,0.658438,0.500723,0.314418,0.947785,-0.053291,0.222009,-0.613220,0.245651,0.750717,-0.522925,0.000000,0.000000,0.000000,1.000000,0.09514110505498805,56.75452320628121
1782485643.819413,0.724609,-0.203368,0.658438,0.500723,0.314418,0.947785,-0.053291,0.222009,-0.613220,0.245651,0.750717,-0.522925,0.000000,0.000000,0.000000,1.000000,0.09514110505498805,56.75452320628121
1782485643.855162,0.724609,-0.203368,0.658438,0.500723,0.314418,0.947785,-0.053291,0.222009,-0.613220,0.245651,0.750717,-0.522925,0.000000,0.000000,0.000000,1.000000,0.09514110505498805,56.75452320628121
1782485643.890741,0.724609,-0.203368,0.658438,0.500723,0.314418,0.947785,-0.053291,0.222009,-0.613220,0.245651,0.750717,-0.522925,0.000000,0.000000,0.000000,1.000000,0.09514110505498805,56.75452320628121
1782485643.926419,0.724609,-0.203368,0.658438,0.500723,0.314418,0.947785,-0.053291,0.222009,-0.613220,0.245651,0.750717,-0.522925,0.000000,0.000000,0.000000,1.000000,0.09514110505498805,56.75452320628121
1782485643.962176,0.724609,-0.203368,0.658438,0.500723,0.314418,0.947785,-0.053291,0.222009,-0.613220,0.245651,0.750717,-0.522925,0.000000,0.000000,0.000000,1.000000,0.09514110505498805,56.75452320628121
1782485643.997869,0.724609,-0.203368,0.658438,0.500723,0.314418,0.947785,-0.053291,0.222009,-0.613220,0.245651,0.750717,-0.522925,0.000000,0.000000,0.000000,1.000000,0.09514110505498805,56.75452320628121
1782485644.033106,0.724609,-0.203368,0.658438,0.500723,0.314418,0.947785,-0.053291,0.222009,-0.613220,0.245651,0.750717,-0.522925,0.000000,0.000000,0.000000,1.000000,0.09514110505498805,56.75452320628121
1782485644.068336,0.724609,-0.203368,0.658438,0.500723,0.314418,0.947785,-0.053291,0.222009,-0.613220,0.245651,0.750717,-0.522925,0.000000,0.000000,0.000000,1.000000,0.09514110505498805,56.75452320628121
1782485644.104044,0.724609,-0.203368,0.658438,0.500723,0.314418,0.947785,-0.053291,0.222009,-0.613220,0.245651,0.750717,-0.522925,0.000000,0.000000,0.000000,1.000000,0.09514110505498805,56.75452320628121
1782485644.139739,0.724609,-0.203368,0.658438,0.500723,0.314418,0.947785,-0.053291,0.222009,-0.613220,0.245651,0.750717,-0.522925,0.000000,0.000000,0.000000,1.000000,0.09514110505498805,56.75452320628121
1782485644.175453,0.724609,-0.203368,0.658438,0.500723,0.314418,0.947785,-0.053291,0.222009,-0.613220,0.245651,0.750717,-0.522925,0.000000,0.000000,0.000000,1.000000,0.09514110505498805,56.75452320628121
1782485644.211099,0.724609,-0.203368,0.658438,0.500723,0.314418,0.947785,-0.053291,0.222009,-0.613220,0.245651,0.750717,-0.522925,0.000000,0.000000,0.000000,1.000000,0.09514110505498805,56.75452320628121
1782485644.246836,0.724609,-0.203368,0.658438,0.500723,0.314418,0.947785,-0.053291,0.222009,-0.613220,0.245651,0.750717,-0.522925,0.000000,0.000000,0.000000,1.000000,0.09514110505498805,56.75452320628121
1782485644.282656,0.724609,-0.203368,0.658438,0.500723,0.314418,0.947785,-0.053291,0.222009,-0.613220,0.245651,0.750717,-0.522925,0.000000,0.000000,0.000000,1.000000,0.09514110505498805,56.75452320628121
1782485644.318596,0.724609,-0.203368,0.658438,0.500723,0.314418,0.947785,-0.053291,0.222009,-0.613220,0.245651,0.750717,-0.522925,0.000000,0.000000,0.000000,1.000000,0.09514110505498805,56.75452320628121
1782485644.354308,0.724609,-0.203368,0.658438,0.500723,0.314418,0.947785,-0.053291,0.222009,-0.613220,0.245651,0.750717,-0.522925,0.000000,0.000000,0.000000,1.000000,0.09514110505498805,56.75452320628121
1782485644.389958,0.724609,-0.203368,0.658438,0.500723,0.314418,0.947785,-0.053291,0.222009,-0.613220,0.245651,0.750717,-0.522925,0.000000,0.000000,0.000000,1.000000,0.09514110505498805,56.75452320628121
1782485644.425737,0.724609,-0.203368,0.658438,0.500723,0.314418,0.947785,-0.053291,0.222009,-0.613220,0.245651,0.750717,-0.522925,0.000000,0.000000,0.000000,1.000000,0.09514110505498805,56.75452320628121
1782485644.461404,0.724609,-0.203368,0.658438,0.500723,0.314418,0.947785,-0.053291,0.222009,-0.613220,0.245651,0.750717,-0.522925,0.000000,0.000000,0.000000,1.000000,0.09514110505498805,56.75452320628121
1782485644.497415,0.724609,-0.203368,0.658438,0.500723,0.314418,0.947785,-0.053291,0.222009,-0.613220,0.245651,0.750717,-0.522925,0.000000,0.000000,0.000000,1.000000,0.09514110505498805,56.75452320628121
1782485644.533110,0.724609,-0.203368,0.658438,0.500723,0.314418,0.947785,-0.053291,0.222009,-0.613220,0.245651,0.750717,-0.522925,0.000000,0.000000,0.000000,1.000000,0.09514110505498805,56.75452320628121
1782485644.568506,0.724609,-0.203368,0.658438,0.500723,0.314418,0.947785,-0.053291,0.222009,-0.613220,0.245651,0.750717,-0.522925,0.000000,0.000000,0.000000,1.000000,0.09514110505498805,56.75452320628121
1782485644.604311,0.724609,-0.203368,0.658438,0.500723,0.314418,0.947785,-0.053291,0.222009,-0.613220,0.245651,0.750717,-0.522925,0.000000,0.000000,0.000000,1.000000,0.09514110505498805,56.75452320628121
1782485644.640121,0.724609,-0.203368,0.658438,0.500723,0.314418,0.947785,-0.053291,0.222009,-0.613220,0.245651,0.750717,-0.522925,0.000000,0.000000,0.000000,1.000000,0.09514110505498805,56.75452320628121
1782485644.676063,0.724609,-0.203368,0.658438,0.500723,0.314418,0.947785,-0.053291,0.222009,-0.613220,0.245651,0.750717,-0.522925,0.000000,0.000000,0.000000,1.000000,0.09514110505498805,56.75452320628121
1782485644.711730,0.724609,-0.203368,0.658438,0.500723,0.314418,0.947785,-0.053291,0.222009,-0.613220,0.245651,0.750717,-0.522925,0.000000,0.000000,0.000000,1.000000,0.09514110505498805,56.75452320628121
1782485644.747206,0.724609,-0.203368,0.658438,0.500723,0.314418,0.947785,-0.053291,0.222009,-0.613220,0.245651,0.750717,-0.522925,0.000000,0.000000,0.000000,1.000000,0.09514110505498805,56.75452320628121
1782485644.782641,0.724609,-0.203368,0.658438,0.500723,0.314418,0.947785,-0.053291,0.222009,-0.613220,0.245651,0.750717,-0.522925,0.000000,0.000000,0.000000,1.000000,0.09514110505498805,56.75452320628121
1782485644.817661,0.724609,-0.203368,0.658438,0.500723,0.314418,0.947785,-0.053291,0.222009,-0.613220,0.245651,0.750717,-0.522925,0.000000,0.000000,0.000000,1.000000,0.09514110505498805,56.75452320628121
1782485644.852679,0.724609,-0.203368,0.658438,0.500723,0.314418,0.947785,-0.053291,0.222009,-0.613220,0.245651,0.750717,-0.522925,0.000000,0.000000,0.000000,1.000000,0.09514110505498805,56.75452320628121
1782485644.887886,0.724609,-0.203368,0.658438,0.500723,0.314418,0.947785,-0.053291,0.222009,-0.613220,0.245651,0.750717,-0.522925,0.000000,0.000000,0.000000,1.000000,0.09514110505498805,56.75452320628121
1782485644.923679,0.724609,-0.203368,0.658438,0.500723,0.314418,0.947785,-0.053291,0.222009,-0.613220,0.245651,0.750717,-0.522925,0.000000,0.000000,0.000000,1.000000,0.09514110505498805,56.75452320628121
1782485644.959524,0.724609,-0.203368,0.658438,0.500723,0.314418,0.947785,-0.053291,0.222009,-0.613220,0.245651,0.750717,-0.522925,0.000000,0.000000,0.000000,1.000000,0.09514110505498805,56.75452320628121
1782485644.995382,0.724609,-0.203368,0.658438,0.500723,0.314418,0.947785,-0.053291,0.222009,-0.613220,0.245651,0.750717,-0.522925,0.000000,0.000000,0.000000,1.000000,0.09514110505498805,56.75452320628121
1782485645.030992,0.724609,-0.203368,0.658438,0.500723,0.314418,0.947785,-0.053291,0.222009,-0.613220,0.245651,0.750717,-0.522925,0.000000,0.000000,0.000000,1.000000,0.09514110505498805,56.75452320628121
1782485645.066096,0.724609,-0.203368,0.658438,0.500723,0.314418,0.947785,-0.053291,0.222009,-0.613220,0.245651,0.750717,-0.522925,0.000000,0.000000,0.000000,1.000000,0.09514110505498805,56.75452320628121
1782485645.102068,0.724609,-0.203368,0.658438,0.500723,0.314418,0.947785,-0.053291,0.222009,-0.613220,0.245651,0.750717,-0.522925,0.000000,0.000000,0.000000,1.000000,0.09514110505498805,56.75452320628121
1782485645.138085,0.724609,-0.203368,0.658438,0.500723,0.314418,0.947785,-0.053291,0.222009,-0.613220,0.245651,0.750717,-0.522925,0.000000,0.000000,0.000000,1.000000,0.09514110505498805,56.75452320628121
1782485645.173761,0.724609,-0.203368,0.658438,0.500723,0.314418,0.947785,-0.053291,0.222009,-0.613220,0.245651,0.750717,-0.522925,0.000000,0.000000,0.000000,1.000000,0.09514110505498805,56.75452320628121
1782485645.209463,0.724609,-0.203368,0.658438,0.500723,0.314418,0.947785,-0.053291,0.222009,-0.613220,0.245651,0.750717,-0.522925,0.000000,0.000000,0.000000,1.000000,0.09514110505498805,56.75452320628121
1782485645.245133,0.724609,-0.203368,0.658438,0.500723,0.314418,0.947785,-0.053291,0.222009,-0.613220,0.245651,0.750717,-0.522925,0.000000,0.000000,0.000000,1.000000,0.09514110505498805,56.75452320628121
1782485645.280738,0.724609,-0.203368,0.658438,0.500723,0.314418,0.947785,-0.053291,0.222009,-0.613220,0.245651,0.750717,-0.522925,0.000000,0.000000,0.000000,1.000000,0.09514110505498805,56.75452320628121
1782485645.316250,0.724609,-0.203368,0.658438,0.500723,0.314418,0.947785,-0.053291,0.222009,-0.613220,0.245651,0.750717,-0.522925,0.000000,0.000000,0.000000,1.000000,0.09514110505498805,56.75452320628121
1782485645.351886,0.724609,-0.203368,0.658438,0.500723,0.314418,0.947785,-0.053291,0.222009,-0.613220,0.245651,0.750717,-0.522925,0.000000,0.000000,0.000000,1.000000,0.09514110505498805,56.75452320628121
1782485645.387502,0.724609,-0.203368,0.658438,0.500723,0.314418,0.947785,-0.053291,0.222009,-0.613220,0.245651,0.750717,-0.522925,0.000000,0.000000,0.000000,1.000000,0.09514110505498805,56.75452320628121
1782485645.423303,0.724609,-0.203368,0.658438,0.500723,0.314418,0.947785,-0.053291,0.222009,-0.613220,0.245651,0.750717,-0.522925,0.000000,0.000000,0.000000,1.000000,0.09514110505498805,56.75452320628121
1782485645.459559,0.724609,-0.203368,0.658438,0.500723,0.314418,0.947785,-0.053291,0.222009,-0.613220,0.245651,0.750717,-0.522925,0.000000,0.000000,0.000000,1.000000,0.09514110505498805,56.75452320628121
1782485645.495512,0.724609,-0.203368,0.658438,0.500723,0.314418,0.947785,-0.053291,0.222009,-0.613220,0.245651,0.750717,-0.522925,0.000000,0.000000,0.000000,1.000000,0.09514110505498805,56.75452320628121
1782485645.531487,0.724609,-0.203368,0.658438,0.500723,0.314418,0.947785,-0.053291,0.222009,-0.613220,0.245651,0.750717,-0.522925,0.000000,0.000000,0.000000,1.000000,0.09514110505498805,56.75452320628121
1782485645.567131,0.724609,-0.203368,0.658438,0.500723,0.314418,0.947785,-0.053291,0.222009,-0.613220,0.245651,0.750717,-0.522925,0.000000,0.000000,0.000000,1.000000,0.09514110505498805,56.75452320628121
1782485645.602083,0.724609,-0.203368,0.658438,0.500723,0.314418,0.947785,-0.053291,0.222009,-0.613220,0.245651,0.750717,-0.522925,0.000000,0.000000,0.000000,1.000000,0.09514110505498805,56.75452320628121
1782485645.637016,0.724609,-0.203368,0.658438,0.500723,0.314418,0.947785,-0.053291,0.222009,-0.613220,0.245651,0.750717,-0.522925,0.000000,0.000000,0.000000,1.000000,0.09514110505498805,56.75452320628121
1782485645.671973,0.724609,-0.203368,0.658438,0.500723,0.314418,0.947785,-0.053291,0.222009,-0.613220,0.245651,0.750717,-0.522925,0.000000,0.000000,0.000000,1.000000,0.09514110505498805,56.75452320628121
1782485645.707191,0.724609,-0.203368,0.658438,0.500723,0.314418,0.947785,-0.053291,0.222009,-0.613220,0.245651,0.750717,-0.522925,0.000000,0.000000,0.000000,1.000000,0.09514110505498805,56.75452320628121
1782485645.742131,0.724609,-0.203368,0.658438,0.500723,0.314418,0.947785,-0.053291,0.222009,-0.613220,0.245651,0.750717,-0.522925,0.000000,0.000000,0.000000,1.000000,0.09514110505498805,56.75452320628121
1782485645.777866,0.724609,-0.203368,0.658438,0.500723,0.314418,0.947785,-0.053291,0.222009,-0.613220,0.245651,0.750717,-0.522925,0.000000,0.000000,0.000000,1.000000,0.09514110505498805,56.75452320628121
1782485645.813232,0.724609,-0.203368,0.658438,0.500723,0.314418,0.947785,-0.053291,0.222009,-0.613220,0.245651,0.750717,-0.522925,0.000000,0.000000,0.000000,1.000000,0.09514110505498805,56.75452320628121
1782485645.848364,0.724609,-0.203368,0.658438,0.500723,0.314418,0.947785,-0.053291,0.222009,-0.613220,0.245651,0.750717,-0.522925,0.000000,0.000000,0.000000,1.000000,0.09514110505498805,56.75452320628121
1782485645.884009,0.724609,-0.203368,0.658438,0.500723,0.314418,0.947785,-0.053291,0.222009,-0.613220,0.245651,0.750717,-0.522925,0.000000,0.000000,0.000000,1.000000,0.09514110505498805,56.75452320628121
1782485645.919334,0.724609,-0.203368,0.658438,0.500723,0.314418,0.947785,-0.053291,0.222009,-0.613220,0.245651,0.750717,-0.522925,0.000000,0.000000,0.000000,1.000000,0.09514110505498805,56.75452320628121
1782485645.954333,0.724609,-0.203368,0.658438,0.500723,0.314418,0.947785,-0.053291,0.222009,-0.613220,0.245651,0.750717,-0.522925,0.000000,0.000000,0.000000,1.000000,0.09514110505498805,56.75452320628121
1782485645.989816,0.724609,-0.203368,0.658438,0.500723,0.314418,0.947785,-0.053291,0.222009,-0.613220,0.245651,0.750717,-0.522925,0.000000,0.000000,0.000000,1.000000,0.09514110505498805,56.75452320628121
1782485646.025674,0.724609,-0.203368,0.658438,0.500723,0.314418,0.947785,-0.053291,0.222009,-0.613220,0.245651,0.750717,-0.522925,0.000000,0.000000,0.000000,1.000000,0.09514110505498805,56.75452320628121
1782485646.061299,0.724609,-0.203368,0.658438,0.500723,0.314418,0.947785,-0.053291,0.222009,-0.613220,0.245651,0.750717,-0.522925,0.000000,0.000000,0.000000,1.000000,0.09514110505498805,56.75452320628121
1782485646.097144,0.724609,-0.203368,0.658438,0.500723,0.314418,0.947785,-0.053291,0.222009,-0.613220,0.245651,0.750717,-0.522925,0.000000,0.000000,0.000000,1.000000,0.09514110505498805,56.75452320628121
1782485646.132622,0.724609,-0.203368,0.658438,0.500723,0.314418,0.947785,-0.053291,0.222009,-0.613220,0.245651,0.750717,-0.522925,0.000000,0.000000,0.000000,1.000000,0.09514110505498805,56.75452320628121
1782485646.168281,0.724609,-0.203368,0.658438,0.500723,0.314418,0.947785,-0.053291,0.222009,-0.613220,0.245651,0.750717,-0.522925,0.000000,0.000000,0.000000,1.000000,0.09514110505498805,56.75452320628121
1782485646.203988,0.724609,-0.203368,0.658438,0.500723,0.314418,0.947785,-0.053291,0.222009,-0.613220,0.245651,0.750717,-0.522925,0.000000,0.000000,0.000000,1.000000,0.09514110505498805,56.75452320628121
1782485646.239240,0.724609,-0.203368,0.658438,0.500723,0.314418,0.947785,-0.053291,0.222009,-0.613220,0.245651,0.750717,-0.522925,0.000000,0.000000,0.000000,1.000000,0.09514110505498805,56.75452320628121
1782485646.274934,0.724609,-0.203368,0.658438,0.500723,0.314418,0.947785,-0.053291,0.222009,-0.613220,0.245651,0.750717,-0.522925,0.000000,0.000000,0.000000,1.000000,0.09514110505498805,56.75452320628121
1782485646.310412,0.724609,-0.203368,0.658438,0.500723,0.314418,0.947785,-0.053291,0.222009,-0.613220,0.245651,0.750717,-0.522925,0.000000,0.000000,0.000000,1.000000,0.09514110505498805,56.75452320628121
1782485646.346175,0.724609,-0.203368,0.658438,0.500723,0.314418,0.947785,-0.053291,0.222009,-0.613220,0.245651,0.750717,-0.522925,0.000000,0.000000,0.000000,1.000000,0.09514110505498805,56.75452320628121
1782485646.382153,0.724609,-0.203368,0.658438,0.500723,0.314418,0.947785,-0.053291,0.222009,-0.613220,0.245651,0.750717,-0.522925,0.000000,0.000000,0.000000,1.000000,0.09514110505498805,56.75452320628121
1782485646.417945,0.724609,-0.203368,0.658438,0.500723,0.314418,0.947785,-0.053291,0.222009,-0.613220,0.245651,0.750717,-0.522925,0.000000,0.000000,0.000000,1.000000,0.09514110505498805,56.75452320628121
1782485646.452999,0.724609,-0.203368,0.658438,0.500723,0.314418,0.947785,-0.053291,0.222009,-0.613220,0.245651,0.750717,-0.522925,0.000000,0.000000,0.000000,1.000000,0.09514110505498805,56.75452320628121
1782485646.488578,0.724609,-0.203368,0.658438,0.500723,0.314418,0.947785,-0.053291,0.222009,-0.613220,0.245651,0.750717,-0.522925,0.000000,0.000000,0.000000,1.000000,0.09514110505498805,56.75452320628121
1782485646.523732,0.724609,-0.203368,0.658438,0.500723,0.314418,0.947785,-0.053291,0.222009,-0.613220,0.245651,0.750717,-0.522925,0.000000,0.000000,0.000000,1.000000,0.09514110505498805,56.75452320628121
1782485646.559631,0.724609,-0.203368,0.658438,0.500723,0.314418,0.947785,-0.053291,0.222009,-0.613220,0.245651,0.750717,-0.522925,0.000000,0.000000,0.000000,1.000000,0.09514110505498805,56.75452320628121
1782485646.595489,0.724609,-0.203368,0.658438,0.500723,0.314418,0.947785,-0.053291,0.222009,-0.613220,0.245651,0.750717,-0.522925,0.000000,0.000000,0.000000,1.000000,0.09514110505498805,56.75452320628121
1782485646.631211,0.724609,-0.203368,0.658438,0.500723,0.314418,0.947785,-0.053291,0.222009,-0.613220,0.245651,0.750717,-0.522925,0.000000,0.000000,0.000000,1.000000,0.09514110505498805,56.75452320628121
1782485646.666420,0.724609,-0.203368,0.658438,0.500723,0.314418,0.947785,-0.053291,0.222009,-0.613220,0.245651,0.750717,-0.522925,0.000000,0.000000,0.000000,1.000000,0.09514110505498805,56.75452320628121
1782485646.702013,0.724609,-0.203368,0.658438,0.500723,0.314418,0.947785,-0.053291,0.222009,-0.613220,0.245651,0.750717,-0.522925,0.000000,0.000000,0.000000,1.000000,0.09514110505498805,56.75452320628121
1782485646.738009,0.724609,-0.203368,0.658438,0.500723,0.314418,0.947785,-0.053291,0.222009,-0.613220,0.245651,0.750717,-0.522925,0.000000,0.000000,0.000000,1.000000,0.09514110505498805,56.75452320628121
1782485646.773581,0.724609,-0.203368,0.658438,0.500723,0.314418,0.947785,-0.053291,0.222009,-0.613220,0.245651,0.750717,-0.522925,0.000000,0.000000,0.000000,1.000000,0.09514110505498805,56.75452320628121
1782485646.809152,0.724609,-0.203368,0.658438,0.500723,0.314418,0.947785,-0.053291,0.222009,-0.613220,0.245651,0.750717,-0.522925,0.000000,0.000000,0.000000,1.000000,0.09514110505498805,56.75452320628121
1782485646.844592,0.724609,-0.203368,0.658438,0.500723,0.314418,0.947785,-0.053291,0.222009,-0.613220,0.245651,0.750717,-0.522925,0.000000,0.000000,0.000000,1.000000,0.09514110505498805,56.75452320628121
1782485646.880231,0.724609,-0.203368,0.658438,0.500723,0.314418,0.947785,-0.053291,0.222009,-0.613220,0.245651,0.750717,-0.522925,0.000000,0.000000,0.000000,1.000000,0.09514110505498805,56.75452320628121
1782485646.915546,0.724609,-0.203368,0.658438,0.500723,0.314418,0.947785,-0.053291,0.222009,-0.613220,0.245651,0.750717,-0.522925,0.000000,0.000000,0.000000,1.000000,0.09514110505498805,56.75452320628121
1782485646.950651,0.724609,-0.203368,0.658438,0.500723,0.314418,0.947785,-0.053291,0.222009,-0.613220,0.245651,0.750717,-0.522925,0.000000,0.000000,0.000000,1.000000,0.09514110505498805,56.75452320628121
1782485646.986366,0.724609,-0.203368,0.658438,0.500723,0.314418,0.947785,-0.053291,0.222009,-0.613220,0.245651,0.750717,-0.522925,0.000000,0.000000,0.000000,1.000000,0.09514110505498805,56.75452320628121
1782485647.022003,0.724609,-0.203368,0.658438,0.500723,0.314418,0.947785,-0.053291,0.222009,-0.613220,0.245651,0.750717,-0.522925,0.000000,0.000000,0.000000,1.000000,0.09514110505498805,56.75452320628121
1782485647.057649,0.724609,-0.203368,0.658438,0.500723,0.314418,0.947785,-0.053291,0.222009,-0.613220,0.245651,0.750717,-0.522925,0.000000,0.000000,0.000000,1.000000,0.09514110505498805,56.75452320628121
1782485647.093274,0.724609,-0.203368,0.658438,0.500723,0.314418,0.947785,-0.053291,0.222009,-0.613220,0.245651,0.750717,-0.522925,0.000000,0.000000,0.000000,1.000000,0.09514110505498805,56.75452320628121
1782485647.129067,0.724609,-0.203368,0.658438,0.500723,0.314418,0.947785,-0.053291,0.222009,-0.613220,0.245651,0.750717,-0.522925,0.000000,0.000000,0.000000,1.000000,0.09514110505498805,56.75452320628121
1782485647.164544,0.724609,-0.203368,0.658438,0.500723,0.314418,0.947785,-0.053291,0.222009,-0.613220,0.245651,0.750717,-0.522925,0.000000,0.000000,0.000000,1.000000,0.09514110505498805,56.75452320628121
1782485647.199751,0.724609,-0.203368,0.658438,0.500723,0.314418,0.947785,-0.053291,0.222009,-0.613220,0.245651,0.750717,-0.522925,0.000000,0.000000,0.000000,1.000000,0.09514110505498805,56.75452320628121
1782485647.235356,0.724609,-0.203368,0.658438,0.500723,0.314418,0.947785,-0.053291,0.222009,-0.613220,0.245651,0.750717,-0.522925,0.000000,0.000000,0.000000,1.000000,0.09514110505498805,56.75452320628121
1782485647.271070,0.724609,-0.203368,0.658438,0.500723,0.314418,0.947785,-0.053291,0.222009,-0.613220,0.245651,0.750717,-0.522925,0.000000,0.000000,0.000000,1.000000,0.09514110505498805,56.75452320628121
1782485647.306344,0.724609,-0.203368,0.658438,0.500723,0.314418,0.947785,-0.053291,0.222009,-0.613220,0.245651,0.750717,-0.522925,0.000000,0.000000,0.000000,1.000000,0.09514110505498805,56.75452320628121
1782485647.342420,0.724609,-0.203368,0.658438,0.500723,0.314418,0.947785,-0.053291,0.222009,-0.613220,0.245651,0.750717,-0.522925,0.000000,0.000000,0.000000,1.000000,0.09514110505498805,56.75452320628121
1782485647.377804,0.724609,-0.203368,0.658438,0.500723,0.314418,0.947785,-0.053291,0.222009,-0.613220,0.245651,0.750717,-0.522925,0.000000,0.000000,0.000000,1.000000,0.09514110505498805,56.75452320628121
1782485647.413430,0.724609,-0.203368,0.658438,0.500723,0.314418,0.947785,-0.053291,0.222009,-0.613220,0.245651,0.750717,-0.522925,0.000000,0.000000,0.000000,1.000000,0.09514110505498805,56.75452320628121
1782485647.449087,0.724609,-0.203368,0.658438,0.500723,0.314418,0.947785,-0.053291,0.222009,-0.613220,0.245651,0.750717,-0.522925,0.000000,0.000000,0.000000,1.000000,0.09514110505498805,56.75452320628121
1782485647.484650,0.724609,-0.203368,0.658438,0.500723,0.314418,0.947785,-0.053291,0.222009,-0.613220,0.245651,0.750717,-0.522925,0.000000,0.000000,0.000000,1.000000,0.09514110505498805,56.75452320628121
1782485647.520250,0.724609,-0.203368,0.658438,0.500723,0.314418,0.947785,-0.053291,0.222009,-0.613220,0.245651,0.750717,-0.522925,0.000000,0.000000,0.000000,1.000000,0.09514110505498805,56.75452320628121
1782485647.556281,0.724609,-0.203368,0.658438,0.500723,0.314418,0.947785,-0.053291,0.222009,-0.613220,0.245651,0.750717,-0.522925,0.000000,0.000000,0.000000,1.000000,0.09514110505498805,56.75452320628121
1782485647.592185,0.724609,-0.203368,0.658438,0.500723,0.314418,0.947785,-0.053291,0.222009,-0.613220,0.245651,0.750717,-0.522925,0.000000,0.000000,0.000000,1.000000,0.09514110505498805,56.75452320628121
1782485647.628124,0.724609,-0.203368,0.658438,0.500723,0.314418,0.947785,-0.053291,0.222009,-0.613220,0.245651,0.750717,-0.522925,0.000000,0.000000,0.000000,1.000000,0.09514110505498805,56.75452320628121
1782485647.663959,0.724609,-0.203368,0.658438,0.500723,0.314418,0.947785,-0.053291,0.222009,-0.613220,0.245651,0.750717,-0.522925,0.000000,0.000000,0.000000,1.000000,0.09514110505498805,56.75452320628121
1782485647.699755,0.724609,-0.203368,0.658438,0.500723,0.314418,0.947785,-0.053291,0.222009,-0.613220,0.245651,0.750717,-0.522925,0.000000,0.000000,0.000000,1.000000,0.09514110505498805,56.75452320628121
1782485647.735492,0.724609,-0.203368,0.658438,0.500723,0.314418,0.947785,-0.053291,0.222009,-0.613220,0.245651,0.750717,-0.522925,0.000000,0.000000,0.000000,1.000000,0.09514110505498805,56.75452320628121
1782485647.771211,0.724609,-0.203368,0.658438,0.500723,0.314418,0.947785,-0.053291,0.222009,-0.613220,0.245651,0.750717,-0.522925,0.000000,0.000000,0.000000,1.000000,0.09514110505498805,56.75452320628121
1782485647.806892,0.724609,-0.203368,0.658438,0.500723,0.314418,0.947785,-0.053291,0.222009,-0.613220,0.245651,0.750717,-0.522925,0.000000,0.000000,0.000000,1.000000,0.09514110505498805,56.75452320628121
1782485647.842434,0.724609,-0.203368,0.658438,0.500723,0.314418,0.947785,-0.053291,0.222009,-0.613220,0.245651,0.750717,-0.522925,0.000000,0.000000,0.000000,1.000000,0.09514110505498805,56.75452320628121
1782485647.877973,0.724609,-0.203368,0.658438,0.500723,0.314418,0.947785,-0.053291,0.222009,-0.613220,0.245651,0.750717,-0.522925,0.000000,0.000000,0.000000,1.000000,0.09514110505498805,56.75452320628121
1782485647.913734,0.724609,-0.203368,0.658438,0.500723,0.314418,0.947785,-0.053291,0.222009,-0.613220,0.245651,0.750717,-0.522925,0.000000,0.000000,0.000000,1.000000,0.09514110505498805,56.75452320628121
1782485647.949419,0.724609,-0.203368,0.658438,0.500723,0.314418,0.947785,-0.053291,0.222009,-0.613220,0.245651,0.750717,-0.522925,0.000000,0.000000,0.000000,1.000000,0.09514110505498805,56.75452320628121
1782485647.984885,0.724609,-0.203368,0.658438,0.500723,0.314418,0.947785,-0.053291,0.222009,-0.613220,0.245651,0.750717,-0.522925,0.000000,0.000000,0.000000,1.000000,0.09514110505498805,56.75452320628121
1782485648.020332,0.724609,-0.203368,0.658438,0.500723,0.314418,0.947785,-0.053291,0.222009,-0.613220,0.245651,0.750717,-0.522925,0.000000,0.000000,0.000000,1.000000,0.09514110505498805,56.75452320628121
1782485648.056058,0.724609,-0.203368,0.658438,0.500723,0.314418,0.947785,-0.053291,0.222009,-0.613220,0.245651,0.750717,-0.522925,0.000000,0.000000,0.000000,1.000000,0.09514110505498805,56.75452320628121
1782485648.091480,0.724609,-0.203368,0.658438,0.500723,0.314418,0.947785,-0.053291,0.222009,-0.613220,0.245651,0.750717,-0.522925,0.000000,0.000000,0.000000,1.000000,0.09514110505498805,56.75452320628121
1782485648.127224,0.724609,-0.203368,0.658438,0.500723,0.314418,0.947785,-0.053291,0.222009,-0.613220,0.245651,0.750717,-0.522925,0.000000,0.000000,0.000000,1.000000,0.09514110505498805,56.75452320628121
1782485648.162951,0.724609,-0.203368,0.658438,0.500723,0.314418,0.947785,-0.053291,0.222009,-0.613220,0.245651,0.750717,-0.522925,0.000000,0.000000,0.000000,1.000000,0.09514110505498805,56.75452320628121
1782485648.198964,0.724609,-0.203368,0.658438,0.500723,0.314418,0.947785,-0.053291,0.222009,-0.613220,0.245651,0.750717,-0.522925,0.000000,0.000000,0.000000,1.000000,0.09514110505498805,56.75452320628121
1782485648.234754,0.724609,-0.203368,0.658438,0.500723,0.314418,0.947785,-0.053291,0.222009,-0.613220,0.245651,0.750717,-0.522925,0.000000,0.000000,0.000000,1.000000,0.09514110505498805,56.75452320628121
1782485648.270062,0.724609,-0.203368,0.658438,0.500723,0.314418,0.947785,-0.053291,0.222009,-0.613220,0.245651,0.750717,-0.522925,0.000000,0.000000,0.000000,1.000000,0.09514110505498805,56.75452320628121
1782485648.304679,0.724609,-0.203368,0.658438,0.500723,0.314418,0.947785,-0.053291,0.222009,-0.613220,0.245651,0.750717,-0.522925,0.000000,0.000000,0.000000,1.000000,0.09514110505498805,56.75452320628121
1782485648.340423,0.724609,-0.203368,0.658438,0.500723,0.314418,0.947785,-0.053291,0.222009,-0.613220,0.245651,0.750717,-0.522925,0.000000,0.000000,0.000000,1.000000,0.09514110505498805,56.75452320628121
1782485648.376075,0.724609,-0.203368,0.658438,0.500723,0.314418,0.947785,-0.053291,0.222009,-0.613220,0.245651,0.750717,-0.522925,0.000000,0.000000,0.000000,1.000000,0.09514110505498805,56.75452320628121
1782485648.411839,0.724609,-0.203368,0.658438,0.500723,0.314418,0.947785,-0.053291,0.222009,-0.613220,0.245651,0.750717,-0.522925,0.000000,0.000000,0.000000,1.000000,0.09514110505498805,56.75452320628121
1782485648.447413,0.724609,-0.203368,0.658438,0.500723,0.314418,0.947785,-0.053291,0.222009,-0.613220,0.245651,0.750717,-0.522925,0.000000,0.000000,0.000000,1.000000,0.09514110505498805,56.75452320628121
1782485648.483058,0.724609,-0.203368,0.658438,0.500723,0.314418,0.947785,-0.053291,0.222009,-0.613220,0.245651,0.750717,-0.522925,0.000000,0.000000,0.000000,1.000000,0.09514110505498805,56.75452320628121
1782485648.518468,0.724609,-0.203368,0.658438,0.500723,0.314418,0.947785,-0.053291,0.222009,-0.613220,0.245651,0.750717,-0.522925,0.000000,0.000000,0.000000,1.000000,0.09514110505498805,56.75452320628121
1782485648.554159,0.724609,-0.203368,0.658438,0.500723,0.314418,0.947785,-0.053291,0.222009,-0.613220,0.245651,0.750717,-0.522925,0.000000,0.000000,0.000000,1.000000,0.09514110505498805,56.75452320628121
1782485648.589812,0.724609,-0.203368,0.658438,0.500723,0.314418,0.947785,-0.053291,0.222009,-0.613220,0.245651,0.750717,-0.522925,0.000000,0.000000,0.000000,1.000000,0.09514110505498805,56.75452320628121
1782485648.625446,0.724609,-0.203368,0.658438,0.500723,0.314418,0.947785,-0.053291,0.222009,-0.613220,0.245651,0.750717,-0.522925,0.000000,0.000000,0.000000,1.000000,0.09514110505498805,56.75452320628121
1782485648.660985,0.724609,-0.203368,0.658438,0.500723,0.314418,0.947785,-0.053291,0.222009,-0.613220,0.245651,0.750717,-0.522925,0.000000,0.000000,0.000000,1.000000,0.09514110505498805,56.75452320628121
1782485648.696654,0.724609,-0.203368,0.658438,0.500723,0.314418,0.947785,-0.053291,0.222009,-0.613220,0.245651,0.750717,-0.522925,0.000000,0.000000,0.000000,1.000000,0.09514110505498805,56.75452320628121
1782485648.732344,0.724609,-0.203368,0.658438,0.500723,0.314418,0.947785,-0.053291,0.222009,-0.613220,0.245651,0.750717,-0.522925,0.000000,0.000000,0.000000,1.000000,0.09514110505498805,56.75452320628121
1782485648.768214,0.724609,-0.203368,0.658438,0.500723,0.314418,0.947785,-0.053291,0.222009,-0.613220,0.245651,0.750717,-0.522925,0.000000,0.000000,0.000000,1.000000,0.09514110505498805,56.75452320628121
1782485648.804288,0.724609,-0.203368,0.658438,0.500723,0.314418,0.947785,-0.053291,0.222009,-0.613220,0.245651,0.750717,-0.522925,0.000000,0.000000,0.000000,1.000000,0.09514110505498805,56.75452320628121
1782485648.839578,0.724609,-0.203368,0.658438,0.500723,0.314418,0.947785,-0.053291,0.222009,-0.613220,0.245651,0.750717,-0.522925,0.000000,0.000000,0.000000,1.000000,0.09514110505498805,56.75452320628121
1782485648.875193,0.724609,-0.203368,0.658438,0.500723,0.314418,0.947785,-0.053291,0.222009,-0.613220,0.245651,0.750717,-0.522925,0.000000,0.000000,0.000000,1.000000,0.09514110505498805,56.75452320628121
1782485648.910830,0.724609,-0.203368,0.658438,0.500723,0.314418,0.947785,-0.053291,0.222009,-0.613220,0.245651,0.750717,-0.522925,0.000000,0.000000,0.000000,1.000000,0.09514110505498805,56.75452320628121
1782485648.946368,0.724609,-0.203368,0.658438,0.500723,0.314418,0.947785,-0.053291,0.222009,-0.613220,0.245651,0.750717,-0.522925,0.000000,0.000000,0.000000,1.000000,0.09514110505498805,56.75452320628121
1782485648.981617,0.724609,-0.203368,0.658438,0.500723,0.314418,0.947785,-0.053291,0.222009,-0.613220,0.245651,0.750717,-0.522925,0.000000,0.000000,0.000000,1.000000,0.09514110505498805,56.75452320628121
1782485649.017231,0.724609,-0.203368,0.658438,0.500723,0.314418,0.947785,-0.053291,0.222009,-0.613220,0.245651,0.750717,-0.522925,0.000000,0.000000,0.000000,1.000000,0.09514110505498805,56.75452320628121
1782485649.052686,0.724609,-0.203368,0.658438,0.500723,0.314418,0.947785,-0.053291,0.222009,-0.613220,0.245651,0.750717,-0.522925,0.000000,0.000000,0.000000,1.000000,0.09514110505498805,56.75452320628121
1782485649.087589,0.724609,-0.203368,0.658438,0.500723,0.314418,0.947785,-0.053291,0.222009,-0.613220,0.245651,0.750717,-0.522925,0.000000,0.000000,0.000000,1.000000,0.09514110505498805,56.75452320628121
1782485649.123193,0.724609,-0.203368,0.658438,0.500723,0.314418,0.947785,-0.053291,0.222009,-0.613220,0.245651,0.750717,-0.522925,0.000000,0.000000,0.000000,1.000000,0.09514110505498805,56.75452320628121
1782485649.158501,0.724609,-0.203368,0.658438,0.500723,0.314418,0.947785,-0.053291,0.222009,-0.613220,0.245651,0.750717,-0.522925,0.000000,0.000000,0.000000,1.000000,0.09514110505498805,56.75452320628121
1782485649.194185,0.724609,-0.203368,0.658438,0.500723,0.314418,0.947785,-0.053291,0.222009,-0.613220,0.245651,0.750717,-0.522925,0.000000,0.000000,0.000000,1.000000,0.09514110505498805,56.75452320628121
1782485649.229838,0.724609,-0.203368,0.658438,0.500723,0.314418,0.947785,-0.053291,0.222009,-0.613220,0.245651,0.750717,-0.522925,0.000000,0.000000,0.000000,1.000000,0.09514110505498805,56.75452320628121
1782485649.265353,0.724609,-0.203368,0.658438,0.500723,0.314418,0.947785,-0.053291,0.222009,-0.613220,0.245651,0.750717,-0.522925,0.000000,0.000000,0.000000,1.000000,0.09514110505498805,56.75452320628121
1782485649.300565,0.724609,-0.203368,0.658438,0.500723,0.314418,0.947785,-0.053291,0.222009,-0.613220,0.245651,0.750717,-0.522925,0.000000,0.000000,0.000000,1.000000,0.09514110505498805,56.75452320628121
1782485649.336091,0.724609,-0.203368,0.658438,0.500723,0.314418,0.947785,-0.053291,0.222009,-0.613220,0.245651,0.750717,-0.522925,0.000000,0.000000,0.000000,1.000000,0.09514110505498805,56.75452320628121
1782485649.371534,0.724609,-0.203368,0.658438,0.500723,0.314418,0.947785,-0.053291,0.222009,-0.613220,0.245651,0.750717,-0.522925,0.000000,0.000000,0.000000,1.000000,0.09514110505498805,56.75452320628121
1782485649.407321,0.724609,-0.203368,0.658438,0.500723,0.314418,0.947785,-0.053291,0.222009,-0.613220,0.245651,0.750717,-0.522925,0.000000,0.000000,0.000000,1.000000,0.09514110505498805,56.75452320628121
1782485649.443245,0.724609,-0.203368,0.658438,0.500723,0.314418,0.947785,-0.053291,0.222009,-0.613220,0.245651,0.750717,-0.522925,0.000000,0.000000,0.000000,1.000000,0.09514110505498805,56.75452320628121
1782485649.478344,0.724609,-0.203368,0.658438,0.500723,0.314418,0.947785,-0.053291,0.222009,-0.613220,0.245651,0.750717,-0.522925,0.000000,0.000000,0.000000,1.000000,0.09514110505498805,56.75452320628121
1782485649.514348,0.724609,-0.203368,0.658438,0.500723,0.314418,0.947785,-0.053291,0.222009,-0.613220,0.245651,0.750717,-0.522925,0.000000,0.000000,0.000000,1.000000,0.09514110505498805,56.75452320628121
1782485649.550290,0.724609,-0.203368,0.658438,0.500723,0.314418,0.947785,-0.053291,0.222009,-0.613220,0.245651,0.750717,-0.522925,0.000000,0.000000,0.000000,1.000000,0.09514110505498805,56.75452320628121
1782485649.586080,0.724609,-0.203368,0.658438,0.500723,0.314418,0.947785,-0.053291,0.222009,-0.613220,0.245651,0.750717,-0.522925,0.000000,0.000000,0.000000,1.000000,0.09514110505498805,56.75452320628121
1782485649.621414,0.724609,-0.203368,0.658438,0.500723,0.314418,0.947785,-0.053291,0.222009,-0.613220,0.245651,0.750717,-0.522925,0.000000,0.000000,0.000000,1.000000,0.09514110505498805,56.75452320628121
1782485649.657325,0.724609,-0.203368,0.658438,0.500723,0.314418,0.947785,-0.053291,0.222009,-0.613220,0.245651,0.750717,-0.522925,0.000000,0.000000,0.000000,1.000000,0.09514110505498805,56.75452320628121
1782485649.693351,0.724609,-0.203368,0.658438,0.500723,0.314418,0.947785,-0.053291,0.222009,-0.613220,0.245651,0.750717,-0.522925,0.000000,0.000000,0.000000,1.000000,0.09514110505498805,56.75452320628121
1782485649.728940,0.724609,-0.203368,0.658438,0.500723,0.314418,0.947785,-0.053291,0.222009,-0.613220,0.245651,0.750717,-0.522925,0.000000,0.000000,0.000000,1.000000,0.09514110505498805,56.75452320628121
1782485649.764849,0.724609,-0.203368,0.658438,0.500723,0.314418,0.947785,-0.053291,0.222009,-0.613220,0.245651,0.750717,-0.522925,0.000000,0.000000,0.000000,1.000000,0.09514110505498805,56.75452320628121
1782485649.800520,0.724609,-0.203368,0.658438,0.500723,0.314418,0.947785,-0.053291,0.222009,-0.613220,0.245651,0.750717,-0.522925,0.000000,0.000000,0.000000,1.000000,0.09514110505498805,56.75452320628121
1782485649.836548,0.724609,-0.203368,0.658438,0.500723,0.314418,0.947785,-0.053291,0.222009,-0.613220,0.245651,0.750717,-0.522925,0.000000,0.000000,0.000000,1.000000,0.09514110505498805,56.75452320628121
1782485649.872687,0.724609,-0.203368,0.658438,0.500723,0.314418,0.947785,-0.053291,0.222009,-0.613220,0.245651,0.750717,-0.522925,0.000000,0.000000,0.000000,1.000000,0.09514110505498805,56.75452320628121
1782485649.908704,0.724609,-0.203368,0.658438,0.500723,0.314418,0.947785,-0.053291,0.222009,-0.613220,0.245651,0.750717,-0.522925,0.000000,0.000000,0.000000,1.000000,0.09514110505498805,56.75452320628121
1782485649.944522,0.724609,-0.203368,0.658438,0.500723,0.314418,0.947785,-0.053291,0.222009,-0.613220,0.245651,0.750717,-0.522925,0.000000,0.000000,0.000000,1.000000,0.09514110505498805,56.75452320628121
1782485649.979421,0.724609,-0.203368,0.658438,0.500723,0.314418,0.947785,-0.053291,0.222009,-0.613220,0.245651,0.750717,-0.522925,0.000000,0.000000,0.000000,1.000000,0.09514110505498805,56.75452320628121
1782485650.015287,0.724609,-0.203368,0.658438,0.500723,0.314418,0.947785,-0.053291,0.222009,-0.613220,0.245651,0.750717,-0.522925,0.000000,0.000000,0.000000,1.000000,0.09514110505498805,56.75452320628121
1782485650.051008,0.724609,-0.203368,0.658438,0.500723,0.314418,0.947785,-0.053291,0.222009,-0.613220,0.245651,0.750717,-0.522925,0.000000,0.000000,0.000000,1.000000,0.09514110505498805,56.75452320628121
1782485650.086575,0.724609,-0.203368,0.658438,0.500723,0.314418,0.947785,-0.053291,0.222009,-0.613220,0.245651,0.750717,-0.522925,0.000000,0.000000,0.000000,1.000000,0.09514110505498805,56.75452320628121
1782485650.122220,0.724609,-0.203368,0.658438,0.500723,0.314418,0.947785,-0.053291,0.222009,-0.613220,0.245651,0.750717,-0.522925,0.000000,0.000000,0.000000,1.000000,0.09514110505498805,56.75452320628121
1782485650.157847,0.724609,-0.203368,0.658438,0.500723,0.314418,0.947785,-0.053291,0.222009,-0.613220,0.245651,0.750717,-0.522925,0.000000,0.000000,0.000000,1.000000,0.09514110505498805,56.75452320628121
1782485650.192916,0.724609,-0.203368,0.658438,0.500723,0.314418,0.947785,-0.053291,0.222009,-0.613220,0.245651,0.750717,-0.522925,0.000000,0.000000,0.000000,1.000000,0.09514110505498805,56.75452320628121
1782485650.228631,0.724609,-0.203368,0.658438,0.500723,0.314418,0.947785,-0.053291,0.222009,-0.613220,0.245651,0.750717,-0.522925,0.000000,0.000000,0.000000,1.000000,0.09514110505498805,56.75452320628121
1782485650.264734,0.724609,-0.203368,0.658438,0.500723,0.314418,0.947785,-0.053291,0.222009,-0.613220,0.245651,0.750717,-0.522925,0.000000,0.000000,0.000000,1.000000,0.09514110505498805,56.75452320628121
1782485650.300578,0.724609,-0.203368,0.658438,0.500723,0.314418,0.947785,-0.053291,0.222009,-0.613220,0.245651,0.750717,-0.522925,0.000000,0.000000,0.000000,1.000000,0.09514110505498805,56.75452320628121
1782485650.336367,0.724609,-0.203368,0.658438,0.500723,0.314418,0.947785,-0.053291,0.222009,-0.613220,0.245651,0.750717,-0.522925,0.000000,0.000000,0.000000,1.000000,0.09514110505498805,56.75452320628121
1782485650.372201,0.724609,-0.203368,0.658438,0.500723,0.314418,0.947785,-0.053291,0.222009,-0.613220,0.245651,0.750717,-0.522925,0.000000,0.000000,0.000000,1.000000,0.09514110505498805,56.75452320628121
1782485650.407702,0.724609,-0.203368,0.658438,0.500723,0.314418,0.947785,-0.053291,0.222009,-0.613220,0.245651,0.750717,-0.522925,0.000000,0.000000,0.000000,1.000000,0.09514110505498805,56.75452320628121
1782485650.443504,0.724609,-0.203368,0.658438,0.500723,0.314418,0.947785,-0.053291,0.222009,-0.613220,0.245651,0.750717,-0.522925,0.000000,0.000000,0.000000,1.000000,0.09514110505498805,56.75452320628121
1782485650.478514,0.724609,-0.203368,0.658438,0.500723,0.314418,0.947785,-0.053291,0.222009,-0.613220,0.245651,0.750717,-0.522925,0.000000,0.000000,0.000000,1.000000,0.09514110505498805,56.75452320628121
1782485650.514181,0.724609,-0.203368,0.658438,0.500723,0.314418,0.947785,-0.053291,0.222009,-0.613220,0.245651,0.750717,-0.522925,0.000000,0.000000,0.000000,1.000000,0.09514110505498805,56.75452320628121
1782485650.550043,0.724609,-0.203368,0.658438,0.500723,0.314418,0.947785,-0.053291,0.222009,-0.613220,0.245651,0.750717,-0.522925,0.000000,0.000000,0.000000,1.000000,0.09514110505498805,56.75452320628121
1782485650.585864,0.724609,-0.203368,0.658438,0.500723,0.314418,0.947785,-0.053291,0.222009,-0.613220,0.245651,0.750717,-0.522925,0.000000,0.000000,0.000000,1.000000,0.09514110505498805,56.75452320628121
1782485650.621253,0.724609,-0.203368,0.658438,0.500723,0.314418,0.947785,-0.053291,0.222009,-0.613220,0.245651,0.750717,-0.522925,0.000000,0.000000,0.000000,1.000000,0.09514110505498805,56.75452320628121
1782485650.657018,0.724609,-0.203368,0.658438,0.500723,0.314418,0.947785,-0.053291,0.222009,-0.613220,0.245651,0.750717,-0.522925,0.000000,0.000000,0.000000,1.000000,0.09514110505498805,56.75452320628121
1782485650.692637,0.724609,-0.203368,0.658438,0.500723,0.314418,0.947785,-0.053291,0.222009,-0.613220,0.245651,0.750717,-0.522925,0.000000,0.000000,0.000000,1.000000,0.09514110505498805,56.75452320628121
1782485650.728017,0.724609,-0.203368,0.658438,0.500723,0.314418,0.947785,-0.053291,0.222009,-0.613220,0.245651,0.750717,-0.522925,0.000000,0.000000,0.000000,1.000000,0.09514110505498805,56.75452320628121
1782485650.763711,0.724609,-0.203368,0.658438,0.500723,0.314418,0.947785,-0.053291,0.222009,-0.613220,0.245651,0.750717,-0.522925,0.000000,0.000000,0.000000,1.000000,0.09514110505498805,56.75452320628121
1782485650.799670,0.724609,-0.203368,0.658438,0.500723,0.314418,0.947785,-0.053291,0.222009,-0.613220,0.245651,0.750717,-0.522925,0.000000,0.000000,0.000000,1.000000,0.09514110505498805,56.75452320628121
1782485650.835425,0.724609,-0.203368,0.658438,0.500723,0.314418,0.947785,-0.053291,0.222009,-0.613220,0.245651,0.750717,-0.522925,0.000000,0.000000,0.000000,1.000000,0.09514110505498805,56.75452320628121
1782485650.871196,0.724609,-0.203368,0.658438,0.500723,0.314418,0.947785,-0.053291,0.222009,-0.613220,0.245651,0.750717,-0.522925,0.000000,0.000000,0.000000,1.000000,0.09514110505498805,56.75452320628121
1782485650.906555,0.724609,-0.203368,0.658438,0.500723,0.314418,0.947785,-0.053291,0.222009,-0.613220,0.245651,0.750717,-0.522925,0.000000,0.000000,0.000000,1.000000,0.09514110505498805,56.75452320628121
1782485650.942198,0.724609,-0.203368,0.658438,0.500723,0.314418,0.947785,-0.053291,0.222009,-0.613220,0.245651,0.750717,-0.522925,0.000000,0.000000,0.000000,1.000000,0.09514110505498805,56.75452320628121
1782485650.977871,0.724609,-0.203368,0.658438,0.500723,0.314418,0.947785,-0.053291,0.222009,-0.613220,0.245651,0.750717,-0.522925,0.000000,0.000000,0.000000,1.000000,0.09514110505498805,56.75452320628121
1782485651.013449,0.724609,-0.203368,0.658438,0.500723,0.314418,0.947785,-0.053291,0.222009,-0.613220,0.245651,0.750717,-0.522925,0.000000,0.000000,0.000000,1.000000,0.09514110505498805,56.75452320628121
1782485651.049292,0.724609,-0.203368,0.658438,0.500723,0.314418,0.947785,-0.053291,0.222009,-0.613220,0.245651,0.750717,-0.522925,0.000000,0.000000,0.000000,1.000000,0.09514110505498805,56.75452320628121
1782485651.085228,0.724609,-0.203368,0.658438,0.500723,0.314418,0.947785,-0.053291,0.222009,-0.613220,0.245651,0.750717,-0.522925,0.000000,0.000000,0.000000,1.000000,0.09514110505498805,56.75452320628121
1782485651.120759,0.724609,-0.203368,0.658438,0.500723,0.314418,0.947785,-0.053291,0.222009,-0.613220,0.245651,0.750717,-0.522925,0.000000,0.000000,0.000000,1.000000,0.09514110505498805,56.75452320628121
1782485651.155931,0.724609,-0.203368,0.658438,0.500723,0.314418,0.947785,-0.053291,0.222009,-0.613220,0.245651,0.750717,-0.522925,0.000000,0.000000,0.000000,1.000000,0.09514110505498805,56.75452320628121
1782485651.191848,0.724609,-0.203368,0.658438,0.500723,0.314418,0.947785,-0.053291,0.222009,-0.613220,0.245651,0.750717,-0.522925,0.000000,0.000000,0.000000,1.000000,0.09514110505498805,56.75452320628121
1782485651.226732,0.724609,-0.203368,0.658438,0.500723,0.314418,0.947785,-0.053291,0.222009,-0.613220,0.245651,0.750717,-0.522925,0.000000,0.000000,0.000000,1.000000,0.09514110505498805,56.75452320628121
1782485651.262190,0.724609,-0.203368,0.658438,0.500723,0.314418,0.947785,-0.053291,0.222009,-0.613220,0.245651,0.750717,-0.522925,0.000000,0.000000,0.000000,1.000000,0.09514110505498805,56.75452320628121
1782485651.297541,0.724609,-0.203368,0.658438,0.500723,0.314418,0.947785,-0.053291,0.222009,-0.613220,0.245651,0.750717,-0.522925,0.000000,0.000000,0.000000,1.000000,0.09514110505498805,56.75452320628121
1782485651.333230,0.724609,-0.203368,0.658438,0.500723,0.314418,0.947785,-0.053291,0.222009,-0.613220,0.245651,0.750717,-0.522925,0.000000,0.000000,0.000000,1.000000,0.09514110505498805,56.75452320628121
1782485651.368434,0.724609,-0.203368,0.658438,0.500723,0.314418,0.947785,-0.053291,0.222009,-0.613220,0.245651,0.750717,-0.522925,0.000000,0.000000,0.000000,1.000000,0.09514110505498805,56.75452320628121
1782485651.404280,0.724609,-0.203368,0.658438,0.500723,0.314418,0.947785,-0.053291,0.222009,-0.613220,0.245651,0.750717,-0.522925,0.000000,0.000000,0.000000,1.000000,0.09514110505498805,56.75452320628121
1782485651.440185,0.724609,-0.203368,0.658438,0.500723,0.314418,0.947785,-0.053291,0.222009,-0.613220,0.245651,0.750717,-0.522925,0.000000,0.000000,0.000000,1.000000,0.09514110505498805,56.75452320628121
1782485651.475529,0.724609,-0.203368,0.658438,0.500723,0.314418,0.947785,-0.053291,0.222009,-0.613220,0.245651,0.750717,-0.522925,0.000000,0.000000,0.000000,1.000000,0.09514110505498805,56.75452320628121
1782485651.511236,0.724609,-0.203368,0.658438,0.500723,0.314418,0.947785,-0.053291,0.222009,-0.613220,0.245651,0.750717,-0.522925,0.000000,0.000000,0.000000,1.000000,0.09514110505498805,56.75452320628121
1782485651.547314,0.724609,-0.203368,0.658438,0.500723,0.314418,0.947785,-0.053291,0.222009,-0.613220,0.245651,0.750717,-0.522925,0.000000,0.000000,0.000000,1.000000,0.09514110505498805,56.75452320628121
1782485651.583278,0.724609,-0.203368,0.658438,0.500723,0.314418,0.947785,-0.053291,0.222009,-0.613220,0.245651,0.750717,-0.522925,0.000000,0.000000,0.000000,1.000000,0.09514110505498805,56.75452320628121
1782485651.619329,0.724609,-0.203368,0.658438,0.500723,0.314418,0.947785,-0.053291,0.222009,-0.613220,0.245651,0.750717,-0.522925,0.000000,0.000000,0.000000,1.000000,0.09514110505498805,56.75452320628121
1782485651.654931,0.724609,-0.203368,0.658438,0.500723,0.314418,0.947785,-0.053291,0.222009,-0.613220,0.245651,0.750717,-0.522925,0.000000,0.000000,0.000000,1.000000,0.09514110505498805,56.75452320628121
1782485651.690894,0.724609,-0.203368,0.658438,0.500723,0.314418,0.947785,-0.053291,0.222009,-0.613220,0.245651,0.750717,-0.522925,0.000000,0.000000,0.000000,1.000000,0.09514110505498805,56.75452320628121
1782485651.726790,0.724609,-0.203368,0.658438,0.500723,0.314418,0.947785,-0.053291,0.222009,-0.613220,0.245651,0.750717,-0.522925,0.000000,0.000000,0.000000,1.000000,0.09514110505498805,56.75452320628121
1782485651.762352,0.724609,-0.203368,0.658438,0.500723,0.314418,0.947785,-0.053291,0.222009,-0.613220,0.245651,0.750717,-0.522925,0.000000,0.000000,0.000000,1.000000,0.09514110505498805,56.75452320628121
1782485651.797873,0.724609,-0.203368,0.658438,0.500723,0.314418,0.947785,-0.053291,0.222009,-0.613220,0.245651,0.750717,-0.522925,0.000000,0.000000,0.000000,1.000000,0.09514110505498805,56.75452320628121
1782485651.833271,0.724609,-0.203368,0.658438,0.500723,0.314418,0.947785,-0.053291,0.222009,-0.613220,0.245651,0.750717,-0.522925,0.000000,0.000000,0.000000,1.000000,0.09514110505498805,56.75452320628121
1782485651.868648,0.724609,-0.203368,0.658438,0.500723,0.314418,0.947785,-0.053291,0.222009,-0.613220,0.245651,0.750717,-0.522925,0.000000,0.000000,0.000000,1.000000,0.09514110505498805,56.75452320628121
1782485651.903863,0.724609,-0.203368,0.658438,0.500723,0.314418,0.947785,-0.053291,0.222009,-0.613220,0.245651,0.750717,-0.522925,0.000000,0.000000,0.000000,1.000000,0.09514110505498805,56.75452320628121
1782485651.939193,0.724609,-0.203368,0.658438,0.500723,0.314418,0.947785,-0.053291,0.222009,-0.613220,0.245651,0.750717,-0.522925,0.000000,0.000000,0.000000,1.000000,0.09514110505498805,56.75452320628121
1782485651.974372,0.724609,-0.203368,0.658438,0.500723,0.314418,0.947785,-0.053291,0.222009,-0.613220,0.245651,0.750717,-0.522925,0.000000,0.000000,0.000000,1.000000,0.09514110505498805,56.75452320628121
1782485652.009663,0.724609,-0.203368,0.658438,0.500723,0.314418,0.947785,-0.053291,0.222009,-0.613220,0.245651,0.750717,-0.522925,0.000000,0.000000,0.000000,1.000000,0.09514110505498805,56.75452320628121
1782485652.045472,0.724609,-0.203368,0.658438,0.500723,0.314418,0.947785,-0.053291,0.222009,-0.613220,0.245651,0.750717,-0.522925,0.000000,0.000000,0.000000,1.000000,0.09514110505498805,56.75452320628121
1782485652.081205,0.724609,-0.203368,0.658438,0.500723,0.314418,0.947785,-0.053291,0.222009,-0.613220,0.245651,0.750717,-0.522925,0.000000,0.000000,0.000000,1.000000,0.09514110505498805,56.75452320628121
1782485652.116964,0.724609,-0.203368,0.658438,0.500723,0.314418,0.947785,-0.053291,0.222009,-0.613220,0.245651,0.750717,-0.522925,0.000000,0.000000,0.000000,1.000000,0.09514110505498805,56.75452320628121
1782485652.152763,0.724609,-0.203368,0.658438,0.500723,0.314418,0.947785,-0.053291,0.222009,-0.613220,0.245651,0.750717,-0.522925,0.000000,0.000000,0.000000,1.000000,0.09514110505498805,56.75452320628121
1782485652.188504,0.724609,-0.203368,0.658438,0.500723,0.314418,0.947785,-0.053291,0.222009,-0.613220,0.245651,0.750717,-0.522925,0.000000,0.000000,0.000000,1.000000,0.09514110505498805,56.75452320628121
1782485652.223623,0.724609,-0.203368,0.658438,0.500723,0.314418,0.947785,-0.053291,0.222009,-0.613220,0.245651,0.750717,-0.522925,0.000000,0.000000,0.000000,1.000000,0.09514110505498805,56.75452320628121
1782485652.258997,0.724609,-0.203368,0.658438,0.500723,0.314418,0.947785,-0.053291,0.222009,-0.613220,0.245651,0.750717,-0.522925,0.000000,0.000000,0.000000,1.000000,0.09514110505498805,56.75452320628121
1782485652.294813,0.724609,-0.203368,0.658438,0.500723,0.314418,0.947785,-0.053291,0.222009,-0.613220,0.245651,0.750717,-0.522925,0.000000,0.000000,0.000000,1.000000,0.09514110505498805,56.75452320628121
1782485652.330153,0.724609,-0.203368,0.658438,0.500723,0.314418,0.947785,-0.053291,0.222009,-0.613220,0.245651,0.750717,-0.522925,0.000000,0.000000,0.000000,1.000000,0.09514110505498805,56.75452320628121
1782485652.365672,0.724609,-0.203368,0.658438,0.500723,0.314418,0.947785,-0.053291,0.222009,-0.613220,0.245651,0.750717,-0.522925,0.000000,0.000000,0.000000,1.000000,0.09514110505498805,56.75452320628121
1782485652.400806,0.724609,-0.203368,0.658438,0.500723,0.314418,0.947785,-0.053291,0.222009,-0.613220,0.245651,0.750717,-0.522925,0.000000,0.000000,0.000000,1.000000,0.09514110505498805,56.75452320628121
1782485652.436506,0.724609,-0.203368,0.658438,0.500723,0.314418,0.947785,-0.053291,0.222009,-0.613220,0.245651,0.750717,-0.522925,0.000000,0.000000,0.000000,1.000000,0.09514110505498805,56.75452320628121
1782485652.472251,0.724609,-0.203368,0.658438,0.500723,0.314418,0.947785,-0.053291,0.222009,-0.613220,0.245651,0.750717,-0.522925,0.000000,0.000000,0.000000,1.000000,0.09514110505498805,56.75452320628121
1782485652.507654,0.724609,-0.203368,0.658438,0.500723,0.314418,0.947785,-0.053291,0.222009,-0.613220,0.245651,0.750717,-0.522925,0.000000,0.000000,0.000000,1.000000,0.09514110505498805,56.75452320628121
1782485652.542961,0.724609,-0.203368,0.658438,0.500723,0.314418,0.947785,-0.053291,0.222009,-0.613220,0.245651,0.750717,-0.522925,0.000000,0.000000,0.000000,1.000000,0.09514110505498805,56.75452320628121
1782485652.578671,0.724609,-0.203368,0.658438,0.500723,0.314418,0.947785,-0.053291,0.222009,-0.613220,0.245651,0.750717,-0.522925,0.000000,0.000000,0.000000,1.000000,0.09514110505498805,56.75452320628121
1782485652.614343,0.724609,-0.203368,0.658438,0.500723,0.314418,0.947785,-0.053291,0.222009,-0.613220,0.245651,0.750717,-0.522925,0.000000,0.000000,0.000000,1.000000,0.09514110505498805,56.75452320628121
1782485652.649949,0.724609,-0.203368,0.658438,0.500723,0.314418,0.947785,-0.053291,0.222009,-0.613220,0.245651,0.750717,-0.522925,0.000000,0.000000,0.000000,1.000000,0.09514110505498805,56.75452320628121
1782485652.685087,0.724609,-0.203368,0.658438,0.500723,0.314418,0.947785,-0.053291,0.222009,-0.613220,0.245651,0.750717,-0.522925,0.000000,0.000000,0.000000,1.000000,0.09514110505498805,56.75452320628121
1782485652.720319,0.724609,-0.203368,0.658438,0.500723,0.314418,0.947785,-0.053291,0.222009,-0.613220,0.245651,0.750717,-0.522925,0.000000,0.000000,0.000000,1.000000,0.09514110505498805,56.75452320628121
1782485652.755632,0.724609,-0.203368,0.658438,0.500723,0.314418,0.947785,-0.053291,0.222009,-0.613220,0.245651,0.750717,-0.522925,0.000000,0.000000,0.000000,1.000000,0.09514110505498805,56.75452320628121
1782485652.791634,0.724609,-0.203368,0.658438,0.500723,0.314418,0.947785,-0.053291,0.222009,-0.613220,0.245651,0.750717,-0.522925,0.000000,0.000000,0.000000,1.000000,0.09514110505498805,56.75452320628121
1782485652.827512,0.724609,-0.203368,0.658438,0.500723,0.314418,0.947785,-0.053291,0.222009,-0.613220,0.245651,0.750717,-0.522925,0.000000,0.000000,0.000000,1.000000,0.09514110505498805,56.75452320628121
1782485652.863424,0.724609,-0.203368,0.658438,0.500723,0.314418,0.947785,-0.053291,0.222009,-0.613220,0.245651,0.750717,-0.522925,0.000000,0.000000,0.000000,1.000000,0.09514110505498805,56.75452320628121
1782485652.899360,0.724609,-0.203368,0.658438,0.500723,0.314418,0.947785,-0.053291,0.222009,-0.613220,0.245651,0.750717,-0.522925,0.000000,0.000000,0.000000,1.000000,0.09514110505498805,56.75452320628121
1782485652.934754,0.724609,-0.203368,0.658438,0.500723,0.314418,0.947785,-0.053291,0.222009,-0.613220,0.245651,0.750717,-0.522925,0.000000,0.000000,0.000000,1.000000,0.09514110505498805,56.75452320628121
1782485652.970776,0.724609,-0.203368,0.658438,0.500723,0.314418,0.947785,-0.053291,0.222009,-0.613220,0.245651,0.750717,-0.522925,0.000000,0.000000,0.000000,1.000000,0.09514110505498805,56.75452320628121
1782485653.006707,0.724609,-0.203368,0.658438,0.500723,0.314418,0.947785,-0.053291,0.222009,-0.613220,0.245651,0.750717,-0.522925,0.000000,0.000000,0.000000,1.000000,0.09514110505498805,56.75452320628121
1782485653.042492,0.724609,-0.203368,0.658438,0.500723,0.314418,0.947785,-0.053291,0.222009,-0.613220,0.245651,0.750717,-0.522925,0.000000,0.000000,0.000000,1.000000,0.09514110505498805,56.75452320628121
1782485653.078480,0.724609,-0.203368,0.658438,0.500723,0.314418,0.947785,-0.053291,0.222009,-0.613220,0.245651,0.750717,-0.522925,0.000000,0.000000,0.000000,1.000000,0.09514110505498805,56.75452320628121
1782485653.114329,0.724609,-0.203368,0.658438,0.500723,0.314418,0.947785,-0.053291,0.222009,-0.613220,0.245651,0.750717,-0.522925,0.000000,0.000000,0.000000,1.000000,0.09514110505498805,56.75452320628121
1782485653.149813,0.724609,-0.203368,0.658438,0.500723,0.314418,0.947785,-0.053291,0.222009,-0.613220,0.245651,0.750717,-0.522925,0.000000,0.000000,0.000000,1.000000,0.09514110505498805,56.75452320628121
1782485653.185013,0.724609,-0.203368,0.658438,0.500723,0.314418,0.947785,-0.053291,0.222009,-0.613220,0.245651,0.750717,-0.522925,0.000000,0.000000,0.000000,1.000000,0.09514110505498805,56.75452320628121
1782485653.220884,0.724609,-0.203368,0.658438,0.500723,0.314418,0.947785,-0.053291,0.222009,-0.613220,0.245651,0.750717,-0.522925,0.000000,0.000000,0.000000,1.000000,0.09514110505498805,56.75452320628121
1782485653.256701,0.724609,-0.203368,0.658438,0.500723,0.314418,0.947785,-0.053291,0.222009,-0.613220,0.245651,0.750717,-0.522925,0.000000,0.000000,0.000000,1.000000,0.09514110505498805,56.75452320628121
1782485653.292485,0.724609,-0.203368,0.658438,0.500723,0.314418,0.947785,-0.053291,0.222009,-0.613220,0.245651,0.750717,-0.522925,0.000000,0.000000,0.000000,1.000000,0.09514110505498805,56.75452320628121
1782485653.328336,0.724609,-0.203368,0.658438,0.500723,0.314418,0.947785,-0.053291,0.222009,-0.613220,0.245651,0.750717,-0.522925,0.000000,0.000000,0.000000,1.000000,0.09514110505498805,56.75452320628121
1782485653.364258,0.724609,-0.203368,0.658438,0.500723,0.314418,0.947785,-0.053291,0.222009,-0.613220,0.245651,0.750717,-0.522925,0.000000,0.000000,0.000000,1.000000,0.09514110505498805,56.75452320628121
1782485653.399894,0.724609,-0.203368,0.658438,0.500723,0.314418,0.947785,-0.053291,0.222009,-0.613220,0.245651,0.750717,-0.522925,0.000000,0.000000,0.000000,1.000000,0.09514110505498805,56.75452320628121
1782485653.435662,0.724609,-0.203368,0.658438,0.500723,0.314418,0.947785,-0.053291,0.222009,-0.613220,0.245651,0.750717,-0.522925,0.000000,0.000000,0.000000,1.000000,0.09514110505498805,56.75452320628121
1782485653.471409,0.724609,-0.203368,0.658438,0.500723,0.314418,0.947785,-0.053291,0.222009,-0.613220,0.245651,0.750717,-0.522925,0.000000,0.000000,0.000000,1.000000,0.09514110505498805,56.75452320628121
1782485653.506973,0.724609,-0.203368,0.658438,0.500723,0.314418,0.947785,-0.053291,0.222009,-0.613220,0.245651,0.750717,-0.522925,0.000000,0.000000,0.000000,1.000000,0.09514110505498805,56.75452320628121
1782485653.542288,0.724609,-0.203368,0.658438,0.500723,0.314418,0.947785,-0.053291,0.222009,-0.613220,0.245651,0.750717,-0.522925,0.000000,0.000000,0.000000,1.000000,0.09514110505498805,56.75452320628121
1782485653.577290,0.724609,-0.203368,0.658438,0.500723,0.314418,0.947785,-0.053291,0.222009,-0.613220,0.245651,0.750717,-0.522925,0.000000,0.000000,0.000000,1.000000,0.09514110505498805,56.75452320628121
1782485653.613353,0.724609,-0.203368,0.658438,0.500723,0.314418,0.947785,-0.053291,0.222009,-0.613220,0.245651,0.750717,-0.522925,0.000000,0.000000,0.000000,1.000000,0.09514110505498805,56.75452320628121
1782485653.649214,0.724609,-0.203368,0.658438,0.500723,0.314418,0.947785,-0.053291,0.222009,-0.613220,0.245651,0.750717,-0.522925,0.000000,0.000000,0.000000,1.000000,0.09514110505498805,56.75452320628121
1782485653.685229,0.724609,-0.203368,0.658438,0.500723,0.314418,0.947785,-0.053291,0.222009,-0.613220,0.245651,0.750717,-0.522925,0.000000,0.000000,0.000000,1.000000,0.09514110505498805,56.75452320628121
1782485653.720891,0.724609,-0.203368,0.658438,0.500723,0.314418,0.947785,-0.053291,0.222009,-0.613220,0.245651,0.750717,-0.522925,0.000000,0.000000,0.000000,1.000000,0.09514110505498805,56.75452320628121
1782485653.756603,0.724609,-0.203368,0.658438,0.500723,0.314418,0.947785,-0.053291,0.222009,-0.613220,0.245651,0.750717,-0.522925,0.000000,0.000000,0.000000,1.000000,0.09514110505498805,56.75452320628121
1782485653.791767,0.724609,-0.203368,0.658438,0.500723,0.314418,0.947785,-0.053291,0.222009,-0.613220,0.245651,0.750717,-0.522925,0.000000,0.000000,0.000000,1.000000,0.09514110505498805,56.75452320628121
1782485653.827067,0.724609,-0.203368,0.658438,0.500723,0.314418,0.947785,-0.053291,0.222009,-0.613220,0.245651,0.750717,-0.522925,0.000000,0.000000,0.000000,1.000000,0.09514110505498805,56.75452320628121
1782485653.862808,0.724609,-0.203368,0.658438,0.500723,0.314418,0.947785,-0.053291,0.222009,-0.613220,0.245651,0.750717,-0.522925,0.000000,0.000000,0.000000,1.000000,0.09514110505498805,56.75452320628121
1782485653.898328,0.724609,-0.203368,0.658438,0.500723,0.314418,0.947785,-0.053291,0.222009,-0.613220,0.245651,0.750717,-0.522925,0.000000,0.000000,0.000000,1.000000,0.09514110505498805,56.75452320628121
1782485653.933326,0.724609,-0.203368,0.658438,0.500723,0.314418,0.947785,-0.053291,0.222009,-0.613220,0.245651,0.750717,-0.522925,0.000000,0.000000,0.000000,1.000000,0.09514110505498805,56.75452320628121
1782485653.968207,0.724609,-0.203368,0.658438,0.500723,0.314418,0.947785,-0.053291,0.222009,-0.613220,0.245651,0.750717,-0.522925,0.000000,0.000000,0.000000,1.000000,0.09514110505498805,56.75452320628121
1782485654.002694,0.724609,-0.203368,0.658438,0.500723,0.314418,0.947785,-0.053291,0.222009,-0.613220,0.245651,0.750717,-0.522925,0.000000,0.000000,0.000000,1.000000,0.09514110505498805,56.75452320628121
1782485654.037667,0.724609,-0.203368,0.658438,0.500723,0.314418,0.947785,-0.053291,0.222009,-0.613220,0.245651,0.750717,-0.522925,0.000000,0.000000,0.000000,1.000000,0.09514110505498805,56.75452320628121
1782485654.072984,0.724609,-0.203368,0.658438,0.500723,0.314418,0.947785,-0.053291,0.222009,-0.613220,0.245651,0.750717,-0.522925,0.000000,0.000000,0.000000,1.000000,0.09514110505498805,56.75452320628121
1782485654.107241,0.724609,-0.203368,0.658438,0.500723,0.314418,0.947785,-0.053291,0.222009,-0.613220,0.245651,0.750717,-0.522925,0.000000,0.000000,0.000000,1.000000,0.09514110505498805,56.75452320628121
1782485654.142305,0.724609,-0.203368,0.658438,0.500723,0.314418,0.947785,-0.053291,0.222009,-0.613220,0.245651,0.750717,-0.522925,0.000000,0.000000,0.000000,1.000000,0.09514110505498805,56.75452320628121
1782485654.177637,0.724609,-0.203368,0.658438,0.500723,0.314418,0.947785,-0.053291,0.222009,-0.613220,0.245651,0.750717,-0.522925,0.000000,0.000000,0.000000,1.000000,0.09514110505498805,56.75452320628121
1782485654.213459,0.724609,-0.203368,0.658438,0.500723,0.314418,0.947785,-0.053291,0.222009,-0.613220,0.245651,0.750717,-0.522925,0.000000,0.000000,0.000000,1.000000,0.09514110505498805,56.75452320628121
1782485654.248896,0.724609,-0.203368,0.658438,0.500723,0.314418,0.947785,-0.053291,0.222009,-0.613220,0.245651,0.750717,-0.522925,0.000000,0.000000,0.000000,1.000000,0.09514110505498805,56.75452320628121
1782485654.284563,0.724609,-0.203368,0.658438,0.500723,0.314418,0.947785,-0.053291,0.222009,-0.613220,0.245651,0.750717,-0.522925,0.000000,0.000000,0.000000,1.000000,0.09514110505498805,56.75452320628121
1782485654.320499,0.724609,-0.203368,0.658438,0.500723,0.314418,0.947785,-0.053291,0.222009,-0.613220,0.245651,0.750717,-0.522925,0.000000,0.000000,0.000000,1.000000,0.09514110505498805,56.75452320628121
1782485654.356005,0.724609,-0.203368,0.658438,0.500723,0.314418,0.947785,-0.053291,0.222009,-0.613220,0.245651,0.750717,-0.522925,0.000000,0.000000,0.000000,1.000000,0.09514110505498805,56.75452320628121
1782485654.391514,0.724609,-0.203368,0.658438,0.500723,0.314418,0.947785,-0.053291,0.222009,-0.613220,0.245651,0.750717,-0.522925,0.000000,0.000000,0.000000,1.000000,0.09514110505498805,56.75452320628121
1782485654.427547,0.724609,-0.203368,0.658438,0.500723,0.314418,0.947785,-0.053291,0.222009,-0.613220,0.245651,0.750717,-0.522925,0.000000,0.000000,0.000000,1.000000,0.09514110505498805,56.75452320628121
1782485654.463382,0.724609,-0.203368,0.658438,0.500723,0.314418,0.947785,-0.053291,0.222009,-0.613220,0.245651,0.750717,-0.522925,0.000000,0.000000,0.000000,1.000000,0.09514110505498805,56.75452320628121
1782485654.499147,0.724609,-0.203368,0.658438,0.500723,0.314418,0.947785,-0.053291,0.222009,-0.613220,0.245651,0.750717,-0.522925,0.000000,0.000000,0.000000,1.000000,0.09514110505498805,56.75452320628121
1782485654.534915,0.724609,-0.203368,0.658438,0.500723,0.314418,0.947785,-0.053291,0.222009,-0.613220,0.245651,0.750717,-0.522925,0.000000,0.000000,0.000000,1.000000,0.09514110505498805,56.75452320628121
1782485654.570612,0.724609,-0.203368,0.658438,0.500723,0.314418,0.947785,-0.053291,0.222009,-0.613220,0.245651,0.750717,-0.522925,0.000000,0.000000,0.000000,1.000000,0.09514110505498805,56.75452320628121
1782485654.606685,0.724609,-0.203368,0.658438,0.500723,0.314418,0.947785,-0.053291,0.222009,-0.613220,0.245651,0.750717,-0.522925,0.000000,0.000000,0.000000,1.000000,0.09514110505498805,56.75452320628121
1782485654.642194,0.724609,-0.203368,0.658438,0.500723,0.314418,0.947785,-0.053291,0.222009,-0.613220,0.245651,0.750717,-0.522925,0.000000,0.000000,0.000000,1.000000,0.09514110505498805,56.75452320628121
1782485654.678282,0.724609,-0.203368,0.658438,0.500723,0.314418,0.947785,-0.053291,0.222009,-0.613220,0.245651,0.750717,-0.522925,0.000000,0.000000,0.000000,1.000000,0.09514110505498805,56.75452320628121
1782485654.714524,0.724609,-0.203368,0.658438,0.500723,0.314418,0.947785,-0.053291,0.222009,-0.613220,0.245651,0.750717,-0.522925,0.000000,0.000000,0.000000,1.000000,0.09514110505498805,56.75452320628121
1782485654.750619,0.724609,-0.203368,0.658438,0.500723,0.314418,0.947785,-0.053291,0.222009,-0.613220,0.245651,0.750717,-0.522925,0.000000,0.000000,0.000000,1.000000,0.09514110505498805,56.75452320628121
1782485654.786505,0.724609,-0.203368,0.658438,0.500723,0.314418,0.947785,-0.053291,0.222009,-0.613220,0.245651,0.750717,-0.522925,0.000000,0.000000,0.000000,1.000000,0.09514110505498805,56.75452320628121
1782485654.821789,0.724609,-0.203368,0.658438,0.500723,0.314418,0.947785,-0.053291,0.222009,-0.613220,0.245651,0.750717,-0.522925,0.000000,0.000000,0.000000,1.000000,0.09514110505498805,56.75452320628121
1782485654.857273,0.724609,-0.203368,0.658438,0.500723,0.314418,0.947785,-0.053291,0.222009,-0.613220,0.245651,0.750717,-0.522925,0.000000,0.000000,0.000000,1.000000,0.09514110505498805,56.75452320628121
1782485654.893395,0.724609,-0.203368,0.658438,0.500723,0.314418,0.947785,-0.053291,0.222009,-0.613220,0.245651,0.750717,-0.522925,0.000000,0.000000,0.000000,1.000000,0.09514110505498805,56.75452320628121
1782485654.929501,0.724609,-0.203368,0.658438,0.500723,0.314418,0.947785,-0.053291,0.222009,-0.613220,0.245651,0.750717,-0.522925,0.000000,0.000000,0.000000,1.000000,0.09514110505498805,56.75452320628121
1782485654.965473,0.724609,-0.203368,0.658438,0.500723,0.314418,0.947785,-0.053291,0.222009,-0.613220,0.245651,0.750717,-0.522925,0.000000,0.000000,0.000000,1.000000,0.09514110505498805,56.75452320628121
1782485655.001290,0.724609,-0.203368,0.658438,0.500723,0.314418,0.947785,-0.053291,0.222009,-0.613220,0.245651,0.750717,-0.522925,0.000000,0.000000,0.000000,1.000000,0.09514110505498805,56.75452320628121
1782485655.037249,0.724609,-0.203368,0.658438,0.500723,0.314418,0.947785,-0.053291,0.222009,-0.613220,0.245651,0.750717,-0.522925,0.000000,0.000000,0.000000,1.000000,0.09514110505498805,56.75452320628121
1782485655.073325,0.724609,-0.203368,0.658438,0.500723,0.314418,0.947785,-0.053291,0.222009,-0.613220,0.245651,0.750717,-0.522925,0.000000,0.000000,0.000000,1.000000,0.09514110505498805,56.75452320628121
1782485655.108855,0.724609,-0.203368,0.658438,0.500723,0.314418,0.947785,-0.053291,0.222009,-0.613220,0.245651,0.750717,-0.522925,0.000000,0.000000,0.000000,1.000000,0.09514110505498805,56.75452320628121
1782485655.145036,0.724609,-0.203368,0.658438,0.500723,0.314418,0.947785,-0.053291,0.222009,-0.613220,0.245651,0.750717,-0.522925,0.000000,0.000000,0.000000,1.000000,0.09514110505498805,56.75452320628121
1782485655.181117,0.724609,-0.203368,0.658438,0.500723,0.314418,0.947785,-0.053291,0.222009,-0.613220,0.245651,0.750717,-0.522925,0.000000,0.000000,0.000000,1.000000,0.09514110505498805,56.75452320628121
1782485655.216585,0.724609,-0.203368,0.658438,0.500723,0.314418,0.947785,-0.053291,0.222009,-0.613220,0.245651,0.750717,-0.522925,0.000000,0.000000,0.000000,1.000000,0.09514110505498805,56.75452320628121
1782485655.252506,0.724609,-0.203368,0.658438,0.500723,0.314418,0.947785,-0.053291,0.222009,-0.613220,0.245651,0.750717,-0.522925,0.000000,0.000000,0.000000,1.000000,0.09514110505498805,56.75452320628121
1782485655.288505,0.724609,-0.203368,0.658438,0.500723,0.314418,0.947785,-0.053291,0.222009,-0.613220,0.245651,0.750717,-0.522925,0.000000,0.000000,0.000000,1.000000,0.09514110505498805,56.75452320628121
1782485655.324112,0.724609,-0.203368,0.658438,0.500723,0.314418,0.947785,-0.053291,0.222009,-0.613220,0.245651,0.750717,-0.522925,0.000000,0.000000,0.000000,1.000000,0.09514110505498805,56.75452320628121
1782485655.359800,0.724609,-0.203368,0.658438,0.500723,0.314418,0.947785,-0.053291,0.222009,-0.613220,0.245651,0.750717,-0.522925,0.000000,0.000000,0.000000,1.000000,0.09514110505498805,56.75452320628121
1782485655.395026,0.724609,-0.203368,0.658438,0.500723,0.314418,0.947785,-0.053291,0.222009,-0.613220,0.245651,0.750717,-0.522925,0.000000,0.000000,0.000000,1.000000,0.09514110505498805,56.75452320628121
1782485655.430738,0.724609,-0.203368,0.658438,0.500723,0.314418,0.947785,-0.053291,0.222009,-0.613220,0.245651,0.750717,-0.522925,0.000000,0.000000,0.000000,1.000000,0.09514110505498805,56.75452320628121
1782485655.466285,0.724609,-0.203368,0.658438,0.500723,0.314418,0.947785,-0.053291,0.222009,-0.613220,0.245651,0.750717,-0.522925,0.000000,0.000000,0.000000,1.000000,0.09514110505498805,56.75452320628121
1782485655.501910,0.724609,-0.203368,0.658438,0.500723,0.314418,0.947785,-0.053291,0.222009,-0.613220,0.245651,0.750717,-0.522925,0.000000,0.000000,0.000000,1.000000,0.09514110505498805,56.75452320628121
1782485655.538111,0.724609,-0.203368,0.658438,0.500723,0.314418,0.947785,-0.053291,0.222009,-0.613220,0.245651,0.750717,-0.522925,0.000000,0.000000,0.000000,1.000000,0.09514110505498805,56.75452320628121
1782485655.573742,0.724609,-0.203368,0.658438,0.500723,0.314418,0.947785,-0.053291,0.222009,-0.613220,0.245651,0.750717,-0.522925,0.000000,0.000000,0.000000,1.000000,0.09514110505498805,56.75452320628121
1782485655.609486,0.724609,-0.203368,0.658438,0.500723,0.314418,0.947785,-0.053291,0.222009,-0.613220,0.245651,0.750717,-0.522925,0.000000,0.000000,0.000000,1.000000,0.09514110505498805,56.75452320628121
1782485655.645168,0.724609,-0.203368,0.658438,0.500723,0.314418,0.947785,-0.053291,0.222009,-0.613220,0.245651,0.750717,-0.522925,0.000000,0.000000,0.000000,1.000000,0.09514110505498805,56.75452320628121
1782485655.681167,0.724609,-0.203368,0.658438,0.500723,0.314418,0.947785,-0.053291,0.222009,-0.613220,0.245651,0.750717,-0.522925,0.000000,0.000000,0.000000,1.000000,0.09514110505498805,56.75452320628121
1782485655.716942,0.724609,-0.203368,0.658438,0.500723,0.314418,0.947785,-0.053291,0.222009,-0.613220,0.245651,0.750717,-0.522925,0.000000,0.000000,0.000000,1.000000,0.09514110505498805,56.75452320628121
1782485655.752505,0.724609,-0.203368,0.658438,0.500723,0.314418,0.947785,-0.053291,0.222009,-0.613220,0.245651,0.750717,-0.522925,0.000000,0.000000,0.000000,1.000000,0.09514110505498805,56.75452320628121
1782485655.788205,0.724609,-0.203368,0.658438,0.500723,0.314418,0.947785,-0.053291,0.222009,-0.613220,0.245651,0.750717,-0.522925,0.000000,0.000000,0.000000,1.000000,0.09514110505498805,56.75452320628121
1782485655.823813,0.724609,-0.203368,0.658438,0.500723,0.314418,0.947785,-0.053291,0.222009,-0.613220,0.245651,0.750717,-0.522925,0.000000,0.000000,0.000000,1.000000,0.09514110505498805,56.75452320628121
1782485655.859339,0.724609,-0.203368,0.658438,0.500723,0.314418,0.947785,-0.053291,0.222009,-0.613220,0.245651,0.750717,-0.522925,0.000000,0.000000,0.000000,1.000000,0.09514110505498805,56.75452320628121
1782485655.894861,0.724609,-0.203368,0.658438,0.500723,0.314418,0.947785,-0.053291,0.222009,-0.613220,0.245651,0.750717,-0.522925,0.000000,0.000000,0.000000,1.000000,0.09514110505498805,56.75452320628121
1782485655.929725,0.724609,-0.203368,0.658438,0.500723,0.314418,0.947785,-0.053291,0.222009,-0.613220,0.245651,0.750717,-0.522925,0.000000,0.000000,0.000000,1.000000,0.09514110505498805,56.75452320628121
1782485655.965152,0.724609,-0.203368,0.658438,0.500723,0.314418,0.947785,-0.053291,0.222009,-0.613220,0.245651,0.750717,-0.522925,0.000000,0.000000,0.000000,1.000000,0.09514110505498805,56.75452320628121
1782485655.999960,0.724609,-0.203368,0.658438,0.500723,0.314418,0.947785,-0.053291,0.222009,-0.613220,0.245651,0.750717,-0.522925,0.000000,0.000000,0.000000,1.000000,0.09514110505498805,56.75452320628121
1782485656.035273,0.724609,-0.203368,0.658438,0.500723,0.314418,0.947785,-0.053291,0.222009,-0.613220,0.245651,0.750717,-0.522925,0.000000,0.000000,0.000000,1.000000,0.09514110505498805,56.75452320628121
1782485656.070364,0.724609,-0.203368,0.658438,0.500723,0.314418,0.947785,-0.053291,0.222009,-0.613220,0.245651,0.750717,-0.522925,0.000000,0.000000,0.000000,1.000000,0.09514110505498805,56.75452320628121
1782485656.105925,0.724609,-0.203368,0.658438,0.500723,0.314418,0.947785,-0.053291,0.222009,-0.613220,0.245651,0.750717,-0.522925,0.000000,0.000000,0.000000,1.000000,0.09514110505498805,56.75452320628121
1782485656.141347,0.724609,-0.203368,0.658438,0.500723,0.314418,0.947785,-0.053291,0.222009,-0.613220,0.245651,0.750717,-0.522925,0.000000,0.000000,0.000000,1.000000,0.09514110505498805,56.75452320628121
1782485656.177364,0.724609,-0.203368,0.658438,0.500723,0.314418,0.947785,-0.053291,0.222009,-0.613220,0.245651,0.750717,-0.522925,0.000000,0.000000,0.000000,1.000000,0.09514110505498805,56.75452320628121
1782485656.213570,0.724609,-0.203368,0.658438,0.500723,0.314418,0.947785,-0.053291,0.222009,-0.613220,0.245651,0.750717,-0.522925,0.000000,0.000000,0.000000,1.000000,0.09514110505498805,56.75452320628121
1782485656.249029,0.724609,-0.203368,0.658438,0.500723,0.314418,0.947785,-0.053291,0.222009,-0.613220,0.245651,0.750717,-0.522925,0.000000,0.000000,0.000000,1.000000,0.09514110505498805,56.75452320628121
1782485656.284512,0.724609,-0.203368,0.658438,0.500723,0.314418,0.947785,-0.053291,0.222009,-0.613220,0.245651,0.750717,-0.522925,0.000000,0.000000,0.000000,1.000000,0.09514110505498805,56.75452320628121
1782485656.320025,0.724609,-0.203368,0.658438,0.500723,0.314418,0.947785,-0.053291,0.222009,-0.613220,0.245651,0.750717,-0.522925,0.000000,0.000000,0.000000,1.000000,0.09514110505498805,56.75452320628121
1782485656.355763,0.724609,-0.203368,0.658438,0.500723,0.314418,0.947785,-0.053291,0.222009,-0.613220,0.245651,0.750717,-0.522925,0.000000,0.000000,0.000000,1.000000,0.09514110505498805,56.75452320628121
1782485656.391403,0.724609,-0.203368,0.658438,0.500723,0.314418,0.947785,-0.053291,0.222009,-0.613220,0.245651,0.750717,-0.522925,0.000000,0.000000,0.000000,1.000000,0.09514110505498805,56.75452320628121
1782485656.427455,0.724609,-0.203368,0.658438,0.500723,0.314418,0.947785,-0.053291,0.222009,-0.613220,0.245651,0.750717,-0.522925,0.000000,0.000000,0.000000,1.000000,0.09514110505498805,56.75452320628121
1782485656.463475,0.724609,-0.203368,0.658438,0.500723,0.314418,0.947785,-0.053291,0.222009,-0.613220,0.245651,0.750717,-0.522925,0.000000,0.000000,0.000000,1.000000,0.09514110505498805,56.75452320628121
1782485656.499271,0.724609,-0.203368,0.658438,0.500723,0.314418,0.947785,-0.053291,0.222009,-0.613220,0.245651,0.750717,-0.522925,0.000000,0.000000,0.000000,1.000000,0.09514110505498805,56.75452320628121
1782485656.534966,0.724609,-0.203368,0.658438,0.500723,0.314418,0.947785,-0.053291,0.222009,-0.613220,0.245651,0.750717,-0.522925,0.000000,0.000000,0.000000,1.000000,0.09514110505498805,56.75452320628121
1782485656.571036,0.724609,-0.203368,0.658438,0.500723,0.314418,0.947785,-0.053291,0.222009,-0.613220,0.245651,0.750717,-0.522925,0.000000,0.000000,0.000000,1.000000,0.09514110505498805,56.75452320628121
1782485656.607225,0.724609,-0.203368,0.658438,0.500723,0.314418,0.947785,-0.053291,0.222009,-0.613220,0.245651,0.750717,-0.522925,0.000000,0.000000,0.000000,1.000000,0.09514110505498805,56.75452320628121
1782485656.642194,0.724609,-0.203368,0.658438,0.500723,0.314418,0.947785,-0.053291,0.222009,-0.613220,0.245651,0.750717,-0.522925,0.000000,0.000000,0.000000,1.000000,0.09514110505498805,56.75452320628121
1782485656.678265,0.724609,-0.203368,0.658438,0.500723,0.314418,0.947785,-0.053291,0.222009,-0.613220,0.245651,0.750717,-0.522925,0.000000,0.000000,0.000000,1.000000,0.09514110505498805,56.75452320628121
1782485656.713025,0.724609,-0.203368,0.658438,0.500723,0.314418,0.947785,-0.053291,0.222009,-0.613220,0.245651,0.750717,-0.522925,0.000000,0.000000,0.000000,1.000000,0.09514110505498805,56.75452320628121
1782485656.748550,0.724609,-0.203368,0.658438,0.500723,0.314418,0.947785,-0.053291,0.222009,-0.613220,0.245651,0.750717,-0.522925,0.000000,0.000000,0.000000,1.000000,0.09514110505498805,56.75452320628121
1782485656.784305,0.724609,-0.203368,0.658438,0.500723,0.314418,0.947785,-0.053291,0.222009,-0.613220,0.245651,0.750717,-0.522925,0.000000,0.000000,0.000000,1.000000,0.09514110505498805,56.75452320628121
1782485656.820470,0.724609,-0.203368,0.658438,0.500723,0.314418,0.947785,-0.053291,0.222009,-0.613220,0.245651,0.750717,-0.522925,0.000000,0.000000,0.000000,1.000000,0.09514110505498805,56.75452320628121
1782485656.856141,0.724609,-0.203368,0.658438,0.500723,0.314418,0.947785,-0.053291,0.222009,-0.613220,0.245651,0.750717,-0.522925,0.000000,0.000000,0.000000,1.000000,0.09514110505498805,56.75452320628121
1782485656.891085,0.724609,-0.203368,0.658438,0.500723,0.314418,0.947785,-0.053291,0.222009,-0.613220,0.245651,0.750717,-0.522925,0.000000,0.000000,0.000000,1.000000,0.09514110505498805,56.75452320628121
1782485656.927116,0.724609,-0.203368,0.658438,0.500723,0.314418,0.947785,-0.053291,0.222009,-0.613220,0.245651,0.750717,-0.522925,0.000000,0.000000,0.000000,1.000000,0.09514110505498805,56.75452320628121
1782485656.962998,0.724609,-0.203368,0.658438,0.500723,0.314418,0.947785,-0.053291,0.222009,-0.613220,0.245651,0.750717,-0.522925,0.000000,0.000000,0.000000,1.000000,0.09514110505498805,56.75452320628121
1782485656.998386,0.724609,-0.203368,0.658438,0.500723,0.314418,0.947785,-0.053291,0.222009,-0.613220,0.245651,0.750717,-0.522925,0.000000,0.000000,0.000000,1.000000,0.09514110505498805,56.75452320628121
1782485657.033934,0.724609,-0.203368,0.658438,0.500723,0.314418,0.947785,-0.053291,0.222009,-0.613220,0.245651,0.750717,-0.522925,0.000000,0.000000,0.000000,1.000000,0.09514110505498805,56.75452320628121
1782485657.069590,0.724609,-0.203368,0.658438,0.500723,0.314418,0.947785,-0.053291,0.222009,-0.613220,0.245651,0.750717,-0.522925,0.000000,0.000000,0.000000,1.000000,0.09514110505498805,56.75452320628121
1782485657.105858,0.724609,-0.203368,0.658438,0.500723,0.314418,0.947785,-0.053291,0.222009,-0.613220,0.245651,0.750717,-0.522925,0.000000,0.000000,0.000000,1.000000,0.09514110505498805,56.75452320628121
1782485657.141959,0.724609,-0.203368,0.658438,0.500723,0.314418,0.947785,-0.053291,0.222009,-0.613220,0.245651,0.750717,-0.522925,0.000000,0.000000,0.000000,1.000000,0.09514110505498805,56.75452320628121
1782485657.177016,0.724609,-0.203368,0.658438,0.500723,0.314418,0.947785,-0.053291,0.222009,-0.613220,0.245651,0.750717,-0.522925,0.000000,0.000000,0.000000,1.000000,0.09514110505498805,56.75452320628121
1782485657.212738,0.724609,-0.203368,0.658438,0.500723,0.314418,0.947785,-0.053291,0.222009,-0.613220,0.245651,0.750717,-0.522925,0.000000,0.000000,0.000000,1.000000,0.09514110505498805,56.75452320628121
1782485657.248431,0.724609,-0.203368,0.658438,0.500723,0.314418,0.947785,-0.053291,0.222009,-0.613220,0.245651,0.750717,-0.522925,0.000000,0.000000,0.000000,1.000000,0.09514110505498805,56.75452320628121
1782485657.283101,0.724609,-0.203368,0.658438,0.500723,0.314418,0.947785,-0.053291,0.222009,-0.613220,0.245651,0.750717,-0.522925,0.000000,0.000000,0.000000,1.000000,0.09514110505498805,56.75452320628121
1782485657.318867,0.724609,-0.203368,0.658438,0.500723,0.314418,0.947785,-0.053291,0.222009,-0.613220,0.245651,0.750717,-0.522925,0.000000,0.000000,0.000000,1.000000,0.09514110505498805,56.75452320628121
1782485657.354792,0.724609,-0.203368,0.658438,0.500723,0.314418,0.947785,-0.053291,0.222009,-0.613220,0.245651,0.750717,-0.522925,0.000000,0.000000,0.000000,1.000000,0.09514110505498805,56.75452320628121
1782485657.390516,0.724609,-0.203368,0.658438,0.500723,0.314418,0.947785,-0.053291,0.222009,-0.613220,0.245651,0.750717,-0.522925,0.000000,0.000000,0.000000,1.000000,0.09514110505498805,56.75452320628121
1782485657.426243,0.724609,-0.203368,0.658438,0.500723,0.314418,0.947785,-0.053291,0.222009,-0.613220,0.245651,0.750717,-0.522925,0.000000,0.000000,0.000000,1.000000,0.09514110505498805,56.75452320628121
1782485657.461832,0.724609,-0.203368,0.658438,0.500723,0.314418,0.947785,-0.053291,0.222009,-0.613220,0.245651,0.750717,-0.522925,0.000000,0.000000,0.000000,1.000000,0.09514110505498805,56.75452320628121
1782485657.497120,0.724609,-0.203368,0.658438,0.500723,0.314418,0.947785,-0.053291,0.222009,-0.613220,0.245651,0.750717,-0.522925,0.000000,0.000000,0.000000,1.000000,0.09514110505498805,56.75452320628121
1782485657.533069,0.724609,-0.203368,0.658438,0.500723,0.314418,0.947785,-0.053291,0.222009,-0.613220,0.245651,0.750717,-0.522925,0.000000,0.000000,0.000000,1.000000,0.09514110505498805,56.75452320628121
1782485657.568611,0.724609,-0.203368,0.658438,0.500723,0.314418,0.947785,-0.053291,0.222009,-0.613220,0.245651,0.750717,-0.522925,0.000000,0.000000,0.000000,1.000000,0.09514110505498805,56.75452320628121
1782485657.604436,0.724609,-0.203368,0.658438,0.500723,0.314418,0.947785,-0.053291,0.222009,-0.613220,0.245651,0.750717,-0.522925,0.000000,0.000000,0.000000,1.000000,0.09514110505498805,56.75452320628121
1782485657.640340,0.724609,-0.203368,0.658438,0.500723,0.314418,0.947785,-0.053291,0.222009,-0.613220,0.245651,0.750717,-0.522925,0.000000,0.000000,0.000000,1.000000,0.09514110505498805,56.75452320628121
1782485657.675894,0.724609,-0.203368,0.658438,0.500723,0.314418,0.947785,-0.053291,0.222009,-0.613220,0.245651,0.750717,-0.522925,0.000000,0.000000,0.000000,1.000000,0.09514110505498805,56.75452320628121
1782485657.711591,0.724609,-0.203368,0.658438,0.500723,0.314418,0.947785,-0.053291,0.222009,-0.613220,0.245651,0.750717,-0.522925,0.000000,0.000000,0.000000,1.000000,0.09514110505498805,56.75452320628121
1782485657.746964,0.724609,-0.203368,0.658438,0.500723,0.314418,0.947785,-0.053291,0.222009,-0.613220,0.245651,0.750717,-0.522925,0.000000,0.000000,0.000000,1.000000,0.09514110505498805,56.75452320628121
1782485657.782359,0.724609,-0.203368,0.658438,0.500723,0.314418,0.947785,-0.053291,0.222009,-0.613220,0.245651,0.750717,-0.522925,0.000000,0.000000,0.000000,1.000000,0.09514110505498805,56.75452320628121
1782485657.817939,0.724609,-0.203368,0.658438,0.500723,0.314418,0.947785,-0.053291,0.222009,-0.613220,0.245651,0.750717,-0.522925,0.000000,0.000000,0.000000,1.000000,0.09514110505498805,56.75452320628121
1782485657.853120,0.724609,-0.203368,0.658438,0.500723,0.314418,0.947785,-0.053291,0.222009,-0.613220,0.245651,0.750717,-0.522925,0.000000,0.000000,0.000000,1.000000,0.09514110505498805,56.75452320628121
1782485657.887559,0.724609,-0.203368,0.658438,0.500723,0.314418,0.947785,-0.053291,0.222009,-0.613220,0.245651,0.750717,-0.522925,0.000000,0.000000,0.000000,1.000000,0.09514110505498805,56.75452320628121
1782485657.922266,0.724609,-0.203368,0.658438,0.500723,0.314418,0.947785,-0.053291,0.222009,-0.613220,0.245651,0.750717,-0.522925,0.000000,0.000000,0.000000,1.000000,0.09514110505498805,56.75452320628121
1782485657.957567,0.724609,-0.203368,0.658438,0.500723,0.314418,0.947785,-0.053291,0.222009,-0.613220,0.245651,0.750717,-0.522925,0.000000,0.000000,0.000000,1.000000,0.09514110505498805,56.75452320628121
1782485657.992712,0.724609,-0.203368,0.658438,0.500723,0.314418,0.947785,-0.053291,0.222009,-0.613220,0.245651,0.750717,-0.522925,0.000000,0.000000,0.000000,1.000000,0.09514110505498805,56.75452320628121
1782485658.028251,0.724609,-0.203368,0.658438,0.500723,0.314418,0.947785,-0.053291,0.222009,-0.613220,0.245651,0.750717,-0.522925,0.000000,0.000000,0.000000,1.000000,0.09514110505498805,56.75452320628121
1782485658.063902,0.724609,-0.203368,0.658438,0.500723,0.314418,0.947785,-0.053291,0.222009,-0.613220,0.245651,0.750717,-0.522925,0.000000,0.000000,0.000000,1.000000,0.09514110505498805,56.75452320628121
1782485658.099112,0.724609,-0.203368,0.658438,0.500723,0.314418,0.947785,-0.053291,0.222009,-0.613220,0.245651,0.750717,-0.522925,0.000000,0.000000,0.000000,1.000000,0.09514110505498805,56.75452320628121
1782485658.134272,0.724609,-0.203368,0.658438,0.500723,0.314418,0.947785,-0.053291,0.222009,-0.613220,0.245651,0.750717,-0.522925,0.000000,0.000000,0.000000,1.000000,0.09514110505498805,56.75452320628121
1782485658.169495,0.724609,-0.203368,0.658438,0.500723,0.314418,0.947785,-0.053291,0.222009,-0.613220,0.245651,0.750717,-0.522925,0.000000,0.000000,0.000000,1.000000,0.09514110505498805,56.75452320628121
1782485658.204182,0.724609,-0.203368,0.658438,0.500723,0.314418,0.947785,-0.053291,0.222009,-0.613220,0.245651,0.750717,-0.522925,0.000000,0.000000,0.000000,1.000000,0.09514110505498805,56.75452320628121
1782485658.239353,0.724609,-0.203368,0.658438,0.500723,0.314418,0.947785,-0.053291,0.222009,-0.613220,0.245651,0.750717,-0.522925,0.000000,0.000000,0.000000,1.000000,0.09514110505498805,56.75452320628121
1782485658.274895,0.724609,-0.203368,0.658438,0.500723,0.314418,0.947785,-0.053291,0.222009,-0.613220,0.245651,0.750717,-0.522925,0.000000,0.000000,0.000000,1.000000,0.09514110505498805,56.75452320628121
1782485658.310273,0.724609,-0.203368,0.658438,0.500723,0.314418,0.947785,-0.053291,0.222009,-0.613220,0.245651,0.750717,-0.522925,0.000000,0.000000,0.000000,1.000000,0.09514110505498805,56.75452320628121
1782485658.345554,0.724609,-0.203368,0.658438,0.500723,0.314418,0.947785,-0.053291,0.222009,-0.613220,0.245651,0.750717,-0.522925,0.000000,0.000000,0.000000,1.000000,0.09514110505498805,56.75452320628121
1782485658.380856,0.724609,-0.203368,0.658438,0.500723,0.314418,0.947785,-0.053291,0.222009,-0.613220,0.245651,0.750717,-0.522925,0.000000,0.000000,0.000000,1.000000,0.09514110505498805,56.75452320628121
1782485658.416106,0.724609,-0.203368,0.658438,0.500723,0.314418,0.947785,-0.053291,0.222009,-0.613220,0.245651,0.750717,-0.522925,0.000000,0.000000,0.000000,1.000000,0.09514110505498805,56.75452320628121
1782485658.451787,0.724609,-0.203368,0.658438,0.500723,0.314418,0.947785,-0.053291,0.222009,-0.613220,0.245651,0.750717,-0.522925,0.000000,0.000000,0.000000,1.000000,0.09514110505498805,56.75452320628121
1782485658.487256,0.724609,-0.203368,0.658438,0.500723,0.314418,0.947785,-0.053291,0.222009,-0.613220,0.245651,0.750717,-0.522925,0.000000,0.000000,0.000000,1.000000,0.09514110505498805,56.75452320628121
1782485658.522709,0.724609,-0.203368,0.658438,0.500723,0.314418,0.947785,-0.053291,0.222009,-0.613220,0.245651,0.750717,-0.522925,0.000000,0.000000,0.000000,1.000000,0.09514110505498805,56.75452320628121
1782485658.558225,0.724609,-0.203368,0.658438,0.500723,0.314418,0.947785,-0.053291,0.222009,-0.613220,0.245651,0.750717,-0.522925,0.000000,0.000000,0.000000,1.000000,0.09514110505498805,56.75452320628121
1782485658.592360,0.724609,-0.203368,0.658438,0.500723,0.314418,0.947785,-0.053291,0.222009,-0.613220,0.245651,0.750717,-0.522925,0.000000,0.000000,0.000000,1.000000,0.09514110505498805,56.75452320628121
1782485658.627388,0.724609,-0.203368,0.658438,0.500723,0.314418,0.947785,-0.053291,0.222009,-0.613220,0.245651,0.750717,-0.522925,0.000000,0.000000,0.000000,1.000000,0.09514110505498805,56.75452320628121
1782485658.662715,0.724609,-0.203368,0.658438,0.500723,0.314418,0.947785,-0.053291,0.222009,-0.613220,0.245651,0.750717,-0.522925,0.000000,0.000000,0.000000,1.000000,0.09514110505498805,56.75452320628121
1782485658.698329,0.724609,-0.203368,0.658438,0.500723,0.314418,0.947785,-0.053291,0.222009,-0.613220,0.245651,0.750717,-0.522925,0.000000,0.000000,0.000000,1.000000,0.09514110505498805,56.75452320628121
1782485658.733748,0.724609,-0.203368,0.658438,0.500723,0.314418,0.947785,-0.053291,0.222009,-0.613220,0.245651,0.750717,-0.522925,0.000000,0.000000,0.000000,1.000000,0.09514110505498805,56.75452320628121
1782485658.769357,0.724609,-0.203368,0.658438,0.500723,0.314418,0.947785,-0.053291,0.222009,-0.613220,0.245651,0.750717,-0.522925,0.000000,0.000000,0.000000,1.000000,0.09514110505498805,56.75452320628121
1782485658.804697,0.724609,-0.203368,0.658438,0.500723,0.314418,0.947785,-0.053291,0.222009,-0.613220,0.245651,0.750717,-0.522925,0.000000,0.000000,0.000000,1.000000,0.09514110505498805,56.75452320628121
1782485658.839868,0.724609,-0.203368,0.658438,0.500723,0.314418,0.947785,-0.053291,0.222009,-0.613220,0.245651,0.750717,-0.522925,0.000000,0.000000,0.000000,1.000000,0.09514110505498805,56.75452320628121
1782485658.875582,0.724609,-0.203368,0.658438,0.500723,0.314418,0.947785,-0.053291,0.222009,-0.613220,0.245651,0.750717,-0.522925,0.000000,0.000000,0.000000,1.000000,0.09514110505498805,56.75452320628121
1782485658.911472,0.724609,-0.203368,0.658438,0.500723,0.314418,0.947785,-0.053291,0.222009,-0.613220,0.245651,0.750717,-0.522925,0.000000,0.000000,0.000000,1.000000,0.09514110505498805,56.75452320628121
1782485658.947182,0.724609,-0.203368,0.658438,0.500723,0.314418,0.947785,-0.053291,0.222009,-0.613220,0.245651,0.750717,-0.522925,0.000000,0.000000,0.000000,1.000000,0.09514110505498805,56.75452320628121
1782485658.982984,0.724609,-0.203368,0.658438,0.500723,0.314418,0.947785,-0.053291,0.222009,-0.613220,0.245651,0.750717,-0.522925,0.000000,0.000000,0.000000,1.000000,0.09514110505498805,56.75452320628121
1782485659.018529,0.724609,-0.203368,0.658438,0.500723,0.314418,0.947785,-0.053291,0.222009,-0.613220,0.245651,0.750717,-0.522925,0.000000,0.000000,0.000000,1.000000,0.09514110505498805,56.75452320628121
1782485659.053981,0.724609,-0.203368,0.658438,0.500723,0.314418,0.947785,-0.053291,0.222009,-0.613220,0.245651,0.750717,-0.522925,0.000000,0.000000,0.000000,1.000000,0.09514110505498805,56.75452320628121
1782485659.089623,0.724609,-0.203368,0.658438,0.500723,0.314418,0.947785,-0.053291,0.222009,-0.613220,0.245651,0.750717,-0.522925,0.000000,0.000000,0.000000,1.000000,0.09514110505498805,56.75452320628121
1782485659.125387,0.724609,-0.203368,0.658438,0.500723,0.314418,0.947785,-0.053291,0.222009,-0.613220,0.245651,0.750717,-0.522925,0.000000,0.000000,0.000000,1.000000,0.09514110505498805,56.75452320628121
1782485659.161181,0.724609,-0.203368,0.658438,0.500723,0.314418,0.947785,-0.053291,0.222009,-0.613220,0.245651,0.750717,-0.522925,0.000000,0.000000,0.000000,1.000000,0.09514110505498805,56.75452320628121
1782485659.197400,0.724609,-0.203368,0.658438,0.500723,0.314418,0.947785,-0.053291,0.222009,-0.613220,0.245651,0.750717,-0.522925,0.000000,0.000000,0.000000,1.000000,0.09514110505498805,56.75452320628121
1782485659.233200,0.724609,-0.203368,0.658438,0.500723,0.314418,0.947785,-0.053291,0.222009,-0.613220,0.245651,0.750717,-0.522925,0.000000,0.000000,0.000000,1.000000,0.09514110505498805,56.75452320628121
1782485659.268658,0.724609,-0.203368,0.658438,0.500723,0.314418,0.947785,-0.053291,0.222009,-0.613220,0.245651,0.750717,-0.522925,0.000000,0.000000,0.000000,1.000000,0.09514110505498805,56.75452320628121
1782485659.304358,0.724609,-0.203368,0.658438,0.500723,0.314418,0.947785,-0.053291,0.222009,-0.613220,0.245651,0.750717,-0.522925,0.000000,0.000000,0.000000,1.000000,0.09514110505498805,56.75452320628121
1782485659.342141,0.724609,-0.203368,0.658438,0.500723,0.314418,0.947785,-0.053291,0.222009,-0.613220,0.245651,0.750717,-0.522925,0.000000,0.000000,0.000000,1.000000,0.09514110505498805,56.75452320628121
1782485659.377299,0.724609,-0.203368,0.658438,0.500723,0.314418,0.947785,-0.053291,0.222009,-0.613220,0.245651,0.750717,-0.522925,0.000000,0.000000,0.000000,1.000000,0.09514110505498805,56.75452320628121
1782485659.412521,0.724609,-0.203368,0.658438,0.500723,0.314418,0.947785,-0.053291,0.222009,-0.613220,0.245651,0.750717,-0.522925,0.000000,0.000000,0.000000,1.000000,0.09514110505498805,56.75452320628121
1782485659.447797,0.724609,-0.203368,0.658438,0.500723,0.314418,0.947785,-0.053291,0.222009,-0.613220,0.245651,0.750717,-0.522925,0.000000,0.000000,0.000000,1.000000,0.09514110505498805,56.75452320628121
1782485659.482814,0.724609,-0.203368,0.658438,0.500723,0.314418,0.947785,-0.053291,0.222009,-0.613220,0.245651,0.750717,-0.522925,0.000000,0.000000,0.000000,1.000000,0.09514110505498805,56.75452320628121
1782485659.517116,0.724609,-0.203368,0.658438,0.500723,0.314418,0.947785,-0.053291,0.222009,-0.613220,0.245651,0.750717,-0.522925,0.000000,0.000000,0.000000,1.000000,0.09514110505498805,56.75452320628121
1782485659.552101,0.724609,-0.203368,0.658438,0.500723,0.314418,0.947785,-0.053291,0.222009,-0.613220,0.245651,0.750717,-0.522925,0.000000,0.000000,0.000000,1.000000,0.09514110505498805,56.75452320628121
1782485659.587078,0.724609,-0.203368,0.658438,0.500723,0.314418,0.947785,-0.053291,0.222009,-0.613220,0.245651,0.750717,-0.522925,0.000000,0.000000,0.000000,1.000000,0.09514110505498805,56.75452320628121
1782485659.622239,0.724609,-0.203368,0.658438,0.500723,0.314418,0.947785,-0.053291,0.222009,-0.613220,0.245651,0.750717,-0.522925,0.000000,0.000000,0.000000,1.000000,0.09514110505498805,56.75452320628121
1782485659.657613,0.724609,-0.203368,0.658438,0.500723,0.314418,0.947785,-0.053291,0.222009,-0.613220,0.245651,0.750717,-0.522925,0.000000,0.000000,0.000000,1.000000,0.09514110505498805,56.75452320628121
1782485659.692846,0.724609,-0.203368,0.658438,0.500723,0.314418,0.947785,-0.053291,0.222009,-0.613220,0.245651,0.750717,-0.522925,0.000000,0.000000,0.000000,1.000000,0.09514110505498805,56.75452320628121
1782485659.728048,0.724609,-0.203368,0.658438,0.500723,0.314418,0.947785,-0.053291,0.222009,-0.613220,0.245651,0.750717,-0.522925,0.000000,0.000000,0.000000,1.000000,0.09514110505498805,56.75452320628121
1782485659.763718,0.724609,-0.203368,0.658438,0.500723,0.314418,0.947785,-0.053291,0.222009,-0.613220,0.245651,0.750717,-0.522925,0.000000,0.000000,0.000000,1.000000,0.09514110505498805,56.75452320628121
1782485659.798786,0.724609,-0.203368,0.658438,0.500723,0.314418,0.947785,-0.053291,0.222009,-0.613220,0.245651,0.750717,-0.522925,0.000000,0.000000,0.000000,1.000000,0.09514110505498805,56.75452320628121
1782485659.833867,0.724609,-0.203368,0.658438,0.500723,0.314418,0.947785,-0.053291,0.222009,-0.613220,0.245651,0.750717,-0.522925,0.000000,0.000000,0.000000,1.000000,0.09514110505498805,56.75452320628121
1782485659.869258,0.724609,-0.203368,0.658438,0.500723,0.314418,0.947785,-0.053291,0.222009,-0.613220,0.245651,0.750717,-0.522925,0.000000,0.000000,0.000000,1.000000,0.09514110505498805,56.75452320628121
1782485659.904305,0.724609,-0.203368,0.658438,0.500723,0.314418,0.947785,-0.053291,0.222009,-0.613220,0.245651,0.750717,-0.522925,0.000000,0.000000,0.000000,1.000000,0.09514110505498805,56.75452320628121
1782485659.939484,0.724609,-0.203368,0.658438,0.500723,0.314418,0.947785,-0.053291,0.222009,-0.613220,0.245651,0.750717,-0.522925,0.000000,0.000000,0.000000,1.000000,0.09514110505498805,56.75452320628121
1782485659.974722,0.724609,-0.203368,0.658438,0.500723,0.314418,0.947785,-0.053291,0.222009,-0.613220,0.245651,0.750717,-0.522925,0.000000,0.000000,0.000000,1.000000,0.09514110505498805,56.75452320628121
1782485660.009994,0.724609,-0.203368,0.658438,0.500723,0.314418,0.947785,-0.053291,0.222009,-0.613220,0.245651,0.750717,-0.522925,0.000000,0.000000,0.000000,1.000000,0.09514110505498805,56.75452320628121
1782485660.045553,0.724609,-0.203368,0.658438,0.500723,0.314418,0.947785,-0.053291,0.222009,-0.613220,0.245651,0.750717,-0.522925,0.000000,0.000000,0.000000,1.000000,0.09514110505498805,56.75452320628121
1782485660.081072,0.724609,-0.203368,0.658438,0.500723,0.314418,0.947785,-0.053291,0.222009,-0.613220,0.245651,0.750717,-0.522925,0.000000,0.000000,0.000000,1.000000,0.09514110505498805,56.75452320628121
1782485660.116705,0.724609,-0.203368,0.658438,0.500723,0.314418,0.947785,-0.053291,0.222009,-0.613220,0.245651,0.750717,-0.522925,0.000000,0.000000,0.000000,1.000000,0.09514110505498805,56.75452320628121
1782485660.152805,0.724609,-0.203368,0.658438,0.500723,0.314418,0.947785,-0.053291,0.222009,-0.613220,0.245651,0.750717,-0.522925,0.000000,0.000000,0.000000,1.000000,0.09514110505498805,56.75452320628121
1782485660.188487,0.724609,-0.203368,0.658438,0.500723,0.314418,0.947785,-0.053291,0.222009,-0.613220,0.245651,0.750717,-0.522925,0.000000,0.000000,0.000000,1.000000,0.09514110505498805,56.75452320628121
1782485660.223101,0.724609,-0.203368,0.658438,0.500723,0.314418,0.947785,-0.053291,0.222009,-0.613220,0.245651,0.750717,-0.522925,0.000000,0.000000,0.000000,1.000000,0.09514110505498805,56.75452320628121
1782485660.258546,0.724609,-0.203368,0.658438,0.500723,0.314418,0.947785,-0.053291,0.222009,-0.613220,0.245651,0.750717,-0.522925,0.000000,0.000000,0.000000,1.000000,0.09514110505498805,56.75452320628121
1782485660.293975,0.724609,-0.203368,0.658438,0.500723,0.314418,0.947785,-0.053291,0.222009,-0.613220,0.245651,0.750717,-0.522925,0.000000,0.000000,0.000000,1.000000,0.09514110505498805,56.75452320628121
1782485660.329643,0.724609,-0.203368,0.658438,0.500723,0.314418,0.947785,-0.053291,0.222009,-0.613220,0.245651,0.750717,-0.522925,0.000000,0.000000,0.000000,1.000000,0.09514110505498805,56.75452320628121
1782485660.364647,0.724609,-0.203368,0.658438,0.500723,0.314418,0.947785,-0.053291,0.222009,-0.613220,0.245651,0.750717,-0.522925,0.000000,0.000000,0.000000,1.000000,0.09514110505498805,56.75452320628121
1782485660.400129,0.724609,-0.203368,0.658438,0.500723,0.314418,0.947785,-0.053291,0.222009,-0.613220,0.245651,0.750717,-0.522925,0.000000,0.000000,0.000000,1.000000,0.09514110505498805,56.75452320628121
1782485660.435639,0.724609,-0.203368,0.658438,0.500723,0.314418,0.947785,-0.053291,0.222009,-0.613220,0.245651,0.750717,-0.522925,0.000000,0.000000,0.000000,1.000000,0.09514110505498805,56.75452320628121
1782485660.471142,0.724609,-0.203368,0.658438,0.500723,0.314418,0.947785,-0.053291,0.222009,-0.613220,0.245651,0.750717,-0.522925,0.000000,0.000000,0.000000,1.000000,0.09514110505498805,56.75452320628121
1782485660.506035,0.724609,-0.203368,0.658438,0.500723,0.314418,0.947785,-0.053291,0.222009,-0.613220,0.245651,0.750717,-0.522925,0.000000,0.000000,0.000000,1.000000,0.09514110505498805,56.75452320628121
1782485660.541651,0.724609,-0.203368,0.658438,0.500723,0.314418,0.947785,-0.053291,0.222009,-0.613220,0.245651,0.750717,-0.522925,0.000000,0.000000,0.000000,1.000000,0.09514110505498805,56.75452320628121
1782485660.577202,0.724609,-0.203368,0.658438,0.500723,0.314418,0.947785,-0.053291,0.222009,-0.613220,0.245651,0.750717,-0.522925,0.000000,0.000000,0.000000,1.000000,0.09514110505498805,56.75452320628121
1782485660.613452,0.724609,-0.203368,0.658438,0.500723,0.314418,0.947785,-0.053291,0.222009,-0.613220,0.245651,0.750717,-0.522925,0.000000,0.000000,0.000000,1.000000,0.09514110505498805,56.75452320628121
1782485660.649977,0.724609,-0.203368,0.658438,0.500723,0.314418,0.947785,-0.053291,0.222009,-0.613220,0.245651,0.750717,-0.522925,0.000000,0.000000,0.000000,1.000000,0.09514110505498805,56.75452320628121
1782485660.684902,0.724609,-0.203368,0.658438,0.500723,0.314418,0.947785,-0.053291,0.222009,-0.613220,0.245651,0.750717,-0.522925,0.000000,0.000000,0.000000,1.000000,0.09514110505498805,56.75452320628121
1782485660.719942,0.724609,-0.203368,0.658438,0.500723,0.314418,0.947785,-0.053291,0.222009,-0.613220,0.245651,0.750717,-0.522925,0.000000,0.000000,0.000000,1.000000,0.09514110505498805,56.75452320628121
1782485660.755384,0.724609,-0.203368,0.658438,0.500723,0.314418,0.947785,-0.053291,0.222009,-0.613220,0.245651,0.750717,-0.522925,0.000000,0.000000,0.000000,1.000000,0.09514110505498805,56.75452320628121
1782485660.790129,0.724609,-0.203368,0.658438,0.500723,0.314418,0.947785,-0.053291,0.222009,-0.613220,0.245651,0.750717,-0.522925,0.000000,0.000000,0.000000,1.000000,0.09514110505498805,56.75452320628121
1782485660.825090,0.724609,-0.203368,0.658438,0.500723,0.314418,0.947785,-0.053291,0.222009,-0.613220,0.245651,0.750717,-0.522925,0.000000,0.000000,0.000000,1.000000,0.09514110505498805,56.75452320628121
1782485660.860120,0.724609,-0.203368,0.658438,0.500723,0.314418,0.947785,-0.053291,0.222009,-0.613220,0.245651,0.750717,-0.522925,0.000000,0.000000,0.000000,1.000000,0.09514110505498805,56.75452320628121
1782485660.895327,0.724609,-0.203368,0.658438,0.500723,0.314418,0.947785,-0.053291,0.222009,-0.613220,0.245651,0.750717,-0.522925,0.000000,0.000000,0.000000,1.000000,0.09514110505498805,56.75452320628121
1782485660.930624,0.724609,-0.203368,0.658438,0.500723,0.314418,0.947785,-0.053291,0.222009,-0.613220,0.245651,0.750717,-0.522925,0.000000,0.000000,0.000000,1.000000,0.09514110505498805,56.75452320628121
1782485660.965918,0.724609,-0.203368,0.658438,0.500723,0.314418,0.947785,-0.053291,0.222009,-0.613220,0.245651,0.750717,-0.522925,0.000000,0.000000,0.000000,1.000000,0.09514110505498805,56.75452320628121
1782485661.001353,0.724609,-0.203368,0.658438,0.500723,0.314418,0.947785,-0.053291,0.222009,-0.613220,0.245651,0.750717,-0.522925,0.000000,0.000000,0.000000,1.000000,0.09514110505498805,56.75452320628121
1782485661.036885,0.724609,-0.203368,0.658438,0.500723,0.314418,0.947785,-0.053291,0.222009,-0.613220,0.245651,0.750717,-0.522925,0.000000,0.000000,0.000000,1.000000,0.09514110505498805,56.75452320628121
1782485661.072543,0.724609,-0.203368,0.658438,0.500723,0.314418,0.947785,-0.053291,0.222009,-0.613220,0.245651,0.750717,-0.522925,0.000000,0.000000,0.000000,1.000000,0.09514110505498805,56.75452320628121
1782485661.108249,0.724609,-0.203368,0.658438,0.500723,0.314418,0.947785,-0.053291,0.222009,-0.613220,0.245651,0.750717,-0.522925,0.000000,0.000000,0.000000,1.000000,0.09514110505498805,56.75452320628121
1782485661.143803,0.724609,-0.203368,0.658438,0.500723,0.314418,0.947785,-0.053291,0.222009,-0.613220,0.245651,0.750717,-0.522925,0.000000,0.000000,0.000000,1.000000,0.09514110505498805,56.75452320628121
1782485661.179307,0.724609,-0.203368,0.658438,0.500723,0.314418,0.947785,-0.053291,0.222009,-0.613220,0.245651,0.750717,-0.522925,0.000000,0.000000,0.000000,1.000000,0.09514110505498805,56.75452320628121
1782485661.214338,0.724609,-0.203368,0.658438,0.500723,0.314418,0.947785,-0.053291,0.222009,-0.613220,0.245651,0.750717,-0.522925,0.000000,0.000000,0.000000,1.000000,0.09514110505498805,56.75452320628121
1782485661.250119,0.724609,-0.203368,0.658438,0.500723,0.314418,0.947785,-0.053291,0.222009,-0.613220,0.245651,0.750717,-0.522925,0.000000,0.000000,0.000000,1.000000,0.09514110505498805,56.75452320628121
1782485661.286442,0.724609,-0.203368,0.658438,0.500723,0.314418,0.947785,-0.053291,0.222009,-0.613220,0.245651,0.750717,-0.522925,0.000000,0.000000,0.000000,1.000000,0.09514110505498805,56.75452320628121
1782485661.322712,0.724609,-0.203368,0.658438,0.500723,0.314418,0.947785,-0.053291,0.222009,-0.613220,0.245651,0.750717,-0.522925,0.000000,0.000000,0.000000,1.000000,0.09514110505498805,56.75452320628121
1782485661.358095,0.724609,-0.203368,0.658438,0.500723,0.314418,0.947785,-0.053291,0.222009,-0.613220,0.245651,0.750717,-0.522925,0.000000,0.000000,0.000000,1.000000,0.09514110505498805,56.75452320628121
1782485661.393586,0.724609,-0.203368,0.658438,0.500723,0.314418,0.947785,-0.053291,0.222009,-0.613220,0.245651,0.750717,-0.522925,0.000000,0.000000,0.000000,1.000000,0.09514110505498805,56.75452320628121
1782485661.429300,0.724609,-0.203368,0.658438,0.500723,0.314418,0.947785,-0.053291,0.222009,-0.613220,0.245651,0.750717,-0.522925,0.000000,0.000000,0.000000,1.000000,0.09514110505498805,56.75452320628121
1782485661.465300,0.724609,-0.203368,0.658438,0.500723,0.314418,0.947785,-0.053291,0.222009,-0.613220,0.245651,0.750717,-0.522925,0.000000,0.000000,0.000000,1.000000,0.09514110505498805,56.75452320628121
1782485661.501024,0.724609,-0.203368,0.658438,0.500723,0.314418,0.947785,-0.053291,0.222009,-0.613220,0.245651,0.750717,-0.522925,0.000000,0.000000,0.000000,1.000000,0.09514110505498805,56.75452320628121
1782485661.536802,0.724609,-0.203368,0.658438,0.500723,0.314418,0.947785,-0.053291,0.222009,-0.613220,0.245651,0.750717,-0.522925,0.000000,0.000000,0.000000,1.000000,0.09514110505498805,56.75452320628121
1782485661.572509,0.724609,-0.203368,0.658438,0.500723,0.314418,0.947785,-0.053291,0.222009,-0.613220,0.245651,0.750717,-0.522925,0.000000,0.000000,0.000000,1.000000,0.09514110505498805,56.75452320628121
1782485661.608030,0.724609,-0.203368,0.658438,0.500723,0.314418,0.947785,-0.053291,0.222009,-0.613220,0.245651,0.750717,-0.522925,0.000000,0.000000,0.000000,1.000000,0.09514110505498805,56.75452320628121
1782485661.643724,0.724609,-0.203368,0.658438,0.500723,0.314418,0.947785,-0.053291,0.222009,-0.613220,0.245651,0.750717,-0.522925,0.000000,0.000000,0.000000,1.000000,0.09514110505498805,56.75452320628121
1782485661.679430,0.724609,-0.203368,0.658438,0.500723,0.314418,0.947785,-0.053291,0.222009,-0.613220,0.245651,0.750717,-0.522925,0.000000,0.000000,0.000000,1.000000,0.09514110505498805,56.75452320628121
1782485661.715458,0.724609,-0.203368,0.658438,0.500723,0.314418,0.947785,-0.053291,0.222009,-0.613220,0.245651,0.750717,-0.522925,0.000000,0.000000,0.000000,1.000000,0.09514110505498805,56.75452320628121
1782485661.751218,0.724609,-0.203368,0.658438,0.500723,0.314418,0.947785,-0.053291,0.222009,-0.613220,0.245651,0.750717,-0.522925,0.000000,0.000000,0.000000,1.000000,0.09514110505498805,56.75452320628121
1782485661.786944,0.724609,-0.203368,0.658438,0.500723,0.314418,0.947785,-0.053291,0.222009,-0.613220,0.245651,0.750717,-0.522925,0.000000,0.000000,0.000000,1.000000,0.09514110505498805,56.75452320628121
1782485661.822650,0.724609,-0.203368,0.658438,0.500723,0.314418,0.947785,-0.053291,0.222009,-0.613220,0.245651,0.750717,-0.522925,0.000000,0.000000,0.000000,1.000000,0.09514110505498805,56.75452320628121
1782485661.858339,0.724609,-0.203368,0.658438,0.500723,0.314418,0.947785,-0.053291,0.222009,-0.613220,0.245651,0.750717,-0.522925,0.000000,0.000000,0.000000,1.000000,0.09514110505498805,56.75452320628121
1782485661.894304,0.724609,-0.203368,0.658438,0.500723,0.314418,0.947785,-0.053291,0.222009,-0.613220,0.245651,0.750717,-0.522925,0.000000,0.000000,0.000000,1.000000,0.09514110505498805,56.75452320628121
1782485661.930495,0.724609,-0.203368,0.658438,0.500723,0.314418,0.947785,-0.053291,0.222009,-0.613220,0.245651,0.750717,-0.522925,0.000000,0.000000,0.000000,1.000000,0.09514110505498805,56.75452320628121
1782485661.966013,0.724609,-0.203368,0.658438,0.500723,0.314418,0.947785,-0.053291,0.222009,-0.613220,0.245651,0.750717,-0.522925,0.000000,0.000000,0.000000,1.000000,0.09514110505498805,56.75452320628121
1782485662.001716,0.724609,-0.203368,0.658438,0.500723,0.314418,0.947785,-0.053291,0.222009,-0.613220,0.245651,0.750717,-0.522925,0.000000,0.000000,0.000000,1.000000,0.09514110505498805,56.75452320628121
1782485662.037701,0.724609,-0.203368,0.658438,0.500723,0.314418,0.947785,-0.053291,0.222009,-0.613220,0.245651,0.750717,-0.522925,0.000000,0.000000,0.000000,1.000000,0.09514110505498805,56.75452320628121
1782485662.072875,0.724609,-0.203368,0.658438,0.500723,0.314418,0.947785,-0.053291,0.222009,-0.613220,0.245651,0.750717,-0.522925,0.000000,0.000000,0.000000,1.000000,0.09514110505498805,56.75452320628121
1782485662.108122,0.724609,-0.203368,0.658438,0.500723,0.314418,0.947785,-0.053291,0.222009,-0.613220,0.245651,0.750717,-0.522925,0.000000,0.000000,0.000000,1.000000,0.09514110505498805,56.75452320628121
1782485662.143444,0.724609,-0.203368,0.658438,0.500723,0.314418,0.947785,-0.053291,0.222009,-0.613220,0.245651,0.750717,-0.522925,0.000000,0.000000,0.000000,1.000000,0.09514110505498805,56.75452320628121
1782485662.178837,0.724609,-0.203368,0.658438,0.500723,0.314418,0.947785,-0.053291,0.222009,-0.613220,0.245651,0.750717,-0.522925,0.000000,0.000000,0.000000,1.000000,0.09514110505498805,56.75452320628121
1782485662.214367,0.724609,-0.203368,0.658438,0.500723,0.314418,0.947785,-0.053291,0.222009,-0.613220,0.245651,0.750717,-0.522925,0.000000,0.000000,0.000000,1.000000,0.09514110505498805,56.75452320628121
1782485662.249641,0.724609,-0.203368,0.658438,0.500723,0.314418,0.947785,-0.053291,0.222009,-0.613220,0.245651,0.750717,-0.522925,0.000000,0.000000,0.000000,1.000000,0.09514110505498805,56.75452320628121
1782485662.284799,0.724609,-0.203368,0.658438,0.500723,0.314418,0.947785,-0.053291,0.222009,-0.613220,0.245651,0.750717,-0.522925,0.000000,0.000000,0.000000,1.000000,0.09514110505498805,56.75452320628121
1782485662.319824,0.724609,-0.203368,0.658438,0.500723,0.314418,0.947785,-0.053291,0.222009,-0.613220,0.245651,0.750717,-0.522925,0.000000,0.000000,0.000000,1.000000,0.09514110505498805,56.75452320628121
1782485662.355084,0.724609,-0.203368,0.658438,0.500723,0.314418,0.947785,-0.053291,0.222009,-0.613220,0.245651,0.750717,-0.522925,0.000000,0.000000,0.000000,1.000000,0.09514110505498805,56.75452320628121
1782485662.389536,0.724609,-0.203368,0.658438,0.500723,0.314418,0.947785,-0.053291,0.222009,-0.613220,0.245651,0.750717,-0.522925,0.000000,0.000000,0.000000,1.000000,0.09514110505498805,56.75452320628121
1782485662.424506,0.724609,-0.203368,0.658438,0.500723,0.314418,0.947785,-0.053291,0.222009,-0.613220,0.245651,0.750717,-0.522925,0.000000,0.000000,0.000000,1.000000,0.09514110505498805,56.75452320628121
1782485662.459747,0.724609,-0.203368,0.658438,0.500723,0.314418,0.947785,-0.053291,0.222009,-0.613220,0.245651,0.750717,-0.522925,0.000000,0.000000,0.000000,1.000000,0.09514110505498805,56.75452320628121
1782485662.495268,0.724609,-0.203368,0.658438,0.500723,0.314418,0.947785,-0.053291,0.222009,-0.613220,0.245651,0.750717,-0.522925,0.000000,0.000000,0.000000,1.000000,0.09514110505498805,56.75452320628121
1782485662.530582,0.724609,-0.203368,0.658438,0.500723,0.314418,0.947785,-0.053291,0.222009,-0.613220,0.245651,0.750717,-0.522925,0.000000,0.000000,0.000000,1.000000,0.09514110505498805,56.75452320628121
1782485662.566172,0.724609,-0.203368,0.658438,0.500723,0.314418,0.947785,-0.053291,0.222009,-0.613220,0.245651,0.750717,-0.522925,0.000000,0.000000,0.000000,1.000000,0.09514110505498805,56.75452320628121
1782485662.601645,0.724609,-0.203368,0.658438,0.500723,0.314418,0.947785,-0.053291,0.222009,-0.613220,0.245651,0.750717,-0.522925,0.000000,0.000000,0.000000,1.000000,0.09514110505498805,56.75452320628121
1782485662.636634,0.724609,-0.203368,0.658438,0.500723,0.314418,0.947785,-0.053291,0.222009,-0.613220,0.245651,0.750717,-0.522925,0.000000,0.000000,0.000000,1.000000,0.09514110505498805,56.75452320628121
1782485662.671759,0.724609,-0.203368,0.658438,0.500723,0.314418,0.947785,-0.053291,0.222009,-0.613220,0.245651,0.750717,-0.522925,0.000000,0.000000,0.000000,1.000000,0.09514110505498805,56.75452320628121
1782485662.707235,0.724609,-0.203368,0.658438,0.500723,0.314418,0.947785,-0.053291,0.222009,-0.613220,0.245651,0.750717,-0.522925,0.000000,0.000000,0.000000,1.000000,0.09514110505498805,56.75452320628121
1782485662.742383,0.724609,-0.203368,0.658438,0.500723,0.314418,0.947785,-0.053291,0.222009,-0.613220,0.245651,0.750717,-0.522925,0.000000,0.000000,0.000000,1.000000,0.09514110505498805,56.75452320628121
1782485662.777548,0.724609,-0.203368,0.658438,0.500723,0.314418,0.947785,-0.053291,0.222009,-0.613220,0.245651,0.750717,-0.522925,0.000000,0.000000,0.000000,1.000000,0.09514110505498805,56.75452320628121
1782485662.812932,0.724609,-0.203368,0.658438,0.500723,0.314418,0.947785,-0.053291,0.222009,-0.613220,0.245651,0.750717,-0.522925,0.000000,0.000000,0.000000,1.000000,0.09514110505498805,56.75452320628121
1782485662.848243,0.724609,-0.203368,0.658438,0.500723,0.314418,0.947785,-0.053291,0.222009,-0.613220,0.245651,0.750717,-0.522925,0.000000,0.000000,0.000000,1.000000,0.09514110505498805,56.75452320628121
1782485662.883354,0.724609,-0.203368,0.658438,0.500723,0.314418,0.947785,-0.053291,0.222009,-0.613220,0.245651,0.750717,-0.522925,0.000000,0.000000,0.000000,1.000000,0.09514110505498805,56.75452320628121
1782485662.918345,0.724609,-0.203368,0.658438,0.500723,0.314418,0.947785,-0.053291,0.222009,-0.613220,0.245651,0.750717,-0.522925,0.000000,0.000000,0.000000,1.000000,0.09514110505498805,56.75452320628121
1782485662.952603,0.724609,-0.203368,0.658438,0.500723,0.314418,0.947785,-0.053291,0.222009,-0.613220,0.245651,0.750717,-0.522925,0.000000,0.000000,0.000000,1.000000,0.09514110505498805,56.75452320628121
1782485662.987948,0.724609,-0.203368,0.658438,0.500723,0.314418,0.947785,-0.053291,0.222009,-0.613220,0.245651,0.750717,-0.522925,0.000000,0.000000,0.000000,1.000000,0.09514110505498805,56.75452320628121
1782485663.023234,0.724609,-0.203368,0.658438,0.500723,0.314418,0.947785,-0.053291,0.222009,-0.613220,0.245651,0.750717,-0.522925,0.000000,0.000000,0.000000,1.000000,0.09514110505498805,56.75452320628121
1782485663.058839,0.724609,-0.203368,0.658438,0.500723,0.314418,0.947785,-0.053291,0.222009,-0.613220,0.245651,0.750717,-0.522925,0.000000,0.000000,0.000000,1.000000,0.09514110505498805,56.75452320628121
1782485663.093247,0.724609,-0.203368,0.658438,0.500723,0.314418,0.947785,-0.053291,0.222009,-0.613220,0.245651,0.750717,-0.522925,0.000000,0.000000,0.000000,1.000000,0.09514110505498805,56.75452320628121
1782485663.128498,0.724609,-0.203368,0.658438,0.500723,0.314418,0.947785,-0.053291,0.222009,-0.613220,0.245651,0.750717,-0.522925,0.000000,0.000000,0.000000,1.000000,0.09514110505498805,56.75452320628121
1782485663.164072,0.724609,-0.203368,0.658438,0.500723,0.314418,0.947785,-0.053291,0.222009,-0.613220,0.245651,0.750717,-0.522925,0.000000,0.000000,0.000000,1.000000,0.09514110505498805,56.75452320628121
1782485663.199336,0.724609,-0.203368,0.658438,0.500723,0.314418,0.947785,-0.053291,0.222009,-0.613220,0.245651,0.750717,-0.522925,0.000000,0.000000,0.000000,1.000000,0.09514110505498805,56.75452320628121
1782485663.234954,0.724609,-0.203368,0.658438,0.500723,0.314418,0.947785,-0.053291,0.222009,-0.613220,0.245651,0.750717,-0.522925,0.000000,0.000000,0.000000,1.000000,0.09514110505498805,56.75452320628121
1782485663.270436,0.724609,-0.203368,0.658438,0.500723,0.314418,0.947785,-0.053291,0.222009,-0.613220,0.245651,0.750717,-0.522925,0.000000,0.000000,0.000000,1.000000,0.09514110505498805,56.75452320628121
1782485663.305888,0.724609,-0.203368,0.658438,0.500723,0.314418,0.947785,-0.053291,0.222009,-0.613220,0.245651,0.750717,-0.522925,0.000000,0.000000,0.000000,1.000000,0.09514110505498805,56.75452320628121
1782485663.341136,0.724609,-0.203368,0.658438,0.500723,0.314418,0.947785,-0.053291,0.222009,-0.613220,0.245651,0.750717,-0.522925,0.000000,0.000000,0.000000,1.000000,0.09514110505498805,56.75452320628121
1782485663.376695,0.724609,-0.203368,0.658438,0.500723,0.314418,0.947785,-0.053291,0.222009,-0.613220,0.245651,0.750717,-0.522925,0.000000,0.000000,0.000000,1.000000,0.09514110505498805,56.75452320628121
1782485663.412252,0.724609,-0.203368,0.658438,0.500723,0.314418,0.947785,-0.053291,0.222009,-0.613220,0.245651,0.750717,-0.522925,0.000000,0.000000,0.000000,1.000000,0.09514110505498805,56.75452320628121
1782485663.447463,0.724609,-0.203368,0.658438,0.500723,0.314418,0.947785,-0.053291,0.222009,-0.613220,0.245651,0.750717,-0.522925,0.000000,0.000000,0.000000,1.000000,0.09514110505498805,56.75452320628121
1782485663.482746,0.724609,-0.203368,0.658438,0.500723,0.314418,0.947785,-0.053291,0.222009,-0.613220,0.245651,0.750717,-0.522925,0.000000,0.000000,0.000000,1.000000,0.09514110505498805,56.75452320628121
1782485663.518098,0.724609,-0.203368,0.658438,0.500723,0.314418,0.947785,-0.053291,0.222009,-0.613220,0.245651,0.750717,-0.522925,0.000000,0.000000,0.000000,1.000000,0.09514110505498805,56.75452320628121
1782485663.553790,0.724609,-0.203368,0.658438,0.500723,0.314418,0.947785,-0.053291,0.222009,-0.613220,0.245651,0.750717,-0.522925,0.000000,0.000000,0.000000,1.000000,0.09514110505498805,56.75452320628121
1782485663.589341,0.724609,-0.203368,0.658438,0.500723,0.314418,0.947785,-0.053291,0.222009,-0.613220,0.245651,0.750717,-0.522925,0.000000,0.000000,0.000000,1.000000,0.09514110505498805,56.75452320628121
1782485663.624833,0.724609,-0.203368,0.658438,0.500723,0.314418,0.947785,-0.053291,0.222009,-0.613220,0.245651,0.750717,-0.522925,0.000000,0.000000,0.000000,1.000000,0.09514110505498805,56.75452320628121
1782485663.659886,0.724609,-0.203368,0.658438,0.500723,0.314418,0.947785,-0.053291,0.222009,-0.613220,0.245651,0.750717,-0.522925,0.000000,0.000000,0.000000,1.000000,0.09514110505498805,56.75452320628121
1782485663.694963,0.724609,-0.203368,0.658438,0.500723,0.314418,0.947785,-0.053291,0.222009,-0.613220,0.245651,0.750717,-0.522925,0.000000,0.000000,0.000000,1.000000,0.09514110505498805,56.75452320628121
1782485663.730828,0.724609,-0.203368,0.658438,0.500723,0.314418,0.947785,-0.053291,0.222009,-0.613220,0.245651,0.750717,-0.522925,0.000000,0.000000,0.000000,1.000000,0.09514110505498805,56.75452320628121
1782485663.766407,0.724609,-0.203368,0.658438,0.500723,0.314418,0.947785,-0.053291,0.222009,-0.613220,0.245651,0.750717,-0.522925,0.000000,0.000000,0.000000,1.000000,0.09514110505498805,56.75452320628121
1782485663.801436,0.724609,-0.203368,0.658438,0.500723,0.314418,0.947785,-0.053291,0.222009,-0.613220,0.245651,0.750717,-0.522925,0.000000,0.000000,0.000000,1.000000,0.09514110505498805,56.75452320628121
1782485663.836141,0.724609,-0.203368,0.658438,0.500723,0.314418,0.947785,-0.053291,0.222009,-0.613220,0.245651,0.750717,-0.522925,0.000000,0.000000,0.000000,1.000000,0.09514110505498805,56.75452320628121
1782485663.871679,0.724609,-0.203368,0.658438,0.500723,0.314418,0.947785,-0.053291,0.222009,-0.613220,0.245651,0.750717,-0.522925,0.000000,0.000000,0.000000,1.000000,0.09514110505498805,56.75452320628121
1782485663.905887,0.724609,-0.203368,0.658438,0.500723,0.314418,0.947785,-0.053291,0.222009,-0.613220,0.245651,0.750717,-0.522925,0.000000,0.000000,0.000000,1.000000,0.09514110505498805,56.75452320628121
1782485663.941307,0.724609,-0.203368,0.658438,0.500723,0.314418,0.947785,-0.053291,0.222009,-0.613220,0.245651,0.750717,-0.522925,0.000000,0.000000,0.000000,1.000000,0.09514110505498805,56.75452320628121
1782485663.976379,0.724609,-0.203368,0.658438,0.500723,0.314418,0.947785,-0.053291,0.222009,-0.613220,0.245651,0.750717,-0.522925,0.000000,0.000000,0.000000,1.000000,0.09514110505498805,56.75452320628121
1782485664.012095,0.724609,-0.203368,0.658438,0.500723,0.314418,0.947785,-0.053291,0.222009,-0.613220,0.245651,0.750717,-0.522925,0.000000,0.000000,0.000000,1.000000,0.09514110505498805,56.75452320628121
1782485664.047477,0.724609,-0.203368,0.658438,0.500723,0.314418,0.947785,-0.053291,0.222009,-0.613220,0.245651,0.750717,-0.522925,0.000000,0.000000,0.000000,1.000000,0.09514110505498805,56.75452320628121
1782485664.082661,0.724609,-0.203368,0.658438,0.500723,0.314418,0.947785,-0.053291,0.222009,-0.613220,0.245651,0.750717,-0.522925,0.000000,0.000000,0.000000,1.000000,0.09514110505498805,56.75452320628121
1782485664.117890,0.724609,-0.203368,0.658438,0.500723,0.314418,0.947785,-0.053291,0.222009,-0.613220,0.245651,0.750717,-0.522925,0.000000,0.000000,0.000000,1.000000,0.09514110505498805,56.75452320628121
1782485664.152899,0.724609,-0.203368,0.658438,0.500723,0.314418,0.947785,-0.053291,0.222009,-0.613220,0.245651,0.750717,-0.522925,0.000000,0.000000,0.000000,1.000000,0.09514110505498805,56.75452320628121
1782485664.188251,0.724609,-0.203368,0.658438,0.500723,0.314418,0.947785,-0.053291,0.222009,-0.613220,0.245651,0.750717,-0.522925,0.000000,0.000000,0.000000,1.000000,0.09514110505498805,56.75452320628121
1782485664.223656,0.724609,-0.203368,0.658438,0.500723,0.314418,0.947785,-0.053291,0.222009,-0.613220,0.245651,0.750717,-0.522925,0.000000,0.000000,0.000000,1.000000,0.09514110505498805,56.75452320628121
1782485664.259462,0.724609,-0.203368,0.658438,0.500723,0.314418,0.947785,-0.053291,0.222009,-0.613220,0.245651,0.750717,-0.522925,0.000000,0.000000,0.000000,1.000000,0.09514110505498805,56.75452320628121
1782485664.294974,0.724609,-0.203368,0.658438,0.500723,0.314418,0.947785,-0.053291,0.222009,-0.613220,0.245651,0.750717,-0.522925,0.000000,0.000000,0.000000,1.000000,0.09514110505498805,56.75452320628121
1782485664.330911,0.724609,-0.203368,0.658438,0.500723,0.314418,0.947785,-0.053291,0.222009,-0.613220,0.245651,0.750717,-0.522925,0.000000,0.000000,0.000000,1.000000,0.09514110505498805,56.75452320628121
1782485664.366477,0.724609,-0.203368,0.658438,0.500723,0.314418,0.947785,-0.053291,0.222009,-0.613220,0.245651,0.750717,-0.522925,0.000000,0.000000,0.000000,1.000000,0.09514110505498805,56.75452320628121
1782485664.402579,0.724609,-0.203368,0.658438,0.500723,0.314418,0.947785,-0.053291,0.222009,-0.613220,0.245651,0.750717,-0.522925,0.000000,0.000000,0.000000,1.000000,0.09514110505498805,56.75452320628121
1782485664.438529,0.724609,-0.203368,0.658438,0.500723,0.314418,0.947785,-0.053291,0.222009,-0.613220,0.245651,0.750717,-0.522925,0.000000,0.000000,0.000000,1.000000,0.09514110505498805,56.75452320628121
1782485664.474728,0.724609,-0.203368,0.658438,0.500723,0.314418,0.947785,-0.053291,0.222009,-0.613220,0.245651,0.750717,-0.522925,0.000000,0.000000,0.000000,1.000000,0.09514110505498805,56.75452320628121
1782485664.510938,0.724609,-0.203368,0.658438,0.500723,0.314418,0.947785,-0.053291,0.222009,-0.613220,0.245651,0.750717,-0.522925,0.000000,0.000000,0.000000,1.000000,0.09514110505498805,56.75452320628121
1782485664.546100,0.724609,-0.203368,0.658438,0.500723,0.314418,0.947785,-0.053291,0.222009,-0.613220,0.245651,0.750717,-0.522925,0.000000,0.000000,0.000000,1.000000,0.09514110505498805,56.75452320628121
1782485664.582133,0.724609,-0.203368,0.658438,0.500723,0.314418,0.947785,-0.053291,0.222009,-0.613220,0.245651,0.750717,-0.522925,0.000000,0.000000,0.000000,1.000000,0.09514110505498805,56.75452320628121
1782485664.618118,0.724609,-0.203368,0.658438,0.500723,0.314418,0.947785,-0.053291,0.222009,-0.613220,0.245651,0.750717,-0.522925,0.000000,0.000000,0.000000,1.000000,0.09514110505498805,56.75452320628121
1782485664.653362,0.724609,-0.203368,0.658438,0.500723,0.314418,0.947785,-0.053291,0.222009,-0.613220,0.245651,0.750717,-0.522925,0.000000,0.000000,0.000000,1.000000,0.09514110505498805,56.75452320628121
1782485664.688710,0.724609,-0.203368,0.658438,0.500723,0.314418,0.947785,-0.053291,0.222009,-0.613220,0.245651,0.750717,-0.522925,0.000000,0.000000,0.000000,1.000000,0.09514110505498805,56.75452320628121
1782485664.723203,0.724609,-0.203368,0.658438,0.500723,0.314418,0.947785,-0.053291,0.222009,-0.613220,0.245651,0.750717,-0.522925,0.000000,0.000000,0.000000,1.000000,0.09514110505498805,56.75452320628121
1782485664.758987,0.724609,-0.203368,0.658438,0.500723,0.314418,0.947785,-0.053291,0.222009,-0.613220,0.245651,0.750717,-0.522925,0.000000,0.000000,0.000000,1.000000,0.09514110505498805,56.75452320628121
1782485664.794495,0.724609,-0.203368,0.658438,0.500723,0.314418,0.947785,-0.053291,0.222009,-0.613220,0.245651,0.750717,-0.522925,0.000000,0.000000,0.000000,1.000000,0.09514110505498805,56.75452320628121
1782485664.830228,0.724609,-0.203368,0.658438,0.500723,0.314418,0.947785,-0.053291,0.222009,-0.613220,0.245651,0.750717,-0.522925,0.000000,0.000000,0.000000,1.000000,0.09514110505498805,56.75452320628121
1782485664.865888,0.724609,-0.203368,0.658438,0.500723,0.314418,0.947785,-0.053291,0.222009,-0.613220,0.245651,0.750717,-0.522925,0.000000,0.000000,0.000000,1.000000,0.09514110505498805,56.75452320628121
1782485664.901763,0.724609,-0.203368,0.658438,0.500723,0.314418,0.947785,-0.053291,0.222009,-0.613220,0.245651,0.750717,-0.522925,0.000000,0.000000,0.000000,1.000000,0.09514110505498805,56.75452320628121
1782485664.937517,0.724609,-0.203368,0.658438,0.500723,0.314418,0.947785,-0.053291,0.222009,-0.613220,0.245651,0.750717,-0.522925,0.000000,0.000000,0.000000,1.000000,0.09514110505498805,56.75452320628121
1782485664.973166,0.724609,-0.203368,0.658438,0.500723,0.314418,0.947785,-0.053291,0.222009,-0.613220,0.245651,0.750717,-0.522925,0.000000,0.000000,0.000000,1.000000,0.09514110505498805,56.75452320628121
1782485665.008791,0.724609,-0.203368,0.658438,0.500723,0.314418,0.947785,-0.053291,0.222009,-0.613220,0.245651,0.750717,-0.522925,0.000000,0.000000,0.000000,1.000000,0.09514110505498805,56.75452320628121
1782485665.044888,0.724609,-0.203368,0.658438,0.500723,0.314418,0.947785,-0.053291,0.222009,-0.613220,0.245651,0.750717,-0.522925,0.000000,0.000000,0.000000,1.000000,0.09514110505498805,56.75452320628121
1782485665.080858,0.724609,-0.203368,0.658438,0.500723,0.314418,0.947785,-0.053291,0.222009,-0.613220,0.245651,0.750717,-0.522925,0.000000,0.000000,0.000000,1.000000,0.09514110505498805,56.75452320628121
1782485665.116749,0.724609,-0.203368,0.658438,0.500723,0.314418,0.947785,-0.053291,0.222009,-0.613220,0.245651,0.750717,-0.522925,0.000000,0.000000,0.000000,1.000000,0.09514110505498805,56.75452320628121
1782485665.151796,0.724609,-0.203368,0.658438,0.500723,0.314418,0.947785,-0.053291,0.222009,-0.613220,0.245651,0.750717,-0.522925,0.000000,0.000000,0.000000,1.000000,0.09514110505498805,56.75452320628121
1782485665.187703,0.724609,-0.203368,0.658438,0.500723,0.314418,0.947785,-0.053291,0.222009,-0.613220,0.245651,0.750717,-0.522925,0.000000,0.000000,0.000000,1.000000,0.09514110505498805,56.75452320628121
1782485665.223716,0.724609,-0.203368,0.658438,0.500723,0.314418,0.947785,-0.053291,0.222009,-0.613220,0.245651,0.750717,-0.522925,0.000000,0.000000,0.000000,1.000000,0.09514110505498805,56.75452320628121
1782485665.259515,0.724609,-0.203368,0.658438,0.500723,0.314418,0.947785,-0.053291,0.222009,-0.613220,0.245651,0.750717,-0.522925,0.000000,0.000000,0.000000,1.000000,0.09514110505498805,56.75452320628121
1782485665.294980,0.724609,-0.203368,0.658438,0.500723,0.314418,0.947785,-0.053291,0.222009,-0.613220,0.245651,0.750717,-0.522925,0.000000,0.000000,0.000000,1.000000,0.09514110505498805,56.75452320628121
1782485665.330714,0.724609,-0.203368,0.658438,0.500723,0.314418,0.947785,-0.053291,0.222009,-0.613220,0.245651,0.750717,-0.522925,0.000000,0.000000,0.000000,1.000000,0.09514110505498805,56.75452320628121
1782485665.366155,0.724609,-0.203368,0.658438,0.500723,0.314418,0.947785,-0.053291,0.222009,-0.613220,0.245651,0.750717,-0.522925,0.000000,0.000000,0.000000,1.000000,0.09514110505498805,56.75452320628121
1782485665.401754,0.724609,-0.203368,0.658438,0.500723,0.314418,0.947785,-0.053291,0.222009,-0.613220,0.245651,0.750717,-0.522925,0.000000,0.000000,0.000000,1.000000,0.09514110505498805,56.75452320628121
1782485665.437278,0.724609,-0.203368,0.658438,0.500723,0.314418,0.947785,-0.053291,0.222009,-0.613220,0.245651,0.750717,-0.522925,0.000000,0.000000,0.000000,1.000000,0.09514110505498805,56.75452320628121
1782485665.473324,0.724609,-0.203368,0.658438,0.500723,0.314418,0.947785,-0.053291,0.222009,-0.613220,0.245651,0.750717,-0.522925,0.000000,0.000000,0.000000,1.000000,0.09514110505498805,56.75452320628121
1782485665.509234,0.724609,-0.203368,0.658438,0.500723,0.314418,0.947785,-0.053291,0.222009,-0.613220,0.245651,0.750717,-0.522925,0.000000,0.000000,0.000000,1.000000,0.09514110505498805,56.75452320628121
1782485665.545253,0.724609,-0.203368,0.658438,0.500723,0.314418,0.947785,-0.053291,0.222009,-0.613220,0.245651,0.750717,-0.522925,0.000000,0.000000,0.000000,1.000000,0.09514110505498805,56.75452320628121
1782485665.581046,0.724609,-0.203368,0.658438,0.500723,0.314418,0.947785,-0.053291,0.222009,-0.613220,0.245651,0.750717,-0.522925,0.000000,0.000000,0.000000,1.000000,0.09514110505498805,56.75452320628121
1782485665.616826,0.724609,-0.203368,0.658438,0.500723,0.314418,0.947785,-0.053291,0.222009,-0.613220,0.245651,0.750717,-0.522925,0.000000,0.000000,0.000000,1.000000,0.09514110505498805,56.75452320628121
1782485665.652493,0.724609,-0.203368,0.658438,0.500723,0.314418,0.947785,-0.053291,0.222009,-0.613220,0.245651,0.750717,-0.522925,0.000000,0.000000,0.000000,1.000000,0.09514110505498805,56.75452320628121
1782485665.688195,0.724609,-0.203368,0.658438,0.500723,0.314418,0.947785,-0.053291,0.222009,-0.613220,0.245651,0.750717,-0.522925,0.000000,0.000000,0.000000,1.000000,0.09514110505498805,56.75452320628121
1782485665.723140,0.724609,-0.203368,0.658438,0.500723,0.314418,0.947785,-0.053291,0.222009,-0.613220,0.245651,0.750717,-0.522925,0.000000,0.000000,0.000000,1.000000,0.09514110505498805,56.75452320628121
1782485665.758376,0.724609,-0.203368,0.658438,0.500723,0.314418,0.947785,-0.053291,0.222009,-0.613220,0.245651,0.750717,-0.522925,0.000000,0.000000,0.000000,1.000000,0.09514110505498805,56.75452320628121
1782485665.793924,0.724609,-0.203368,0.658438,0.500723,0.314418,0.947785,-0.053291,0.222009,-0.613220,0.245651,0.750717,-0.522925,0.000000,0.000000,0.000000,1.000000,0.09514110505498805,56.75452320628121
1782485665.829940,0.724609,-0.203368,0.658438,0.500723,0.314418,0.947785,-0.053291,0.222009,-0.613220,0.245651,0.750717,-0.522925,0.000000,0.000000,0.000000,1.000000,0.09514110505498805,56.75452320628121
1782485665.866088,0.724609,-0.203368,0.658438,0.500723,0.314418,0.947785,-0.053291,0.222009,-0.613220,0.245651,0.750717,-0.522925,0.000000,0.000000,0.000000,1.000000,0.09514110505498805,56.75452320628121
1782485665.901958,0.724609,-0.203368,0.658438,0.500723,0.314418,0.947785,-0.053291,0.222009,-0.613220,0.245651,0.750717,-0.522925,0.000000,0.000000,0.000000,1.000000,0.09514110505498805,56.75452320628121
1782485665.937620,0.724609,-0.203368,0.658438,0.500723,0.314418,0.947785,-0.053291,0.222009,-0.613220,0.245651,0.750717,-0.522925,0.000000,0.000000,0.000000,1.000000,0.09514110505498805,56.75452320628121
1782485665.973319,0.724609,-0.203368,0.658438,0.500723,0.314418,0.947785,-0.053291,0.222009,-0.613220,0.245651,0.750717,-0.522925,0.000000,0.000000,0.000000,1.000000,0.09514110505498805,56.75452320628121
1782485666.009036,0.724609,-0.203368,0.658438,0.500723,0.314418,0.947785,-0.053291,0.222009,-0.613220,0.245651,0.750717,-0.522925,0.000000,0.000000,0.000000,1.000000,0.09514110505498805,56.75452320628121
1782485666.045028,0.724609,-0.203368,0.658438,0.500723,0.314418,0.947785,-0.053291,0.222009,-0.613220,0.245651,0.750717,-0.522925,0.000000,0.000000,0.000000,1.000000,0.09514110505498805,56.75452320628121
1782485666.080709,0.724609,-0.203368,0.658438,0.500723,0.314418,0.947785,-0.053291,0.222009,-0.613220,0.245651,0.750717,-0.522925,0.000000,0.000000,0.000000,1.000000,0.09514110505498805,56.75452320628121
1782485666.116483,0.724609,-0.203368,0.658438,0.500723,0.314418,0.947785,-0.053291,0.222009,-0.613220,0.245651,0.750717,-0.522925,0.000000,0.000000,0.000000,1.000000,0.09514110505498805,56.75452320628121
1782485666.151939,0.724609,-0.203368,0.658438,0.500723,0.314418,0.947785,-0.053291,0.222009,-0.613220,0.245651,0.750717,-0.522925,0.000000,0.000000,0.000000,1.000000,0.09514110505498805,56.75452320628121
1782485666.187384,0.724609,-0.203368,0.658438,0.500723,0.314418,0.947785,-0.053291,0.222009,-0.613220,0.245651,0.750717,-0.522925,0.000000,0.000000,0.000000,1.000000,0.09514110505498805,56.75452320628121
1782485666.222763,0.724609,-0.203368,0.658438,0.500723,0.314418,0.947785,-0.053291,0.222009,-0.613220,0.245651,0.750717,-0.522925,0.000000,0.000000,0.000000,1.000000,0.09514110505498805,56.75452320628121
1782485666.258335,0.724609,-0.203368,0.658438,0.500723,0.314418,0.947785,-0.053291,0.222009,-0.613220,0.245651,0.750717,-0.522925,0.000000,0.000000,0.000000,1.000000,0.09514110505498805,56.75452320628121
1782485666.294525,0.724609,-0.203368,0.658438,0.500723,0.314418,0.947785,-0.053291,0.222009,-0.613220,0.245651,0.750717,-0.522925,0.000000,0.000000,0.000000,1.000000,0.09514110505498805,56.75452320628121
1782485666.330751,0.724609,-0.203368,0.658438,0.500723,0.314418,0.947785,-0.053291,0.222009,-0.613220,0.245651,0.750717,-0.522925,0.000000,0.000000,0.000000,1.000000,0.09514110505498805,56.75452320628121
1782485666.367014,0.724609,-0.203368,0.658438,0.500723,0.314418,0.947785,-0.053291,0.222009,-0.613220,0.245651,0.750717,-0.522925,0.000000,0.000000,0.000000,1.000000,0.09514110505498805,56.75452320628121
1782485666.402368,0.724609,-0.203368,0.658438,0.500723,0.314418,0.947785,-0.053291,0.222009,-0.613220,0.245651,0.750717,-0.522925,0.000000,0.000000,0.000000,1.000000,0.09514110505498805,56.75452320628121
1782485666.437917,0.724609,-0.203368,0.658438,0.500723,0.314418,0.947785,-0.053291,0.222009,-0.613220,0.245651,0.750717,-0.522925,0.000000,0.000000,0.000000,1.000000,0.09514110505498805,56.75452320628121
1782485666.473216,0.724609,-0.203368,0.658438,0.500723,0.314418,0.947785,-0.053291,0.222009,-0.613220,0.245651,0.750717,-0.522925,0.000000,0.000000,0.000000,1.000000,0.09514110505498805,56.75452320628121
1782485666.508809,0.724609,-0.203368,0.658438,0.500723,0.314418,0.947785,-0.053291,0.222009,-0.613220,0.245651,0.750717,-0.522925,0.000000,0.000000,0.000000,1.000000,0.09514110505498805,56.75452320628121
1782485666.544457,0.724609,-0.203368,0.658438,0.500723,0.314418,0.947785,-0.053291,0.222009,-0.613220,0.245651,0.750717,-0.522925,0.000000,0.000000,0.000000,1.000000,0.09514110505498805,56.75452320628121
1782485666.580179,0.724609,-0.203368,0.658438,0.500723,0.314418,0.947785,-0.053291,0.222009,-0.613220,0.245651,0.750717,-0.522925,0.000000,0.000000,0.000000,1.000000,0.09514110505498805,56.75452320628121
1782485666.615910,0.724609,-0.203368,0.658438,0.500723,0.314418,0.947785,-0.053291,0.222009,-0.613220,0.245651,0.750717,-0.522925,0.000000,0.000000,0.000000,1.000000,0.09514110505498805,56.75452320628121
1782485666.651379,0.724609,-0.203368,0.658438,0.500723,0.314418,0.947785,-0.053291,0.222009,-0.613220,0.245651,0.750717,-0.522925,0.000000,0.000000,0.000000,1.000000,0.09514110505498805,56.75452320628121
1782485666.686762,0.724609,-0.203368,0.658438,0.500723,0.314418,0.947785,-0.053291,0.222009,-0.613220,0.245651,0.750717,-0.522925,0.000000,0.000000,0.000000,1.000000,0.09514110505498805,56.75452320628121
1782485666.722175,0.724609,-0.203368,0.658438,0.500723,0.314418,0.947785,-0.053291,0.222009,-0.613220,0.245651,0.750717,-0.522925,0.000000,0.000000,0.000000,1.000000,0.09514110505498805,56.75452320628121
1782485666.757707,0.724609,-0.203368,0.658438,0.500723,0.314418,0.947785,-0.053291,0.222009,-0.613220,0.245651,0.750717,-0.522925,0.000000,0.000000,0.000000,1.000000,0.09514110505498805,56.75452320628121
1782485666.793313,0.724609,-0.203368,0.658438,0.500723,0.314418,0.947785,-0.053291,0.222009,-0.613220,0.245651,0.750717,-0.522925,0.000000,0.000000,0.000000,1.000000,0.09514110505498805,56.75452320628121
1782485666.828786,0.724609,-0.203368,0.658438,0.500723,0.314418,0.947785,-0.053291,0.222009,-0.613220,0.245651,0.750717,-0.522925,0.000000,0.000000,0.000000,1.000000,0.09514110505498805,56.75452320628121
1782485666.864436,0.724609,-0.203368,0.658438,0.500723,0.314418,0.947785,-0.053291,0.222009,-0.613220,0.245651,0.750717,-0.522925,0.000000,0.000000,0.000000,1.000000,0.09514110505498805,56.75452320628121
1782485666.899888,0.724609,-0.203368,0.658438,0.500723,0.314418,0.947785,-0.053291,0.222009,-0.613220,0.245651,0.750717,-0.522925,0.000000,0.000000,0.000000,1.000000,0.09514110505498805,56.75452320628121
1782485666.935462,0.724609,-0.203368,0.658438,0.500723,0.314418,0.947785,-0.053291,0.222009,-0.613220,0.245651,0.750717,-0.522925,0.000000,0.000000,0.000000,1.000000,0.09514110505498805,56.75452320628121
1782485666.970922,0.724609,-0.203368,0.658438,0.500723,0.314418,0.947785,-0.053291,0.222009,-0.613220,0.245651,0.750717,-0.522925,0.000000,0.000000,0.000000,1.000000,0.09514110505498805,56.75452320628121
1782485667.005863,0.724609,-0.203368,0.658438,0.500723,0.314418,0.947785,-0.053291,0.222009,-0.613220,0.245651,0.750717,-0.522925,0.000000,0.000000,0.000000,1.000000,0.09514110505498805,56.75452320628121
1782485667.041585,0.724609,-0.203368,0.658438,0.500723,0.314418,0.947785,-0.053291,0.222009,-0.613220,0.245651,0.750717,-0.522925,0.000000,0.000000,0.000000,1.000000,0.09514110505498805,56.75452320628121
1782485667.077108,0.724609,-0.203368,0.658438,0.500723,0.314418,0.947785,-0.053291,0.222009,-0.613220,0.245651,0.750717,-0.522925,0.000000,0.000000,0.000000,1.000000,0.09514110505498805,56.75452320628121
1782485667.112758,0.724609,-0.203368,0.658438,0.500723,0.314418,0.947785,-0.053291,0.222009,-0.613220,0.245651,0.750717,-0.522925,0.000000,0.000000,0.000000,1.000000,0.09514110505498805,56.75452320628121
1782485667.148500,0.724609,-0.203368,0.658438,0.500723,0.314418,0.947785,-0.053291,0.222009,-0.613220,0.245651,0.750717,-0.522925,0.000000,0.000000,0.000000,1.000000,0.09514110505498805,56.75452320628121
1782485667.184370,0.724609,-0.203368,0.658438,0.500723,0.314418,0.947785,-0.053291,0.222009,-0.613220,0.245651,0.750717,-0.522925,0.000000,0.000000,0.000000,1.000000,0.09514110505498805,56.75452320628121
1782485667.219978,0.724609,-0.203368,0.658438,0.500723,0.314418,0.947785,-0.053291,0.222009,-0.613220,0.245651,0.750717,-0.522925,0.000000,0.000000,0.000000,1.000000,0.09514110505498805,56.75452320628121
1782485667.255374,0.724609,-0.203368,0.658438,0.500723,0.314418,0.947785,-0.053291,0.222009,-0.613220,0.245651,0.750717,-0.522925,0.000000,0.000000,0.000000,1.000000,0.09514110505498805,56.75452320628121
1782485667.290977,0.724609,-0.203368,0.658438,0.500723,0.314418,0.947785,-0.053291,0.222009,-0.613220,0.245651,0.750717,-0.522925,0.000000,0.000000,0.000000,1.000000,0.09514110505498805,56.75452320628121
1782485667.326624,0.724609,-0.203368,0.658438,0.500723,0.314418,0.947785,-0.053291,0.222009,-0.613220,0.245651,0.750717,-0.522925,0.000000,0.000000,0.000000,1.000000,0.09514110505498805,56.75452320628121
1782485667.362265,0.724609,-0.203368,0.658438,0.500723,0.314418,0.947785,-0.053291,0.222009,-0.613220,0.245651,0.750717,-0.522925,0.000000,0.000000,0.000000,1.000000,0.09514110505498805,56.75452320628121
1782485667.397562,0.724609,-0.203368,0.658438,0.500723,0.314418,0.947785,-0.053291,0.222009,-0.613220,0.245651,0.750717,-0.522925,0.000000,0.000000,0.000000,1.000000,0.09514110505498805,56.75452320628121
1782485667.433111,0.724609,-0.203368,0.658438,0.500723,0.314418,0.947785,-0.053291,0.222009,-0.613220,0.245651,0.750717,-0.522925,0.000000,0.000000,0.000000,1.000000,0.09514110505498805,56.75452320628121
1782485667.468278,0.724609,-0.203368,0.658438,0.500723,0.314418,0.947785,-0.053291,0.222009,-0.613220,0.245651,0.750717,-0.522925,0.000000,0.000000,0.000000,1.000000,0.09514110505498805,56.75452320628121
1782485667.503840,0.724609,-0.203368,0.658438,0.500723,0.314418,0.947785,-0.053291,0.222009,-0.613220,0.245651,0.750717,-0.522925,0.000000,0.000000,0.000000,1.000000,0.09514110505498805,56.75452320628121
1782485667.539774,0.724609,-0.203368,0.658438,0.500723,0.314418,0.947785,-0.053291,0.222009,-0.613220,0.245651,0.750717,-0.522925,0.000000,0.000000,0.000000,1.000000,0.09514110505498805,56.75452320628121
1782485667.575510,0.724609,-0.203368,0.658438,0.500723,0.314418,0.947785,-0.053291,0.222009,-0.613220,0.245651,0.750717,-0.522925,0.000000,0.000000,0.000000,1.000000,0.09514110505498805,56.75452320628121
1782485667.611376,0.724609,-0.203368,0.658438,0.500723,0.314418,0.947785,-0.053291,0.222009,-0.613220,0.245651,0.750717,-0.522925,0.000000,0.000000,0.000000,1.000000,0.09514110505498805,56.75452320628121
1782485667.647248,0.724609,-0.203368,0.658438,0.500723,0.314418,0.947785,-0.053291,0.222009,-0.613220,0.245651,0.750717,-0.522925,0.000000,0.000000,0.000000,1.000000,0.09514110505498805,56.75452320628121
1782485667.682791,0.724609,-0.203368,0.658438,0.500723,0.314418,0.947785,-0.053291,0.222009,-0.613220,0.245651,0.750717,-0.522925,0.000000,0.000000,0.000000,1.000000,0.09514110505498805,56.75452320628121
1782485667.718543,0.724609,-0.203368,0.658438,0.500723,0.314418,0.947785,-0.053291,0.222009,-0.613220,0.245651,0.750717,-0.522925,0.000000,0.000000,0.000000,1.000000,0.09514110505498805,56.75452320628121
1782485667.753549,0.724609,-0.203368,0.658438,0.500723,0.314418,0.947785,-0.053291,0.222009,-0.613220,0.245651,0.750717,-0.522925,0.000000,0.000000,0.000000,1.000000,0.09514110505498805,56.75452320628121
1782485667.788995,0.724609,-0.203368,0.658438,0.500723,0.314418,0.947785,-0.053291,0.222009,-0.613220,0.245651,0.750717,-0.522925,0.000000,0.000000,0.000000,1.000000,0.09514110505498805,56.75452320628121
1782485667.824185,0.724609,-0.203368,0.658438,0.500723,0.314418,0.947785,-0.053291,0.222009,-0.613220,0.245651,0.750717,-0.522925,0.000000,0.000000,0.000000,1.000000,0.09514110505498805,56.75452320628121
1782485667.859584,0.724609,-0.203368,0.658438,0.500723,0.314418,0.947785,-0.053291,0.222009,-0.613220,0.245651,0.750717,-0.522925,0.000000,0.000000,0.000000,1.000000,0.09514110505498805,56.75452320628121
1782485667.895289,0.724609,-0.203368,0.658438,0.500723,0.314418,0.947785,-0.053291,0.222009,-0.613220,0.245651,0.750717,-0.522925,0.000000,0.000000,0.000000,1.000000,0.09514110505498805,56.75452320628121
1782485667.931155,0.724609,-0.203368,0.658438,0.500723,0.314418,0.947785,-0.053291,0.222009,-0.613220,0.245651,0.750717,-0.522925,0.000000,0.000000,0.000000,1.000000,0.09514110505498805,56.75452320628121
1782485667.966953,0.724609,-0.203368,0.658438,0.500723,0.314418,0.947785,-0.053291,0.222009,-0.613220,0.245651,0.750717,-0.522925,0.000000,0.000000,0.000000,1.000000,0.09514110505498805,56.75452320628121
1782485668.003016,0.724609,-0.203368,0.658438,0.500723,0.314418,0.947785,-0.053291,0.222009,-0.613220,0.245651,0.750717,-0.522925,0.000000,0.000000,0.000000,1.000000,0.09514110505498805,56.75452320628121
1782485668.037925,0.724609,-0.203368,0.658438,0.500723,0.314418,0.947785,-0.053291,0.222009,-0.613220,0.245651,0.750717,-0.522925,0.000000,0.000000,0.000000,1.000000,0.09514110505498805,56.75452320628121
1782485668.072603,0.724609,-0.203368,0.658438,0.500723,0.314418,0.947785,-0.053291,0.222009,-0.613220,0.245651,0.750717,-0.522925,0.000000,0.000000,0.000000,1.000000,0.09514110505498805,56.75452320628121
1782485668.108438,0.724609,-0.203368,0.658438,0.500723,0.314418,0.947785,-0.053291,0.222009,-0.613220,0.245651,0.750717,-0.522925,0.000000,0.000000,0.000000,1.000000,0.09514110505498805,56.75452320628121
1782485668.143350,0.724609,-0.203368,0.658438,0.500723,0.314418,0.947785,-0.053291,0.222009,-0.613220,0.245651,0.750717,-0.522925,0.000000,0.000000,0.000000,1.000000,0.09514110505498805,56.75452320628121
1782485668.179181,0.724609,-0.203368,0.658438,0.500723,0.314418,0.947785,-0.053291,0.222009,-0.613220,0.245651,0.750717,-0.522925,0.000000,0.000000,0.000000,1.000000,0.09514110505498805,56.75452320628121
1782485668.215105,0.724609,-0.203368,0.658438,0.500723,0.314418,0.947785,-0.053291,0.222009,-0.613220,0.245651,0.750717,-0.522925,0.000000,0.000000,0.000000,1.000000,0.09514110505498805,56.75452320628121
1782485668.250677,0.724609,-0.203368,0.658438,0.500723,0.314418,0.947785,-0.053291,0.222009,-0.613220,0.245651,0.750717,-0.522925,0.000000,0.000000,0.000000,1.000000,0.09514110505498805,56.75452320628121
1782485668.286387,0.724609,-0.203368,0.658438,0.500723,0.314418,0.947785,-0.053291,0.222009,-0.613220,0.245651,0.750717,-0.522925,0.000000,0.000000,0.000000,1.000000,0.09514110505498805,56.75452320628121
1782485668.322264,0.724609,-0.203368,0.658438,0.500723,0.314418,0.947785,-0.053291,0.222009,-0.613220,0.245651,0.750717,-0.522925,0.000000,0.000000,0.000000,1.000000,0.09514110505498805,56.75452320628121
1782485668.357485,0.724609,-0.203368,0.658438,0.500723,0.314418,0.947785,-0.053291,0.222009,-0.613220,0.245651,0.750717,-0.522925,0.000000,0.000000,0.000000,1.000000,0.09514110505498805,56.75452320628121
1782485668.392974,0.724609,-0.203368,0.658438,0.500723,0.314418,0.947785,-0.053291,0.222009,-0.613220,0.245651,0.750717,-0.522925,0.000000,0.000000,0.000000,1.000000,0.09514110505498805,56.75452320628121
1782485668.427581,0.724609,-0.203368,0.658438,0.500723,0.314418,0.947785,-0.053291,0.222009,-0.613220,0.245651,0.750717,-0.522925,0.000000,0.000000,0.000000,1.000000,0.09514110505498805,56.75452320628121
1782485668.462850,0.724609,-0.203368,0.658438,0.500723,0.314418,0.947785,-0.053291,0.222009,-0.613220,0.245651,0.750717,-0.522925,0.000000,0.000000,0.000000,1.000000,0.09514110505498805,56.75452320628121
1782485668.498151,0.724609,-0.203368,0.658438,0.500723,0.314418,0.947785,-0.053291,0.222009,-0.613220,0.245651,0.750717,-0.522925,0.000000,0.000000,0.000000,1.000000,0.09514110505498805,56.75452320628121
1782485668.533686,0.724609,-0.203368,0.658438,0.500723,0.314418,0.947785,-0.053291,0.222009,-0.613220,0.245651,0.750717,-0.522925,0.000000,0.000000,0.000000,1.000000,0.09514110505498805,56.75452320628121
1782485668.569483,0.724609,-0.203368,0.658438,0.500723,0.314418,0.947785,-0.053291,0.222009,-0.613220,0.245651,0.750717,-0.522925,0.000000,0.000000,0.000000,1.000000,0.09514110505498805,56.75452320628121
1782485668.605299,0.724609,-0.203368,0.658438,0.500723,0.314418,0.947785,-0.053291,0.222009,-0.613220,0.245651,0.750717,-0.522925,0.000000,0.000000,0.000000,1.000000,0.09514110505498805,56.75452320628121
1782485668.641369,0.724609,-0.203368,0.658438,0.500723,0.314418,0.947785,-0.053291,0.222009,-0.613220,0.245651,0.750717,-0.522925,0.000000,0.000000,0.000000,1.000000,0.09514110505498805,56.75452320628121
1782485668.676910,0.724609,-0.203368,0.658438,0.500723,0.314418,0.947785,-0.053291,0.222009,-0.613220,0.245651,0.750717,-0.522925,0.000000,0.000000,0.000000,1.000000,0.09514110505498805,56.75452320628121
1782485668.712371,0.724609,-0.203368,0.658438,0.500723,0.314418,0.947785,-0.053291,0.222009,-0.613220,0.245651,0.750717,-0.522925,0.000000,0.000000,0.000000,1.000000,0.09514110505498805,56.75452320628121
1782485668.747989,0.724609,-0.203368,0.658438,0.500723,0.314418,0.947785,-0.053291,0.222009,-0.613220,0.245651,0.750717,-0.522925,0.000000,0.000000,0.000000,1.000000,0.09514110505498805,56.75452320628121
1782485668.783646,0.724609,-0.203368,0.658438,0.500723,0.314418,0.947785,-0.053291,0.222009,-0.613220,0.245651,0.750717,-0.522925,0.000000,0.000000,0.000000,1.000000,0.09514110505498805,56.75452320628121
1782485668.819333,0.724609,-0.203368,0.658438,0.500723,0.314418,0.947785,-0.053291,0.222009,-0.613220,0.245651,0.750717,-0.522925,0.000000,0.000000,0.000000,1.000000,0.09514110505498805,56.75452320628121
1782485668.855074,0.724609,-0.203368,0.658438,0.500723,0.314418,0.947785,-0.053291,0.222009,-0.613220,0.245651,0.750717,-0.522925,0.000000,0.000000,0.000000,1.000000,0.09514110505498805,56.75452320628121
1782485668.890875,0.724609,-0.203368,0.658438,0.500723,0.314418,0.947785,-0.053291,0.222009,-0.613220,0.245651,0.750717,-0.522925,0.000000,0.000000,0.000000,1.000000,0.09514110505498805,56.75452320628121
1782485668.926561,0.724609,-0.203368,0.658438,0.500723,0.314418,0.947785,-0.053291,0.222009,-0.613220,0.245651,0.750717,-0.522925,0.000000,0.000000,0.000000,1.000000,0.09514110505498805,56.75452320628121
1782485668.962083,0.724609,-0.203368,0.658438,0.500723,0.314418,0.947785,-0.053291,0.222009,-0.613220,0.245651,0.750717,-0.522925,0.000000,0.000000,0.000000,1.000000,0.09514110505498805,56.75452320628121
1782485668.998011,0.724609,-0.203368,0.658438,0.500723,0.314418,0.947785,-0.053291,0.222009,-0.613220,0.245651,0.750717,-0.522925,0.000000,0.000000,0.000000,1.000000,0.09514110505498805,56.75452320628121
1782485669.034001,0.724609,-0.203368,0.658438,0.500723,0.314418,0.947785,-0.053291,0.222009,-0.613220,0.245651,0.750717,-0.522925,0.000000,0.000000,0.000000,1.000000,0.09514110505498805,56.75452320628121
1782485669.069385,0.724609,-0.203368,0.658438,0.500723,0.314418,0.947785,-0.053291,0.222009,-0.613220,0.245651,0.750717,-0.522925,0.000000,0.000000,0.000000,1.000000,0.09514110505498805,56.75452320628121
1782485669.104306,0.724609,-0.203368,0.658438,0.500723,0.314418,0.947785,-0.053291,0.222009,-0.613220,0.245651,0.750717,-0.522925,0.000000,0.000000,0.000000,1.000000,0.09514110505498805,56.75452320628121
1782485669.139551,0.724609,-0.203368,0.658438,0.500723,0.314418,0.947785,-0.053291,0.222009,-0.613220,0.245651,0.750717,-0.522925,0.000000,0.000000,0.000000,1.000000,0.09514110505498805,56.75452320628121
1782485669.175385,0.724609,-0.203368,0.658438,0.500723,0.314418,0.947785,-0.053291,0.222009,-0.613220,0.245651,0.750717,-0.522925,0.000000,0.000000,0.000000,1.000000,0.09514110505498805,56.75452320628121
1782485669.210978,0.724609,-0.203368,0.658438,0.500723,0.314418,0.947785,-0.053291,0.222009,-0.613220,0.245651,0.750717,-0.522925,0.000000,0.000000,0.000000,1.000000,0.09514110505498805,56.75452320628121
1782485669.246843,0.724609,-0.203368,0.658438,0.500723,0.314418,0.947785,-0.053291,0.222009,-0.613220,0.245651,0.750717,-0.522925,0.000000,0.000000,0.000000,1.000000,0.09514110505498805,56.75452320628121
1782485669.282662,0.724609,-0.203368,0.658438,0.500723,0.314418,0.947785,-0.053291,0.222009,-0.613220,0.245651,0.750717,-0.522925,0.000000,0.000000,0.000000,1.000000,0.09514110505498805,56.75452320628121
1782485669.318281,0.724609,-0.203368,0.658438,0.500723,0.314418,0.947785,-0.053291,0.222009,-0.613220,0.245651,0.750717,-0.522925,0.000000,0.000000,0.000000,1.000000,0.09514110505498805,56.75452320628121
1782485669.353847,0.724609,-0.203368,0.658438,0.500723,0.314418,0.947785,-0.053291,0.222009,-0.613220,0.245651,0.750717,-0.522925,0.000000,0.000000,0.000000,1.000000,0.09514110505498805,56.75452320628121
1782485669.389470,0.724609,-0.203368,0.658438,0.500723,0.314418,0.947785,-0.053291,0.222009,-0.613220,0.245651,0.750717,-0.522925,0.000000,0.000000,0.000000,1.000000,0.09514110505498805,56.75452320628121
1782485669.425132,0.724609,-0.203368,0.658438,0.500723,0.314418,0.947785,-0.053291,0.222009,-0.613220,0.245651,0.750717,-0.522925,0.000000,0.000000,0.000000,1.000000,0.09514110505498805,56.75452320628121
1782485669.460931,0.724609,-0.203368,0.658438,0.500723,0.314418,0.947785,-0.053291,0.222009,-0.613220,0.245651,0.750717,-0.522925,0.000000,0.000000,0.000000,1.000000,0.09514110505498805,56.75452320628121
1782485669.496771,0.724609,-0.203368,0.658438,0.500723,0.314418,0.947785,-0.053291,0.222009,-0.613220,0.245651,0.750717,-0.522925,0.000000,0.000000,0.000000,1.000000,0.09514110505498805,56.75452320628121
1782485669.532488,0.724609,-0.203368,0.658438,0.500723,0.314418,0.947785,-0.053291,0.222009,-0.613220,0.245651,0.750717,-0.522925,0.000000,0.000000,0.000000,1.000000,0.09514110505498805,56.75452320628121
1782485669.568263,0.724609,-0.203368,0.658438,0.500723,0.314418,0.947785,-0.053291,0.222009,-0.613220,0.245651,0.750717,-0.522925,0.000000,0.000000,0.000000,1.000000,0.09514110505498805,56.75452320628121
1782485669.604316,0.724609,-0.203368,0.658438,0.500723,0.314418,0.947785,-0.053291,0.222009,-0.613220,0.245651,0.750717,-0.522925,0.000000,0.000000,0.000000,1.000000,0.09514110505498805,56.75452320628121
1782485669.640232,0.724609,-0.203368,0.658438,0.500723,0.314418,0.947785,-0.053291,0.222009,-0.613220,0.245651,0.750717,-0.522925,0.000000,0.000000,0.000000,1.000000,0.09514110505498805,56.75452320628121
1782485669.674969,0.724609,-0.203368,0.658438,0.500723,0.314418,0.947785,-0.053291,0.222009,-0.613220,0.245651,0.750717,-0.522925,0.000000,0.000000,0.000000,1.000000,0.09514110505498805,56.75452320628121
1782485669.710281,0.724609,-0.203368,0.658438,0.500723,0.314418,0.947785,-0.053291,0.222009,-0.613220,0.245651,0.750717,-0.522925,0.000000,0.000000,0.000000,1.000000,0.09514110505498805,56.75452320628121
1782485669.745352,0.724609,-0.203368,0.658438,0.500723,0.314418,0.947785,-0.053291,0.222009,-0.613220,0.245651,0.750717,-0.522925,0.000000,0.000000,0.000000,1.000000,0.09514110505498805,56.75452320628121
1782485669.780656,0.724609,-0.203368,0.658438,0.500723,0.314418,0.947785,-0.053291,0.222009,-0.613220,0.245651,0.750717,-0.522925,0.000000,0.000000,0.000000,1.000000,0.09514110505498805,56.75452320628121
1782485669.815969,0.724609,-0.203368,0.658438,0.500723,0.314418,0.947785,-0.053291,0.222009,-0.613220,0.245651,0.750717,-0.522925,0.000000,0.000000,0.000000,1.000000,0.09514110505498805,56.75452320628121
1782485669.851769,0.724609,-0.203368,0.658438,0.500723,0.314418,0.947785,-0.053291,0.222009,-0.613220,0.245651,0.750717,-0.522925,0.000000,0.000000,0.000000,1.000000,0.09514110505498805,56.75452320628121
1782485669.887372,0.724609,-0.203368,0.658438,0.500723,0.314418,0.947785,-0.053291,0.222009,-0.613220,0.245651,0.750717,-0.522925,0.000000,0.000000,0.000000,1.000000,0.09514110505498805,56.75452320628121
1782485669.923134,0.724609,-0.203368,0.658438,0.500723,0.314418,0.947785,-0.053291,0.222009,-0.613220,0.245651,0.750717,-0.522925,0.000000,0.000000,0.000000,1.000000,0.09514110505498805,56.75452320628121
1782485669.958727,0.724609,-0.203368,0.658438,0.500723,0.314418,0.947785,-0.053291,0.222009,-0.613220,0.245651,0.750717,-0.522925,0.000000,0.000000,0.000000,1.000000,0.09514110505498805,56.75452320628121
1782485669.993660,0.724609,-0.203368,0.658438,0.500723,0.314418,0.947785,-0.053291,0.222009,-0.613220,0.245651,0.750717,-0.522925,0.000000,0.000000,0.000000,1.000000,0.09514110505498805,56.75452320628121
1782485670.029200,0.724609,-0.203368,0.658438,0.500723,0.314418,0.947785,-0.053291,0.222009,-0.613220,0.245651,0.750717,-0.522925,0.000000,0.000000,0.000000,1.000000,0.09514110505498805,56.75452320628121
1782485670.065392,0.724609,-0.203368,0.658438,0.500723,0.314418,0.947785,-0.053291,0.222009,-0.613220,0.245651,0.750717,-0.522925,0.000000,0.000000,0.000000,1.000000,0.09514110505498805,56.75452320628121
1782485670.101441,0.724609,-0.203368,0.658438,0.500723,0.314418,0.947785,-0.053291,0.222009,-0.613220,0.245651,0.750717,-0.522925,0.000000,0.000000,0.000000,1.000000,0.09514110505498805,56.75452320628121
1782485670.137061,0.724609,-0.203368,0.658438,0.500723,0.314418,0.947785,-0.053291,0.222009,-0.613220,0.245651,0.750717,-0.522925,0.000000,0.000000,0.000000,1.000000,0.09514110505498805,56.75452320628121
1782485670.172887,0.724609,-0.203368,0.658438,0.500723,0.314418,0.947785,-0.053291,0.222009,-0.613220,0.245651,0.750717,-0.522925,0.000000,0.000000,0.000000,1.000000,0.09514110505498805,56.75452320628121
1782485670.208337,0.724609,-0.203368,0.658438,0.500723,0.314418,0.947785,-0.053291,0.222009,-0.613220,0.245651,0.750717,-0.522925,0.000000,0.000000,0.000000,1.000000,0.09514110505498805,56.75452320628121
1782485670.244203,0.724609,-0.203368,0.658438,0.500723,0.314418,0.947785,-0.053291,0.222009,-0.613220,0.245651,0.750717,-0.522925,0.000000,0.000000,0.000000,1.000000,0.09514110505498805,56.75452320628121
1782485670.279559,0.724609,-0.203368,0.658438,0.500723,0.314418,0.947785,-0.053291,0.222009,-0.613220,0.245651,0.750717,-0.522925,0.000000,0.000000,0.000000,1.000000,0.09514110505498805,56.75452320628121
1782485670.314963,0.724609,-0.203368,0.658438,0.500723,0.314418,0.947785,-0.053291,0.222009,-0.613220,0.245651,0.750717,-0.522925,0.000000,0.000000,0.000000,1.000000,0.09514110505498805,56.75452320628121
1782485670.350470,0.724609,-0.203368,0.658438,0.500723,0.314418,0.947785,-0.053291,0.222009,-0.613220,0.245651,0.750717,-0.522925,0.000000,0.000000,0.000000,1.000000,0.09514110505498805,56.75452320628121
1782485670.386010,0.724609,-0.203368,0.658438,0.500723,0.314418,0.947785,-0.053291,0.222009,-0.613220,0.245651,0.750717,-0.522925,0.000000,0.000000,0.000000,1.000000,0.09514110505498805,56.75452320628121
1782485670.421663,0.724609,-0.203368,0.658438,0.500723,0.314418,0.947785,-0.053291,0.222009,-0.613220,0.245651,0.750717,-0.522925,0.000000,0.000000,0.000000,1.000000,0.09514110505498805,56.75452320628121
1782485670.457029,0.724609,-0.203368,0.658438,0.500723,0.314418,0.947785,-0.053291,0.222009,-0.613220,0.245651,0.750717,-0.522925,0.000000,0.000000,0.000000,1.000000,0.09514110505498805,56.75452320628121
1782485670.492636,0.724609,-0.203368,0.658438,0.500723,0.314418,0.947785,-0.053291,0.222009,-0.613220,0.245651,0.750717,-0.522925,0.000000,0.000000,0.000000,1.000000,0.09514110505498805,56.75452320628121
1782485670.528629,0.724609,-0.203368,0.658438,0.500723,0.314418,0.947785,-0.053291,0.222009,-0.613220,0.245651,0.750717,-0.522925,0.000000,0.000000,0.000000,1.000000,0.09514110505498805,56.75452320628121
1782485670.564259,0.724609,-0.203368,0.658438,0.500723,0.314418,0.947785,-0.053291,0.222009,-0.613220,0.245651,0.750717,-0.522925,0.000000,0.000000,0.000000,1.000000,0.09514110505498805,56.75452320628121
1782485670.599864,0.724609,-0.203368,0.658438,0.500723,0.314418,0.947785,-0.053291,0.222009,-0.613220,0.245651,0.750717,-0.522925,0.000000,0.000000,0.000000,1.000000,0.09514110505498805,56.75452320628121
1782485670.635499,0.724609,-0.203368,0.658438,0.500723,0.314418,0.947785,-0.053291,0.222009,-0.613220,0.245651,0.750717,-0.522925,0.000000,0.000000,0.000000,1.000000,0.09514110505498805,56.75452320628121
1782485670.670613,0.724609,-0.203368,0.658438,0.500723,0.314418,0.947785,-0.053291,0.222009,-0.613220,0.245651,0.750717,-0.522925,0.000000,0.000000,0.000000,1.000000,0.09514110505498805,56.75452320628121
1782485670.705860,0.724609,-0.203368,0.658438,0.500723,0.314418,0.947785,-0.053291,0.222009,-0.613220,0.245651,0.750717,-0.522925,0.000000,0.000000,0.000000,1.000000,0.09514110505498805,56.75452320628121
1782485670.741449,0.724609,-0.203368,0.658438,0.500723,0.314418,0.947785,-0.053291,0.222009,-0.613220,0.245651,0.750717,-0.522925,0.000000,0.000000,0.000000,1.000000,0.09514110505498805,56.75452320628121
1782485670.776766,0.724609,-0.203368,0.658438,0.500723,0.314418,0.947785,-0.053291,0.222009,-0.613220,0.245651,0.750717,-0.522925,0.000000,0.000000,0.000000,1.000000,0.09514110505498805,56.75452320628121
1782485670.812192,0.724609,-0.203368,0.658438,0.500723,0.314418,0.947785,-0.053291,0.222009,-0.613220,0.245651,0.750717,-0.522925,0.000000,0.000000,0.000000,1.000000,0.09514110505498805,56.75452320628121
1782485670.847680,0.724609,-0.203368,0.658438,0.500723,0.314418,0.947785,-0.053291,0.222009,-0.613220,0.245651,0.750717,-0.522925,0.000000,0.000000,0.000000,1.000000,0.09514110505498805,56.75452320628121
1782485670.883839,0.724609,-0.203368,0.658438,0.500723,0.314418,0.947785,-0.053291,0.222009,-0.613220,0.245651,0.750717,-0.522925,0.000000,0.000000,0.000000,1.000000,0.09514110505498805,56.75452320628121
1782485670.919934,0.724609,-0.203368,0.658438,0.500723,0.314418,0.947785,-0.053291,0.222009,-0.613220,0.245651,0.750717,-0.522925,0.000000,0.000000,0.000000,1.000000,0.09514110505498805,56.75452320628121
1782485670.955532,0.724609,-0.203368,0.658438,0.500723,0.314418,0.947785,-0.053291,0.222009,-0.613220,0.245651,0.750717,-0.522925,0.000000,0.000000,0.000000,1.000000,0.09514110505498805,56.75452320628121
1782485670.990991,0.724609,-0.203368,0.658438,0.500723,0.314418,0.947785,-0.053291,0.222009,-0.613220,0.245651,0.750717,-0.522925,0.000000,0.000000,0.000000,1.000000,0.09514110505498805,56.75452320628121
1782485671.026528,0.724609,-0.203368,0.658438,0.500723,0.314418,0.947785,-0.053291,0.222009,-0.613220,0.245651,0.750717,-0.522925,0.000000,0.000000,0.000000,1.000000,0.09514110505498805,56.75452320628121
1782485671.062160,0.724609,-0.203368,0.658438,0.500723,0.314418,0.947785,-0.053291,0.222009,-0.613220,0.245651,0.750717,-0.522925,0.000000,0.000000,0.000000,1.000000,0.09514110505498805,56.75452320628121
1782485671.098096,0.724609,-0.203368,0.658438,0.500723,0.314418,0.947785,-0.053291,0.222009,-0.613220,0.245651,0.750717,-0.522925,0.000000,0.000000,0.000000,1.000000,0.09514110505498805,56.75452320628121
1782485671.133790,0.724609,-0.203368,0.658438,0.500723,0.314418,0.947785,-0.053291,0.222009,-0.613220,0.245651,0.750717,-0.522925,0.000000,0.000000,0.000000,1.000000,0.09514110505498805,56.75452320628121
1782485671.169458,0.724609,-0.203368,0.658438,0.500723,0.314418,0.947785,-0.053291,0.222009,-0.613220,0.245651,0.750717,-0.522925,0.000000,0.000000,0.000000,1.000000,0.09514110505498805,56.75452320628121
1782485671.205184,0.724609,-0.203368,0.658438,0.500723,0.314418,0.947785,-0.053291,0.222009,-0.613220,0.245651,0.750717,-0.522925,0.000000,0.000000,0.000000,1.000000,0.09514110505498805,56.75452320628121
1782485671.241030,0.724609,-0.203368,0.658438,0.500723,0.314418,0.947785,-0.053291,0.222009,-0.613220,0.245651,0.750717,-0.522925,0.000000,0.000000,0.000000,1.000000,0.09514110505498805,56.75452320628121
1782485671.276716,0.724609,-0.203368,0.658438,0.500723,0.314418,0.947785,-0.053291,0.222009,-0.613220,0.245651,0.750717,-0.522925,0.000000,0.000000,0.000000,1.000000,0.09514110505498805,56.75452320628121
1782485671.312177,0.724609,-0.203368,0.658438,0.500723,0.314418,0.947785,-0.053291,0.222009,-0.613220,0.245651,0.750717,-0.522925,0.000000,0.000000,0.000000,1.000000,0.09514110505498805,56.75452320628121
1782485671.347413,0.724609,-0.203368,0.658438,0.500723,0.314418,0.947785,-0.053291,0.222009,-0.613220,0.245651,0.750717,-0.522925,0.000000,0.000000,0.000000,1.000000,0.09514110505498805,56.75452320628121
1782485671.382743,0.724609,-0.203368,0.658438,0.500723,0.314418,0.947785,-0.053291,0.222009,-0.613220,0.245651,0.750717,-0.522925,0.000000,0.000000,0.000000,1.000000,0.09514110505498805,56.75452320628121
1782485671.418384,0.724609,-0.203368,0.658438,0.500723,0.314418,0.947785,-0.053291,0.222009,-0.613220,0.245651,0.750717,-0.522925,0.000000,0.000000,0.000000,1.000000,0.09514110505498805,56.75452320628121
1782485671.454197,0.724609,-0.203368,0.658438,0.500723,0.314418,0.947785,-0.053291,0.222009,-0.613220,0.245651,0.750717,-0.522925,0.000000,0.000000,0.000000,1.000000,0.09514110505498805,56.75452320628121
1782485671.490036,0.724609,-0.203368,0.658438,0.500723,0.314418,0.947785,-0.053291,0.222009,-0.613220,0.245651,0.750717,-0.522925,0.000000,0.000000,0.000000,1.000000,0.09514110505498805,56.75452320628121
1782485671.525915,0.724609,-0.203368,0.658438,0.500723,0.314418,0.947785,-0.053291,0.222009,-0.613220,0.245651,0.750717,-0.522925,0.000000,0.000000,0.000000,1.000000,0.09514110505498805,56.75452320628121
1782485671.561648,0.724609,-0.203368,0.658438,0.500723,0.314418,0.947785,-0.053291,0.222009,-0.613220,0.245651,0.750717,-0.522925,0.000000,0.000000,0.000000,1.000000,0.09514110505498805,56.75452320628121
1782485671.597716,0.724609,-0.203368,0.658438,0.500723,0.314418,0.947785,-0.053291,0.222009,-0.613220,0.245651,0.750717,-0.522925,0.000000,0.000000,0.000000,1.000000,0.09514110505498805,56.75452320628121
1782485671.633328,0.724609,-0.203368,0.658438,0.500723,0.314418,0.947785,-0.053291,0.222009,-0.613220,0.245651,0.750717,-0.522925,0.000000,0.000000,0.000000,1.000000,0.09514110505498805,56.75452320628121
1782485671.668769,0.724609,-0.203368,0.658438,0.500723,0.314418,0.947785,-0.053291,0.222009,-0.613220,0.245651,0.750717,-0.522925,0.000000,0.000000,0.000000,1.000000,0.09514110505498805,56.75452320628121
1782485671.704539,0.724609,-0.203368,0.658438,0.500723,0.314418,0.947785,-0.053291,0.222009,-0.613220,0.245651,0.750717,-0.522925,0.000000,0.000000,0.000000,1.000000,0.09514110505498805,56.75452320628121
1782485671.740331,0.724609,-0.203368,0.658438,0.500723,0.314418,0.947785,-0.053291,0.222009,-0.613220,0.245651,0.750717,-0.522925,0.000000,0.000000,0.000000,1.000000,0.09514110505498805,56.75452320628121
1782485671.775794,0.724609,-0.203368,0.658438,0.500723,0.314418,0.947785,-0.053291,0.222009,-0.613220,0.245651,0.750717,-0.522925,0.000000,0.000000,0.000000,1.000000,0.09514110505498805,56.75452320628121
1782485671.811392,0.724609,-0.203368,0.658438,0.500723,0.314418,0.947785,-0.053291,0.222009,-0.613220,0.245651,0.750717,-0.522925,0.000000,0.000000,0.000000,1.000000,0.09514110505498805,56.75452320628121
1782485671.846983,0.724609,-0.203368,0.658438,0.500723,0.314418,0.947785,-0.053291,0.222009,-0.613220,0.245651,0.750717,-0.522925,0.000000,0.000000,0.000000,1.000000,0.09514110505498805,56.75452320628121
1782485671.882257,0.724609,-0.203368,0.658438,0.500723,0.314418,0.947785,-0.053291,0.222009,-0.613220,0.245651,0.750717,-0.522925,0.000000,0.000000,0.000000,1.000000,0.09514110505498805,56.75452320628121
1782485671.917609,0.724609,-0.203368,0.658438,0.500723,0.314418,0.947785,-0.053291,0.222009,-0.613220,0.245651,0.750717,-0.522925,0.000000,0.000000,0.000000,1.000000,0.09514110505498805,56.75452320628121
1782485671.953042,0.724609,-0.203368,0.658438,0.500723,0.314418,0.947785,-0.053291,0.222009,-0.613220,0.245651,0.750717,-0.522925,0.000000,0.000000,0.000000,1.000000,0.09514110505498805,56.75452320628121
1782485671.987976,0.724609,-0.203368,0.658438,0.500723,0.314418,0.947785,-0.053291,0.222009,-0.613220,0.245651,0.750717,-0.522925,0.000000,0.000000,0.000000,1.000000,0.09514110505498805,56.75452320628121
1782485672.022909,0.724609,-0.203368,0.658438,0.500723,0.314418,0.947785,-0.053291,0.222009,-0.613220,0.245651,0.750717,-0.522925,0.000000,0.000000,0.000000,1.000000,0.09514110505498805,56.75452320628121
1782485672.058417,0.724609,-0.203368,0.658438,0.500723,0.314418,0.947785,-0.053291,0.222009,-0.613220,0.245651,0.750717,-0.522925,0.000000,0.000000,0.000000,1.000000,0.09514110505498805,56.75452320628121
1782485672.094179,0.724609,-0.203368,0.658438,0.500723,0.314418,0.947785,-0.053291,0.222009,-0.613220,0.245651,0.750717,-0.522925,0.000000,0.000000,0.000000,1.000000,0.09514110505498805,56.75452320628121
1782485672.129357,0.724609,-0.203368,0.658438,0.500723,0.314418,0.947785,-0.053291,0.222009,-0.613220,0.245651,0.750717,-0.522925,0.000000,0.000000,0.000000,1.000000,0.09514110505498805,56.75452320628121
1782485672.164683,0.724609,-0.203368,0.658438,0.500723,0.314418,0.947785,-0.053291,0.222009,-0.613220,0.245651,0.750717,-0.522925,0.000000,0.000000,0.000000,1.000000,0.09514110505498805,56.75452320628121
1782485672.200061,0.724609,-0.203368,0.658438,0.500723,0.314418,0.947785,-0.053291,0.222009,-0.613220,0.245651,0.750717,-0.522925,0.000000,0.000000,0.000000,1.000000,0.09514110505498805,56.75452320628121
1782485672.235781,0.724609,-0.203368,0.658438,0.500723,0.314418,0.947785,-0.053291,0.222009,-0.613220,0.245651,0.750717,-0.522925,0.000000,0.000000,0.000000,1.000000,0.09514110505498805,56.75452320628121
1782485672.270721,0.724609,-0.203368,0.658438,0.500723,0.314418,0.947785,-0.053291,0.222009,-0.613220,0.245651,0.750717,-0.522925,0.000000,0.000000,0.000000,1.000000,0.09514110505498805,56.75452320628121
1782485672.306270,0.724609,-0.203368,0.658438,0.500723,0.314418,0.947785,-0.053291,0.222009,-0.613220,0.245651,0.750717,-0.522925,0.000000,0.000000,0.000000,1.000000,0.09514110505498805,56.75452320628121
1782485672.341002,0.724609,-0.203368,0.658438,0.500723,0.314418,0.947785,-0.053291,0.222009,-0.613220,0.245651,0.750717,-0.522925,0.000000,0.000000,0.000000,1.000000,0.09514110505498805,56.75452320628121
1782485672.376195,0.724609,-0.203368,0.658438,0.500723,0.314418,0.947785,-0.053291,0.222009,-0.613220,0.245651,0.750717,-0.522925,0.000000,0.000000,0.000000,1.000000,0.09514110505498805,56.75452320628121
1782485672.411426,0.724609,-0.203368,0.658438,0.500723,0.314418,0.947785,-0.053291,0.222009,-0.613220,0.245651,0.750717,-0.522925,0.000000,0.000000,0.000000,1.000000,0.09514110505498805,56.75452320628121
1782485672.446031,0.724609,-0.203368,0.658438,0.500723,0.314418,0.947785,-0.053291,0.222009,-0.613220,0.245651,0.750717,-0.522925,0.000000,0.000000,0.000000,1.000000,0.09514110505498805,56.75452320628121
1782485672.481684,0.724609,-0.203368,0.658438,0.500723,0.314418,0.947785,-0.053291,0.222009,-0.613220,0.245651,0.750717,-0.522925,0.000000,0.000000,0.000000,1.000000,0.09514110505498805,56.75452320628121
1782485672.517592,0.724609,-0.203368,0.658438,0.500723,0.314418,0.947785,-0.053291,0.222009,-0.613220,0.245651,0.750717,-0.522925,0.000000,0.000000,0.000000,1.000000,0.09514110505498805,56.75452320628121
1782485672.553143,0.724609,-0.203368,0.658438,0.500723,0.314418,0.947785,-0.053291,0.222009,-0.613220,0.245651,0.750717,-0.522925,0.000000,0.000000,0.000000,1.000000,0.09514110505498805,56.75452320628121
1782485672.587829,0.724609,-0.203368,0.658438,0.500723,0.314418,0.947785,-0.053291,0.222009,-0.613220,0.245651,0.750717,-0.522925,0.000000,0.000000,0.000000,1.000000,0.09514110505498805,56.75452320628121
1782485672.623806,0.724609,-0.203368,0.658438,0.500723,0.314418,0.947785,-0.053291,0.222009,-0.613220,0.245651,0.750717,-0.522925,0.000000,0.000000,0.000000,1.000000,0.09514110505498805,56.75452320628121
1782485672.659547,0.724609,-0.203368,0.658438,0.500723,0.314418,0.947785,-0.053291,0.222009,-0.613220,0.245651,0.750717,-0.522925,0.000000,0.000000,0.000000,1.000000,0.09514110505498805,56.75452320628121
1782485672.695039,0.724609,-0.203368,0.658438,0.500723,0.314418,0.947785,-0.053291,0.222009,-0.613220,0.245651,0.750717,-0.522925,0.000000,0.000000,0.000000,1.000000,0.09514110505498805,56.75452320628121
1782485672.729206,0.724609,-0.203368,0.658438,0.500723,0.314418,0.947785,-0.053291,0.222009,-0.613220,0.245651,0.750717,-0.522925,0.000000,0.000000,0.000000,1.000000,0.09514110505498805,56.75452320628121
1782485672.764594,0.724609,-0.203368,0.658438,0.500723,0.314418,0.947785,-0.053291,0.222009,-0.613220,0.245651,0.750717,-0.522925,0.000000,0.000000,0.000000,1.000000,0.09514110505498805,56.75452320628121
1782485672.799781,0.724609,-0.203368,0.658438,0.500723,0.314418,0.947785,-0.053291,0.222009,-0.613220,0.245651,0.750717,-0.522925,0.000000,0.000000,0.000000,1.000000,0.09514110505498805,56.75452320628121
1782485672.835135,0.724609,-0.203368,0.658438,0.500723,0.314418,0.947785,-0.053291,0.222009,-0.613220,0.245651,0.750717,-0.522925,0.000000,0.000000,0.000000,1.000000,0.09514110505498805,56.75452320628121
1782485672.870611,0.724609,-0.203368,0.658438,0.500723,0.314418,0.947785,-0.053291,0.222009,-0.613220,0.245651,0.750717,-0.522925,0.000000,0.000000,0.000000,1.000000,0.09514110505498805,56.75452320628121
1782485672.905785,0.724609,-0.203368,0.658438,0.500723,0.314418,0.947785,-0.053291,0.222009,-0.613220,0.245651,0.750717,-0.522925,0.000000,0.000000,0.000000,1.000000,0.09514110505498805,56.75452320628121
1782485672.941591,0.724609,-0.203368,0.658438,0.500723,0.314418,0.947785,-0.053291,0.222009,-0.613220,0.245651,0.750717,-0.522925,0.000000,0.000000,0.000000,1.000000,0.09514110505498805,56.75452320628121
1782485672.977001,0.724609,-0.203368,0.658438,0.500723,0.314418,0.947785,-0.053291,0.222009,-0.613220,0.245651,0.750717,-0.522925,0.000000,0.000000,0.000000,1.000000,0.09514110505498805,56.75452320628121
1782485673.012364,0.724609,-0.203368,0.658438,0.500723,0.314418,0.947785,-0.053291,0.222009,-0.613220,0.245651,0.750717,-0.522925,0.000000,0.000000,0.000000,1.000000,0.09514110505498805,56.75452320628121
1782485673.047641,0.724609,-0.203368,0.658438,0.500723,0.314418,0.947785,-0.053291,0.222009,-0.613220,0.245651,0.750717,-0.522925,0.000000,0.000000,0.000000,1.000000,0.09514110505498805,56.75452320628121
1782485673.083415,0.724609,-0.203368,0.658438,0.500723,0.314418,0.947785,-0.053291,0.222009,-0.613220,0.245651,0.750717,-0.522925,0.000000,0.000000,0.000000,1.000000,0.09514110505498805,56.75452320628121
1782485673.119395,0.724609,-0.203368,0.658438,0.500723,0.314418,0.947785,-0.053291,0.222009,-0.613220,0.245651,0.750717,-0.522925,0.000000,0.000000,0.000000,1.000000,0.09514110505498805,56.75452320628121
1782485673.154910,0.724609,-0.203368,0.658438,0.500723,0.314418,0.947785,-0.053291,0.222009,-0.613220,0.245651,0.750717,-0.522925,0.000000,0.000000,0.000000,1.000000,0.09514110505498805,56.75452320628121
1782485673.190357,0.724609,-0.203368,0.658438,0.500723,0.314418,0.947785,-0.053291,0.222009,-0.613220,0.245651,0.750717,-0.522925,0.000000,0.000000,0.000000,1.000000,0.09514110505498805,56.75452320628121
1782485673.225328,0.724609,-0.203368,0.658438,0.500723,0.314418,0.947785,-0.053291,0.222009,-0.613220,0.245651,0.750717,-0.522925,0.000000,0.000000,0.000000,1.000000,0.09514110505498805,56.75452320628121
1782485673.260945,0.724609,-0.203368,0.658438,0.500723,0.314418,0.947785,-0.053291,0.222009,-0.613220,0.245651,0.750717,-0.522925,0.000000,0.000000,0.000000,1.000000,0.09514110505498805,56.75452320628121
1782485673.296149,0.724609,-0.203368,0.658438,0.500723,0.314418,0.947785,-0.053291,0.222009,-0.613220,0.245651,0.750717,-0.522925,0.000000,0.000000,0.000000,1.000000,0.09514110505498805,56.75452320628121
1782485673.331339,0.724609,-0.203368,0.658438,0.500723,0.314418,0.947785,-0.053291,0.222009,-0.613220,0.245651,0.750717,-0.522925,0.000000,0.000000,0.000000,1.000000,0.09514110505498805,56.75452320628121
1782485673.366510,0.724609,-0.203368,0.658438,0.500723,0.314418,0.947785,-0.053291,0.222009,-0.613220,0.245651,0.750717,-0.522925,0.000000,0.000000,0.000000,1.000000,0.09514110505498805,56.75452320628121
1782485673.401862,0.724609,-0.203368,0.658438,0.500723,0.314418,0.947785,-0.053291,0.222009,-0.613220,0.245651,0.750717,-0.522925,0.000000,0.000000,0.000000,1.000000,0.09514110505498805,56.75452320628121
1782485673.437564,0.724609,-0.203368,0.658438,0.500723,0.314418,0.947785,-0.053291,0.222009,-0.613220,0.245651,0.750717,-0.522925,0.000000,0.000000,0.000000,1.000000,0.09514110505498805,56.75452320628121
1782485673.473265,0.724609,-0.203368,0.658438,0.500723,0.314418,0.947785,-0.053291,0.222009,-0.613220,0.245651,0.750717,-0.522925,0.000000,0.000000,0.000000,1.000000,0.09514110505498805,56.75452320628121
1782485673.508632,0.724609,-0.203368,0.658438,0.500723,0.314418,0.947785,-0.053291,0.222009,-0.613220,0.245651,0.750717,-0.522925,0.000000,0.000000,0.000000,1.000000,0.09514110505498805,56.75452320628121
1782485673.544459,0.724609,-0.203368,0.658438,0.500723,0.314418,0.947785,-0.053291,0.222009,-0.613220,0.245651,0.750717,-0.522925,0.000000,0.000000,0.000000,1.000000,0.09514110505498805,56.75452320628121
1782485673.579872,0.724609,-0.203368,0.658438,0.500723,0.314418,0.947785,-0.053291,0.222009,-0.613220,0.245651,0.750717,-0.522925,0.000000,0.000000,0.000000,1.000000,0.09514110505498805,56.75452320628121
1782485673.615660,0.724609,-0.203368,0.658438,0.500723,0.314418,0.947785,-0.053291,0.222009,-0.613220,0.245651,0.750717,-0.522925,0.000000,0.000000,0.000000,1.000000,0.09514110505498805,56.75452320628121
1782485673.650891,0.724609,-0.203368,0.658438,0.500723,0.314418,0.947785,-0.053291,0.222009,-0.613220,0.245651,0.750717,-0.522925,0.000000,0.000000,0.000000,1.000000,0.09514110505498805,56.75452320628121
1782485673.686285,0.724609,-0.203368,0.658438,0.500723,0.314418,0.947785,-0.053291,0.222009,-0.613220,0.245651,0.750717,-0.522925,0.000000,0.000000,0.000000,1.000000,0.09514110505498805,56.75452320628121
1782485673.721347,0.724609,-0.203368,0.658438,0.500723,0.314418,0.947785,-0.053291,0.222009,-0.613220,0.245651,0.750717,-0.522925,0.000000,0.000000,0.000000,1.000000,0.09514110505498805,56.75452320628121
1782485673.756692,0.724609,-0.203368,0.658438,0.500723,0.314418,0.947785,-0.053291,0.222009,-0.613220,0.245651,0.750717,-0.522925,0.000000,0.000000,0.000000,1.000000,0.09514110505498805,56.75452320628121
1782485673.792296,0.724609,-0.203368,0.658438,0.500723,0.314418,0.947785,-0.053291,0.222009,-0.613220,0.245651,0.750717,-0.522925,0.000000,0.000000,0.000000,1.000000,0.09514110505498805,56.75452320628121
1782485673.827878,0.724609,-0.203368,0.658438,0.500723,0.314418,0.947785,-0.053291,0.222009,-0.613220,0.245651,0.750717,-0.522925,0.000000,0.000000,0.000000,1.000000,0.09514110505498805,56.75452320628121
1782485673.863015,0.724609,-0.203368,0.658438,0.500723,0.314418,0.947785,-0.053291,0.222009,-0.613220,0.245651,0.750717,-0.522925,0.000000,0.000000,0.000000,1.000000,0.09514110505498805,56.75452320628121
1782485673.897983,0.724609,-0.203368,0.658438,0.500723,0.314418,0.947785,-0.053291,0.222009,-0.613220,0.245651,0.750717,-0.522925,0.000000,0.000000,0.000000,1.000000,0.09514110505498805,56.75452320628121
1782485673.932548,0.724609,-0.203368,0.658438,0.500723,0.314418,0.947785,-0.053291,0.222009,-0.613220,0.245651,0.750717,-0.522925,0.000000,0.000000,0.000000,1.000000,0.09514110505498805,56.75452320628121
1782485673.968213,0.724609,-0.203368,0.658438,0.500723,0.314418,0.947785,-0.053291,0.222009,-0.613220,0.245651,0.750717,-0.522925,0.000000,0.000000,0.000000,1.000000,0.09514110505498805,56.75452320628121
1782485674.003396,0.724609,-0.203368,0.658438,0.500723,0.314418,0.947785,-0.053291,0.222009,-0.613220,0.245651,0.750717,-0.522925,0.000000,0.000000,0.000000,1.000000,0.09514110505498805,56.75452320628121
1782485674.038239,0.724609,-0.203368,0.658438,0.500723,0.314418,0.947785,-0.053291,0.222009,-0.613220,0.245651,0.750717,-0.522925,0.000000,0.000000,0.000000,1.000000,0.09514110505498805,56.75452320628121
1782485674.073616,0.724609,-0.203368,0.658438,0.500723,0.314418,0.947785,-0.053291,0.222009,-0.613220,0.245651,0.750717,-0.522925,0.000000,0.000000,0.000000,1.000000,0.09514110505498805,56.75452320628121
1782485674.109279,0.724609,-0.203368,0.658438,0.500723,0.314418,0.947785,-0.053291,0.222009,-0.613220,0.245651,0.750717,-0.522925,0.000000,0.000000,0.000000,1.000000,0.09514110505498805,56.75452320628121
1782485674.144404,0.724609,-0.203368,0.658438,0.500723,0.314418,0.947785,-0.053291,0.222009,-0.613220,0.245651,0.750717,-0.522925,0.000000,0.000000,0.000000,1.000000,0.09514110505498805,56.75452320628121
1782485674.179641,0.724609,-0.203368,0.658438,0.500723,0.314418,0.947785,-0.053291,0.222009,-0.613220,0.245651,0.750717,-0.522925,0.000000,0.000000,0.000000,1.000000,0.09514110505498805,56.75452320628121
1782485674.215464,0.724609,-0.203368,0.658438,0.500723,0.314418,0.947785,-0.053291,0.222009,-0.613220,0.245651,0.750717,-0.522925,0.000000,0.000000,0.000000,1.000000,0.09514110505498805,56.75452320628121
1782485674.251046,0.724609,-0.203368,0.658438,0.500723,0.314418,0.947785,-0.053291,0.222009,-0.613220,0.245651,0.750717,-0.522925,0.000000,0.000000,0.000000,1.000000,0.09514110505498805,56.75452320628121
1782485674.285361,0.724609,-0.203368,0.658438,0.500723,0.314418,0.947785,-0.053291,0.222009,-0.613220,0.245651,0.750717,-0.522925,0.000000,0.000000,0.000000,1.000000,0.09514110505498805,56.75452320628121
1782485674.320706,0.724609,-0.203368,0.658438,0.500723,0.314418,0.947785,-0.053291,0.222009,-0.613220,0.245651,0.750717,-0.522925,0.000000,0.000000,0.000000,1.000000,0.09514110505498805,56.75452320628121
1782485674.355746,0.724609,-0.203368,0.658438,0.500723,0.314418,0.947785,-0.053291,0.222009,-0.613220,0.245651,0.750717,-0.522925,0.000000,0.000000,0.000000,1.000000,0.09514110505498805,56.75452320628121
1782485674.390802,0.724609,-0.203368,0.658438,0.500723,0.314418,0.947785,-0.053291,0.222009,-0.613220,0.245651,0.750717,-0.522925,0.000000,0.000000,0.000000,1.000000,0.09514110505498805,56.75452320628121
1782485674.426233,0.724609,-0.203368,0.658438,0.500723,0.314418,0.947785,-0.053291,0.222009,-0.613220,0.245651,0.750717,-0.522925,0.000000,0.000000,0.000000,1.000000,0.09514110505498805,56.75452320628121
1782485674.461489,0.724609,-0.203368,0.658438,0.500723,0.314418,0.947785,-0.053291,0.222009,-0.613220,0.245651,0.750717,-0.522925,0.000000,0.000000,0.000000,1.000000,0.09514110505498805,56.75452320628121
1782485674.496560,0.724609,-0.203368,0.658438,0.500723,0.314418,0.947785,-0.053291,0.222009,-0.613220,0.245651,0.750717,-0.522925,0.000000,0.000000,0.000000,1.000000,0.09514110505498805,56.75452320628121
1782485674.531787,0.724609,-0.203368,0.658438,0.500723,0.314418,0.947785,-0.053291,0.222009,-0.613220,0.245651,0.750717,-0.522925,0.000000,0.000000,0.000000,1.000000,0.09514110505498805,56.75452320628121
1782485674.567496,0.724609,-0.203368,0.658438,0.500723,0.314418,0.947785,-0.053291,0.222009,-0.613220,0.245651,0.750717,-0.522925,0.000000,0.000000,0.000000,1.000000,0.09514110505498805,56.75452320628121
1782485674.602906,0.724609,-0.203368,0.658438,0.500723,0.314418,0.947785,-0.053291,0.222009,-0.613220,0.245651,0.750717,-0.522925,0.000000,0.000000,0.000000,1.000000,0.09514110505498805,56.75452320628121
1782485674.638134,0.724609,-0.203368,0.658438,0.500723,0.314418,0.947785,-0.053291,0.222009,-0.613220,0.245651,0.750717,-0.522925,0.000000,0.000000,0.000000,1.000000,0.09514110505498805,56.75452320628121
1782485674.673379,0.724609,-0.203368,0.658438,0.500723,0.314418,0.947785,-0.053291,0.222009,-0.613220,0.245651,0.750717,-0.522925,0.000000,0.000000,0.000000,1.000000,0.09514110505498805,56.75452320628121
1782485674.708954,0.724609,-0.203368,0.658438,0.500723,0.314418,0.947785,-0.053291,0.222009,-0.613220,0.245651,0.750717,-0.522925,0.000000,0.000000,0.000000,1.000000,0.09514110505498805,56.75452320628121
1782485674.744478,0.724609,-0.203368,0.658438,0.500723,0.314418,0.947785,-0.053291,0.222009,-0.613220,0.245651,0.750717,-0.522925,0.000000,0.000000,0.000000,1.000000,0.09514110505498805,56.75452320628121
1782485674.779749,0.724609,-0.203368,0.658438,0.500723,0.314418,0.947785,-0.053291,0.222009,-0.613220,0.245651,0.750717,-0.522925,0.000000,0.000000,0.000000,1.000000,0.09514110505498805,56.75452320628121
1782485674.815345,0.724609,-0.203368,0.658438,0.500723,0.314418,0.947785,-0.053291,0.222009,-0.613220,0.245651,0.750717,-0.522925,0.000000,0.000000,0.000000,1.000000,0.09514110505498805,56.75452320628121
1782485674.850432,0.724609,-0.203368,0.658438,0.500723,0.314418,0.947785,-0.053291,0.222009,-0.613220,0.245651,0.750717,-0.522925,0.000000,0.000000,0.000000,1.000000,0.09514110505498805,56.75452320628121
1782485674.885440,0.724609,-0.203368,0.658438,0.500723,0.314418,0.947785,-0.053291,0.222009,-0.613220,0.245651,0.750717,-0.522925,0.000000,0.000000,0.000000,1.000000,0.09514110505498805,56.75452320628121
1782485674.920688,0.724609,-0.203368,0.658438,0.500723,0.314418,0.947785,-0.053291,0.222009,-0.613220,0.245651,0.750717,-0.522925,0.000000,0.000000,0.000000,1.000000,0.09514110505498805,56.75452320628121
1782485674.956170,0.724609,-0.203368,0.658438,0.500723,0.314418,0.947785,-0.053291,0.222009,-0.613220,0.245651,0.750717,-0.522925,0.000000,0.000000,0.000000,1.000000,0.09514110505498805,56.75452320628121
1782485674.991285,0.724609,-0.203368,0.658438,0.500723,0.314418,0.947785,-0.053291,0.222009,-0.613220,0.245651,0.750717,-0.522925,0.000000,0.000000,0.000000,1.000000,0.09514110505498805,56.75452320628121
1782485675.026330,0.724609,-0.203368,0.658438,0.500723,0.314418,0.947785,-0.053291,0.222009,-0.613220,0.245651,0.750717,-0.522925,0.000000,0.000000,0.000000,1.000000,0.09514110505498805,56.75452320628121
1782485675.061519,0.724609,-0.203368,0.658438,0.500723,0.314418,0.947785,-0.053291,0.222009,-0.613220,0.245651,0.750717,-0.522925,0.000000,0.000000,0.000000,1.000000,0.09514110505498805,56.75452320628121
1782485675.097226,0.724609,-0.203368,0.658438,0.500723,0.314418,0.947785,-0.053291,0.222009,-0.613220,0.245651,0.750717,-0.522925,0.000000,0.000000,0.000000,1.000000,0.09514110505498805,56.75452320628121
1782485675.132389,0.724609,-0.203368,0.658438,0.500723,0.314418,0.947785,-0.053291,0.222009,-0.613220,0.245651,0.750717,-0.522925,0.000000,0.000000,0.000000,1.000000,0.09514110505498805,56.75452320628121
1782485675.167446,0.724609,-0.203368,0.658438,0.500723,0.314418,0.947785,-0.053291,0.222009,-0.613220,0.245651,0.750717,-0.522925,0.000000,0.000000,0.000000,1.000000,0.09514110505498805,56.75452320628121
1782485675.202770,0.724609,-0.203368,0.658438,0.500723,0.314418,0.947785,-0.053291,0.222009,-0.613220,0.245651,0.750717,-0.522925,0.000000,0.000000,0.000000,1.000000,0.09514110505498805,56.75452320628121
1782485675.238093,0.724609,-0.203368,0.658438,0.500723,0.314418,0.947785,-0.053291,0.222009,-0.613220,0.245651,0.750717,-0.522925,0.000000,0.000000,0.000000,1.000000,0.09514110505498805,56.75452320628121
1782485675.273665,0.724609,-0.203368,0.658438,0.500723,0.314418,0.947785,-0.053291,0.222009,-0.613220,0.245651,0.750717,-0.522925,0.000000,0.000000,0.000000,1.000000,0.09514110505498805,56.75452320628121
1782485675.308807,0.724609,-0.203368,0.658438,0.500723,0.314418,0.947785,-0.053291,0.222009,-0.613220,0.245651,0.750717,-0.522925,0.000000,0.000000,0.000000,1.000000,0.09514110505498805,56.75452320628121
1782485675.343927,0.724609,-0.203368,0.658438,0.500723,0.314418,0.947785,-0.053291,0.222009,-0.613220,0.245651,0.750717,-0.522925,0.000000,0.000000,0.000000,1.000000,0.09514110505498805,56.75452320628121
1782485675.379436,0.724609,-0.203368,0.658438,0.500723,0.314418,0.947785,-0.053291,0.222009,-0.613220,0.245651,0.750717,-0.522925,0.000000,0.000000,0.000000,1.000000,0.09514110505498805,56.75452320628121
1782485675.414228,0.724609,-0.203368,0.658438,0.500723,0.314418,0.947785,-0.053291,0.222009,-0.613220,0.245651,0.750717,-0.522925,0.000000,0.000000,0.000000,1.000000,0.09514110505498805,56.75452320628121
1782485675.449576,0.724609,-0.203368,0.658438,0.500723,0.314418,0.947785,-0.053291,0.222009,-0.613220,0.245651,0.750717,-0.522925,0.000000,0.000000,0.000000,1.000000,0.09514110505498805,56.75452320628121
1782485675.484691,0.724609,-0.203368,0.658438,0.500723,0.314418,0.947785,-0.053291,0.222009,-0.613220,0.245651,0.750717,-0.522925,0.000000,0.000000,0.000000,1.000000,0.09514110505498805,56.75452320628121
1782485675.519726,0.724609,-0.203368,0.658438,0.500723,0.314418,0.947785,-0.053291,0.222009,-0.613220,0.245651,0.750717,-0.522925,0.000000,0.000000,0.000000,1.000000,0.09514110505498805,56.75452320628121
1782485675.554921,0.724609,-0.203368,0.658438,0.500723,0.314418,0.947785,-0.053291,0.222009,-0.613220,0.245651,0.750717,-0.522925,0.000000,0.000000,0.000000,1.000000,0.09514110505498805,56.75452320628121
1782485675.590136,0.724609,-0.203368,0.658438,0.500723,0.314418,0.947785,-0.053291,0.222009,-0.613220,0.245651,0.750717,-0.522925,0.000000,0.000000,0.000000,1.000000,0.09514110505498805,56.75452320628121
1782485675.625467,0.724609,-0.203368,0.658438,0.500723,0.314418,0.947785,-0.053291,0.222009,-0.613220,0.245651,0.750717,-0.522925,0.000000,0.000000,0.000000,1.000000,0.09514110505498805,56.75452320628121
1782485675.660772,0.724609,-0.203368,0.658438,0.500723,0.314418,0.947785,-0.053291,0.222009,-0.613220,0.245651,0.750717,-0.522925,0.000000,0.000000,0.000000,1.000000,0.09514110505498805,56.75452320628121
1782485675.696219,0.724609,-0.203368,0.658438,0.500723,0.314418,0.947785,-0.053291,0.222009,-0.613220,0.245651,0.750717,-0.522925,0.000000,0.000000,0.000000,1.000000,0.09514110505498805,56.75452320628121
1782485675.731838,0.724609,-0.203368,0.658438,0.500723,0.314418,0.947785,-0.053291,0.222009,-0.613220,0.245651,0.750717,-0.522925,0.000000,0.000000,0.000000,1.000000,0.09514110505498805,56.75452320628121
1782485675.767518,0.724609,-0.203368,0.658438,0.500723,0.314418,0.947785,-0.053291,0.222009,-0.613220,0.245651,0.750717,-0.522925,0.000000,0.000000,0.000000,1.000000,0.09514110505498805,56.75452320628121
1782485675.802723,0.724609,-0.203368,0.658438,0.500723,0.314418,0.947785,-0.053291,0.222009,-0.613220,0.245651,0.750717,-0.522925,0.000000,0.000000,0.000000,1.000000,0.09514110505498805,56.75452320628121
1782485675.837804,0.724609,-0.203368,0.658438,0.500723,0.314418,0.947785,-0.053291,0.222009,-0.613220,0.245651,0.750717,-0.522925,0.000000,0.000000,0.000000,1.000000,0.09514110505498805,56.75452320628121
1782485675.873180,0.724609,-0.203368,0.658438,0.500723,0.314418,0.947785,-0.053291,0.222009,-0.613220,0.245651,0.750717,-0.522925,0.000000,0.000000,0.000000,1.000000,0.09514110505498805,56.75452320628121
1782485675.909045,0.724609,-0.203368,0.658438,0.500723,0.314418,0.947785,-0.053291,0.222009,-0.613220,0.245651,0.750717,-0.522925,0.000000,0.000000,0.000000,1.000000,0.09514110505498805,56.75452320628121
1782485675.944697,0.724609,-0.203368,0.658438,0.500723,0.314418,0.947785,-0.053291,0.222009,-0.613220,0.245651,0.750717,-0.522925,0.000000,0.000000,0.000000,1.000000,0.09514110505498805,56.75452320628121
1782485675.979799,0.724609,-0.203368,0.658438,0.500723,0.314418,0.947785,-0.053291,0.222009,-0.613220,0.245651,0.750717,-0.522925,0.000000,0.000000,0.000000,1.000000,0.09514110505498805,56.75452320628121
1782485676.015342,0.724609,-0.203368,0.658438,0.500723,0.314418,0.947785,-0.053291,0.222009,-0.613220,0.245651,0.750717,-0.522925,0.000000,0.000000,0.000000,1.000000,0.09514110505498805,56.75452320628121
1782485676.051251,0.724609,-0.203368,0.658438,0.500723,0.314418,0.947785,-0.053291,0.222009,-0.613220,0.245651,0.750717,-0.522925,0.000000,0.000000,0.000000,1.000000,0.09514110505498805,56.75452320628121
1782485676.087198,0.724609,-0.203368,0.658438,0.500723,0.314418,0.947785,-0.053291,0.222009,-0.613220,0.245651,0.750717,-0.522925,0.000000,0.000000,0.000000,1.000000,0.09514110505498805,56.75452320628121
1782485676.122758,0.724609,-0.203368,0.658438,0.500723,0.314418,0.947785,-0.053291,0.222009,-0.613220,0.245651,0.750717,-0.522925,0.000000,0.000000,0.000000,1.000000,0.09514110505498805,56.75452320628121
1782485676.158904,0.724609,-0.203368,0.658438,0.500723,0.314418,0.947785,-0.053291,0.222009,-0.613220,0.245651,0.750717,-0.522925,0.000000,0.000000,0.000000,1.000000,0.09514110505498805,56.75452320628121
1782485676.194882,0.724609,-0.203368,0.658438,0.500723,0.314418,0.947785,-0.053291,0.222009,-0.613220,0.245651,0.750717,-0.522925,0.000000,0.000000,0.000000,1.000000,0.09514110505498805,56.75452320628121
1782485676.230684,0.724609,-0.203368,0.658438,0.500723,0.314418,0.947785,-0.053291,0.222009,-0.613220,0.245651,0.750717,-0.522925,0.000000,0.000000,0.000000,1.000000,0.09514110505498805,56.75452320628121
1782485676.266606,0.724609,-0.203368,0.658438,0.500723,0.314418,0.947785,-0.053291,0.222009,-0.613220,0.245651,0.750717,-0.522925,0.000000,0.000000,0.000000,1.000000,0.09514110505498805,56.75452320628121
1782485676.301905,0.724609,-0.203368,0.658438,0.500723,0.314418,0.947785,-0.053291,0.222009,-0.613220,0.245651,0.750717,-0.522925,0.000000,0.000000,0.000000,1.000000,0.09514110505498805,56.75452320628121
1782485676.337735,0.724609,-0.203368,0.658438,0.500723,0.314418,0.947785,-0.053291,0.222009,-0.613220,0.245651,0.750717,-0.522925,0.000000,0.000000,0.000000,1.000000,0.09514110505498805,56.75452320628121
1782485676.373344,0.724609,-0.203368,0.658438,0.500723,0.314418,0.947785,-0.053291,0.222009,-0.613220,0.245651,0.750717,-0.522925,0.000000,0.000000,0.000000,1.000000,0.09514110505498805,56.75452320628121
1782485676.409513,0.724609,-0.203368,0.658438,0.500723,0.314418,0.947785,-0.053291,0.222009,-0.613220,0.245651,0.750717,-0.522925,0.000000,0.000000,0.000000,1.000000,0.09514110505498805,56.75452320628121
1782485676.445218,0.724609,-0.203368,0.658438,0.500723,0.314418,0.947785,-0.053291,0.222009,-0.613220,0.245651,0.750717,-0.522925,0.000000,0.000000,0.000000,1.000000,0.09514110505498805,56.75452320628121
1782485676.480618,0.724609,-0.203368,0.658438,0.500723,0.314418,0.947785,-0.053291,0.222009,-0.613220,0.245651,0.750717,-0.522925,0.000000,0.000000,0.000000,1.000000,0.09514110505498805,56.75452320628121
1782485676.516367,0.724609,-0.203368,0.658438,0.500723,0.314418,0.947785,-0.053291,0.222009,-0.613220,0.245651,0.750717,-0.522925,0.000000,0.000000,0.000000,1.000000,0.09514110505498805,56.75452320628121
1782485676.551788,0.724609,-0.203368,0.658438,0.500723,0.314418,0.947785,-0.053291,0.222009,-0.613220,0.245651,0.750717,-0.522925,0.000000,0.000000,0.000000,1.000000,0.09514110505498805,56.75452320628121
1782485676.587243,0.724609,-0.203368,0.658438,0.500723,0.314418,0.947785,-0.053291,0.222009,-0.613220,0.245651,0.750717,-0.522925,0.000000,0.000000,0.000000,1.000000,0.09514110505498805,56.75452320628121
1782485676.622678,0.724609,-0.203368,0.658438,0.500723,0.314418,0.947785,-0.053291,0.222009,-0.613220,0.245651,0.750717,-0.522925,0.000000,0.000000,0.000000,1.000000,0.09514110505498805,56.75452320628121
1782485676.658231,0.724609,-0.203368,0.658438,0.500723,0.314418,0.947785,-0.053291,0.222009,-0.613220,0.245651,0.750717,-0.522925,0.000000,0.000000,0.000000,1.000000,0.09514110505498805,56.75452320628121
1782485676.693693,0.724609,-0.203368,0.658438,0.500723,0.314418,0.947785,-0.053291,0.222009,-0.613220,0.245651,0.750717,-0.522925,0.000000,0.000000,0.000000,1.000000,0.09514110505498805,56.75452320628121
1782485676.729230,0.724609,-0.203368,0.658438,0.500723,0.314418,0.947785,-0.053291,0.222009,-0.613220,0.245651,0.750717,-0.522925,0.000000,0.000000,0.000000,1.000000,0.09514110505498805,56.75452320628121
1782485676.764795,0.724609,-0.203368,0.658438,0.500723,0.314418,0.947785,-0.053291,0.222009,-0.613220,0.245651,0.750717,-0.522925,0.000000,0.000000,0.000000,1.000000,0.09514110505498805,56.75452320628121
1782485676.800536,0.724609,-0.203368,0.658438,0.500723,0.314418,0.947785,-0.053291,0.222009,-0.613220,0.245651,0.750717,-0.522925,0.000000,0.000000,0.000000,1.000000,0.09514110505498805,56.75452320628121
1782485676.836132,0.724609,-0.203368,0.658438,0.500723,0.314418,0.947785,-0.053291,0.222009,-0.613220,0.245651,0.750717,-0.522925,0.000000,0.000000,0.000000,1.000000,0.09514110505498805,56.75452320628121
1782485676.871755,0.724609,-0.203368,0.658438,0.500723,0.314418,0.947785,-0.053291,0.222009,-0.613220,0.245651,0.750717,-0.522925,0.000000,0.000000,0.000000,1.000000,0.09514110505498805,56.75452320628121
1782485676.907748,0.724609,-0.203368,0.658438,0.500723,0.314418,0.947785,-0.053291,0.222009,-0.613220,0.245651,0.750717,-0.522925,0.000000,0.000000,0.000000,1.000000,0.09514110505498805,56.75452320628121
1782485676.943941,0.724609,-0.203368,0.658438,0.500723,0.314418,0.947785,-0.053291,0.222009,-0.613220,0.245651,0.750717,-0.522925,0.000000,0.000000,0.000000,1.000000,0.09514110505498805,56.75452320628121
1782485676.979671,0.724609,-0.203368,0.658438,0.500723,0.314418,0.947785,-0.053291,0.222009,-0.613220,0.245651,0.750717,-0.522925,0.000000,0.000000,0.000000,1.000000,0.09514110505498805,56.75452320628121
1782485677.015275,0.724609,-0.203368,0.658438,0.500723,0.314418,0.947785,-0.053291,0.222009,-0.613220,0.245651,0.750717,-0.522925,0.000000,0.000000,0.000000,1.000000,0.09514110505498805,56.75452320628121
1782485677.050886,0.724609,-0.203368,0.658438,0.500723,0.314418,0.947785,-0.053291,0.222009,-0.613220,0.245651,0.750717,-0.522925,0.000000,0.000000,0.000000,1.000000,0.09514110505498805,56.75452320628121
1782485677.086774,0.724609,-0.203368,0.658438,0.500723,0.314418,0.947785,-0.053291,0.222009,-0.613220,0.245651,0.750717,-0.522925,0.000000,0.000000,0.000000,1.000000,0.09514110505498805,56.75452320628121
1782485677.122788,0.724609,-0.203368,0.658438,0.500723,0.314418,0.947785,-0.053291,0.222009,-0.613220,0.245651,0.750717,-0.522925,0.000000,0.000000,0.000000,1.000000,0.09514110505498805,56.75452320628121
1782485677.158584,0.724609,-0.203368,0.658438,0.500723,0.314418,0.947785,-0.053291,0.222009,-0.613220,0.245651,0.750717,-0.522925,0.000000,0.000000,0.000000,1.000000,0.09514110505498805,56.75452320628121
1782485677.194583,0.724609,-0.203368,0.658438,0.500723,0.314418,0.947785,-0.053291,0.222009,-0.613220,0.245651,0.750717,-0.522925,0.000000,0.000000,0.000000,1.000000,0.09514110505498805,56.75452320628121
1782485677.230768,0.724609,-0.203368,0.658438,0.500723,0.314418,0.947785,-0.053291,0.222009,-0.613220,0.245651,0.750717,-0.522925,0.000000,0.000000,0.000000,1.000000,0.09514110505498805,56.75452320628121
1782485677.266707,0.724609,-0.203368,0.658438,0.500723,0.314418,0.947785,-0.053291,0.222009,-0.613220,0.245651,0.750717,-0.522925,0.000000,0.000000,0.000000,1.000000,0.09514110505498805,56.75452320628121
1782485677.302562,0.724609,-0.203368,0.658438,0.500723,0.314418,0.947785,-0.053291,0.222009,-0.613220,0.245651,0.750717,-0.522925,0.000000,0.000000,0.000000,1.000000,0.09514110505498805,56.75452320628121
1782485677.337948,0.724609,-0.203368,0.658438,0.500723,0.314418,0.947785,-0.053291,0.222009,-0.613220,0.245651,0.750717,-0.522925,0.000000,0.000000,0.000000,1.000000,0.09514110505498805,56.75452320628121
1782485677.373834,0.724609,-0.203368,0.658438,0.500723,0.314418,0.947785,-0.053291,0.222009,-0.613220,0.245651,0.750717,-0.522925,0.000000,0.000000,0.000000,1.000000,0.09514110505498805,56.75452320628121
1782485677.409333,0.724609,-0.203368,0.658438,0.500723,0.314418,0.947785,-0.053291,0.222009,-0.613220,0.245651,0.750717,-0.522925,0.000000,0.000000,0.000000,1.000000,0.09514110505498805,56.75452320628121
1782485677.444897,0.724609,-0.203368,0.658438,0.500723,0.314418,0.947785,-0.053291,0.222009,-0.613220,0.245651,0.750717,-0.522925,0.000000,0.000000,0.000000,1.000000,0.09514110505498805,56.75452320628121
1782485677.480666,0.724609,-0.203368,0.658438,0.500723,0.314418,0.947785,-0.053291,0.222009,-0.613220,0.245651,0.750717,-0.522925,0.000000,0.000000,0.000000,1.000000,0.09514110505498805,56.75452320628121
1782485677.515934,0.724609,-0.203368,0.658438,0.500723,0.314418,0.947785,-0.053291,0.222009,-0.613220,0.245651,0.750717,-0.522925,0.000000,0.000000,0.000000,1.000000,0.09514110505498805,56.75452320628121
1782485677.551091,0.724609,-0.203368,0.658438,0.500723,0.314418,0.947785,-0.053291,0.222009,-0.613220,0.245651,0.750717,-0.522925,0.000000,0.000000,0.000000,1.000000,0.09514110505498805,56.75452320628121
1782485677.587239,0.724609,-0.203368,0.658438,0.500723,0.314418,0.947785,-0.053291,0.222009,-0.613220,0.245651,0.750717,-0.522925,0.000000,0.000000,0.000000,1.000000,0.09514110505498805,56.75452320628121
1782485677.622841,0.724609,-0.203368,0.658438,0.500723,0.314418,0.947785,-0.053291,0.222009,-0.613220,0.245651,0.750717,-0.522925,0.000000,0.000000,0.000000,1.000000,0.09514110505498805,56.75452320628121
1782485677.658586,0.724609,-0.203368,0.658438,0.500723,0.314418,0.947785,-0.053291,0.222009,-0.613220,0.245651,0.750717,-0.522925,0.000000,0.000000,0.000000,1.000000,0.09514110505498805,56.75452320628121
1782485677.694096,0.724609,-0.203368,0.658438,0.500723,0.314418,0.947785,-0.053291,0.222009,-0.613220,0.245651,0.750717,-0.522925,0.000000,0.000000,0.000000,1.000000,0.09514110505498805,56.75452320628121
1782485677.729323,0.724609,-0.203368,0.658438,0.500723,0.314418,0.947785,-0.053291,0.222009,-0.613220,0.245651,0.750717,-0.522925,0.000000,0.000000,0.000000,1.000000,0.09514110505498805,56.75452320628121
1782485677.764674,0.724609,-0.203368,0.658438,0.500723,0.314418,0.947785,-0.053291,0.222009,-0.613220,0.245651,0.750717,-0.522925,0.000000,0.000000,0.000000,1.000000,0.09514110505498805,56.75452320628121
1782485677.799658,0.724609,-0.203368,0.658438,0.500723,0.314418,0.947785,-0.053291,0.222009,-0.613220,0.245651,0.750717,-0.522925,0.000000,0.000000,0.000000,1.000000,0.09514110505498805,56.75452320628121
1782485677.834912,0.724609,-0.203368,0.658438,0.500723,0.314418,0.947785,-0.053291,0.222009,-0.613220,0.245651,0.750717,-0.522925,0.000000,0.000000,0.000000,1.000000,0.09514110505498805,56.75452320628121
1782485677.870222,0.724609,-0.203368,0.658438,0.500723,0.314418,0.947785,-0.053291,0.222009,-0.613220,0.245651,0.750717,-0.522925,0.000000,0.000000,0.000000,1.000000,0.09514110505498805,56.75452320628121
1782485677.905598,0.724609,-0.203368,0.658438,0.500723,0.314418,0.947785,-0.053291,0.222009,-0.613220,0.245651,0.750717,-0.522925,0.000000,0.000000,0.000000,1.000000,0.09514110505498805,56.75452320628121
1782485677.940392,0.724609,-0.203368,0.658438,0.500723,0.314418,0.947785,-0.053291,0.222009,-0.613220,0.245651,0.750717,-0.522925,0.000000,0.000000,0.000000,1.000000,0.09514110505498805,56.75452320628121
1782485677.976000,0.724609,-0.203368,0.658438,0.500723,0.314418,0.947785,-0.053291,0.222009,-0.613220,0.245651,0.750717,-0.522925,0.000000,0.000000,0.000000,1.000000,0.09514110505498805,56.75452320628121
1782485678.011514,0.724609,-0.203368,0.658438,0.500723,0.314418,0.947785,-0.053291,0.222009,-0.613220,0.245651,0.750717,-0.522925,0.000000,0.000000,0.000000,1.000000,0.09514110505498805,56.75452320628121
1782485678.046911,0.724609,-0.203368,0.658438,0.500723,0.314418,0.947785,-0.053291,0.222009,-0.613220,0.245651,0.750717,-0.522925,0.000000,0.000000,0.000000,1.000000,0.09514110505498805,56.75452320628121
1782485678.081260,0.724609,-0.203368,0.658438,0.500723,0.314418,0.947785,-0.053291,0.222009,-0.613220,0.245651,0.750717,-0.522925,0.000000,0.000000,0.000000,1.000000,0.09514110505498805,56.75452320628121
1782485678.116089,0.724609,-0.203368,0.658438,0.500723,0.314418,0.947785,-0.053291,0.222009,-0.613220,0.245651,0.750717,-0.522925,0.000000,0.000000,0.000000,1.000000,0.09514110505498805,56.75452320628121
1782485678.151009,0.724609,-0.203368,0.658438,0.500723,0.314418,0.947785,-0.053291,0.222009,-0.613220,0.245651,0.750717,-0.522925,0.000000,0.000000,0.000000,1.000000,0.09514110505498805,56.75452320628121
1782485678.186209,0.724609,-0.203368,0.658438,0.500723,0.314418,0.947785,-0.053291,0.222009,-0.613220,0.245651,0.750717,-0.522925,0.000000,0.000000,0.000000,1.000000,0.09514110505498805,56.75452320628121
1782485678.221651,0.724609,-0.203368,0.658438,0.500723,0.314418,0.947785,-0.053291,0.222009,-0.613220,0.245651,0.750717,-0.522925,0.000000,0.000000,0.000000,1.000000,0.09514110505498805,56.75452320628121
1782485678.257099,0.724609,-0.203368,0.658438,0.500723,0.314418,0.947785,-0.053291,0.222009,-0.613220,0.245651,0.750717,-0.522925,0.000000,0.000000,0.000000,1.000000,0.09514110505498805,56.75452320628121
1782485678.292174,0.724609,-0.203368,0.658438,0.500723,0.314418,0.947785,-0.053291,0.222009,-0.613220,0.245651,0.750717,-0.522925,0.000000,0.000000,0.000000,1.000000,0.09514110505498805,56.75452320628121
1782485678.326701,0.724609,-0.203368,0.658438,0.500723,0.314418,0.947785,-0.053291,0.222009,-0.613220,0.245651,0.750717,-0.522925,0.000000,0.000000,0.000000,1.000000,0.09514110505498805,56.75452320628121
1782485678.362081,0.724609,-0.203368,0.658438,0.500723,0.314418,0.947785,-0.053291,0.222009,-0.613220,0.245651,0.750717,-0.522925,0.000000,0.000000,0.000000,1.000000,0.09514110505498805,56.75452320628121
1782485678.397247,0.724609,-0.203368,0.658438,0.500723,0.314418,0.947785,-0.053291,0.222009,-0.613220,0.245651,0.750717,-0.522925,0.000000,0.000000,0.000000,1.000000,0.09514110505498805,56.75452320628121
1782485678.432320,0.724609,-0.203368,0.658438,0.500723,0.314418,0.947785,-0.053291,0.222009,-0.613220,0.245651,0.750717,-0.522925,0.000000,0.000000,0.000000,1.000000,0.09514110505498805,56.75452320628121
1782485678.467490,0.724609,-0.203368,0.658438,0.500723,0.314418,0.947785,-0.053291,0.222009,-0.613220,0.245651,0.750717,-0.522925,0.000000,0.000000,0.000000,1.000000,0.09514110505498805,56.75452320628121
1782485678.502752,0.724609,-0.203368,0.658438,0.500723,0.314418,0.947785,-0.053291,0.222009,-0.613220,0.245651,0.750717,-0.522925,0.000000,0.000000,0.000000,1.000000,0.09514110505498805,56.75452320628121
1782485678.537929,0.724609,-0.203368,0.658438,0.500723,0.314418,0.947785,-0.053291,0.222009,-0.613220,0.245651,0.750717,-0.522925,0.000000,0.000000,0.000000,1.000000,0.09514110505498805,56.75452320628121
1782485678.572529,0.724609,-0.203368,0.658438,0.500723,0.314418,0.947785,-0.053291,0.222009,-0.613220,0.245651,0.750717,-0.522925,0.000000,0.000000,0.000000,1.000000,0.09514110505498805,56.75452320628121
1782485678.607930,0.724609,-0.203368,0.658438,0.500723,0.314418,0.947785,-0.053291,0.222009,-0.613220,0.245651,0.750717,-0.522925,0.000000,0.000000,0.000000,1.000000,0.09514110505498805,56.75452320628121
1782485678.643406,0.724609,-0.203368,0.658438,0.500723,0.314418,0.947785,-0.053291,0.222009,-0.613220,0.245651,0.750717,-0.522925,0.000000,0.000000,0.000000,1.000000,0.09514110505498805,56.75452320628121
1782485678.679365,0.724609,-0.203368,0.658438,0.500723,0.314418,0.947785,-0.053291,0.222009,-0.613220,0.245651,0.750717,-0.522925,0.000000,0.000000,0.000000,1.000000,0.09514110505498805,56.75452320628121
1782485678.715008,0.724609,-0.203368,0.658438,0.500723,0.314418,0.947785,-0.053291,0.222009,-0.613220,0.245651,0.750717,-0.522925,0.000000,0.000000,0.000000,1.000000,0.09514110505498805,56.75452320628121
1782485678.750573,0.724609,-0.203368,0.658438,0.500723,0.314418,0.947785,-0.053291,0.222009,-0.613220,0.245651,0.750717,-0.522925,0.000000,0.000000,0.000000,1.000000,0.09514110505498805,56.75452320628121
1782485678.786170,0.724609,-0.203368,0.658438,0.500723,0.314418,0.947785,-0.053291,0.222009,-0.613220,0.245651,0.750717,-0.522925,0.000000,0.000000,0.000000,1.000000,0.09514110505498805,56.75452320628121
1782485678.821623,0.724609,-0.203368,0.658438,0.500723,0.314418,0.947785,-0.053291,0.222009,-0.613220,0.245651,0.750717,-0.522925,0.000000,0.000000,0.000000,1.000000,0.09514110505498805,56.75452320628121
1782485678.856879,0.724609,-0.203368,0.658438,0.500723,0.314418,0.947785,-0.053291,0.222009,-0.613220,0.245651,0.750717,-0.522925,0.000000,0.000000,0.000000,1.000000,0.09514110505498805,56.75452320628121
1782485678.892290,0.724609,-0.203368,0.658438,0.500723,0.314418,0.947785,-0.053291,0.222009,-0.613220,0.245651,0.750717,-0.522925,0.000000,0.000000,0.000000,1.000000,0.09514110505498805,56.75452320628121
1782485678.927965,0.724609,-0.203368,0.658438,0.500723,0.314418,0.947785,-0.053291,0.222009,-0.613220,0.245651,0.750717,-0.522925,0.000000,0.000000,0.000000,1.000000,0.09514110505498805,56.75452320628121
1782485678.963547,0.724609,-0.203368,0.658438,0.500723,0.314418,0.947785,-0.053291,0.222009,-0.613220,0.245651,0.750717,-0.522925,0.000000,0.000000,0.000000,1.000000,0.09514110505498805,56.75452320628121
1782485678.998683,0.724609,-0.203368,0.658438,0.500723,0.314418,0.947785,-0.053291,0.222009,-0.613220,0.245651,0.750717,-0.522925,0.000000,0.000000,0.000000,1.000000,0.09514110505498805,56.75452320628121
1782485679.034091,0.724609,-0.203368,0.658438,0.500723,0.314418,0.947785,-0.053291,0.222009,-0.613220,0.245651,0.750717,-0.522925,0.000000,0.000000,0.000000,1.000000,0.09514110505498805,56.75452320628121
1782485679.069793,0.724609,-0.203368,0.658438,0.500723,0.314418,0.947785,-0.053291,0.222009,-0.613220,0.245651,0.750717,-0.522925,0.000000,0.000000,0.000000,1.000000,0.09514110505498805,56.75452320628121
1782485679.105504,0.724609,-0.203368,0.658438,0.500723,0.314418,0.947785,-0.053291,0.222009,-0.613220,0.245651,0.750717,-0.522925,0.000000,0.000000,0.000000,1.000000,0.09514110505498805,56.75452320628121
1782485679.140983,0.724609,-0.203368,0.658438,0.500723,0.314418,0.947785,-0.053291,0.222009,-0.613220,0.245651,0.750717,-0.522925,0.000000,0.000000,0.000000,1.000000,0.09514110505498805,56.75452320628121
1782485679.176312,0.724609,-0.203368,0.658438,0.500723,0.314418,0.947785,-0.053291,0.222009,-0.613220,0.245651,0.750717,-0.522925,0.000000,0.000000,0.000000,1.000000,0.09514110505498805,56.75452320628121
1782485679.211982,0.724609,-0.203368,0.658438,0.500723,0.314418,0.947785,-0.053291,0.222009,-0.613220,0.245651,0.750717,-0.522925,0.000000,0.000000,0.000000,1.000000,0.09514110505498805,56.75452320628121
1782485679.247236,0.724609,-0.203368,0.658438,0.500723,0.314418,0.947785,-0.053291,0.222009,-0.613220,0.245651,0.750717,-0.522925,0.000000,0.000000,0.000000,1.000000,0.09514110505498805,56.75452320628121
1782485679.282780,0.724609,-0.203368,0.658438,0.500723,0.314418,0.947785,-0.053291,0.222009,-0.613220,0.245651,0.750717,-0.522925,0.000000,0.000000,0.000000,1.000000,0.09514110505498805,56.75452320628121
1782485679.318166,0.724609,-0.203368,0.658438,0.500723,0.314418,0.947785,-0.053291,0.222009,-0.613220,0.245651,0.750717,-0.522925,0.000000,0.000000,0.000000,1.000000,0.09514110505498805,56.75452320628121
1782485679.353910,0.724609,-0.203368,0.658438,0.500723,0.314418,0.947785,-0.053291,0.222009,-0.613220,0.245651,0.750717,-0.522925,0.000000,0.000000,0.000000,1.000000,0.09514110505498805,56.75452320628121
1782485679.389314,0.724609,-0.203368,0.658438,0.500723,0.314418,0.947785,-0.053291,0.222009,-0.613220,0.245651,0.750717,-0.522925,0.000000,0.000000,0.000000,1.000000,0.09514110505498805,56.75452320628121
1782485679.424862,0.724609,-0.203368,0.658438,0.500723,0.314418,0.947785,-0.053291,0.222009,-0.613220,0.245651,0.750717,-0.522925,0.000000,0.000000,0.000000,1.000000,0.09514110505498805,56.75452320628121
1782485679.460016,0.724609,-0.203368,0.658438,0.500723,0.314418,0.947785,-0.053291,0.222009,-0.613220,0.245651,0.750717,-0.522925,0.000000,0.000000,0.000000,1.000000,0.09514110505498805,56.75452320628121
1782485679.495780,0.724609,-0.203368,0.658438,0.500723,0.314418,0.947785,-0.053291,0.222009,-0.613220,0.245651,0.750717,-0.522925,0.000000,0.000000,0.000000,1.000000,0.09514110505498805,56.75452320628121
1782485679.531435,0.724609,-0.203368,0.658438,0.500723,0.314418,0.947785,-0.053291,0.222009,-0.613220,0.245651,0.750717,-0.522925,0.000000,0.000000,0.000000,1.000000,0.09514110505498805,56.75452320628121
1782485679.566851,0.724609,-0.203368,0.658438,0.500723,0.314418,0.947785,-0.053291,0.222009,-0.613220,0.245651,0.750717,-0.522925,0.000000,0.000000,0.000000,1.000000,0.09514110505498805,56.75452320628121
1782485679.602391,0.724609,-0.203368,0.658438,0.500723,0.314418,0.947785,-0.053291,0.222009,-0.613220,0.245651,0.750717,-0.522925,0.000000,0.000000,0.000000,1.000000,0.09514110505498805,56.75452320628121
1782485679.637515,0.724609,-0.203368,0.658438,0.500723,0.314418,0.947785,-0.053291,0.222009,-0.613220,0.245651,0.750717,-0.522925,0.000000,0.000000,0.000000,1.000000,0.09514110505498805,56.75452320628121
1782485679.673128,0.724609,-0.203368,0.658438,0.500723,0.314418,0.947785,-0.053291,0.222009,-0.613220,0.245651,0.750717,-0.522925,0.000000,0.000000,0.000000,1.000000,0.09514110505498805,56.75452320628121
1782485679.708399,0.724609,-0.203368,0.658438,0.500723,0.314418,0.947785,-0.053291,0.222009,-0.613220,0.245651,0.750717,-0.522925,0.000000,0.000000,0.000000,1.000000,0.09514110505498805,56.75452320628121
1782485679.743697,0.724609,-0.203368,0.658438,0.500723,0.314418,0.947785,-0.053291,0.222009,-0.613220,0.245651,0.750717,-0.522925,0.000000,0.000000,0.000000,1.000000,0.09514110505498805,56.75452320628121
1782485679.779372,0.724609,-0.203368,0.658438,0.500723,0.314418,0.947785,-0.053291,0.222009,-0.613220,0.245651,0.750717,-0.522925,0.000000,0.000000,0.000000,1.000000,0.09514110505498805,56.75452320628121
1782485679.814004,0.724609,-0.203368,0.658438,0.500723,0.314418,0.947785,-0.053291,0.222009,-0.613220,0.245651,0.750717,-0.522925,0.000000,0.000000,0.000000,1.000000,0.09514110505498805,56.75452320628121
1782485679.849049,0.724609,-0.203368,0.658438,0.500723,0.314418,0.947785,-0.053291,0.222009,-0.613220,0.245651,0.750717,-0.522925,0.000000,0.000000,0.000000,1.000000,0.09514110505498805,56.75452320628121
1782485679.884411,0.724609,-0.203368,0.658438,0.500723,0.314418,0.947785,-0.053291,0.222009,-0.613220,0.245651,0.750717,-0.522925,0.000000,0.000000,0.000000,1.000000,0.09514110505498805,56.75452320628121
1782485679.920229,0.724609,-0.203368,0.658438,0.500723,0.314418,0.947785,-0.053291,0.222009,-0.613220,0.245651,0.750717,-0.522925,0.000000,0.000000,0.000000,1.000000,0.09514110505498805,56.75452320628121
1782485679.955740,0.724609,-0.203368,0.658438,0.500723,0.314418,0.947785,-0.053291,0.222009,-0.613220,0.245651,0.750717,-0.522925,0.000000,0.000000,0.000000,1.000000,0.09514110505498805,56.75452320628121
1782485679.990881,0.724609,-0.203368,0.658438,0.500723,0.314418,0.947785,-0.053291,0.222009,-0.613220,0.245651,0.750717,-0.522925,0.000000,0.000000,0.000000,1.000000,0.09514110505498805,56.75452320628121
1782485680.026178,0.724609,-0.203368,0.658438,0.500723,0.314418,0.947785,-0.053291,0.222009,-0.613220,0.245651,0.750717,-0.522925,0.000000,0.000000,0.000000,1.000000,0.09514110505498805,56.75452320628121
1782485680.061724,0.724609,-0.203368,0.658438,0.500723,0.314418,0.947785,-0.053291,0.222009,-0.613220,0.245651,0.750717,-0.522925,0.000000,0.000000,0.000000,1.000000,0.09514110505498805,56.75452320628121
1782485680.097563,0.724609,-0.203368,0.658438,0.500723,0.314418,0.947785,-0.053291,0.222009,-0.613220,0.245651,0.750717,-0.522925,0.000000,0.000000,0.000000,1.000000,0.09514110505498805,56.75452320628121
1782485680.133108,0.724609,-0.203368,0.658438,0.500723,0.314418,0.947785,-0.053291,0.222009,-0.613220,0.245651,0.750717,-0.522925,0.000000,0.000000,0.000000,1.000000,0.09514110505498805,56.75452320628121
1782485680.168386,0.724609,-0.203368,0.658438,0.500723,0.314418,0.947785,-0.053291,0.222009,-0.613220,0.245651,0.750717,-0.522925,0.000000,0.000000,0.000000,1.000000,0.09514110505498805,56.75452320628121
1782485680.204316,0.724609,-0.203368,0.658438,0.500723,0.314418,0.947785,-0.053291,0.222009,-0.613220,0.245651,0.750717,-0.522925,0.000000,0.000000,0.000000,1.000000,0.09514110505498805,56.75452320628121
1782485680.239327,0.724609,-0.203368,0.658438,0.500723,0.314418,0.947785,-0.053291,0.222009,-0.613220,0.245651,0.750717,-0.522925,0.000000,0.000000,0.000000,1.000000,0.09514110505498805,56.75452320628121
1782485680.274910,0.724609,-0.203368,0.658438,0.500723,0.314418,0.947785,-0.053291,0.222009,-0.613220,0.245651,0.750717,-0.522925,0.000000,0.000000,0.000000,1.000000,0.09514110505498805,56.75452320628121
1782485680.310155,0.724609,-0.203368,0.658438,0.500723,0.314418,0.947785,-0.053291,0.222009,-0.613220,0.245651,0.750717,-0.522925,0.000000,0.000000,0.000000,1.000000,0.09514110505498805,56.75452320628121
1782485680.345358,0.724609,-0.203368,0.658438,0.500723,0.314418,0.947785,-0.053291,0.222009,-0.613220,0.245651,0.750717,-0.522925,0.000000,0.000000,0.000000,1.000000,0.09514110505498805,56.75452320628121
1782485680.381017,0.724609,-0.203368,0.658438,0.500723,0.314418,0.947785,-0.053291,0.222009,-0.613220,0.245651,0.750717,-0.522925,0.000000,0.000000,0.000000,1.000000,0.09514110505498805,56.75452320628121
1782485680.416341,0.724609,-0.203368,0.658438,0.500723,0.314418,0.947785,-0.053291,0.222009,-0.613220,0.245651,0.750717,-0.522925,0.000000,0.000000,0.000000,1.000000,0.09514110505498805,56.75452320628121
1782485680.451694,0.724609,-0.203368,0.658438,0.500723,0.314418,0.947785,-0.053291,0.222009,-0.613220,0.245651,0.750717,-0.522925,0.000000,0.000000,0.000000,1.000000,0.09514110505498805,56.75452320628121
1782485680.487582,0.724609,-0.203368,0.658438,0.500723,0.314418,0.947785,-0.053291,0.222009,-0.613220,0.245651,0.750717,-0.522925,0.000000,0.000000,0.000000,1.000000,0.09514110505498805,56.75452320628121
1782485680.522338,0.724609,-0.203368,0.658438,0.500723,0.314418,0.947785,-0.053291,0.222009,-0.613220,0.245651,0.750717,-0.522925,0.000000,0.000000,0.000000,1.000000,0.09514110505498805,56.75452320628121
1782485680.557384,0.724609,-0.203368,0.658438,0.500723,0.314418,0.947785,-0.053291,0.222009,-0.613220,0.245651,0.750717,-0.522925,0.000000,0.000000,0.000000,1.000000,0.09514110505498805,56.75452320628121
1782485680.592680,0.724609,-0.203368,0.658438,0.500723,0.314418,0.947785,-0.053291,0.222009,-0.613220,0.245651,0.750717,-0.522925,0.000000,0.000000,0.000000,1.000000,0.09514110505498805,56.75452320628121
1782485680.628392,0.724609,-0.203368,0.658438,0.500723,0.314418,0.947785,-0.053291,0.222009,-0.613220,0.245651,0.750717,-0.522925,0.000000,0.000000,0.000000,1.000000,0.09514110505498805,56.75452320628121
1782485680.663685,0.724609,-0.203368,0.658438,0.500723,0.314418,0.947785,-0.053291,0.222009,-0.613220,0.245651,0.750717,-0.522925,0.000000,0.000000,0.000000,1.000000,0.09514110505498805,56.75452320628121
1782485680.698014,0.724609,-0.203368,0.658438,0.500723,0.314418,0.947785,-0.053291,0.222009,-0.613220,0.245651,0.750717,-0.522925,0.000000,0.000000,0.000000,1.000000,0.09514110505498805,56.75452320628121
1782485680.733563,0.724609,-0.203368,0.658438,0.500723,0.314418,0.947785,-0.053291,0.222009,-0.613220,0.245651,0.750717,-0.522925,0.000000,0.000000,0.000000,1.000000,0.09514110505498805,56.75452320628121
1782485680.768299,0.724609,-0.203368,0.658438,0.500723,0.314418,0.947785,-0.053291,0.222009,-0.613220,0.245651,0.750717,-0.522925,0.000000,0.000000,0.000000,1.000000,0.09514110505498805,56.75452320628121
1782485680.803551,0.724609,-0.203368,0.658438,0.500723,0.314418,0.947785,-0.053291,0.222009,-0.613220,0.245651,0.750717,-0.522925,0.000000,0.000000,0.000000,1.000000,0.09514110505498805,56.75452320628121
1782485680.838743,0.724609,-0.203368,0.658438,0.500723,0.314418,0.947785,-0.053291,0.222009,-0.613220,0.245651,0.750717,-0.522925,0.000000,0.000000,0.000000,1.000000,0.09514110505498805,56.75452320628121
1782485680.874058,0.724609,-0.203368,0.658438,0.500723,0.314418,0.947785,-0.053291,0.222009,-0.613220,0.245651,0.750717,-0.522925,0.000000,0.000000,0.000000,1.000000,0.09514110505498805,56.75452320628121
1782485680.909130,0.724609,-0.203368,0.658438,0.500723,0.314418,0.947785,-0.053291,0.222009,-0.613220,0.245651,0.750717,-0.522925,0.000000,0.000000,0.000000,1.000000,0.09514110505498805,56.75452320628121
1782485680.944579,0.724609,-0.203368,0.658438,0.500723,0.314418,0.947785,-0.053291,0.222009,-0.613220,0.245651,0.750717,-0.522925,0.000000,0.000000,0.000000,1.000000,0.09514110505498805,56.75452320628121
1782485680.980220,0.724609,-0.203368,0.658438,0.500723,0.314418,0.947785,-0.053291,0.222009,-0.613220,0.245651,0.750717,-0.522925,0.000000,0.000000,0.000000,1.000000,0.09514110505498805,56.75452320628121
1782485681.015779,0.724609,-0.203368,0.658438,0.500723,0.314418,0.947785,-0.053291,0.222009,-0.613220,0.245651,0.750717,-0.522925,0.000000,0.000000,0.000000,1.000000,0.09514110505498805,56.75452320628121
1782485681.051249,0.724609,-0.203368,0.658438,0.500723,0.314418,0.947785,-0.053291,0.222009,-0.613220,0.245651,0.750717,-0.522925,0.000000,0.000000,0.000000,1.000000,0.09514110505498805,56.75452320628121
1782485681.086881,0.724609,-0.203368,0.658438,0.500723,0.314418,0.947785,-0.053291,0.222009,-0.613220,0.245651,0.750717,-0.522925,0.000000,0.000000,0.000000,1.000000,0.09514110505498805,56.75452320628121
1782485681.122710,0.724609,-0.203368,0.658438,0.500723,0.314418,0.947785,-0.053291,0.222009,-0.613220,0.245651,0.750717,-0.522925,0.000000,0.000000,0.000000,1.000000,0.09514110505498805,56.75452320628121
1782485681.158173,0.724609,-0.203368,0.658438,0.500723,0.314418,0.947785,-0.053291,0.222009,-0.613220,0.245651,0.750717,-0.522925,0.000000,0.000000,0.000000,1.000000,0.09514110505498805,56.75452320628121
1782485681.193253,0.724609,-0.203368,0.658438,0.500723,0.314418,0.947785,-0.053291,0.222009,-0.613220,0.245651,0.750717,-0.522925,0.000000,0.000000,0.000000,1.000000,0.09514110505498805,56.75452320628121
1782485681.228614,0.724609,-0.203368,0.658438,0.500723,0.314418,0.947785,-0.053291,0.222009,-0.613220,0.245651,0.750717,-0.522925,0.000000,0.000000,0.000000,1.000000,0.09514110505498805,56.75452320628121
1782485681.264090,0.724609,-0.203368,0.658438,0.500723,0.314418,0.947785,-0.053291,0.222009,-0.613220,0.245651,0.750717,-0.522925,0.000000,0.000000,0.000000,1.000000,0.09514110505498805,56.75452320628121
1782485681.299412,0.724609,-0.203368,0.658438,0.500723,0.314418,0.947785,-0.053291,0.222009,-0.613220,0.245651,0.750717,-0.522925,0.000000,0.000000,0.000000,1.000000,0.09514110505498805,56.75452320628121
1782485681.334402,0.724609,-0.203368,0.658438,0.500723,0.314418,0.947785,-0.053291,0.222009,-0.613220,0.245651,0.750717,-0.522925,0.000000,0.000000,0.000000,1.000000,0.09514110505498805,56.75452320628121
1782485681.369813,0.724609,-0.203368,0.658438,0.500723,0.314418,0.947785,-0.053291,0.222009,-0.613220,0.245651,0.750717,-0.522925,0.000000,0.000000,0.000000,1.000000,0.09514110505498805,56.75452320628121
1782485681.405253,0.724609,-0.203368,0.658438,0.500723,0.314418,0.947785,-0.053291,0.222009,-0.613220,0.245651,0.750717,-0.522925,0.000000,0.000000,0.000000,1.000000,0.09514110505498805,56.75452320628121
1782485681.440744,0.724609,-0.203368,0.658438,0.500723,0.314418,0.947785,-0.053291,0.222009,-0.613220,0.245651,0.750717,-0.522925,0.000000,0.000000,0.000000,1.000000,0.09514110505498805,56.75452320628121
1782485681.475975,0.724609,-0.203368,0.658438,0.500723,0.314418,0.947785,-0.053291,0.222009,-0.613220,0.245651,0.750717,-0.522925,0.000000,0.000000,0.000000,1.000000,0.09514110505498805,56.75452320628121
1782485681.511282,0.724609,-0.203368,0.658438,0.500723,0.314418,0.947785,-0.053291,0.222009,-0.613220,0.245651,0.750717,-0.522925,0.000000,0.000000,0.000000,1.000000,0.09514110505498805,56.75452320628121
1782485681.546754,0.724609,-0.203368,0.658438,0.500723,0.314418,0.947785,-0.053291,0.222009,-0.613220,0.245651,0.750717,-0.522925,0.000000,0.000000,0.000000,1.000000,0.09514110505498805,56.75452320628121
1782485681.582339,0.724609,-0.203368,0.658438,0.500723,0.314418,0.947785,-0.053291,0.222009,-0.613220,0.245651,0.750717,-0.522925,0.000000,0.000000,0.000000,1.000000,0.09514110505498805,56.75452320628121
1782485681.616429,0.724609,-0.203368,0.658438,0.500723,0.314418,0.947785,-0.053291,0.222009,-0.613220,0.245651,0.750717,-0.522925,0.000000,0.000000,0.000000,1.000000,0.09514110505498805,56.75452320628121
1782485681.651680,0.724609,-0.203368,0.658438,0.500723,0.314418,0.947785,-0.053291,0.222009,-0.613220,0.245651,0.750717,-0.522925,0.000000,0.000000,0.000000,1.000000,0.09514110505498805,56.75452320628121
1782485681.687026,0.724609,-0.203368,0.658438,0.500723,0.314418,0.947785,-0.053291,0.222009,-0.613220,0.245651,0.750717,-0.522925,0.000000,0.000000,0.000000,1.000000,0.09514110505498805,56.75452320628121
1782485681.722359,0.724609,-0.203368,0.658438,0.500723,0.314418,0.947785,-0.053291,0.222009,-0.613220,0.245651,0.750717,-0.522925,0.000000,0.000000,0.000000,1.000000,0.09514110505498805,56.75452320628121
1782485681.757249,0.724609,-0.203368,0.658438,0.500723,0.314418,0.947785,-0.053291,0.222009,-0.613220,0.245651,0.750717,-0.522925,0.000000,0.000000,0.000000,1.000000,0.09514110505498805,56.75452320628121
1782485681.792659,0.724609,-0.203368,0.658438,0.500723,0.314418,0.947785,-0.053291,0.222009,-0.613220,0.245651,0.750717,-0.522925,0.000000,0.000000,0.000000,1.000000,0.09514110505498805,56.75452320628121
1782485681.828330,0.724609,-0.203368,0.658438,0.500723,0.314418,0.947785,-0.053291,0.222009,-0.613220,0.245651,0.750717,-0.522925,0.000000,0.000000,0.000000,1.000000,0.09514110505498805,56.75452320628121
1782485681.864035,0.724609,-0.203368,0.658438,0.500723,0.314418,0.947785,-0.053291,0.222009,-0.613220,0.245651,0.750717,-0.522925,0.000000,0.000000,0.000000,1.000000,0.09514110505498805,56.75452320628121
1782485681.899547,0.724609,-0.203368,0.658438,0.500723,0.314418,0.947785,-0.053291,0.222009,-0.613220,0.245651,0.750717,-0.522925,0.000000,0.000000,0.000000,1.000000,0.09514110505498805,56.75452320628121
1782485681.934929,0.724609,-0.203368,0.658438,0.500723,0.314418,0.947785,-0.053291,0.222009,-0.613220,0.245651,0.750717,-0.522925,0.000000,0.000000,0.000000,1.000000,0.09514110505498805,56.75452320628121
1782485681.970483,0.724609,-0.203368,0.658438,0.500723,0.314418,0.947785,-0.053291,0.222009,-0.613220,0.245651,0.750717,-0.522925,0.000000,0.000000,0.000000,1.000000,0.09514110505498805,56.75452320628121
1782485682.006107,0.724609,-0.203368,0.658438,0.500723,0.314418,0.947785,-0.053291,0.222009,-0.613220,0.245651,0.750717,-0.522925,0.000000,0.000000,0.000000,1.000000,0.09514110505498805,56.75452320628121
1782485682.041520,0.724609,-0.203368,0.658438,0.500723,0.314418,0.947785,-0.053291,0.222009,-0.613220,0.245651,0.750717,-0.522925,0.000000,0.000000,0.000000,1.000000,0.09514110505498805,56.75452320628121
1782485682.076830,0.724609,-0.203368,0.658438,0.500723,0.314418,0.947785,-0.053291,0.222009,-0.613220,0.245651,0.750717,-0.522925,0.000000,0.000000,0.000000,1.000000,0.09514110505498805,56.75452320628121
1782485682.112414,0.724609,-0.203368,0.658438,0.500723,0.314418,0.947785,-0.053291,0.222009,-0.613220,0.245651,0.750717,-0.522925,0.000000,0.000000,0.000000,1.000000,0.09514110505498805,56.75452320628121
1782485682.148219,0.724609,-0.203368,0.658438,0.500723,0.314418,0.947785,-0.053291,0.222009,-0.613220,0.245651,0.750717,-0.522925,0.000000,0.000000,0.000000,1.000000,0.09514110505498805,56.75452320628121
1782485682.184113,0.724609,-0.203368,0.658438,0.500723,0.314418,0.947785,-0.053291,0.222009,-0.613220,0.245651,0.750717,-0.522925,0.000000,0.000000,0.000000,1.000000,0.09514110505498805,56.75452320628121
1782485682.219994,0.724609,-0.203368,0.658438,0.500723,0.314418,0.947785,-0.053291,0.222009,-0.613220,0.245651,0.750717,-0.522925,0.000000,0.000000,0.000000,1.000000,0.09514110505498805,56.75452320628121
1782485682.255625,0.724609,-0.203368,0.658438,0.500723,0.314418,0.947785,-0.053291,0.222009,-0.613220,0.245651,0.750717,-0.522925,0.000000,0.000000,0.000000,1.000000,0.09514110505498805,56.75452320628121
1782485682.291014,0.724609,-0.203368,0.658438,0.500723,0.314418,0.947785,-0.053291,0.222009,-0.613220,0.245651,0.750717,-0.522925,0.000000,0.000000,0.000000,1.000000,0.09514110505498805,56.75452320628121
1782485682.326367,0.724609,-0.203368,0.658438,0.500723,0.314418,0.947785,-0.053291,0.222009,-0.613220,0.245651,0.750717,-0.522925,0.000000,0.000000,0.000000,1.000000,0.09514110505498805,56.75452320628121
1782485682.361894,0.724609,-0.203368,0.658438,0.500723,0.314418,0.947785,-0.053291,0.222009,-0.613220,0.245651,0.750717,-0.522925,0.000000,0.000000,0.000000,1.000000,0.09514110505498805,56.75452320628121
1782485682.397471,0.724609,-0.203368,0.658438,0.500723,0.314418,0.947785,-0.053291,0.222009,-0.613220,0.245651,0.750717,-0.522925,0.000000,0.000000,0.000000,1.000000,0.09514110505498805,56.75452320628121
1782485682.433032,0.724609,-0.203368,0.658438,0.500723,0.314418,0.947785,-0.053291,0.222009,-0.613220,0.245651,0.750717,-0.522925,0.000000,0.000000,0.000000,1.000000,0.09514110505498805,56.75452320628121
1782485682.468031,0.724609,-0.203368,0.658438,0.500723,0.314418,0.947785,-0.053291,0.222009,-0.613220,0.245651,0.750717,-0.522925,0.000000,0.000000,0.000000,1.000000,0.09514110505498805,56.75452320628121
1782485682.503554,0.724609,-0.203368,0.658438,0.500723,0.314418,0.947785,-0.053291,0.222009,-0.613220,0.245651,0.750717,-0.522925,0.000000,0.000000,0.000000,1.000000,0.09514110505498805,56.75452320628121
1782485682.539283,0.724609,-0.203368,0.658438,0.500723,0.314418,0.947785,-0.053291,0.222009,-0.613220,0.245651,0.750717,-0.522925,0.000000,0.000000,0.000000,1.000000,0.09514110505498805,56.75452320628121
1782485682.574753,0.724609,-0.203368,0.658438,0.500723,0.314418,0.947785,-0.053291,0.222009,-0.613220,0.245651,0.750717,-0.522925,0.000000,0.000000,0.000000,1.000000,0.09514110505498805,56.75452320628121
1782485682.609943,0.724609,-0.203368,0.658438,0.500723,0.314418,0.947785,-0.053291,0.222009,-0.613220,0.245651,0.750717,-0.522925,0.000000,0.000000,0.000000,1.000000,0.09514110505498805,56.75452320628121
1782485682.645513,0.724609,-0.203368,0.658438,0.500723,0.314418,0.947785,-0.053291,0.222009,-0.613220,0.245651,0.750717,-0.522925,0.000000,0.000000,0.000000,1.000000,0.09514110505498805,56.75452320628121
1782485682.681095,0.724609,-0.203368,0.658438,0.500723,0.314418,0.947785,-0.053291,0.222009,-0.613220,0.245651,0.750717,-0.522925,0.000000,0.000000,0.000000,1.000000,0.09514110505498805,56.75452320628121
1782485682.716646,0.724609,-0.203368,0.658438,0.500723,0.314418,0.947785,-0.053291,0.222009,-0.613220,0.245651,0.750717,-0.522925,0.000000,0.000000,0.000000,1.000000,0.09514110505498805,56.75452320628121
1782485682.751862,0.724609,-0.203368,0.658438,0.500723,0.314418,0.947785,-0.053291,0.222009,-0.613220,0.245651,0.750717,-0.522925,0.000000,0.000000,0.000000,1.000000,0.09514110505498805,56.75452320628121
1782485682.787698,0.724609,-0.203368,0.658438,0.500723,0.314418,0.947785,-0.053291,0.222009,-0.613220,0.245651,0.750717,-0.522925,0.000000,0.000000,0.000000,1.000000,0.09514110505498805,56.75452320628121
1782485682.823128,0.724609,-0.203368,0.658438,0.500723,0.314418,0.947785,-0.053291,0.222009,-0.613220,0.245651,0.750717,-0.522925,0.000000,0.000000,0.000000,1.000000,0.09514110505498805,56.75452320628121
1782485682.858672,0.724609,-0.203368,0.658438,0.500723,0.314418,0.947785,-0.053291,0.222009,-0.613220,0.245651,0.750717,-0.522925,0.000000,0.000000,0.000000,1.000000,0.09514110505498805,56.75452320628121
1782485682.894254,0.724609,-0.203368,0.658438,0.500723,0.314418,0.947785,-0.053291,0.222009,-0.613220,0.245651,0.750717,-0.522925,0.000000,0.000000,0.000000,1.000000,0.09514110505498805,56.75452320628121
1782485682.929797,0.724609,-0.203368,0.658438,0.500723,0.314418,0.947785,-0.053291,0.222009,-0.613220,0.245651,0.750717,-0.522925,0.000000,0.000000,0.000000,1.000000,0.09514110505498805,56.75452320628121
1782485682.964324,0.724609,-0.203368,0.658438,0.500723,0.314418,0.947785,-0.053291,0.222009,-0.613220,0.245651,0.750717,-0.522925,0.000000,0.000000,0.000000,1.000000,0.09514110505498805,56.75452320628121
1782485682.999910,0.724609,-0.203368,0.658438,0.500723,0.314418,0.947785,-0.053291,0.222009,-0.613220,0.245651,0.750717,-0.522925,0.000000,0.000000,0.000000,1.000000,0.09514110505498805,56.75452320628121
1782485683.035336,0.724609,-0.203368,0.658438,0.500723,0.314418,0.947785,-0.053291,0.222009,-0.613220,0.245651,0.750717,-0.522925,0.000000,0.000000,0.000000,1.000000,0.09514110505498805,56.75452320628121
1782485683.070481,0.724609,-0.203368,0.658438,0.500723,0.314418,0.947785,-0.053291,0.222009,-0.613220,0.245651,0.750717,-0.522925,0.000000,0.000000,0.000000,1.000000,0.09514110505498805,56.75452320628121
1782485683.106282,0.724609,-0.203368,0.658438,0.500723,0.314418,0.947785,-0.053291,0.222009,-0.613220,0.245651,0.750717,-0.522925,0.000000,0.000000,0.000000,1.000000,0.09514110505498805,56.75452320628121
1782485683.142048,0.724609,-0.203368,0.658438,0.500723,0.314418,0.947785,-0.053291,0.222009,-0.613220,0.245651,0.750717,-0.522925,0.000000,0.000000,0.000000,1.000000,0.09514110505498805,56.75452320628121
1782485683.177980,0.724609,-0.203368,0.658438,0.500723,0.314418,0.947785,-0.053291,0.222009,-0.613220,0.245651,0.750717,-0.522925,0.000000,0.000000,0.000000,1.000000,0.09514110505498805,56.75452320628121
1782485683.213795,0.724609,-0.203368,0.658438,0.500723,0.314418,0.947785,-0.053291,0.222009,-0.613220,0.245651,0.750717,-0.522925,0.000000,0.000000,0.000000,1.000000,0.09514110505498805,56.75452320628121
1782485683.249406,0.724609,-0.203368,0.658438,0.500723,0.314418,0.947785,-0.053291,0.222009,-0.613220,0.245651,0.750717,-0.522925,0.000000,0.000000,0.000000,1.000000,0.09514110505498805,56.75452320628121
1782485683.284602,0.724609,-0.203368,0.658438,0.500723,0.314418,0.947785,-0.053291,0.222009,-0.613220,0.245651,0.750717,-0.522925,0.000000,0.000000,0.000000,1.000000,0.09514110505498805,56.75452320628121
1782485683.320361,0.724609,-0.203368,0.658438,0.500723,0.314418,0.947785,-0.053291,0.222009,-0.613220,0.245651,0.750717,-0.522925,0.000000,0.000000,0.000000,1.000000,0.09514110505498805,56.75452320628121
1782485683.355629,0.724609,-0.203368,0.658438,0.500723,0.314418,0.947785,-0.053291,0.222009,-0.613220,0.245651,0.750717,-0.522925,0.000000,0.000000,0.000000,1.000000,0.09514110505498805,56.75452320628121
1782485683.389987,0.724609,-0.203368,0.658438,0.500723,0.314418,0.947785,-0.053291,0.222009,-0.613220,0.245651,0.750717,-0.522925,0.000000,0.000000,0.000000,1.000000,0.09514110505498805,56.75452320628121
1782485683.425442,0.724609,-0.203368,0.658438,0.500723,0.314418,0.947785,-0.053291,0.222009,-0.613220,0.245651,0.750717,-0.522925,0.000000,0.000000,0.000000,1.000000,0.09514110505498805,56.75452320628121
1782485683.460538,0.724609,-0.203368,0.658438,0.500723,0.314418,0.947785,-0.053291,0.222009,-0.613220,0.245651,0.750717,-0.522925,0.000000,0.000000,0.000000,1.000000,0.09514110505498805,56.75452320628121
1782485683.496036,0.724609,-0.203368,0.658438,0.500723,0.314418,0.947785,-0.053291,0.222009,-0.613220,0.245651,0.750717,-0.522925,0.000000,0.000000,0.000000,1.000000,0.09514110505498805,56.75452320628121
1782485683.531266,0.724609,-0.203368,0.658438,0.500723,0.314418,0.947785,-0.053291,0.222009,-0.613220,0.245651,0.750717,-0.522925,0.000000,0.000000,0.000000,1.000000,0.09514110505498805,56.75452320628121
1782485683.566403,0.724609,-0.203368,0.658438,0.500723,0.314418,0.947785,-0.053291,0.222009,-0.613220,0.245651,0.750717,-0.522925,0.000000,0.000000,0.000000,1.000000,0.09514110505498805,56.75452320628121
1782485683.601551,0.724609,-0.203368,0.658438,0.500723,0.314418,0.947785,-0.053291,0.222009,-0.613220,0.245651,0.750717,-0.522925,0.000000,0.000000,0.000000,1.000000,0.09514110505498805,56.75452320628121
1782485683.637030,0.724609,-0.203368,0.658438,0.500723,0.314418,0.947785,-0.053291,0.222009,-0.613220,0.245651,0.750717,-0.522925,0.000000,0.000000,0.000000,1.000000,0.09514110505498805,56.75452320628121
1782485683.672405,0.724609,-0.203368,0.658438,0.500723,0.314418,0.947785,-0.053291,0.222009,-0.613220,0.245651,0.750717,-0.522925,0.000000,0.000000,0.000000,1.000000,0.09514110505498805,56.75452320628121
1782485683.707769,0.724609,-0.203368,0.658438,0.500723,0.314418,0.947785,-0.053291,0.222009,-0.613220,0.245651,0.750717,-0.522925,0.000000,0.000000,0.000000,1.000000,0.09514110505498805,56.75452320628121
1782485683.742996,0.724609,-0.203368,0.658438,0.500723,0.314418,0.947785,-0.053291,0.222009,-0.613220,0.245651,0.750717,-0.522925,0.000000,0.000000,0.000000,1.000000,0.09514110505498805,56.75452320628121
1782485683.778239,0.724609,-0.203368,0.658438,0.500723,0.314418,0.947785,-0.053291,0.222009,-0.613220,0.245651,0.750717,-0.522925,0.000000,0.000000,0.000000,1.000000,0.09514110505498805,56.75452320628121
1782485683.813630,0.724609,-0.203368,0.658438,0.500723,0.314418,0.947785,-0.053291,0.222009,-0.613220,0.245651,0.750717,-0.522925,0.000000,0.000000,0.000000,1.000000,0.09514110505498805,56.75452320628121
1782485683.848473,0.724609,-0.203368,0.658438,0.500723,0.314418,0.947785,-0.053291,0.222009,-0.613220,0.245651,0.750717,-0.522925,0.000000,0.000000,0.000000,1.000000,0.09514110505498805,56.75452320628121
1782485683.884317,0.724609,-0.203368,0.658438,0.500723,0.314418,0.947785,-0.053291,0.222009,-0.613220,0.245651,0.750717,-0.522925,0.000000,0.000000,0.000000,1.000000,0.09514110505498805,56.75452320628121
1782485683.919872,0.724609,-0.203368,0.658438,0.500723,0.314418,0.947785,-0.053291,0.222009,-0.613220,0.245651,0.750717,-0.522925,0.000000,0.000000,0.000000,1.000000,0.09514110505498805,56.75452320628121
1782485683.955274,0.724609,-0.203368,0.658438,0.500723,0.314418,0.947785,-0.053291,0.222009,-0.613220,0.245651,0.750717,-0.522925,0.000000,0.000000,0.000000,1.000000,0.09514110505498805,56.75452320628121
1782485683.990785,0.724609,-0.203368,0.658438,0.500723,0.314418,0.947785,-0.053291,0.222009,-0.613220,0.245651,0.750717,-0.522925,0.000000,0.000000,0.000000,1.000000,0.09514110505498805,56.75452320628121
1782485684.026016,0.724609,-0.203368,0.658438,0.500723,0.314418,0.947785,-0.053291,0.222009,-0.613220,0.245651,0.750717,-0.522925,0.000000,0.000000,0.000000,1.000000,0.09514110505498805,56.75452320628121
1782485684.061673,0.724609,-0.203368,0.658438,0.500723,0.314418,0.947785,-0.053291,0.222009,-0.613220,0.245651,0.750717,-0.522925,0.000000,0.000000,0.000000,1.000000,0.09514110505498805,56.75452320628121
1782485684.097289,0.724609,-0.203368,0.658438,0.500723,0.314418,0.947785,-0.053291,0.222009,-0.613220,0.245651,0.750717,-0.522925,0.000000,0.000000,0.000000,1.000000,0.09514110505498805,56.75452320628121
1782485684.132679,0.724609,-0.203368,0.658438,0.500723,0.314418,0.947785,-0.053291,0.222009,-0.613220,0.245651,0.750717,-0.522925,0.000000,0.000000,0.000000,1.000000,0.09514110505498805,56.75452320628121
1782485684.167820,0.724609,-0.203368,0.658438,0.500723,0.314418,0.947785,-0.053291,0.222009,-0.613220,0.245651,0.750717,-0.522925,0.000000,0.000000,0.000000,1.000000,0.09514110505498805,56.75452320628121
1782485684.203228,0.724609,-0.203368,0.658438,0.500723,0.314418,0.947785,-0.053291,0.222009,-0.613220,0.245651,0.750717,-0.522925,0.000000,0.000000,0.000000,1.000000,0.09514110505498805,56.75452320628121
1782485684.238958,0.724609,-0.203368,0.658438,0.500723,0.314418,0.947785,-0.053291,0.222009,-0.613220,0.245651,0.750717,-0.522925,0.000000,0.000000,0.000000,1.000000,0.09514110505498805,56.75452320628121
1782485684.274410,0.724609,-0.203368,0.658438,0.500723,0.314418,0.947785,-0.053291,0.222009,-0.613220,0.245651,0.750717,-0.522925,0.000000,0.000000,0.000000,1.000000,0.09514110505498805,56.75452320628121
1782485684.309745,0.724609,-0.203368,0.658438,0.500723,0.314418,0.947785,-0.053291,0.222009,-0.613220,0.245651,0.750717,-0.522925,0.000000,0.000000,0.000000,1.000000,0.09514110505498805,56.75452320628121
1782485684.345490,0.724609,-0.203368,0.658438,0.500723,0.314418,0.947785,-0.053291,0.222009,-0.613220,0.245651,0.750717,-0.522925,0.000000,0.000000,0.000000,1.000000,0.09514110505498805,56.75452320628121
1782485684.381013,0.724609,-0.203368,0.658438,0.500723,0.314418,0.947785,-0.053291,0.222009,-0.613220,0.245651,0.750717,-0.522925,0.000000,0.000000,0.000000,1.000000,0.09514110505498805,56.75452320628121
1782485684.416455,0.724609,-0.203368,0.658438,0.500723,0.314418,0.947785,-0.053291,0.222009,-0.613220,0.245651,0.750717,-0.522925,0.000000,0.000000,0.000000,1.000000,0.09514110505498805,56.75452320628121
1782485684.451532,0.724609,-0.203368,0.658438,0.500723,0.314418,0.947785,-0.053291,0.222009,-0.613220,0.245651,0.750717,-0.522925,0.000000,0.000000,0.000000,1.000000,0.09514110505498805,56.75452320628121
1782485684.486977,0.724609,-0.203368,0.658438,0.500723,0.314418,0.947785,-0.053291,0.222009,-0.613220,0.245651,0.750717,-0.522925,0.000000,0.000000,0.000000,1.000000,0.09514110505498805,56.75452320628121
1782485684.522590,0.724609,-0.203368,0.658438,0.500723,0.314418,0.947785,-0.053291,0.222009,-0.613220,0.245651,0.750717,-0.522925,0.000000,0.000000,0.000000,1.000000,0.09514110505498805,56.75452320628121
1782485684.557963,0.724609,-0.203368,0.658438,0.500723,0.314418,0.947785,-0.053291,0.222009,-0.613220,0.245651,0.750717,-0.522925,0.000000,0.000000,0.000000,1.000000,0.09514110505498805,56.75452320628121
1782485684.593209,0.724609,-0.203368,0.658438,0.500723,0.314418,0.947785,-0.053291,0.222009,-0.613220,0.245651,0.750717,-0.522925,0.000000,0.000000,0.000000,1.000000,0.09514110505498805,56.75452320628121
1782485684.628766,0.724609,-0.203368,0.658438,0.500723,0.314418,0.947785,-0.053291,0.222009,-0.613220,0.245651,0.750717,-0.522925,0.000000,0.000000,0.000000,1.000000,0.09514110505498805,56.75452320628121
1782485684.664193,0.724609,-0.203368,0.658438,0.500723,0.314418,0.947785,-0.053291,0.222009,-0.613220,0.245651,0.750717,-0.522925,0.000000,0.000000,0.000000,1.000000,0.09514110505498805,56.75452320628121
1782485684.699623,0.724609,-0.203368,0.658438,0.500723,0.314418,0.947785,-0.053291,0.222009,-0.613220,0.245651,0.750717,-0.522925,0.000000,0.000000,0.000000,1.000000,0.09514110505498805,56.75452320628121
1782485684.733929,0.724609,-0.203368,0.658438,0.500723,0.314418,0.947785,-0.053291,0.222009,-0.613220,0.245651,0.750717,-0.522925,0.000000,0.000000,0.000000,1.000000,0.09514110505498805,56.75452320628121
1782485684.769729,0.724609,-0.203368,0.658438,0.500723,0.314418,0.947785,-0.053291,0.222009,-0.613220,0.245651,0.750717,-0.522925,0.000000,0.000000,0.000000,1.000000,0.09514110505498805,56.75452320628121
1782485684.805101,0.724609,-0.203368,0.658438,0.500723,0.314418,0.947785,-0.053291,0.222009,-0.613220,0.245651,0.750717,-0.522925,0.000000,0.000000,0.000000,1.000000,0.09514110505498805,56.75452320628121
1782485684.840698,0.724609,-0.203368,0.658438,0.500723,0.314418,0.947785,-0.053291,0.222009,-0.613220,0.245651,0.750717,-0.522925,0.000000,0.000000,0.000000,1.000000,0.09514110505498805,56.75452320628121
1782485684.876163,0.724609,-0.203368,0.658438,0.500723,0.314418,0.947785,-0.053291,0.222009,-0.613220,0.245651,0.750717,-0.522925,0.000000,0.000000,0.000000,1.000000,0.09514110505498805,56.75452320628121
1782485684.911525,0.724609,-0.203368,0.658438,0.500723,0.314418,0.947785,-0.053291,0.222009,-0.613220,0.245651,0.750717,-0.522925,0.000000,0.000000,0.000000,1.000000,0.09514110505498805,56.75452320628121
1782485684.946871,0.724609,-0.203368,0.658438,0.500723,0.314418,0.947785,-0.053291,0.222009,-0.613220,0.245651,0.750717,-0.522925,0.000000,0.000000,0.000000,1.000000,0.09514110505498805,56.75452320628121
1782485684.981880,0.724609,-0.203368,0.658438,0.500723,0.314418,0.947785,-0.053291,0.222009,-0.613220,0.245651,0.750717,-0.522925,0.000000,0.000000,0.000000,1.000000,0.09514110505498805,56.75452320628121
1782485685.017482,0.724609,-0.203368,0.658438,0.500723,0.314418,0.947785,-0.053291,0.222009,-0.613220,0.245651,0.750717,-0.522925,0.000000,0.000000,0.000000,1.000000,0.09514110505498805,56.75452320628121
1782485685.053034,0.724609,-0.203368,0.658438,0.500723,0.314418,0.947785,-0.053291,0.222009,-0.613220,0.245651,0.750717,-0.522925,0.000000,0.000000,0.000000,1.000000,0.09514110505498805,56.75452320628121
1782485685.087812,0.724609,-0.203368,0.658438,0.500723,0.314418,0.947785,-0.053291,0.222009,-0.613220,0.245651,0.750717,-0.522925,0.000000,0.000000,0.000000,1.000000,0.09514110505498805,56.75452320628121
1782485685.122553,0.724609,-0.203368,0.658438,0.500723,0.314418,0.947785,-0.053291,0.222009,-0.613220,0.245651,0.750717,-0.522925,0.000000,0.000000,0.000000,1.000000,0.09514110505498805,56.75452320628121
1782485685.157926,0.724609,-0.203368,0.658438,0.500723,0.314418,0.947785,-0.053291,0.222009,-0.613220,0.245651,0.750717,-0.522925,0.000000,0.000000,0.000000,1.000000,0.09514110505498805,56.75452320628121
1782485685.193156,0.724609,-0.203368,0.658438,0.500723,0.314418,0.947785,-0.053291,0.222009,-0.613220,0.245651,0.750717,-0.522925,0.000000,0.000000,0.000000,1.000000,0.09514110505498805,56.75452320628121
1782485685.228611,0.724609,-0.203368,0.658438,0.500723,0.314418,0.947785,-0.053291,0.222009,-0.613220,0.245651,0.750717,-0.522925,0.000000,0.000000,0.000000,1.000000,0.09514110505498805,56.75452320628121
1782485685.264111,0.724609,-0.203368,0.658438,0.500723,0.314418,0.947785,-0.053291,0.222009,-0.613220,0.245651,0.750717,-0.522925,0.000000,0.000000,0.000000,1.000000,0.09514110505498805,56.75452320628121
1782485685.298631,0.724609,-0.203368,0.658438,0.500723,0.314418,0.947785,-0.053291,0.222009,-0.613220,0.245651,0.750717,-0.522925,0.000000,0.000000,0.000000,1.000000,0.09514110505498805,56.75452320628121
1782485685.333628,0.724609,-0.203368,0.658438,0.500723,0.314418,0.947785,-0.053291,0.222009,-0.613220,0.245651,0.750717,-0.522925,0.000000,0.000000,0.000000,1.000000,0.09514110505498805,56.75452320628121
1782485685.368056,0.724609,-0.203368,0.658438,0.500723,0.314418,0.947785,-0.053291,0.222009,-0.613220,0.245651,0.750717,-0.522925,0.000000,0.000000,0.000000,1.000000,0.09514110505498805,56.75452320628121
1782485685.403317,0.724609,-0.203368,0.658438,0.500723,0.314418,0.947785,-0.053291,0.222009,-0.613220,0.245651,0.750717,-0.522925,0.000000,0.000000,0.000000,1.000000,0.09514110505498805,56.75452320628121
1782485685.438682,0.724609,-0.203368,0.658438,0.500723,0.314418,0.947785,-0.053291,0.222009,-0.613220,0.245651,0.750717,-0.522925,0.000000,0.000000,0.000000,1.000000,0.09514110505498805,56.75452320628121
1782485685.473529,0.724609,-0.203368,0.658438,0.500723,0.314418,0.947785,-0.053291,0.222009,-0.613220,0.245651,0.750717,-0.522925,0.000000,0.000000,0.000000,1.000000,0.09514110505498805,56.75452320628121
1782485685.508514,0.724609,-0.203368,0.658438,0.500723,0.314418,0.947785,-0.053291,0.222009,-0.613220,0.245651,0.750717,-0.522925,0.000000,0.000000,0.000000,1.000000,0.09514110505498805,56.75452320628121
1782485685.543533,0.724609,-0.203368,0.658438,0.500723,0.314418,0.947785,-0.053291,0.222009,-0.613220,0.245651,0.750717,-0.522925,0.000000,0.000000,0.000000,1.000000,0.09514110505498805,56.75452320628121
1782485685.578794,0.724609,-0.203368,0.658438,0.500723,0.314418,0.947785,-0.053291,0.222009,-0.613220,0.245651,0.750717,-0.522925,0.000000,0.000000,0.000000,1.000000,0.09514110505498805,56.75452320628121
1782485685.614022,0.724609,-0.203368,0.658438,0.500723,0.314418,0.947785,-0.053291,0.222009,-0.613220,0.245651,0.750717,-0.522925,0.000000,0.000000,0.000000,1.000000,0.09514110505498805,56.75452320628121
1782485685.649138,0.724609,-0.203368,0.658438,0.500723,0.314418,0.947785,-0.053291,0.222009,-0.613220,0.245651,0.750717,-0.522925,0.000000,0.000000,0.000000,1.000000,0.09514110505498805,56.75452320628121
1782485685.684065,0.724609,-0.203368,0.658438,0.500723,0.314418,0.947785,-0.053291,0.222009,-0.613220,0.245651,0.750717,-0.522925,0.000000,0.000000,0.000000,1.000000,0.09514110505498805,56.75452320628121
1782485685.719118,0.724609,-0.203368,0.658438,0.500723,0.314418,0.947785,-0.053291,0.222009,-0.613220,0.245651,0.750717,-0.522925,0.000000,0.000000,0.000000,1.000000,0.09514110505498805,56.75452320628121
1782485685.754516,0.724609,-0.203368,0.658438,0.500723,0.314418,0.947785,-0.053291,0.222009,-0.613220,0.245651,0.750717,-0.522925,0.000000,0.000000,0.000000,1.000000,0.09514110505498805,56.75452320628121
1782485685.789154,0.724609,-0.203368,0.658438,0.500723,0.314418,0.947785,-0.053291,0.222009,-0.613220,0.245651,0.750717,-0.522925,0.000000,0.000000,0.000000,1.000000,0.09514110505498805,56.75452320628121
1782485685.824433,0.724609,-0.203368,0.658438,0.500723,0.314418,0.947785,-0.053291,0.222009,-0.613220,0.245651,0.750717,-0.522925,0.000000,0.000000,0.000000,1.000000,0.09514110505498805,56.75452320628121
1782485685.859738,0.724609,-0.203368,0.658438,0.500723,0.314418,0.947785,-0.053291,0.222009,-0.613220,0.245651,0.750717,-0.522925,0.000000,0.000000,0.000000,1.000000,0.09514110505498805,56.75452320628121
1782485685.895546,0.724609,-0.203368,0.658438,0.500723,0.314418,0.947785,-0.053291,0.222009,-0.613220,0.245651,0.750717,-0.522925,0.000000,0.000000,0.000000,1.000000,0.09514110505498805,56.75452320628121
1782485685.930951,0.724609,-0.203368,0.658438,0.500723,0.314418,0.947785,-0.053291,0.222009,-0.613220,0.245651,0.750717,-0.522925,0.000000,0.000000,0.000000,1.000000,0.09514110505498805,56.75452320628121
1782485685.966344,0.724609,-0.203368,0.658438,0.500723,0.314418,0.947785,-0.053291,0.222009,-0.613220,0.245651,0.750717,-0.522925,0.000000,0.000000,0.000000,1.000000,0.09514110505498805,56.75452320628121
1782485686.001459,0.724609,-0.203368,0.658438,0.500723,0.314418,0.947785,-0.053291,0.222009,-0.613220,0.245651,0.750717,-0.522925,0.000000,0.000000,0.000000,1.000000,0.09514110505498805,56.75452320628121
1782485686.036898,0.724609,-0.203368,0.658438,0.500723,0.314418,0.947785,-0.053291,0.222009,-0.613220,0.245651,0.750717,-0.522925,0.000000,0.000000,0.000000,1.000000,0.09514110505498805,56.75452320628121
1782485686.072481,0.724609,-0.203368,0.658438,0.500723,0.314418,0.947785,-0.053291,0.222009,-0.613220,0.245651,0.750717,-0.522925,0.000000,0.000000,0.000000,1.000000,0.09514110505498805,56.75452320628121
1782485686.107808,0.724609,-0.203368,0.658438,0.500723,0.314418,0.947785,-0.053291,0.222009,-0.613220,0.245651,0.750717,-0.522925,0.000000,0.000000,0.000000,1.000000,0.09514110505498805,56.75452320628121
1782485686.142955,0.724609,-0.203368,0.658438,0.500723,0.314418,0.947785,-0.053291,0.222009,-0.613220,0.245651,0.750717,-0.522925,0.000000,0.000000,0.000000,1.000000,0.09514110505498805,56.75452320628121
1782485686.178576,0.724609,-0.203368,0.658438,0.500723,0.314418,0.947785,-0.053291,0.222009,-0.613220,0.245651,0.750717,-0.522925,0.000000,0.000000,0.000000,1.000000,0.09514110505498805,56.75452320628121
1782485686.214090,0.724609,-0.203368,0.658438,0.500723,0.314418,0.947785,-0.053291,0.222009,-0.613220,0.245651,0.750717,-0.522925,0.000000,0.000000,0.000000,1.000000,0.09514110505498805,56.75452320628121
1782485686.249516,0.724609,-0.203368,0.658438,0.500723,0.314418,0.947785,-0.053291,0.222009,-0.613220,0.245651,0.750717,-0.522925,0.000000,0.000000,0.000000,1.000000,0.09514110505498805,56.75452320628121
1782485686.283549,0.724609,-0.203368,0.658438,0.500723,0.314418,0.947785,-0.053291,0.222009,-0.613220,0.245651,0.750717,-0.522925,0.000000,0.000000,0.000000,1.000000,0.09514110505498805,56.75452320628121
1782485686.318723,0.724609,-0.203368,0.658438,0.500723,0.314418,0.947785,-0.053291,0.222009,-0.613220,0.245651,0.750717,-0.522925,0.000000,0.000000,0.000000,1.000000,0.09514110505498805,56.75452320628121
1782485686.354248,0.724609,-0.203368,0.658438,0.500723,0.314418,0.947785,-0.053291,0.222009,-0.613220,0.245651,0.750717,-0.522925,0.000000,0.000000,0.000000,1.000000,0.09514110505498805,56.75452320628121
1782485686.389215,0.724609,-0.203368,0.658438,0.500723,0.314418,0.947785,-0.053291,0.222009,-0.613220,0.245651,0.750717,-0.522925,0.000000,0.000000,0.000000,1.000000,0.09514110505498805,56.75452320628121
1782485686.424659,0.724609,-0.203368,0.658438,0.500723,0.314418,0.947785,-0.053291,0.222009,-0.613220,0.245651,0.750717,-0.522925,0.000000,0.000000,0.000000,1.000000,0.09514110505498805,56.75452320628121
1782485686.459890,0.724609,-0.203368,0.658438,0.500723,0.314418,0.947785,-0.053291,0.222009,-0.613220,0.245651,0.750717,-0.522925,0.000000,0.000000,0.000000,1.000000,0.09514110505498805,56.75452320628121
1782485686.495413,0.724609,-0.203368,0.658438,0.500723,0.314418,0.947785,-0.053291,0.222009,-0.613220,0.245651,0.750717,-0.522925,0.000000,0.000000,0.000000,1.000000,0.09514110505498805,56.75452320628121
1782485686.530858,0.724609,-0.203368,0.658438,0.500723,0.314418,0.947785,-0.053291,0.222009,-0.613220,0.245651,0.750717,-0.522925,0.000000,0.000000,0.000000,1.000000,0.09514110505498805,56.75452320628121
1782485686.565997,0.724609,-0.203368,0.658438,0.500723,0.314418,0.947785,-0.053291,0.222009,-0.613220,0.245651,0.750717,-0.522925,0.000000,0.000000,0.000000,1.000000,0.09514110505498805,56.75452320628121
1782485686.601234,0.724609,-0.203368,0.658438,0.500723,0.314418,0.947785,-0.053291,0.222009,-0.613220,0.245651,0.750717,-0.522925,0.000000,0.000000,0.000000,1.000000,0.09514110505498805,56.75452320628121
1782485686.636787,0.724609,-0.203368,0.658438,0.500723,0.314418,0.947785,-0.053291,0.222009,-0.613220,0.245651,0.750717,-0.522925,0.000000,0.000000,0.000000,1.000000,0.09514110505498805,56.75452320628121
1782485686.672359,0.724609,-0.203368,0.658438,0.500723,0.314418,0.947785,-0.053291,0.222009,-0.613220,0.245651,0.750717,-0.522925,0.000000,0.000000,0.000000,1.000000,0.09514110505498805,56.75452320628121
1782485686.707697,0.724609,-0.203368,0.658438,0.500723,0.314418,0.947785,-0.053291,0.222009,-0.613220,0.245651,0.750717,-0.522925,0.000000,0.000000,0.000000,1.000000,0.09514110505498805,56.75452320628121
1782485686.742970,0.724609,-0.203368,0.658438,0.500723,0.314418,0.947785,-0.053291,0.222009,-0.613220,0.245651,0.750717,-0.522925,0.000000,0.000000,0.000000,1.000000,0.09514110505498805,56.75452320628121
1782485686.778508,0.724609,-0.203368,0.658438,0.500723,0.314418,0.947785,-0.053291,0.222009,-0.613220,0.245651,0.750717,-0.522925,0.000000,0.000000,0.000000,1.000000,0.09514110505498805,56.75452320628121
1782485686.814163,0.724609,-0.203368,0.658438,0.500723,0.314418,0.947785,-0.053291,0.222009,-0.613220,0.245651,0.750717,-0.522925,0.000000,0.000000,0.000000,1.000000,0.09514110505498805,56.75452320628121
1782485686.849539,0.724609,-0.203368,0.658438,0.500723,0.314418,0.947785,-0.053291,0.222009,-0.613220,0.245651,0.750717,-0.522925,0.000000,0.000000,0.000000,1.000000,0.09514110505498805,56.75452320628121
1782485686.884607,0.724609,-0.203368,0.658438,0.500723,0.314418,0.947785,-0.053291,0.222009,-0.613220,0.245651,0.750717,-0.522925,0.000000,0.000000,0.000000,1.000000,0.09514110505498805,56.75452320628121
1782485686.919850,0.724609,-0.203368,0.658438,0.500723,0.314418,0.947785,-0.053291,0.222009,-0.613220,0.245651,0.750717,-0.522925,0.000000,0.000000,0.000000,1.000000,0.09514110505498805,56.75452320628121
1782485686.954614,0.724609,-0.203368,0.658438,0.500723,0.314418,0.947785,-0.053291,0.222009,-0.613220,0.245651,0.750717,-0.522925,0.000000,0.000000,0.000000,1.000000,0.09514110505498805,56.75452320628121
1782485686.989855,0.724609,-0.203368,0.658438,0.500723,0.314418,0.947785,-0.053291,0.222009,-0.613220,0.245651,0.750717,-0.522925,0.000000,0.000000,0.000000,1.000000,0.09514110505498805,56.75452320628121
1782485687.024830,0.724609,-0.203368,0.658438,0.500723,0.314418,0.947785,-0.053291,0.222009,-0.613220,0.245651,0.750717,-0.522925,0.000000,0.000000,0.000000,1.000000,0.09514110505498805,56.75452320628121
1782485687.059987,0.724609,-0.203368,0.658438,0.500723,0.314418,0.947785,-0.053291,0.222009,-0.613220,0.245651,0.750717,-0.522925,0.000000,0.000000,0.000000,1.000000,0.09514110505498805,56.75452320628121
1782485687.095332,0.724609,-0.203368,0.658438,0.500723,0.314418,0.947785,-0.053291,0.222009,-0.613220,0.245651,0.750717,-0.522925,0.000000,0.000000,0.000000,1.000000,0.09514110505498805,56.75452320628121
1782485687.130194,0.724609,-0.203368,0.658438,0.500723,0.314418,0.947785,-0.053291,0.222009,-0.613220,0.245651,0.750717,-0.522925,0.000000,0.000000,0.000000,1.000000,0.09514110505498805,56.75452320628121
1782485687.165705,0.724609,-0.203368,0.658438,0.500723,0.314418,0.947785,-0.053291,0.222009,-0.613220,0.245651,0.750717,-0.522925,0.000000,0.000000,0.000000,1.000000,0.09514110505498805,56.75452320628121
1782485687.201008,0.724609,-0.203368,0.658438,0.500723,0.314418,0.947785,-0.053291,0.222009,-0.613220,0.245651,0.750717,-0.522925,0.000000,0.000000,0.000000,1.000000,0.09514110505498805,56.75452320628121
1782485687.236500,0.724609,-0.203368,0.658438,0.500723,0.314418,0.947785,-0.053291,0.222009,-0.613220,0.245651,0.750717,-0.522925,0.000000,0.000000,0.000000,1.000000,0.09514110505498805,56.75452320628121
1782485687.271225,0.724609,-0.203368,0.658438,0.500723,0.314418,0.947785,-0.053291,0.222009,-0.613220,0.245651,0.750717,-0.522925,0.000000,0.000000,0.000000,1.000000,0.09514110505498805,56.75452320628121
1782485687.305794,0.724609,-0.203368,0.658438,0.500723,0.314418,0.947785,-0.053291,0.222009,-0.613220,0.245651,0.750717,-0.522925,0.000000,0.000000,0.000000,1.000000,0.09514110505498805,56.75452320628121
1782485687.340980,0.724609,-0.203368,0.658438,0.500723,0.314418,0.947785,-0.053291,0.222009,-0.613220,0.245651,0.750717,-0.522925,0.000000,0.000000,0.000000,1.000000,0.09514110505498805,56.75452320628121
1782485687.375991,0.724609,-0.203368,0.658438,0.500723,0.314418,0.947785,-0.053291,0.222009,-0.613220,0.245651,0.750717,-0.522925,0.000000,0.000000,0.000000,1.000000,0.09514110505498805,56.75452320628121
1782485687.410532,0.724609,-0.203368,0.658438,0.500723,0.314418,0.947785,-0.053291,0.222009,-0.613220,0.245651,0.750717,-0.522925,0.000000,0.000000,0.000000,1.000000,0.09514110505498805,56.75452320628121
1782485687.446008,0.724609,-0.203368,0.658438,0.500723,0.314418,0.947785,-0.053291,0.222009,-0.613220,0.245651,0.750717,-0.522925,0.000000,0.000000,0.000000,1.000000,0.09514110505498805,56.75452320628121
1782485687.481223,0.724609,-0.203368,0.658438,0.500723,0.314418,0.947785,-0.053291,0.222009,-0.613220,0.245651,0.750717,-0.522925,0.000000,0.000000,0.000000,1.000000,0.09514110505498805,56.75452320628121
1782485687.515862,0.724609,-0.203368,0.658438,0.500723,0.314418,0.947785,-0.053291,0.222009,-0.613220,0.245651,0.750717,-0.522925,0.000000,0.000000,0.000000,1.000000,0.09514110505498805,56.75452320628121
1782485687.551158,0.724609,-0.203368,0.658438,0.500723,0.314418,0.947785,-0.053291,0.222009,-0.613220,0.245651,0.750717,-0.522925,0.000000,0.000000,0.000000,1.000000,0.09514110505498805,56.75452320628121
1782485687.586489,0.724609,-0.203368,0.658438,0.500723,0.314418,0.947785,-0.053291,0.222009,-0.613220,0.245651,0.750717,-0.522925,0.000000,0.000000,0.000000,1.000000,0.09514110505498805,56.75452320628121
1782485687.621821,0.724609,-0.203368,0.658438,0.500723,0.314418,0.947785,-0.053291,0.222009,-0.613220,0.245651,0.750717,-0.522925,0.000000,0.000000,0.000000,1.000000,0.09514110505498805,56.75452320628121
1782485687.657145,0.724609,-0.203368,0.658438,0.500723,0.314418,0.947785,-0.053291,0.222009,-0.613220,0.245651,0.750717,-0.522925,0.000000,0.000000,0.000000,1.000000,0.09514110505498805,56.75452320628121
1782485687.692578,0.724609,-0.203368,0.658438,0.500723,0.314418,0.947785,-0.053291,0.222009,-0.613220,0.245651,0.750717,-0.522925,0.000000,0.000000,0.000000,1.000000,0.09514110505498805,56.75452320628121
1782485687.727988,0.724609,-0.203368,0.658438,0.500723,0.314418,0.947785,-0.053291,0.222009,-0.613220,0.245651,0.750717,-0.522925,0.000000,0.000000,0.000000,1.000000,0.09514110505498805,56.75452320628121
1782485687.763270,0.724609,-0.203368,0.658438,0.500723,0.314418,0.947785,-0.053291,0.222009,-0.613220,0.245651,0.750717,-0.522925,0.000000,0.000000,0.000000,1.000000,0.09514110505498805,56.75452320628121
1782485687.798694,0.724609,-0.203368,0.658438,0.500723,0.314418,0.947785,-0.053291,0.222009,-0.613220,0.245651,0.750717,-0.522925,0.000000,0.000000,0.000000,1.000000,0.09514110505498805,56.75452320628121
1782485687.834162,0.724609,-0.203368,0.658438,0.500723,0.314418,0.947785,-0.053291,0.222009,-0.613220,0.245651,0.750717,-0.522925,0.000000,0.000000,0.000000,1.000000,0.09514110505498805,56.75452320628121
1782485687.869676,0.724609,-0.203368,0.658438,0.500723,0.314418,0.947785,-0.053291,0.222009,-0.613220,0.245651,0.750717,-0.522925,0.000000,0.000000,0.000000,1.000000,0.09514110505498805,56.75452320628121
1782485687.904995,0.724609,-0.203368,0.658438,0.500723,0.314418,0.947785,-0.053291,0.222009,-0.613220,0.245651,0.750717,-0.522925,0.000000,0.000000,0.000000,1.000000,0.09514110505498805,56.75452320628121
1782485687.940341,0.724609,-0.203368,0.658438,0.500723,0.314418,0.947785,-0.053291,0.222009,-0.613220,0.245651,0.750717,-0.522925,0.000000,0.000000,0.000000,1.000000,0.09514110505498805,56.75452320628121
1782485687.975906,0.724609,-0.203368,0.658438,0.500723,0.314418,0.947785,-0.053291,0.222009,-0.613220,0.245651,0.750717,-0.522925,0.000000,0.000000,0.000000,1.000000,0.09514110505498805,56.75452320628121
1782485688.011263,0.724609,-0.203368,0.658438,0.500723,0.314418,0.947785,-0.053291,0.222009,-0.613220,0.245651,0.750717,-0.522925,0.000000,0.000000,0.000000,1.000000,0.09514110505498805,56.75452320628121
1782485688.046366,0.724609,-0.203368,0.658438,0.500723,0.314418,0.947785,-0.053291,0.222009,-0.613220,0.245651,0.750717,-0.522925,0.000000,0.000000,0.000000,1.000000,0.09514110505498805,56.75452320628121
1782485688.081548,0.724609,-0.203368,0.658438,0.500723,0.314418,0.947785,-0.053291,0.222009,-0.613220,0.245651,0.750717,-0.522925,0.000000,0.000000,0.000000,1.000000,0.09514110505498805,56.75452320628121
1782485688.117187,0.724609,-0.203368,0.658438,0.500723,0.314418,0.947785,-0.053291,0.222009,-0.613220,0.245651,0.750717,-0.522925,0.000000,0.000000,0.000000,1.000000,0.09514110505498805,56.75452320628121
1782485688.152746,0.724609,-0.203368,0.658438,0.500723,0.314418,0.947785,-0.053291,0.222009,-0.613220,0.245651,0.750717,-0.522925,0.000000,0.000000,0.000000,1.000000,0.09514110505498805,56.75452320628121
1782485688.188006,0.724609,-0.203368,0.658438,0.500723,0.314418,0.947785,-0.053291,0.222009,-0.613220,0.245651,0.750717,-0.522925,0.000000,0.000000,0.000000,1.000000,0.09514110505498805,56.75452320628121
1782485688.223108,0.724609,-0.203368,0.658438,0.500723,0.314418,0.947785,-0.053291,0.222009,-0.613220,0.245651,0.750717,-0.522925,0.000000,0.000000,0.000000,1.000000,0.09514110505498805,56.75452320628121
1782485688.257855,0.724609,-0.203368,0.658438,0.500723,0.314418,0.947785,-0.053291,0.222009,-0.613220,0.245651,0.750717,-0.522925,0.000000,0.000000,0.000000,1.000000,0.09514110505498805,56.75452320628121
1782485688.293175,0.724609,-0.203368,0.658438,0.500723,0.314418,0.947785,-0.053291,0.222009,-0.613220,0.245651,0.750717,-0.522925,0.000000,0.000000,0.000000,1.000000,0.09514110505498805,56.75452320628121
1782485688.328650,0.724609,-0.203368,0.658438,0.500723,0.314418,0.947785,-0.053291,0.222009,-0.613220,0.245651,0.750717,-0.522925,0.000000,0.000000,0.000000,1.000000,0.09514110505498805,56.75452320628121
1782485688.363940,0.724609,-0.203368,0.658438,0.500723,0.314418,0.947785,-0.053291,0.222009,-0.613220,0.245651,0.750717,-0.522925,0.000000,0.000000,0.000000,1.000000,0.09514110505498805,56.75452320628121
1782485688.399080,0.724609,-0.203368,0.658438,0.500723,0.314418,0.947785,-0.053291,0.222009,-0.613220,0.245651,0.750717,-0.522925,0.000000,0.000000,0.000000,1.000000,0.09514110505498805,56.75452320628121
1782485688.434364,0.724609,-0.203368,0.658438,0.500723,0.314418,0.947785,-0.053291,0.222009,-0.613220,0.245651,0.750717,-0.522925,0.000000,0.000000,0.000000,1.000000,0.09514110505498805,56.75452320628121
1782485688.469660,0.724609,-0.203368,0.658438,0.500723,0.314418,0.947785,-0.053291,0.222009,-0.613220,0.245651,0.750717,-0.522925,0.000000,0.000000,0.000000,1.000000,0.09514110505498805,56.75452320628121
1782485688.504566,0.724609,-0.203368,0.658438,0.500723,0.314418,0.947785,-0.053291,0.222009,-0.613220,0.245651,0.750717,-0.522925,0.000000,0.000000,0.000000,1.000000,0.09514110505498805,56.75452320628121
1782485688.539544,0.724609,-0.203368,0.658438,0.500723,0.314418,0.947785,-0.053291,0.222009,-0.613220,0.245651,0.750717,-0.522925,0.000000,0.000000,0.000000,1.000000,0.09514110505498805,56.75452320628121
1782485688.574599,0.724609,-0.203368,0.658438,0.500723,0.314418,0.947785,-0.053291,0.222009,-0.613220,0.245651,0.750717,-0.522925,0.000000,0.000000,0.000000,1.000000,0.09514110505498805,56.75452320628121
1782485688.610073,0.724609,-0.203368,0.658438,0.500723,0.314418,0.947785,-0.053291,0.222009,-0.613220,0.245651,0.750717,-0.522925,0.000000,0.000000,0.000000,1.000000,0.09514110505498805,56.75452320628121
1782485688.645450,0.724609,-0.203368,0.658438,0.500723,0.314418,0.947785,-0.053291,0.222009,-0.613220,0.245651,0.750717,-0.522925,0.000000,0.000000,0.000000,1.000000,0.09514110505498805,56.75452320628121
1782485688.680923,0.724609,-0.203368,0.658438,0.500723,0.314418,0.947785,-0.053291,0.222009,-0.613220,0.245651,0.750717,-0.522925,0.000000,0.000000,0.000000,1.000000,0.09514110505498805,56.75452320628121
1782485688.715600,0.724609,-0.203368,0.658438,0.500723,0.314418,0.947785,-0.053291,0.222009,-0.613220,0.245651,0.750717,-0.522925,0.000000,0.000000,0.000000,1.000000,0.09514110505498805,56.75452320628121
1782485688.750971,0.724609,-0.203368,0.658438,0.500723,0.314418,0.947785,-0.053291,0.222009,-0.613220,0.245651,0.750717,-0.522925,0.000000,0.000000,0.000000,1.000000,0.09514110505498805,56.75452320628121
1782485688.786360,0.724609,-0.203368,0.658438,0.500723,0.314418,0.947785,-0.053291,0.222009,-0.613220,0.245651,0.750717,-0.522925,0.000000,0.000000,0.000000,1.000000,0.09514110505498805,56.75452320628121
1782485688.821917,0.724609,-0.203368,0.658438,0.500723,0.314418,0.947785,-0.053291,0.222009,-0.613220,0.245651,0.750717,-0.522925,0.000000,0.000000,0.000000,1.000000,0.09514110505498805,56.75452320628121
1782485688.857430,0.724609,-0.203368,0.658438,0.500723,0.314418,0.947785,-0.053291,0.222009,-0.613220,0.245651,0.750717,-0.522925,0.000000,0.000000,0.000000,1.000000,0.09514110505498805,56.75452320628121
1782485688.892791,0.724609,-0.203368,0.658438,0.500723,0.314418,0.947785,-0.053291,0.222009,-0.613220,0.245651,0.750717,-0.522925,0.000000,0.000000,0.000000,1.000000,0.09514110505498805,56.75452320628121
1782485688.928235,0.724609,-0.203368,0.658438,0.500723,0.314418,0.947785,-0.053291,0.222009,-0.613220,0.245651,0.750717,-0.522925,0.000000,0.000000,0.000000,1.000000,0.09514110505498805,56.75452320628121
1782485688.963470,0.724609,-0.203368,0.658438,0.500723,0.314418,0.947785,-0.053291,0.222009,-0.613220,0.245651,0.750717,-0.522925,0.000000,0.000000,0.000000,1.000000,0.09514110505498805,56.75452320628121
1782485688.998724,0.724609,-0.203368,0.658438,0.500723,0.314418,0.947785,-0.053291,0.222009,-0.613220,0.245651,0.750717,-0.522925,0.000000,0.000000,0.000000,1.000000,0.09514110505498805,56.75452320628121
1782485689.034199,0.724609,-0.203368,0.658438,0.500723,0.314418,0.947785,-0.053291,0.222009,-0.613220,0.245651,0.750717,-0.522925,0.000000,0.000000,0.000000,1.000000,0.09514110505498805,56.75452320628121
1782485689.069914,0.724609,-0.203368,0.658438,0.500723,0.314418,0.947785,-0.053291,0.222009,-0.613220,0.245651,0.750717,-0.522925,0.000000,0.000000,0.000000,1.000000,0.09514110505498805,56.75452320628121
1782485689.105715,0.724609,-0.203368,0.658438,0.500723,0.314418,0.947785,-0.053291,0.222009,-0.613220,0.245651,0.750717,-0.522925,0.000000,0.000000,0.000000,1.000000,0.09514110505498805,56.75452320628121
1782485689.141087,0.724609,-0.203368,0.658438,0.500723,0.314418,0.947785,-0.053291,0.222009,-0.613220,0.245651,0.750717,-0.522925,0.000000,0.000000,0.000000,1.000000,0.09514110505498805,56.75452320628121
1782485689.176301,0.724609,-0.203368,0.658438,0.500723,0.314418,0.947785,-0.053291,0.222009,-0.613220,0.245651,0.750717,-0.522925,0.000000,0.000000,0.000000,1.000000,0.09514110505498805,56.75452320628121
1782485689.211840,0.724609,-0.203368,0.658438,0.500723,0.314418,0.947785,-0.053291,0.222009,-0.613220,0.245651,0.750717,-0.522925,0.000000,0.000000,0.000000,1.000000,0.09514110505498805,56.75452320628121
1782485689.247424,0.724609,-0.203368,0.658438,0.500723,0.314418,0.947785,-0.053291,0.222009,-0.613220,0.245651,0.750717,-0.522925,0.000000,0.000000,0.000000,1.000000,0.09514110505498805,56.75452320628121
1782485689.282113,0.724609,-0.203368,0.658438,0.500723,0.314418,0.947785,-0.053291,0.222009,-0.613220,0.245651,0.750717,-0.522925,0.000000,0.000000,0.000000,1.000000,0.09514110505498805,56.75452320628121
1782485689.317137,0.724609,-0.203368,0.658438,0.500723,0.314418,0.947785,-0.053291,0.222009,-0.613220,0.245651,0.750717,-0.522925,0.000000,0.000000,0.000000,1.000000,0.09514110505498805,56.75452320628121
1782485689.351670,0.724609,-0.203368,0.658438,0.500723,0.314418,0.947785,-0.053291,0.222009,-0.613220,0.245651,0.750717,-0.522925,0.000000,0.000000,0.000000,1.000000,0.09514110505498805,56.75452320628121
1782485689.386897,0.724609,-0.203368,0.658438,0.500723,0.314418,0.947785,-0.053291,0.222009,-0.613220,0.245651,0.750717,-0.522925,0.000000,0.000000,0.000000,1.000000,0.09514110505498805,56.75452320628121
1782485689.422253,0.724609,-0.203368,0.658438,0.500723,0.314418,0.947785,-0.053291,0.222009,-0.613220,0.245651,0.750717,-0.522925,0.000000,0.000000,0.000000,1.000000,0.09514110505498805,56.75452320628121
1782485689.457353,0.724609,-0.203368,0.658438,0.500723,0.314418,0.947785,-0.053291,0.222009,-0.613220,0.245651,0.750717,-0.522925,0.000000,0.000000,0.000000,1.000000,0.09514110505498805,56.75452320628121
1782485689.492300,0.724609,-0.203368,0.658438,0.500723,0.314418,0.947785,-0.053291,0.222009,-0.613220,0.245651,0.750717,-0.522925,0.000000,0.000000,0.000000,1.000000,0.09514110505498805,56.75452320628121
1782485689.527343,0.724609,-0.203368,0.658438,0.500723,0.314418,0.947785,-0.053291,0.222009,-0.613220,0.245651,0.750717,-0.522925,0.000000,0.000000,0.000000,1.000000,0.09514110505498805,56.75452320628121
1782485689.562689,0.724609,-0.203368,0.658438,0.500723,0.314418,0.947785,-0.053291,0.222009,-0.613220,0.245651,0.750717,-0.522925,0.000000,0.000000,0.000000,1.000000,0.09514110505498805,56.75452320628121
1782485689.597887,0.724609,-0.203368,0.658438,0.500723,0.314418,0.947785,-0.053291,0.222009,-0.613220,0.245651,0.750717,-0.522925,0.000000,0.000000,0.000000,1.000000,0.09514110505498805,56.75452320628121
1782485689.633237,0.724609,-0.203368,0.658438,0.500723,0.314418,0.947785,-0.053291,0.222009,-0.613220,0.245651,0.750717,-0.522925,0.000000,0.000000,0.000000,1.000000,0.09514110505498805,56.75452320628121
1782485689.668389,0.724609,-0.203368,0.658438,0.500723,0.314418,0.947785,-0.053291,0.222009,-0.613220,0.245651,0.750717,-0.522925,0.000000,0.000000,0.000000,1.000000,0.09514110505498805,56.75452320628121
1782485689.703980,0.724609,-0.203368,0.658438,0.500723,0.314418,0.947785,-0.053291,0.222009,-0.613220,0.245651,0.750717,-0.522925,0.000000,0.000000,0.000000,1.000000,0.09514110505498805,56.75452320628121
1782485689.739383,0.724609,-0.203368,0.658438,0.500723,0.314418,0.947785,-0.053291,0.222009,-0.613220,0.245651,0.750717,-0.522925,0.000000,0.000000,0.000000,1.000000,0.09514110505498805,56.75452320628121
1782485689.774607,0.724609,-0.203368,0.658438,0.500723,0.314418,0.947785,-0.053291,0.222009,-0.613220,0.245651,0.750717,-0.522925,0.000000,0.000000,0.000000,1.000000,0.09514110505498805,56.75452320628121
1782485689.809800,0.724609,-0.203368,0.658438,0.500723,0.314418,0.947785,-0.053291,0.222009,-0.613220,0.245651,0.750717,-0.522925,0.000000,0.000000,0.000000,1.000000,0.09514110505498805,56.75452320628121
1782485689.845054,0.724609,-0.203368,0.658438,0.500723,0.314418,0.947785,-0.053291,0.222009,-0.613220,0.245651,0.750717,-0.522925,0.000000,0.000000,0.000000,1.000000,0.09514110505498805,56.75452320628121
1782485689.880277,0.724609,-0.203368,0.658438,0.500723,0.314418,0.947785,-0.053291,0.222009,-0.613220,0.245651,0.750717,-0.522925,0.000000,0.000000,0.000000,1.000000,0.09514110505498805,56.75452320628121
1782485689.915486,0.724609,-0.203368,0.658438,0.500723,0.314418,0.947785,-0.053291,0.222009,-0.613220,0.245651,0.750717,-0.522925,0.000000,0.000000,0.000000,1.000000,0.09514110505498805,56.75452320628121
1782485689.950994,0.724609,-0.203368,0.658438,0.500723,0.314418,0.947785,-0.053291,0.222009,-0.613220,0.245651,0.750717,-0.522925,0.000000,0.000000,0.000000,1.000000,0.09514110505498805,56.75452320628121
1782485689.986292,0.724609,-0.203368,0.658438,0.500723,0.314418,0.947785,-0.053291,0.222009,-0.613220,0.245651,0.750717,-0.522925,0.000000,0.000000,0.000000,1.000000,0.09514110505498805,56.75452320628121
1782485690.021374,0.724609,-0.203368,0.658438,0.500723,0.314418,0.947785,-0.053291,0.222009,-0.613220,0.245651,0.750717,-0.522925,0.000000,0.000000,0.000000,1.000000,0.09514110505498805,56.75452320628121
1782485690.056347,0.724609,-0.203368,0.658438,0.500723,0.314418,0.947785,-0.053291,0.222009,-0.613220,0.245651,0.750717,-0.522925,0.000000,0.000000,0.000000,1.000000,0.09514110505498805,56.75452320628121
1782485690.091814,0.724609,-0.203368,0.658438,0.500723,0.314418,0.947785,-0.053291,0.222009,-0.613220,0.245651,0.750717,-0.522925,0.000000,0.000000,0.000000,1.000000,0.09514110505498805,56.75452320628121
1782485690.126645,0.724609,-0.203368,0.658438,0.500723,0.314418,0.947785,-0.053291,0.222009,-0.613220,0.245651,0.750717,-0.522925,0.000000,0.000000,0.000000,1.000000,0.09514110505498805,56.75452320628121
1782485690.161942,0.724609,-0.203368,0.658438,0.500723,0.314418,0.947785,-0.053291,0.222009,-0.613220,0.245651,0.750717,-0.522925,0.000000,0.000000,0.000000,1.000000,0.09514110505498805,56.75452320628121
1782485690.196879,0.724609,-0.203368,0.658438,0.500723,0.314418,0.947785,-0.053291,0.222009,-0.613220,0.245651,0.750717,-0.522925,0.000000,0.000000,0.000000,1.000000,0.09514110505498805,56.75452320628121
1782485690.231895,0.724609,-0.203368,0.658438,0.500723,0.314418,0.947785,-0.053291,0.222009,-0.613220,0.245651,0.750717,-0.522925,0.000000,0.000000,0.000000,1.000000,0.09514110505498805,56.75452320628121
1782485690.266854,0.724609,-0.203368,0.658438,0.500723,0.314418,0.947785,-0.053291,0.222009,-0.613220,0.245651,0.750717,-0.522925,0.000000,0.000000,0.000000,1.000000,0.09514110505498805,56.75452320628121
1782485690.301652,0.724609,-0.203368,0.658438,0.500723,0.314418,0.947785,-0.053291,0.222009,-0.613220,0.245651,0.750717,-0.522925,0.000000,0.000000,0.000000,1.000000,0.09514110505498805,56.75452320628121
1782485690.336953,0.724609,-0.203368,0.658438,0.500723,0.314418,0.947785,-0.053291,0.222009,-0.613220,0.245651,0.750717,-0.522925,0.000000,0.000000,0.000000,1.000000,0.09514110505498805,56.75452320628121
1782485690.371988,0.724609,-0.203368,0.658438,0.500723,0.314418,0.947785,-0.053291,0.222009,-0.613220,0.245651,0.750717,-0.522925,0.000000,0.000000,0.000000,1.000000,0.09514110505498805,56.75452320628121
1782485690.406830,0.724609,-0.203368,0.658438,0.500723,0.314418,0.947785,-0.053291,0.222009,-0.613220,0.245651,0.750717,-0.522925,0.000000,0.000000,0.000000,1.000000,0.09514110505498805,56.75452320628121
1782485690.441747,0.724609,-0.203368,0.658438,0.500723,0.314418,0.947785,-0.053291,0.222009,-0.613220,0.245651,0.750717,-0.522925,0.000000,0.000000,0.000000,1.000000,0.09514110505498805,56.75452320628121
1782485690.476817,0.724609,-0.203368,0.658438,0.500723,0.314418,0.947785,-0.053291,0.222009,-0.613220,0.245651,0.750717,-0.522925,0.000000,0.000000,0.000000,1.000000,0.09514110505498805,56.75452320628121
1782485690.512147,0.724609,-0.203368,0.658438,0.500723,0.314418,0.947785,-0.053291,0.222009,-0.613220,0.245651,0.750717,-0.522925,0.000000,0.000000,0.000000,1.000000,0.09514110505498805,56.75452320628121
1782485690.547221,0.724609,-0.203368,0.658438,0.500723,0.314418,0.947785,-0.053291,0.222009,-0.613220,0.245651,0.750717,-0.522925,0.000000,0.000000,0.000000,1.000000,0.09514110505498805,56.75452320628121
1782485690.581862,0.724609,-0.203368,0.658438,0.500723,0.314418,0.947785,-0.053291,0.222009,-0.613220,0.245651,0.750717,-0.522925,0.000000,0.000000,0.000000,1.000000,0.09514110505498805,56.75452320628121
1782485690.616416,0.724609,-0.203368,0.658438,0.500723,0.314418,0.947785,-0.053291,0.222009,-0.613220,0.245651,0.750717,-0.522925,0.000000,0.000000,0.000000,1.000000,0.09514110505498805,56.75452320628121
1782485690.651595,0.724609,-0.203368,0.658438,0.500723,0.314418,0.947785,-0.053291,0.222009,-0.613220,0.245651,0.750717,-0.522925,0.000000,0.000000,0.000000,1.000000,0.09514110505498805,56.75452320628121
1782485690.686857,0.724609,-0.203368,0.658438,0.500723,0.314418,0.947785,-0.053291,0.222009,-0.613220,0.245651,0.750717,-0.522925,0.000000,0.000000,0.000000,1.000000,0.09514110505498805,56.75452320628121
1782485690.722074,0.724609,-0.203368,0.658438,0.500723,0.314418,0.947785,-0.053291,0.222009,-0.613220,0.245651,0.750717,-0.522925,0.000000,0.000000,0.000000,1.000000,0.09514110505498805,56.75452320628121
1782485690.757304,0.724609,-0.203368,0.658438,0.500723,0.314418,0.947785,-0.053291,0.222009,-0.613220,0.245651,0.750717,-0.522925,0.000000,0.000000,0.000000,1.000000,0.09514110505498805,56.75452320628121
1782485690.791579,0.724609,-0.203368,0.658438,0.500723,0.314418,0.947785,-0.053291,0.222009,-0.613220,0.245651,0.750717,-0.522925,0.000000,0.000000,0.000000,1.000000,0.09514110505498805,56.75452320628121
1782485690.826646,0.724609,-0.203368,0.658438,0.500723,0.314418,0.947785,-0.053291,0.222009,-0.613220,0.245651,0.750717,-0.522925,0.000000,0.000000,0.000000,1.000000,0.09514110505498805,56.75452320628121
1782485690.861826,0.724609,-0.203368,0.658438,0.500723,0.314418,0.947785,-0.053291,0.222009,-0.613220,0.245651,0.750717,-0.522925,0.000000,0.000000,0.000000,1.000000,0.09514110505498805,56.75452320628121
1782485690.896922,0.724609,-0.203368,0.658438,0.500723,0.314418,0.947785,-0.053291,0.222009,-0.613220,0.245651,0.750717,-0.522925,0.000000,0.000000,0.000000,1.000000,0.09514110505498805,56.75452320628121
1782485690.932053,0.724609,-0.203368,0.658438,0.500723,0.314418,0.947785,-0.053291,0.222009,-0.613220,0.245651,0.750717,-0.522925,0.000000,0.000000,0.000000,1.000000,0.09514110505498805,56.75452320628121
1782485690.967182,0.724609,-0.203368,0.658438,0.500723,0.314418,0.947785,-0.053291,0.222009,-0.613220,0.245651,0.750717,-0.522925,0.000000,0.000000,0.000000,1.000000,0.09514110505498805,56.75452320628121
1782485691.002697,0.724609,-0.203368,0.658438,0.500723,0.314418,0.947785,-0.053291,0.222009,-0.613220,0.245651,0.750717,-0.522925,0.000000,0.000000,0.000000,1.000000,0.09514110505498805,56.75452320628121
1782485691.038216,0.724609,-0.203368,0.658438,0.500723,0.314418,0.947785,-0.053291,0.222009,-0.613220,0.245651,0.750717,-0.522925,0.000000,0.000000,0.000000,1.000000,0.09514110505498805,56.75452320628121
1782485691.074012,0.724609,-0.203368,0.658438,0.500723,0.314418,0.947785,-0.053291,0.222009,-0.613220,0.245651,0.750717,-0.522925,0.000000,0.000000,0.000000,1.000000,0.09514110505498805,56.75452320628121
1782485691.109379,0.724609,-0.203368,0.658438,0.500723,0.314418,0.947785,-0.053291,0.222009,-0.613220,0.245651,0.750717,-0.522925,0.000000,0.000000,0.000000,1.000000,0.09514110505498805,56.75452320628121
1782485691.145319,0.724609,-0.203368,0.658438,0.500723,0.314418,0.947785,-0.053291,0.222009,-0.613220,0.245651,0.750717,-0.522925,0.000000,0.000000,0.000000,1.000000,0.09514110505498805,56.75452320628121
1782485691.181097,0.724609,-0.203368,0.658438,0.500723,0.314418,0.947785,-0.053291,0.222009,-0.613220,0.245651,0.750717,-0.522925,0.000000,0.000000,0.000000,1.000000,0.09514110505498805,56.75452320628121
1782485691.215938,0.724609,-0.203368,0.658438,0.500723,0.314418,0.947785,-0.053291,0.222009,-0.613220,0.245651,0.750717,-0.522925,0.000000,0.000000,0.000000,1.000000,0.09514110505498805,56.75452320628121
1782485691.251085,0.724609,-0.203368,0.658438,0.500723,0.314418,0.947785,-0.053291,0.222009,-0.613220,0.245651,0.750717,-0.522925,0.000000,0.000000,0.000000,1.000000,0.09514110505498805,56.75452320628121
1782485691.286237,0.724609,-0.203368,0.658438,0.500723,0.314418,0.947785,-0.053291,0.222009,-0.613220,0.245651,0.750717,-0.522925,0.000000,0.000000,0.000000,1.000000,0.09514110505498805,56.75452320628121
1782485691.321445,0.724609,-0.203368,0.658438,0.500723,0.314418,0.947785,-0.053291,0.222009,-0.613220,0.245651,0.750717,-0.522925,0.000000,0.000000,0.000000,1.000000,0.09514110505498805,56.75452320628121
1782485691.357179,0.724609,-0.203368,0.658438,0.500723,0.314418,0.947785,-0.053291,0.222009,-0.613220,0.245651,0.750717,-0.522925,0.000000,0.000000,0.000000,1.000000,0.09514110505498805,56.75452320628121
1782485691.391594,0.724609,-0.203368,0.658438,0.500723,0.314418,0.947785,-0.053291,0.222009,-0.613220,0.245651,0.750717,-0.522925,0.000000,0.000000,0.000000,1.000000,0.09514110505498805,56.75452320628121
1782485691.426833,0.724609,-0.203368,0.658438,0.500723,0.314418,0.947785,-0.053291,0.222009,-0.613220,0.245651,0.750717,-0.522925,0.000000,0.000000,0.000000,1.000000,0.09514110505498805,56.75452320628121
1782485691.462593,0.724609,-0.203368,0.658438,0.500723,0.314418,0.947785,-0.053291,0.222009,-0.613220,0.245651,0.750717,-0.522925,0.000000,0.000000,0.000000,1.000000,0.09514110505498805,56.75452320628121
1782485691.498267,0.724609,-0.203368,0.658438,0.500723,0.314418,0.947785,-0.053291,0.222009,-0.613220,0.245651,0.750717,-0.522925,0.000000,0.000000,0.000000,1.000000,0.09514110505498805,56.75452320628121
1782485691.533952,0.724609,-0.203368,0.658438,0.500723,0.314418,0.947785,-0.053291,0.222009,-0.613220,0.245651,0.750717,-0.522925,0.000000,0.000000,0.000000,1.000000,0.09514110505498805,56.75452320628121
1782485691.569641,0.724609,-0.203368,0.658438,0.500723,0.314418,0.947785,-0.053291,0.222009,-0.613220,0.245651,0.750717,-0.522925,0.000000,0.000000,0.000000,1.000000,0.09514110505498805,56.75452320628121
1782485691.604855,0.724609,-0.203368,0.658438,0.500723,0.314418,0.947785,-0.053291,0.222009,-0.613220,0.245651,0.750717,-0.522925,0.000000,0.000000,0.000000,1.000000,0.09514110505498805,56.75452320628121
1782485691.640313,0.724609,-0.203368,0.658438,0.500723,0.314418,0.947785,-0.053291,0.222009,-0.613220,0.245651,0.750717,-0.522925,0.000000,0.000000,0.000000,1.000000,0.09514110505498805,56.75452320628121
1782485691.675435,0.724609,-0.203368,0.658438,0.500723,0.314418,0.947785,-0.053291,0.222009,-0.613220,0.245651,0.750717,-0.522925,0.000000,0.000000,0.000000,1.000000,0.09514110505498805,56.75452320628121
1782485691.710977,0.724609,-0.203368,0.658438,0.500723,0.314418,0.947785,-0.053291,0.222009,-0.613220,0.245651,0.750717,-0.522925,0.000000,0.000000,0.000000,1.000000,0.09514110505498805,56.75452320628121
1782485691.746686,0.724609,-0.203368,0.658438,0.500723,0.314418,0.947785,-0.053291,0.222009,-0.613220,0.245651,0.750717,-0.522925,0.000000,0.000000,0.000000,1.000000,0.09514110505498805,56.75452320628121
1782485691.782516,0.724609,-0.203368,0.658438,0.500723,0.314418,0.947785,-0.053291,0.222009,-0.613220,0.245651,0.750717,-0.522925,0.000000,0.000000,0.000000,1.000000,0.09514110505498805,56.75452320628121
1782485691.817868,0.724609,-0.203368,0.658438,0.500723,0.314418,0.947785,-0.053291,0.222009,-0.613220,0.245651,0.750717,-0.522925,0.000000,0.000000,0.000000,1.000000,0.09514110505498805,56.75452320628121
1782485691.853474,0.724609,-0.203368,0.658438,0.500723,0.314418,0.947785,-0.053291,0.222009,-0.613220,0.245651,0.750717,-0.522925,0.000000,0.000000,0.000000,1.000000,0.09514110505498805,56.75452320628121
1782485691.888741,0.724609,-0.203368,0.658438,0.500723,0.314418,0.947785,-0.053291,0.222009,-0.613220,0.245651,0.750717,-0.522925,0.000000,0.000000,0.000000,1.000000,0.09514110505498805,56.75452320628121
1782485691.924282,0.724609,-0.203368,0.658438,0.500723,0.314418,0.947785,-0.053291,0.222009,-0.613220,0.245651,0.750717,-0.522925,0.000000,0.000000,0.000000,1.000000,0.09514110505498805,56.75452320628121
1782485691.959568,0.724609,-0.203368,0.658438,0.500723,0.314418,0.947785,-0.053291,0.222009,-0.613220,0.245651,0.750717,-0.522925,0.000000,0.000000,0.000000,1.000000,0.09514110505498805,56.75452320628121
1782485691.994895,0.724609,-0.203368,0.658438,0.500723,0.314418,0.947785,-0.053291,0.222009,-0.613220,0.245651,0.750717,-0.522925,0.000000,0.000000,0.000000,1.000000,0.09514110505498805,56.75452320628121
1782485692.030089,0.724609,-0.203368,0.658438,0.500723,0.314418,0.947785,-0.053291,0.222009,-0.613220,0.245651,0.750717,-0.522925,0.000000,0.000000,0.000000,1.000000,0.09514110505498805,56.75452320628121
1782485692.065713,0.724609,-0.203368,0.658438,0.500723,0.314418,0.947785,-0.053291,0.222009,-0.613220,0.245651,0.750717,-0.522925,0.000000,0.000000,0.000000,1.000000,0.09514110505498805,56.75452320628121
1782485692.101185,0.724609,-0.203368,0.658438,0.500723,0.314418,0.947785,-0.053291,0.222009,-0.613220,0.245651,0.750717,-0.522925,0.000000,0.000000,0.000000,1.000000,0.09514110505498805,56.75452320628121
1782485692.136962,0.724609,-0.203368,0.658438,0.500723,0.314418,0.947785,-0.053291,0.222009,-0.613220,0.245651,0.750717,-0.522925,0.000000,0.000000,0.000000,1.000000,0.09514110505498805,56.75452320628121
1782485692.172699,0.724609,-0.203368,0.658438,0.500723,0.314418,0.947785,-0.053291,0.222009,-0.613220,0.245651,0.750717,-0.522925,0.000000,0.000000,0.000000,1.000000,0.09514110505498805,56.75452320628121
1782485692.208146,0.724609,-0.203368,0.658438,0.500723,0.314418,0.947785,-0.053291,0.222009,-0.613220,0.245651,0.750717,-0.522925,0.000000,0.000000,0.000000,1.000000,0.09514110505498805,56.75452320628121
1782485692.243575,0.724609,-0.203368,0.658438,0.500723,0.314418,0.947785,-0.053291,0.222009,-0.613220,0.245651,0.750717,-0.522925,0.000000,0.000000,0.000000,1.000000,0.09514110505498805,56.75452320628121
1782485692.279413,0.724609,-0.203368,0.658438,0.500723,0.314418,0.947785,-0.053291,0.222009,-0.613220,0.245651,0.750717,-0.522925,0.000000,0.000000,0.000000,1.000000,0.09514110505498805,56.75452320628121
1782485692.315310,0.724609,-0.203368,0.658438,0.500723,0.314418,0.947785,-0.053291,0.222009,-0.613220,0.245651,0.750717,-0.522925,0.000000,0.000000,0.000000,1.000000,0.09514110505498805,56.75452320628121
1782485692.350799,0.724609,-0.203368,0.658438,0.500723,0.314418,0.947785,-0.053291,0.222009,-0.613220,0.245651,0.750717,-0.522925,0.000000,0.000000,0.000000,1.000000,0.09514110505498805,56.75452320628121
1782485692.385727,0.724609,-0.203368,0.658438,0.500723,0.314418,0.947785,-0.053291,0.222009,-0.613220,0.245651,0.750717,-0.522925,0.000000,0.000000,0.000000,1.000000,0.09514110505498805,56.75452320628121
1782485692.421323,0.724609,-0.203368,0.658438,0.500723,0.314418,0.947785,-0.053291,0.222009,-0.613220,0.245651,0.750717,-0.522925,0.000000,0.000000,0.000000,1.000000,0.09514110505498805,56.75452320628121
1782485692.457111,0.724609,-0.203368,0.658438,0.500723,0.314418,0.947785,-0.053291,0.222009,-0.613220,0.245651,0.750717,-0.522925,0.000000,0.000000,0.000000,1.000000,0.09514110505498805,56.75452320628121
1782485692.492466,0.724609,-0.203368,0.658438,0.500723,0.314418,0.947785,-0.053291,0.222009,-0.613220,0.245651,0.750717,-0.522925,0.000000,0.000000,0.000000,1.000000,0.09514110505498805,56.75452320628121
1782485692.528313,0.724609,-0.203368,0.658438,0.500723,0.314418,0.947785,-0.053291,0.222009,-0.613220,0.245651,0.750717,-0.522925,0.000000,0.000000,0.000000,1.000000,0.09514110505498805,56.75452320628121
1782485692.564145,0.724609,-0.203368,0.658438,0.500723,0.314418,0.947785,-0.053291,0.222009,-0.613220,0.245651,0.750717,-0.522925,0.000000,0.000000,0.000000,1.000000,0.09514110505498805,56.75452320628121
1782485692.599691,0.724609,-0.203368,0.658438,0.500723,0.314418,0.947785,-0.053291,0.222009,-0.613220,0.245651,0.750717,-0.522925,0.000000,0.000000,0.000000,1.000000,0.09514110505498805,56.75452320628121
1782485692.635054,0.724609,-0.203368,0.658438,0.500723,0.314418,0.947785,-0.053291,0.222009,-0.613220,0.245651,0.750717,-0.522925,0.000000,0.000000,0.000000,1.000000,0.09514110505498805,56.75452320628121
1782485692.670842,0.724609,-0.203368,0.658438,0.500723,0.314418,0.947785,-0.053291,0.222009,-0.613220,0.245651,0.750717,-0.522925,0.000000,0.000000,0.000000,1.000000,0.09514110505498805,56.75452320628121
1782485692.705721,0.724609,-0.203368,0.658438,0.500723,0.314418,0.947785,-0.053291,0.222009,-0.613220,0.245651,0.750717,-0.522925,0.000000,0.000000,0.000000,1.000000,0.09514110505498805,56.75452320628121
1782485692.741237,0.724609,-0.203368,0.658438,0.500723,0.314418,0.947785,-0.053291,0.222009,-0.613220,0.245651,0.750717,-0.522925,0.000000,0.000000,0.000000,1.000000,0.09514110505498805,56.75452320628121
1782485692.776386,0.724609,-0.203368,0.658438,0.500723,0.314418,0.947785,-0.053291,0.222009,-0.613220,0.245651,0.750717,-0.522925,0.000000,0.000000,0.000000,1.000000,0.09514110505498805,56.75452320628121
1782485692.811741,0.724609,-0.203368,0.658438,0.500723,0.314418,0.947785,-0.053291,0.222009,-0.613220,0.245651,0.750717,-0.522925,0.000000,0.000000,0.000000,1.000000,0.09514110505498805,56.75452320628121
1782485692.847327,0.724609,-0.203368,0.658438,0.500723,0.314418,0.947785,-0.053291,0.222009,-0.613220,0.245651,0.750717,-0.522925,0.000000,0.000000,0.000000,1.000000,0.09514110505498805,56.75452320628121
1782485692.882838,0.724609,-0.203368,0.658438,0.500723,0.314418,0.947785,-0.053291,0.222009,-0.613220,0.245651,0.750717,-0.522925,0.000000,0.000000,0.000000,1.000000,0.09514110505498805,56.75452320628121
1782485692.917868,0.724609,-0.203368,0.658438,0.500723,0.314418,0.947785,-0.053291,0.222009,-0.613220,0.245651,0.750717,-0.522925,0.000000,0.000000,0.000000,1.000000,0.09514110505498805,56.75452320628121
1782485692.953296,0.724609,-0.203368,0.658438,0.500723,0.314418,0.947785,-0.053291,0.222009,-0.613220,0.245651,0.750717,-0.522925,0.000000,0.000000,0.000000,1.000000,0.09514110505498805,56.75452320628121
1782485692.989088,0.724609,-0.203368,0.658438,0.500723,0.314418,0.947785,-0.053291,0.222009,-0.613220,0.245651,0.750717,-0.522925,0.000000,0.000000,0.000000,1.000000,0.09514110505498805,56.75452320628121
1782485693.024710,0.724609,-0.203368,0.658438,0.500723,0.314418,0.947785,-0.053291,0.222009,-0.613220,0.245651,0.750717,-0.522925,0.000000,0.000000,0.000000,1.000000,0.09514110505498805,56.75452320628121
1782485693.059871,0.724609,-0.203368,0.658438,0.500723,0.314418,0.947785,-0.053291,0.222009,-0.613220,0.245651,0.750717,-0.522925,0.000000,0.000000,0.000000,1.000000,0.09514110505498805,56.75452320628121
1782485693.095733,0.724609,-0.203368,0.658438,0.500723,0.314418,0.947785,-0.053291,0.222009,-0.613220,0.245651,0.750717,-0.522925,0.000000,0.000000,0.000000,1.000000,0.09514110505498805,56.75452320628121
1782485693.131507,0.724609,-0.203368,0.658438,0.500723,0.314418,0.947785,-0.053291,0.222009,-0.613220,0.245651,0.750717,-0.522925,0.000000,0.000000,0.000000,1.000000,0.09514110505498805,56.75452320628121
1782485693.167264,0.724609,-0.203368,0.658438,0.500723,0.314418,0.947785,-0.053291,0.222009,-0.613220,0.245651,0.750717,-0.522925,0.000000,0.000000,0.000000,1.000000,0.09514110505498805,56.75452320628121
1782485693.202761,0.724609,-0.203368,0.658438,0.500723,0.314418,0.947785,-0.053291,0.222009,-0.613220,0.245651,0.750717,-0.522925,0.000000,0.000000,0.000000,1.000000,0.09514110505498805,56.75452320628121
1782485693.238553,0.724609,-0.203368,0.658438,0.500723,0.314418,0.947785,-0.053291,0.222009,-0.613220,0.245651,0.750717,-0.522925,0.000000,0.000000,0.000000,1.000000,0.09514110505498805,56.75452320628121
1782485693.274238,0.724609,-0.203368,0.658438,0.500723,0.314418,0.947785,-0.053291,0.222009,-0.613220,0.245651,0.750717,-0.522925,0.000000,0.000000,0.000000,1.000000,0.09514110505498805,56.75452320628121
1782485693.309627,0.724609,-0.203368,0.658438,0.500723,0.314418,0.947785,-0.053291,0.222009,-0.613220,0.245651,0.750717,-0.522925,0.000000,0.000000,0.000000,1.000000,0.09514110505498805,56.75452320628121
1782485693.345560,0.724609,-0.203368,0.658438,0.500723,0.314418,0.947785,-0.053291,0.222009,-0.613220,0.245651,0.750717,-0.522925,0.000000,0.000000,0.000000,1.000000,0.09514110505498805,56.75452320628121
1782485693.380982,0.724609,-0.203368,0.658438,0.500723,0.314418,0.947785,-0.053291,0.222009,-0.613220,0.245651,0.750717,-0.522925,0.000000,0.000000,0.000000,1.000000,0.09514110505498805,56.75452320628121
1782485693.416535,0.724609,-0.203368,0.658438,0.500723,0.314418,0.947785,-0.053291,0.222009,-0.613220,0.245651,0.750717,-0.522925,0.000000,0.000000,0.000000,1.000000,0.09514110505498805,56.75452320628121
1782485693.452343,0.724609,-0.203368,0.658438,0.500723,0.314418,0.947785,-0.053291,0.222009,-0.613220,0.245651,0.750717,-0.522925,0.000000,0.000000,0.000000,1.000000,0.09514110505498805,56.75452320628121
1782485693.488140,0.724609,-0.203368,0.658438,0.500723,0.314418,0.947785,-0.053291,0.222009,-0.613220,0.245651,0.750717,-0.522925,0.000000,0.000000,0.000000,1.000000,0.09514110505498805,56.75452320628121
1782485693.524002,0.724609,-0.203368,0.658438,0.500723,0.314418,0.947785,-0.053291,0.222009,-0.613220,0.245651,0.750717,-0.522925,0.000000,0.000000,0.000000,1.000000,0.09514110505498805,56.75452320628121
1782485693.559520,0.724609,-0.203368,0.658438,0.500723,0.314418,0.947785,-0.053291,0.222009,-0.613220,0.245651,0.750717,-0.522925,0.000000,0.000000,0.000000,1.000000,0.09514110505498805,56.75452320628121
1782485693.595470,0.724609,-0.203368,0.658438,0.500723,0.314418,0.947785,-0.053291,0.222009,-0.613220,0.245651,0.750717,-0.522925,0.000000,0.000000,0.000000,1.000000,0.09514110505498805,56.75452320628121
1782485693.631175,0.724609,-0.203368,0.658438,0.500723,0.314418,0.947785,-0.053291,0.222009,-0.613220,0.245651,0.750717,-0.522925,0.000000,0.000000,0.000000,1.000000,0.09514110505498805,56.75452320628121
1782485693.666274,0.724609,-0.203368,0.658438,0.500723,0.314418,0.947785,-0.053291,0.222009,-0.613220,0.245651,0.750717,-0.522925,0.000000,0.000000,0.000000,1.000000,0.09514110505498805,56.75452320628121
1782485693.701536,0.724609,-0.203368,0.658438,0.500723,0.314418,0.947785,-0.053291,0.222009,-0.613220,0.245651,0.750717,-0.522925,0.000000,0.000000,0.000000,1.000000,0.09514110505498805,56.75452320628121
1782485693.737117,0.724609,-0.203368,0.658438,0.500723,0.314418,0.947785,-0.053291,0.222009,-0.613220,0.245651,0.750717,-0.522925,0.000000,0.000000,0.000000,1.000000,0.09514110505498805,56.75452320628121
1782485693.772645,0.724609,-0.203368,0.658438,0.500723,0.314418,0.947785,-0.053291,0.222009,-0.613220,0.245651,0.750717,-0.522925,0.000000,0.000000,0.000000,1.000000,0.09514110505498805,56.75452320628121
1782485693.807702,0.724609,-0.203368,0.658438,0.500723,0.314418,0.947785,-0.053291,0.222009,-0.613220,0.245651,0.750717,-0.522925,0.000000,0.000000,0.000000,1.000000,0.09514110505498805,56.75452320628121
1782485693.843057,0.724609,-0.203368,0.658438,0.500723,0.314418,0.947785,-0.053291,0.222009,-0.613220,0.245651,0.750717,-0.522925,0.000000,0.000000,0.000000,1.000000,0.09514110505498805,56.75452320628121
1782485693.879536,0.724609,-0.203368,0.658438,0.500723,0.314418,0.947785,-0.053291,0.222009,-0.613220,0.245651,0.750717,-0.522925,0.000000,0.000000,0.000000,1.000000,0.09514110505498805,56.75452320628121
1782485693.914751,0.724609,-0.203368,0.658438,0.500723,0.314418,0.947785,-0.053291,0.222009,-0.613220,0.245651,0.750717,-0.522925,0.000000,0.000000,0.000000,1.000000,0.09514110505498805,56.75452320628121
1782485693.950354,0.724609,-0.203368,0.658438,0.500723,0.314418,0.947785,-0.053291,0.222009,-0.613220,0.245651,0.750717,-0.522925,0.000000,0.000000,0.000000,1.000000,0.09514110505498805,56.75452320628121
1782485693.985479,0.724609,-0.203368,0.658438,0.500723,0.314418,0.947785,-0.053291,0.222009,-0.613220,0.245651,0.750717,-0.522925,0.000000,0.000000,0.000000,1.000000,0.09514110505498805,56.75452320628121
1782485694.021039,0.724609,-0.203368,0.658438,0.500723,0.314418,0.947785,-0.053291,0.222009,-0.613220,0.245651,0.750717,-0.522925,0.000000,0.000000,0.000000,1.000000,0.09514110505498805,56.75452320628121
1782485694.056373,0.724609,-0.203368,0.658438,0.500723,0.314418,0.947785,-0.053291,0.222009,-0.613220,0.245651,0.750717,-0.522925,0.000000,0.000000,0.000000,1.000000,0.09514110505498805,56.75452320628121
1782485694.091372,0.724609,-0.203368,0.658438,0.500723,0.314418,0.947785,-0.053291,0.222009,-0.613220,0.245651,0.750717,-0.522925,0.000000,0.000000,0.000000,1.000000,0.09514110505498805,56.75452320628121
1782485694.126525,0.724609,-0.203368,0.658438,0.500723,0.314418,0.947785,-0.053291,0.222009,-0.613220,0.245651,0.750717,-0.522925,0.000000,0.000000,0.000000,1.000000,0.09514110505498805,56.75452320628121
1782485694.161913,0.724609,-0.203368,0.658438,0.500723,0.314418,0.947785,-0.053291,0.222009,-0.613220,0.245651,0.750717,-0.522925,0.000000,0.000000,0.000000,1.000000,0.09514110505498805,56.75452320628121
1782485694.196503,0.724609,-0.203368,0.658438,0.500723,0.314418,0.947785,-0.053291,0.222009,-0.613220,0.245651,0.750717,-0.522925,0.000000,0.000000,0.000000,1.000000,0.09514110505498805,56.75452320628121
1782485694.232013,0.724609,-0.203368,0.658438,0.500723,0.314418,0.947785,-0.053291,0.222009,-0.613220,0.245651,0.750717,-0.522925,0.000000,0.000000,0.000000,1.000000,0.09514110505498805,56.75452320628121
1782485694.267600,0.724609,-0.203368,0.658438,0.500723,0.314418,0.947785,-0.053291,0.222009,-0.613220,0.245651,0.750717,-0.522925,0.000000,0.000000,0.000000,1.000000,0.09514110505498805,56.75452320628121
1782485694.303188,0.724609,-0.203368,0.658438,0.500723,0.314418,0.947785,-0.053291,0.222009,-0.613220,0.245651,0.750717,-0.522925,0.000000,0.000000,0.000000,1.000000,0.09514110505498805,56.75452320628121
1782485694.338501,0.724609,-0.203368,0.658438,0.500723,0.314418,0.947785,-0.053291,0.222009,-0.613220,0.245651,0.750717,-0.522925,0.000000,0.000000,0.000000,1.000000,0.09514110505498805,56.75452320628121
1782485694.373925,0.724609,-0.203368,0.658438,0.500723,0.314418,0.947785,-0.053291,0.222009,-0.613220,0.245651,0.750717,-0.522925,0.000000,0.000000,0.000000,1.000000,0.09514110505498805,56.75452320628121
1782485694.409335,0.724609,-0.203368,0.658438,0.500723,0.314418,0.947785,-0.053291,0.222009,-0.613220,0.245651,0.750717,-0.522925,0.000000,0.000000,0.000000,1.000000,0.09514110505498805,56.75452320628121
1782485694.444796,0.724609,-0.203368,0.658438,0.500723,0.314418,0.947785,-0.053291,0.222009,-0.613220,0.245651,0.750717,-0.522925,0.000000,0.000000,0.000000,1.000000,0.09514110505498805,56.75452320628121
1782485694.480204,0.724609,-0.203368,0.658438,0.500723,0.314418,0.947785,-0.053291,0.222009,-0.613220,0.245651,0.750717,-0.522925,0.000000,0.000000,0.000000,1.000000,0.09514110505498805,56.75452320628121
1782485694.514755,0.724609,-0.203368,0.658438,0.500723,0.314418,0.947785,-0.053291,0.222009,-0.613220,0.245651,0.750717,-0.522925,0.000000,0.000000,0.000000,1.000000,0.09514110505498805,56.75452320628121
1782485694.550281,0.724609,-0.203368,0.658438,0.500723,0.314418,0.947785,-0.053291,0.222009,-0.613220,0.245651,0.750717,-0.522925,0.000000,0.000000,0.000000,1.000000,0.09514110505498805,56.75452320628121
1782485694.585984,0.724609,-0.203368,0.658438,0.500723,0.314418,0.947785,-0.053291,0.222009,-0.613220,0.245651,0.750717,-0.522925,0.000000,0.000000,0.000000,1.000000,0.09514110505498805,56.75452320628121
1782485694.621408,0.724609,-0.203368,0.658438,0.500723,0.314418,0.947785,-0.053291,0.222009,-0.613220,0.245651,0.750717,-0.522925,0.000000,0.000000,0.000000,1.000000,0.09514110505498805,56.75452320628121
1782485694.657039,0.724609,-0.203368,0.658438,0.500723,0.314418,0.947785,-0.053291,0.222009,-0.613220,0.245651,0.750717,-0.522925,0.000000,0.000000,0.000000,1.000000,0.09514110505498805,56.75452320628121
1782485694.692653,0.724609,-0.203368,0.658438,0.500723,0.314418,0.947785,-0.053291,0.222009,-0.613220,0.245651,0.750717,-0.522925,0.000000,0.000000,0.000000,1.000000,0.09514110505498805,56.75452320628121
1782485694.728055,0.724609,-0.203368,0.658438,0.500723,0.314418,0.947785,-0.053291,0.222009,-0.613220,0.245651,0.750717,-0.522925,0.000000,0.000000,0.000000,1.000000,0.09514110505498805,56.75452320628121
1782485694.763534,0.724609,-0.203368,0.658438,0.500723,0.314418,0.947785,-0.053291,0.222009,-0.613220,0.245651,0.750717,-0.522925,0.000000,0.000000,0.000000,1.000000,0.09514110505498805,56.75452320628121
1782485694.799112,0.724609,-0.203368,0.658438,0.500723,0.314418,0.947785,-0.053291,0.222009,-0.613220,0.245651,0.750717,-0.522925,0.000000,0.000000,0.000000,1.000000,0.09514110505498805,56.75452320628121
1782485694.834474,0.724609,-0.203368,0.658438,0.500723,0.314418,0.947785,-0.053291,0.222009,-0.613220,0.245651,0.750717,-0.522925,0.000000,0.000000,0.000000,1.000000,0.09514110505498805,56.75452320628121
1782485694.869995,0.724609,-0.203368,0.658438,0.500723,0.314418,0.947785,-0.053291,0.222009,-0.613220,0.245651,0.750717,-0.522925,0.000000,0.000000,0.000000,1.000000,0.09514110505498805,56.75452320628121
1782485694.905292,0.724609,-0.203368,0.658438,0.500723,0.314418,0.947785,-0.053291,0.222009,-0.613220,0.245651,0.750717,-0.522925,0.000000,0.000000,0.000000,1.000000,0.09514110505498805,56.75452320628121
1782485694.940575,0.724609,-0.203368,0.658438,0.500723,0.314418,0.947785,-0.053291,0.222009,-0.613220,0.245651,0.750717,-0.522925,0.000000,0.000000,0.000000,1.000000,0.09514110505498805,56.75452320628121
1782485694.975983,0.724609,-0.203368,0.658438,0.500723,0.314418,0.947785,-0.053291,0.222009,-0.613220,0.245651,0.750717,-0.522925,0.000000,0.000000,0.000000,1.000000,0.09514110505498805,56.75452320628121
1782485695.010984,0.724609,-0.203368,0.658438,0.500723,0.314418,0.947785,-0.053291,0.222009,-0.613220,0.245651,0.750717,-0.522925,0.000000,0.000000,0.000000,1.000000,0.09514110505498805,56.75452320628121
1782485695.045893,0.724609,-0.203368,0.658438,0.500723,0.314418,0.947785,-0.053291,0.222009,-0.613220,0.245651,0.750717,-0.522925,0.000000,0.000000,0.000000,1.000000,0.09514110505498805,56.75452320628121
1782485695.080805,0.724609,-0.203368,0.658438,0.500723,0.314418,0.947785,-0.053291,0.222009,-0.613220,0.245651,0.750717,-0.522925,0.000000,0.000000,0.000000,1.000000,0.09514110505498805,56.75452320628121
1782485695.116072,0.724609,-0.203368,0.658438,0.500723,0.314418,0.947785,-0.053291,0.222009,-0.613220,0.245651,0.750717,-0.522925,0.000000,0.000000,0.000000,1.000000,0.09514110505498805,56.75452320628121
1782485695.151352,0.724609,-0.203368,0.658438,0.500723,0.314418,0.947785,-0.053291,0.222009,-0.613220,0.245651,0.750717,-0.522925,0.000000,0.000000,0.000000,1.000000,0.09514110505498805,56.75452320628121
1782485695.186668,0.724609,-0.203368,0.658438,0.500723,0.314418,0.947785,-0.053291,0.222009,-0.613220,0.245651,0.750717,-0.522925,0.000000,0.000000,0.000000,1.000000,0.09514110505498805,56.75452320628121
1782485695.221379,0.724609,-0.203368,0.658438,0.500723,0.314418,0.947785,-0.053291,0.222009,-0.613220,0.245651,0.750717,-0.522925,0.000000,0.000000,0.000000,1.000000,0.09514110505498805,56.75452320628121
1782485695.255792,0.724609,-0.203368,0.658438,0.500723,0.314418,0.947785,-0.053291,0.222009,-0.613220,0.245651,0.750717,-0.522925,0.000000,0.000000,0.000000,1.000000,0.09514110505498805,56.75452320628121
1782485695.291061,0.724609,-0.203368,0.658438,0.500723,0.314418,0.947785,-0.053291,0.222009,-0.613220,0.245651,0.750717,-0.522925,0.000000,0.000000,0.000000,1.000000,0.09514110505498805,56.75452320628121
1782485695.326290,0.724609,-0.203368,0.658438,0.500723,0.314418,0.947785,-0.053291,0.222009,-0.613220,0.245651,0.750717,-0.522925,0.000000,0.000000,0.000000,1.000000,0.09514110505498805,56.75452320628121
1782485695.361740,0.724609,-0.203368,0.658438,0.500723,0.314418,0.947785,-0.053291,0.222009,-0.613220,0.245651,0.750717,-0.522925,0.000000,0.000000,0.000000,1.000000,0.09514110505498805,56.75452320628121
1782485695.397077,0.724609,-0.203368,0.658438,0.500723,0.314418,0.947785,-0.053291,0.222009,-0.613220,0.245651,0.750717,-0.522925,0.000000,0.000000,0.000000,1.000000,0.09514110505498805,56.75452320628121
1782485695.432192,0.724609,-0.203368,0.658438,0.500723,0.314418,0.947785,-0.053291,0.222009,-0.613220,0.245651,0.750717,-0.522925,0.000000,0.000000,0.000000,1.000000,0.09514110505498805,56.75452320628121
1782485695.467600,0.724609,-0.203368,0.658438,0.500723,0.314418,0.947785,-0.053291,0.222009,-0.613220,0.245651,0.750717,-0.522925,0.000000,0.000000,0.000000,1.000000,0.09514110505498805,56.75452320628121
1782485695.503042,0.724609,-0.203368,0.658438,0.500723,0.314418,0.947785,-0.053291,0.222009,-0.613220,0.245651,0.750717,-0.522925,0.000000,0.000000,0.000000,1.000000,0.09514110505498805,56.75452320628121
