timestamp,live_pose_0,live_pose_1,live_pose_2,live_pose_3,live_pose_4,live_pose_5,live_pose_6,live_pose_7,live_pose_8,live_pose_9,live_pose_10,live_pose_11,live_pose_12,live_pose_13,live_pose_14,live_pose_15,linear_m,angular_deg
1782352647.599325,0.724609,-0.203368,0.658438,0.500723,0.314418,0.947785,-0.053291,0.222009,-0.613220,0.245651,0.750717,-0.522925,0.000000,0.000000,0.000000,1.000000,0.11763706971674727,118.00929688005239
1782352647.635805,0.724609,-0.203368,0.658438,0.500723,0.314418,0.947785,-0.053291,0.222009,-0.613220,0.245651,0.750717,-0.522925,0.000000,0.000000,0.000000,1.000000,0.11763706971674727,118.00929688005239
1782352647.671444,0.724609,-0.203368,0.658438,0.500723,0.314418,0.947785,-0.053291,0.222009,-0.613220,0.245651,0.750717,-0.522925,0.000000,0.000000,0.000000,1.000000,0.11763706971674727,118.00929688005239
1782352647.706958,0.724609,-0.203368,0.658438,0.500723,0.314418,0.947785,-0.053291,0.222009,-0.613220,0.245651,0.750717,-0.522925,0.000000,0.000000,0.000000,1.000000,0.11763706971674727,118.00929688005239
1782352647.742647,0.724609,-0.203368,0.658438,0.500723,0.314418,0.947785,-0.053291,0.222009,-0.613220,0.245651,0.750717,-0.522925,0.000000,0.000000,0.000000,1.000000,0.11763706971674727,118.00929688005239
1782352647.778441,0.724609,-0.203368,0.658438,0.500723,0.314418,0.947785,-0.053291,0.222009,-0.613220,0.245651,0.750717,-0.522925,0.000000,0.000000,0.000000,1.000000,0.11763706971674727,118.00929688005239
1782352647.814216,0.724609,-0.203368,0.658438,0.500723,0.314418,0.947785,-0.053291,0.222009,-0.613220,0.245651,0.750717,-0.522925,0.000000,0.000000,0.000000,1.000000,0.11763706971674727,118.00929688005239
1782352647.849810,0.724609,-0.203368,0.658438,0.500723,0.314418,0.947785,-0.053291,0.222009,-0.613220,0.245651,0.750717,-0.522925,0.000000,0.000000,0.000000,1.000000,0.11763706971674727,118.00929688005239
1782352647.885631,0.724609,-0.203368,0.658438,0.500723,0.314418,0.947785,-0.053291,0.222009,-0.613220,0.245651,0.750717,-0.522925,0.000000,0.000000,0.000000,1.000000,0.11763706971674727,118.00929688005239
1782352647.921705,0.724609,-0.203368,0.658438,0.500723,0.314418,0.947785,-0.053291,0.222009,-0.613220,0.245651,0.750717,-0.522925,0.000000,0.000000,0.000000,1.000000,0.11763706971674727,118.00929688005239
1782352647.957412,0.724609,-0.203368,0.658438,0.500723,0.314418,0.947785,-0.053291,0.222009,-0.613220,0.245651,0.750717,-0.522925,0.000000,0.000000,0.000000,1.000000,0.11763706971674727,118.00929688005239
1782352647.993021,0.724609,-0.203368,0.658438,0.500723,0.314418,0.947785,-0.053291,0.222009,-0.613220,0.245651,0.750717,-0.522925,0.000000,0.000000,0.000000,1.000000,0.11763706971674727,118.00929688005239
1782352648.028541,0.724609,-0.203368,0.658438,0.500723,0.314418,0.947785,-0.053291,0.222009,-0.613220,0.245651,0.750717,-0.522925,0.000000,0.000000,0.000000,1.000000,0.11763706971674727,118.00929688005239
1782352648.064205,0.724609,-0.203368,0.658438,0.500723,0.314418,0.947785,-0.053291,0.222009,-0.613220,0.245651,0.750717,-0.522925,0.000000,0.000000,0.000000,1.000000,0.11763706971674727,118.00929688005239
1782352648.100180,0.724609,-0.203368,0.658438,0.500723,0.314418,0.947785,-0.053291,0.222009,-0.613220,0.245651,0.750717,-0.522925,0.000000,0.000000,0.000000,1.000000,0.11763706971674727,118.00929688005239
1782352648.136069,0.724609,-0.203368,0.658438,0.500723,0.314418,0.947785,-0.053291,0.222009,-0.613220,0.245651,0.750717,-0.522925,0.000000,0.000000,0.000000,1.000000,0.11763706971674727,118.00929688005239
1782352648.171907,0.724609,-0.203368,0.658438,0.500723,0.314418,0.947785,-0.053291,0.222009,-0.613220,0.245651,0.750717,-0.522925,0.000000,0.000000,0.000000,1.000000,0.11763706971674727,118.00929688005239
1782352648.207776,0.724609,-0.203368,0.658438,0.500723,0.314418,0.947785,-0.053291,0.222009,-0.613220,0.245651,0.750717,-0.522925,0.000000,0.000000,0.000000,1.000000,0.11763706971674727,118.00929688005239
1782352648.244023,0.724609,-0.203368,0.658438,0.500723,0.314418,0.947785,-0.053291,0.222009,-0.613220,0.245651,0.750717,-0.522925,0.000000,0.000000,0.000000,1.000000,0.11763706971674727,118.00929688005239
1782352648.280195,0.724609,-0.203368,0.658438,0.500723,0.314418,0.947785,-0.053291,0.222009,-0.613220,0.245651,0.750717,-0.522925,0.000000,0.000000,0.000000,1.000000,0.11763706971674727,118.00929688005239
1782352648.316152,0.724609,-0.203368,0.658438,0.500723,0.314418,0.947785,-0.053291,0.222009,-0.613220,0.245651,0.750717,-0.522925,0.000000,0.000000,0.000000,1.000000,0.11763706971674727,118.00929688005239
1782352648.352068,0.724609,-0.203368,0.658438,0.500723,0.314418,0.947785,-0.053291,0.222009,-0.613220,0.245651,0.750717,-0.522925,0.000000,0.000000,0.000000,1.000000,0.11763706971674727,118.00929688005239
1782352648.388229,0.724609,-0.203368,0.658438,0.500723,0.314418,0.947785,-0.053291,0.222009,-0.613220,0.245651,0.750717,-0.522925,0.000000,0.000000,0.000000,1.000000,0.11763706971674727,118.00929688005239
1782352648.424259,0.724609,-0.203368,0.658438,0.500723,0.314418,0.947785,-0.053291,0.222009,-0.613220,0.245651,0.750717,-0.522925,0.000000,0.000000,0.000000,1.000000,0.11763706971674727,118.00929688005239
1782352648.459556,0.724609,-0.203368,0.658438,0.500723,0.314418,0.947785,-0.053291,0.222009,-0.613220,0.245651,0.750717,-0.522925,0.000000,0.000000,0.000000,1.000000,0.11763706971674727,118.00929688005239
1782352648.495535,0.724609,-0.203368,0.658438,0.500723,0.314418,0.947785,-0.053291,0.222009,-0.613220,0.245651,0.750717,-0.522925,0.000000,0.000000,0.000000,1.000000,0.11763706971674727,118.00929688005239
1782352648.530460,0.724609,-0.203368,0.658438,0.492812,0.314418,0.947785,-0.053291,0.216745,-0.613220,0.245651,0.750717,-0.526040,0.000000,0.000000,0.000000,1.000000,0.1082216610548223,118.00929688005239
1782352648.566574,0.724609,-0.203368,0.658438,0.492812,0.314418,0.947785,-0.053291,0.216745,-0.613220,0.245651,0.750717,-0.526040,0.000000,0.000000,0.000000,1.000000,0.1082216610548223,118.00929688005239
1782352648.602694,0.724609,-0.203368,0.658438,0.492812,0.314418,0.947785,-0.053291,0.216745,-0.613220,0.245651,0.750717,-0.526040,0.000000,0.000000,0.000000,1.000000,0.1082216610548223,118.00929688005239
1782352648.638552,0.724609,-0.203368,0.658438,0.492812,0.314418,0.947785,-0.053291,0.216745,-0.613220,0.245651,0.750717,-0.526040,0.000000,0.000000,0.000000,1.000000,0.1082216610548223,118.00929688005239
1782352648.674782,0.724609,-0.203368,0.658438,0.492812,0.314418,0.947785,-0.053291,0.216745,-0.613220,0.245651,0.750717,-0.526040,0.000000,0.000000,0.000000,1.000000,0.1082216610548223,118.00929688005239
1782352648.710659,0.724609,-0.203368,0.658438,0.492812,0.314418,0.947785,-0.053291,0.216745,-0.613220,0.245651,0.750717,-0.526040,0.000000,0.000000,0.000000,1.000000,0.1082216610548223,118.00929688005239
1782352648.746831,0.724609,-0.203368,0.658438,0.492812,0.314418,0.947785,-0.053291,0.216745,-0.613220,0.245651,0.750717,-0.526040,0.000000,0.000000,0.000000,1.000000,0.1082216610548223,118.00929688005239
1782352648.782589,0.724609,-0.203368,0.658438,0.492812,0.314418,0.947785,-0.053291,0.216745,-0.613220,0.245651,0.750717,-0.526040,0.000000,0.000000,0.000000,1.000000,0.1082216610548223,118.00929688005239
1782352648.818239,0.724609,-0.203368,0.658438,0.492812,0.314418,0.947785,-0.053291,0.216745,-0.613220,0.245651,0.750717,-0.526040,0.000000,0.000000,0.000000,1.000000,0.1082216610548223,118.00929688005239
1782352648.854328,0.724609,-0.203368,0.658438,0.492812,0.314418,0.947785,-0.053291,0.216745,-0.613220,0.245651,0.750717,-0.526040,0.000000,0.000000,0.000000,1.000000,0.1082216610548223,118.00929688005239
1782352648.889639,0.724609,-0.203368,0.658438,0.492812,0.314418,0.947785,-0.053291,0.216745,-0.613220,0.245651,0.750717,-0.526040,0.000000,0.000000,0.000000,1.000000,0.1082216610548223,118.00929688005239
1782352648.925694,0.724609,-0.203368,0.658438,0.492812,0.314418,0.947785,-0.053291,0.216745,-0.613220,0.245651,0.750717,-0.526040,0.000000,0.000000,0.000000,1.000000,0.1082216610548223,118.00929688005239
1782352648.961616,0.724609,-0.203368,0.658438,0.492812,0.314418,0.947785,-0.053291,0.216745,-0.613220,0.245651,0.750717,-0.526040,0.000000,0.000000,0.000000,1.000000,0.1082216610548223,118.00929688005239
1782352648.996563,0.724609,-0.203368,0.658438,0.492812,0.314418,0.947785,-0.053291,0.216745,-0.613220,0.245651,0.750717,-0.526040,0.000000,0.000000,0.000000,1.000000,0.1082216610548223,118.00929688005239
1782352649.031597,0.724609,-0.203368,0.658438,0.484901,0.314418,0.947785,-0.053291,0.211480,-0.613220,0.245651,0.750717,-0.529154,0.000000,0.000000,0.000000,1.000000,0.09892102094110919,118.00929688005239
1782352649.067628,0.724609,-0.203368,0.658438,0.484901,0.314418,0.947785,-0.053291,0.211480,-0.613220,0.245651,0.750717,-0.529154,0.000000,0.000000,0.000000,1.000000,0.09892102094110919,118.00929688005239
1782352649.103311,0.724609,-0.203368,0.658438,0.484901,0.314418,0.947785,-0.053291,0.211480,-0.613220,0.245651,0.750717,-0.529154,0.000000,0.000000,0.000000,1.000000,0.09892102094110919,118.00929688005239
1782352649.138933,0.724609,-0.203368,0.658438,0.476990,0.314418,0.947785,-0.053291,0.206215,-0.613220,0.245651,0.750717,-0.532268,0.000000,0.000000,0.000000,1.000000,0.08977082799686331,118.00929688005239
1782352649.174865,0.724609,-0.203368,0.658438,0.476990,0.314418,0.947785,-0.053291,0.206215,-0.613220,0.245651,0.750717,-0.532268,0.000000,0.000000,0.000000,1.000000,0.08977082799686331,118.00929688005239
1782352649.210435,0.724609,-0.203368,0.658438,0.469079,0.314418,0.947785,-0.053291,0.200951,-0.613220,0.245651,0.750717,-0.535382,0.000000,0.000000,0.000000,1.000000,0.08082219650008289,118.00929688005239
1782352649.246259,0.724609,-0.203368,0.658438,0.469079,0.314418,0.947785,-0.053291,0.200951,-0.613220,0.245651,0.750717,-0.535382,0.000000,0.000000,0.000000,1.000000,0.08082219650008289,118.00929688005239
1782352649.281488,0.724609,-0.203368,0.658438,0.461168,0.314418,0.947785,-0.053291,0.195686,-0.613220,0.245651,0.750717,-0.538496,0.000000,0.000000,0.000000,1.000000,0.07215016318483375,118.00929688005239
1782352649.317070,0.724609,-0.203368,0.658438,0.461168,0.314418,0.947785,-0.053291,0.195686,-0.613220,0.245651,0.750717,-0.538496,0.000000,0.000000,0.000000,1.000000,0.07215016318483375,118.00929688005239
1782352649.352962,0.724609,-0.203368,0.658438,0.461168,0.314418,0.947785,-0.053291,0.195686,-0.613220,0.245651,0.750717,-0.538496,0.000000,0.000000,0.000000,1.000000,0.07215016318483375,118.00929688005239
1782352649.388643,0.724609,-0.203368,0.658438,0.453258,0.314418,0.947785,-0.053291,0.190421,-0.613220,0.245651,0.750717,-0.541610,0.000000,0.000000,0.000000,1.000000,0.06386749846943127,118.00929688005239
1782352649.424418,0.724609,-0.203368,0.658438,0.453258,0.314418,0.947785,-0.053291,0.190421,-0.613220,0.245651,0.750717,-0.541610,0.000000,0.000000,0.000000,1.000000,0.06386749846943127,118.00929688005239
1782352649.460540,0.724609,-0.203368,0.658438,0.445347,0.314418,0.947785,-0.053291,0.185156,-0.613220,0.245651,0.750717,-0.544725,0.000000,0.000000,0.000000,1.000000,0.056146784293777764,118.00929688005239
1782352649.495695,0.724609,-0.203368,0.658438,0.445347,0.314418,0.947785,-0.053291,0.185156,-0.613220,0.245651,0.750717,-0.544725,0.000000,0.000000,0.000000,1.000000,0.056146784293777764,118.00929688005239
1782352649.530893,0.724609,-0.203368,0.658438,0.445347,0.314418,0.947785,-0.053291,0.185156,-0.613220,0.245651,0.750717,-0.544725,0.000000,0.000000,0.000000,1.000000,0.056146784293777764,118.00929688005239
1782352649.566513,0.724609,-0.203368,0.658438,0.437436,0.314418,0.947785,-0.053291,0.179892,-0.613220,0.245651,0.750717,-0.547839,0.000000,0.000000,0.000000,1.000000,0.049253001177245515,118.00929688005239
1782352649.602340,0.724609,-0.203368,0.658438,0.437436,0.314418,0.947785,-0.053291,0.179892,-0.613220,0.245651,0.750717,-0.547839,0.000000,0.000000,0.000000,1.000000,0.049253001177245515,118.00929688005239
1782352649.638308,0.724609,-0.203368,0.658438,0.429525,0.314418,0.947785,-0.053291,0.174627,-0.613220,0.245651,0.750717,-0.550953,0.000000,0.000000,0.000000,1.000000,0.04358035768604961,118.00929688005239
1782352649.674068,0.724609,-0.203368,0.658438,0.429525,0.314418,0.947785,-0.053291,0.174627,-0.613220,0.245651,0.750717,-0.550953,0.000000,0.000000,0.000000,1.000000,0.04358035768604961,118.00929688005239
1782352649.709994,0.724609,-0.203368,0.658438,0.421614,0.314418,0.947785,-0.053291,0.169362,-0.613220,0.245651,0.750717,-0.554067,0.000000,0.000000,0.000000,1.000000,0.03965639595029831,118.00929688005239
1782352649.745598,0.724609,-0.203368,0.658438,0.421614,0.314418,0.947785,-0.053291,0.169362,-0.613220,0.245651,0.750717,-0.554067,0.000000,0.000000,0.000000,1.000000,0.03965639595029831,118.00929688005239
1782352649.780206,0.724609,-0.203368,0.658438,0.413703,0.314418,0.947785,-0.053291,0.164098,-0.613220,0.245651,0.750717,-0.557181,0.000000,0.000000,0.000000,1.000000,0.038026367380203235,118.00929688005239
1782352649.815114,0.724609,-0.203368,0.658438,0.413703,0.314418,0.947785,-0.053291,0.164098,-0.613220,0.245651,0.750717,-0.557181,0.000000,0.000000,0.000000,1.000000,0.038026367380203235,118.00929688005239
1782352649.851000,0.724609,-0.203368,0.658438,0.413703,0.314418,0.947785,-0.053291,0.164098,-0.613220,0.245651,0.750717,-0.557181,0.000000,0.000000,0.000000,1.000000,0.038026367380203235,118.00929688005239
1782352649.886773,0.724609,-0.203368,0.658438,0.405793,0.314418,0.947785,-0.053291,0.158833,-0.613220,0.245651,0.750717,-0.560295,0.000000,0.000000,0.000000,1.000000,0.03897912524860031,118.00929688005239
1782352649.922739,0.724609,-0.203368,0.658438,0.404379,0.314418,0.947785,-0.053291,0.165359,-0.613220,0.245651,0.750717,-0.567739,0.000000,0.000000,0.000000,1.000000,0.04342446824360576,118.00929688005239
1782352649.958122,0.724609,-0.203368,0.658438,0.404379,0.314418,0.947785,-0.053291,0.165359,-0.613220,0.245651,0.750717,-0.567739,0.000000,0.000000,0.000000,1.000000,0.04342446824360576,118.00929688005239
1782352649.994253,0.724609,-0.203368,0.658438,0.404379,0.314418,0.947785,-0.053291,0.165359,-0.613220,0.245651,0.750717,-0.567739,0.000000,0.000000,0.000000,1.000000,0.04342446824360576,118.00929688005239
1782352650.029904,0.724609,-0.203368,0.658438,0.404379,0.314418,0.947785,-0.053291,0.165359,-0.613220,0.245651,0.750717,-0.567739,0.000000,0.000000,0.000000,1.000000,0.04342446824360576,118.00929688005239
1782352650.065776,0.724609,-0.203368,0.658438,0.404379,0.314418,0.947785,-0.053291,0.165359,-0.613220,0.245651,0.750717,-0.567739,0.000000,0.000000,0.000000,1.000000,0.04342446824360576,118.00929688005239
1782352650.101185,0.724609,-0.203368,0.658438,0.404379,0.314418,0.947785,-0.053291,0.165359,-0.613220,0.245651,0.750717,-0.567739,0.000000,0.000000,0.000000,1.000000,0.04342446824360576,118.00929688005239
1782352650.137141,0.724609,-0.203368,0.658438,0.404379,0.314418,0.947785,-0.053291,0.165359,-0.613220,0.245651,0.750717,-0.567739,0.000000,0.000000,0.000000,1.000000,0.04342446824360576,118.00929688005239
1782352650.173184,0.724609,-0.203368,0.658438,0.404379,0.314418,0.947785,-0.053291,0.165359,-0.613220,0.245651,0.750717,-0.567739,0.000000,0.000000,0.000000,1.000000,0.04342446824360576,118.00929688005239
1782352650.208800,0.724609,-0.203368,0.658438,0.404379,0.314418,0.947785,-0.053291,0.165359,-0.613220,0.245651,0.750717,-0.567739,0.000000,0.000000,0.000000,1.000000,0.04342446824360576,118.00929688005239
1782352650.244413,0.724609,-0.203368,0.658438,0.404379,0.314418,0.947785,-0.053291,0.165359,-0.613220,0.245651,0.750717,-0.567739,0.000000,0.000000,0.000000,1.000000,0.04342446824360576,118.00929688005239
1782352650.280402,0.724609,-0.203368,0.658438,0.404379,0.314418,0.947785,-0.053291,0.165359,-0.613220,0.245651,0.750717,-0.567739,0.000000,0.000000,0.000000,1.000000,0.04342446824360576,118.00929688005239
1782352650.316233,0.724609,-0.203368,0.658438,0.404379,0.314418,0.947785,-0.053291,0.165359,-0.613220,0.245651,0.750717,-0.567739,0.000000,0.000000,0.000000,1.000000,0.04342446824360576,118.00929688005239
1782352650.352453,0.724609,-0.203368,0.658438,0.404379,0.314418,0.947785,-0.053291,0.165359,-0.613220,0.245651,0.750717,-0.567739,0.000000,0.000000,0.000000,1.000000,0.04342446824360576,118.00929688005239
1782352650.388611,0.724609,-0.203368,0.658438,0.404379,0.314418,0.947785,-0.053291,0.165359,-0.613220,0.245651,0.750717,-0.567739,0.000000,0.000000,0.000000,1.000000,0.04342446824360576,118.00929688005239
1782352650.424795,0.724609,-0.203368,0.658438,0.405793,0.314418,0.947785,-0.053291,0.158833,-0.613220,0.245651,0.750717,-0.560295,0.000000,0.000000,0.000000,1.000000,0.03897912524860031,118.00929688005239
1782352650.460989,0.724609,-0.203368,0.658438,0.405793,0.314418,0.947785,-0.053291,0.158833,-0.613220,0.245651,0.750717,-0.560295,0.000000,0.000000,0.000000,1.000000,0.03897912524860031,118.00929688005239
1782352650.496650,0.724609,-0.203368,0.658438,0.405793,0.314418,0.947785,-0.053291,0.158833,-0.613220,0.245651,0.750717,-0.560295,0.000000,0.000000,0.000000,1.000000,0.03897912524860031,118.00929688005239
1782352650.532424,0.724609,-0.203368,0.658438,0.405793,0.314418,0.947785,-0.053291,0.158833,-0.613220,0.245651,0.750717,-0.560295,0.000000,0.000000,0.000000,1.000000,0.03897912524860031,118.00929688005239
1782352650.568422,0.724609,-0.203368,0.658438,0.405793,0.314418,0.947785,-0.053291,0.158833,-0.613220,0.245651,0.750717,-0.560295,0.000000,0.000000,0.000000,1.000000,0.03897912524860031,118.00929688005239
1782352650.604365,0.724609,-0.203368,0.658438,0.405793,0.314418,0.947785,-0.053291,0.158833,-0.613220,0.245651,0.750717,-0.560295,0.000000,0.000000,0.000000,1.000000,0.03897912524860031,118.00929688005239
1782352650.639561,0.724609,-0.203368,0.658438,0.405793,0.314418,0.947785,-0.053291,0.158833,-0.613220,0.245651,0.750717,-0.560295,0.000000,0.000000,0.000000,1.000000,0.03897912524860031,118.00929688005239
1782352650.676010,0.724609,-0.203368,0.658438,0.405793,0.314418,0.947785,-0.053291,0.158833,-0.613220,0.245651,0.750717,-0.560295,0.000000,0.000000,0.000000,1.000000,0.03897912524860031,118.00929688005239
1782352650.712001,0.724609,-0.203368,0.658438,0.405793,0.314418,0.947785,-0.053291,0.158833,-0.613220,0.245651,0.750717,-0.560295,0.000000,0.000000,0.000000,1.000000,0.03897912524860031,118.00929688005239
1782352650.747827,0.724609,-0.203368,0.658438,0.405793,0.314418,0.947785,-0.053291,0.158833,-0.613220,0.245651,0.750717,-0.560295,0.000000,0.000000,0.000000,1.000000,0.03897912524860031,118.00929688005239
1782352650.783851,0.724609,-0.203368,0.658438,0.405793,0.314418,0.947785,-0.053291,0.158833,-0.613220,0.245651,0.750717,-0.560295,0.000000,0.000000,0.000000,1.000000,0.03897912524860031,118.00929688005239
1782352650.819677,0.724609,-0.203368,0.658438,0.405793,0.314418,0.947785,-0.053291,0.158833,-0.613220,0.245651,0.750717,-0.560295,0.000000,0.000000,0.000000,1.000000,0.03897912524860031,118.00929688005239
1782352650.855611,0.724609,-0.203368,0.658438,0.405793,0.314418,0.947785,-0.053291,0.158833,-0.613220,0.245651,0.750717,-0.560295,0.000000,0.000000,0.000000,1.000000,0.03897912524860031,118.00929688005239
1782352650.890976,0.724609,-0.203368,0.658438,0.405793,0.314418,0.947785,-0.053291,0.158833,-0.613220,0.245651,0.750717,-0.560295,0.000000,0.000000,0.000000,1.000000,0.03897912524860031,118.00929688005239
1782352650.927106,0.724609,-0.203368,0.658438,0.405793,0.314418,0.947785,-0.053291,0.158833,-0.613220,0.245651,0.750717,-0.560295,0.000000,0.000000,0.000000,1.000000,0.03897912524860031,118.00929688005239
1782352650.962194,0.724609,-0.203368,0.658438,0.405793,0.314418,0.947785,-0.053291,0.158833,-0.613220,0.245651,0.750717,-0.560295,0.000000,0.000000,0.000000,1.000000,0.03897912524860031,118.00929688005239
1782352650.997504,0.724609,-0.203368,0.658438,0.405793,0.314418,0.947785,-0.053291,0.158833,-0.613220,0.245651,0.750717,-0.560295,0.000000,0.000000,0.000000,1.000000,0.03897912524860031,118.00929688005239
1782352651.033351,0.724609,-0.203368,0.658438,0.405793,0.314418,0.947785,-0.053291,0.158833,-0.613220,0.245651,0.750717,-0.560295,0.000000,0.000000,0.000000,1.000000,0.03897912524860031,118.00929688005239
1782352651.069545,0.724609,-0.203368,0.658438,0.405793,0.314418,0.947785,-0.053291,0.158833,-0.613220,0.245651,0.750717,-0.560295,0.000000,0.000000,0.000000,1.000000,0.03897912524860031,118.00929688005239
1782352651.105709,0.724609,-0.203368,0.658438,0.405793,0.314418,0.947785,-0.053291,0.158833,-0.613220,0.245651,0.750717,-0.560295,0.000000,0.000000,0.000000,1.000000,0.03897912524860031,118.00929688005239
1782352651.140980,0.709777,-0.208798,0.672739,0.410706,0.339186,0.938354,-0.066636,0.155118,-0.617354,0.275491,0.736843,-0.566492,0.000000,0.000000,0.000000,1.000000,0.03197903902080518,116.34769494107316
1782352651.176142,0.709777,-0.208798,0.672739,0.410706,0.339186,0.938354,-0.066636,0.155118,-0.617354,0.275491,0.736843,-0.566492,0.000000,0.000000,0.000000,1.000000,0.03197903902080518,116.34769494107316
1782352651.211958,0.709777,-0.208798,0.672739,0.410706,0.339186,0.938354,-0.066636,0.155118,-0.617354,0.275491,0.736843,-0.566492,0.000000,0.000000,0.000000,1.000000,0.03197903902080518,116.34769494107316
1782352651.246999,0.709777,-0.208798,0.672739,0.410706,0.339186,0.938354,-0.066636,0.155118,-0.617354,0.275491,0.736843,-0.566492,0.000000,0.000000,0.000000,1.000000,0.03197903902080518,116.34769494107316
1782352651.282880,0.709777,-0.208798,0.672739,0.410706,0.339186,0.938354,-0.066636,0.155118,-0.617354,0.275491,0.736843,-0.566492,0.000000,0.000000,0.000000,1.000000,0.03197903902080518,116.34769494107316
1782352651.319129,0.709777,-0.208798,0.672739,0.410706,0.339186,0.938354,-0.066636,0.155118,-0.617354,0.275491,0.736843,-0.566492,0.000000,0.000000,0.000000,1.000000,0.03197903902080518,116.34769494107316
1782352651.355246,0.709777,-0.208798,0.672739,0.410706,0.339186,0.938354,-0.066636,0.155118,-0.617354,0.275491,0.736843,-0.566492,0.000000,0.000000,0.000000,1.000000,0.03197903902080518,116.34769494107316
1782352651.391171,0.709777,-0.208798,0.672739,0.410706,0.339186,0.938354,-0.066636,0.155118,-0.617354,0.275491,0.736843,-0.566492,0.000000,0.000000,0.000000,1.000000,0.03197903902080518,116.34769494107316
1782352651.426735,0.709777,-0.208798,0.672739,0.410706,0.339186,0.938354,-0.066636,0.155118,-0.617354,0.275491,0.736843,-0.566492,0.000000,0.000000,0.000000,1.000000,0.03197903902080518,116.34769494107316
1782352651.462656,0.709777,-0.208798,0.672739,0.410706,0.339186,0.938354,-0.066636,0.155118,-0.617354,0.275491,0.736843,-0.566492,0.000000,0.000000,0.000000,1.000000,0.03197903902080518,116.34769494107316
1782352651.498790,0.709777,-0.208798,0.672739,0.410706,0.339186,0.938354,-0.066636,0.155118,-0.617354,0.275491,0.736843,-0.566492,0.000000,0.000000,0.000000,1.000000,0.03197903902080518,116.34769494107316
1782352651.534890,0.709777,-0.208798,0.672739,0.410706,0.339186,0.938354,-0.066636,0.155118,-0.617354,0.275491,0.736843,-0.566492,0.000000,0.000000,0.000000,1.000000,0.03197903902080518,116.34769494107316
1782352651.570708,0.709777,-0.208798,0.672739,0.410706,0.339186,0.938354,-0.066636,0.155118,-0.617354,0.275491,0.736843,-0.566492,0.000000,0.000000,0.000000,1.000000,0.03197903902080518,116.34769494107316
1782352651.606845,0.709777,-0.208798,0.672739,0.410706,0.339186,0.938354,-0.066636,0.155118,-0.617354,0.275491,0.736843,-0.566492,0.000000,0.000000,0.000000,1.000000,0.03197903902080518,116.34769494107316
1782352651.643599,0.709777,-0.208798,0.672739,0.410706,0.339186,0.938354,-0.066636,0.155118,-0.617354,0.275491,0.736843,-0.566492,0.000000,0.000000,0.000000,1.000000,0.03197903902080518,116.34769494107316
1782352651.679193,0.694609,-0.213574,0.686923,0.409644,0.363893,0.928045,-0.079435,0.156848,-0.620529,0.305153,0.722346,-0.566714,0.000000,0.000000,0.000000,1.000000,0.03387411958557428,114.69278163546834
1782352651.715117,0.694609,-0.213574,0.686923,0.409644,0.363893,0.928045,-0.079435,0.156848,-0.620529,0.305153,0.722346,-0.566714,0.000000,0.000000,0.000000,1.000000,0.03387411958557428,114.69278163546834
1782352651.751120,0.694609,-0.213574,0.686923,0.409644,0.363893,0.928045,-0.079435,0.156848,-0.620529,0.305153,0.722346,-0.566714,0.000000,0.000000,0.000000,1.000000,0.03387411958557428,114.69278163546834
1782352651.786869,0.694609,-0.213574,0.686923,0.409644,0.363893,0.928045,-0.079435,0.156848,-0.620529,0.305153,0.722346,-0.566714,0.000000,0.000000,0.000000,1.000000,0.03387411958557428,114.69278163546834
1782352651.822739,0.694609,-0.213574,0.686923,0.409644,0.363893,0.928045,-0.079435,0.156848,-0.620529,0.305153,0.722346,-0.566714,0.000000,0.000000,0.000000,1.000000,0.03387411958557428,114.69278163546834
1782352651.857944,0.679123,-0.217690,0.700971,0.408560,0.388508,0.916871,-0.091673,0.158571,-0.622743,0.334601,0.707242,-0.566869,0.000000,0.000000,0.000000,1.000000,0.035801395257576696,113.04490817262423
1782352651.894148,0.679123,-0.217690,0.700971,0.408560,0.388508,0.916871,-0.091673,0.158571,-0.622743,0.334601,0.707242,-0.566869,0.000000,0.000000,0.000000,1.000000,0.035801395257576696,113.04490817262423
1782352651.929949,0.679123,-0.217690,0.700971,0.408560,0.388508,0.916871,-0.091673,0.158571,-0.622743,0.334601,0.707242,-0.566869,0.000000,0.000000,0.000000,1.000000,0.035801395257576696,113.04490817262423
1782352651.965927,0.679123,-0.217690,0.700971,0.408560,0.388508,0.916871,-0.091673,0.158571,-0.622743,0.334601,0.707242,-0.566869,0.000000,0.000000,0.000000,1.000000,0.035801395257576696,113.04490817262423
1782352652.002031,0.679123,-0.217690,0.700971,0.408560,0.388508,0.916871,-0.091673,0.158571,-0.622743,0.334601,0.707242,-0.566869,0.000000,0.000000,0.000000,1.000000,0.035801395257576696,113.04490817262423
1782352652.038031,0.679123,-0.217690,0.700971,0.408560,0.388508,0.916871,-0.091673,0.158571,-0.622743,0.334601,0.707242,-0.566869,0.000000,0.000000,0.000000,1.000000,0.035801395257576696,113.04490817262423
1782352652.073995,0.679123,-0.217690,0.700971,0.408560,0.388508,0.916871,-0.091673,0.158571,-0.622743,0.334601,0.707242,-0.566869,0.000000,0.000000,0.000000,1.000000,0.035801395257576696,113.04490817262423
1782352652.109924,0.679123,-0.217690,0.700971,0.408560,0.388508,0.916871,-0.091673,0.158571,-0.622743,0.334601,0.707242,-0.566869,0.000000,0.000000,0.000000,1.000000,0.035801395257576696,113.04490817262423
1782352652.146090,0.663340,-0.221141,0.714867,0.407455,0.413002,0.904846,-0.103335,0.160285,-0.623992,0.363799,0.691551,-0.566957,0.000000,0.000000,0.000000,1.000000,0.03775377714985398,111.40444353454937
1782352652.181962,0.663340,-0.221141,0.714867,0.407455,0.413002,0.904846,-0.103335,0.160285,-0.623992,0.363799,0.691551,-0.566957,0.000000,0.000000,0.000000,1.000000,0.03775377714985398,111.40444353454937
1782352652.218053,0.663340,-0.221141,0.714867,0.407455,0.413002,0.904846,-0.103335,0.160285,-0.623992,0.363799,0.691551,-0.566957,0.000000,0.000000,0.000000,1.000000,0.03775377714985398,111.40444353454937
1782352652.254167,0.663340,-0.221141,0.714867,0.407455,0.413002,0.904846,-0.103335,0.160285,-0.623992,0.363799,0.691551,-0.566957,0.000000,0.000000,0.000000,1.000000,0.03775377714985398,111.40444353454937
1782352652.290189,0.663340,-0.221141,0.714867,0.407455,0.413002,0.904846,-0.103335,0.160285,-0.623992,0.363799,0.691551,-0.566957,0.000000,0.000000,0.000000,1.000000,0.03775377714985398,111.40444353454937
1782352652.326138,0.663340,-0.221141,0.714867,0.407455,0.413002,0.904846,-0.103335,0.160285,-0.623992,0.363799,0.691551,-0.566957,0.000000,0.000000,0.000000,1.000000,0.03775377714985398,111.40444353454937
1782352652.362109,0.663340,-0.221141,0.714867,0.407455,0.413002,0.904846,-0.103335,0.160285,-0.623992,0.363799,0.691551,-0.566957,0.000000,0.000000,0.000000,1.000000,0.03775377714985398,111.40444353454937
1782352652.397717,0.663340,-0.221141,0.714867,0.407455,0.413002,0.904846,-0.103335,0.160285,-0.623992,0.363799,0.691551,-0.566957,0.000000,0.000000,0.000000,1.000000,0.03775377714985398,111.40444353454937
1782352652.433511,0.663340,-0.221141,0.714867,0.407455,0.413002,0.904846,-0.103335,0.160285,-0.623992,0.363799,0.691551,-0.566957,0.000000,0.000000,0.000000,1.000000,0.03775377714985398,111.40444353454937
1782352652.469461,0.663340,-0.221141,0.714867,0.407455,0.413002,0.904846,-0.103335,0.160285,-0.623992,0.363799,0.691551,-0.566957,0.000000,0.000000,0.000000,1.000000,0.03775377714985398,111.40444353454937
1782352652.505398,0.663340,-0.221141,0.714867,0.407455,0.413002,0.904846,-0.103335,0.160285,-0.623992,0.363799,0.691551,-0.566957,0.000000,0.000000,0.000000,1.000000,0.03775377714985398,111.40444353454937
1782352652.541357,0.663340,-0.221141,0.714867,0.407455,0.413002,0.904846,-0.103335,0.160285,-0.623992,0.363799,0.691551,-0.566957,0.000000,0.000000,0.000000,1.000000,0.03775377714985398,111.40444353454937
1782352652.577556,0.663340,-0.221141,0.714867,0.407455,0.413002,0.904846,-0.103335,0.160285,-0.623992,0.363799,0.691551,-0.566957,0.000000,0.000000,0.000000,1.000000,0.03775377714985398,111.40444353454937
1782352652.613331,0.663340,-0.221141,0.714867,0.407455,0.413002,0.904846,-0.103335,0.160285,-0.623992,0.363799,0.691551,-0.566957,0.000000,0.000000,0.000000,1.000000,0.03775377714985398,111.40444353454937
1782352652.649103,0.663340,-0.221141,0.714867,0.407455,0.413002,0.904846,-0.103335,0.160285,-0.623992,0.363799,0.691551,-0.566957,0.000000,0.000000,0.000000,1.000000,0.03775377714985398,111.40444353454937
1782352652.684844,0.643286,-0.236310,0.728216,0.406051,0.415435,0.906706,-0.072764,0.160456,-0.643081,0.349345,0.681442,-0.568293,0.000000,0.000000,0.000000,1.000000,0.038888176268408896,112.5594319446473
1782352652.720757,0.643286,-0.236310,0.728216,0.406051,0.415435,0.906706,-0.072764,0.160456,-0.643081,0.349345,0.681442,-0.568293,0.000000,0.000000,0.000000,1.000000,0.038888176268408896,112.5594319446473
1782352652.756712,0.643286,-0.236310,0.728216,0.406051,0.415435,0.906706,-0.072764,0.160456,-0.643081,0.349345,0.681442,-0.568293,0.000000,0.000000,0.000000,1.000000,0.038888176268408896,112.5594319446473
1782352652.792464,0.643286,-0.236310,0.728216,0.406051,0.415435,0.906706,-0.072764,0.160456,-0.643081,0.349345,0.681442,-0.568293,0.000000,0.000000,0.000000,1.000000,0.038888176268408896,112.5594319446473
1782352652.827282,0.643286,-0.236310,0.728216,0.406051,0.415435,0.906706,-0.072764,0.160456,-0.643081,0.349345,0.681442,-0.568293,0.000000,0.000000,0.000000,1.000000,0.038888176268408896,112.5594319446473
1782352652.862966,0.643286,-0.236310,0.728216,0.406051,0.415435,0.906706,-0.072764,0.160456,-0.643081,0.349345,0.681442,-0.568293,0.000000,0.000000,0.000000,1.000000,0.038888176268408896,112.5594319446473
1782352652.898734,0.643286,-0.236310,0.728216,0.406051,0.415435,0.906706,-0.072764,0.160456,-0.643081,0.349345,0.681442,-0.568293,0.000000,0.000000,0.000000,1.000000,0.038888176268408896,112.5594319446473
1782352652.934720,0.643286,-0.236310,0.728216,0.406051,0.415435,0.906706,-0.072764,0.160456,-0.643081,0.349345,0.681442,-0.568293,0.000000,0.000000,0.000000,1.000000,0.038888176268408896,112.5594319446473
1782352652.970616,0.643286,-0.236310,0.728216,0.406051,0.415435,0.906706,-0.072764,0.160456,-0.643081,0.349345,0.681442,-0.568293,0.000000,0.000000,0.000000,1.000000,0.038888176268408896,112.5594319446473
1782352653.006431,0.643286,-0.236310,0.728216,0.406051,0.415435,0.906706,-0.072764,0.160456,-0.643081,0.349345,0.681442,-0.568293,0.000000,0.000000,0.000000,1.000000,0.038888176268408896,112.5594319446473
1782352653.040939,0.643286,-0.236310,0.728216,0.406051,0.415435,0.906706,-0.072764,0.160456,-0.643081,0.349345,0.681442,-0.568293,0.000000,0.000000,0.000000,1.000000,0.038888176268408896,112.5594319446473
1782352653.076564,0.643286,-0.236310,0.728216,0.406051,0.415435,0.906706,-0.072764,0.160456,-0.643081,0.349345,0.681442,-0.568293,0.000000,0.000000,0.000000,1.000000,0.038888176268408896,112.5594319446473
1782352653.111849,0.643286,-0.236310,0.728216,0.406051,0.415435,0.906706,-0.072764,0.160456,-0.643081,0.349345,0.681442,-0.568293,0.000000,0.000000,0.000000,1.000000,0.038888176268408896,112.5594319446473
1782352653.148038,0.643286,-0.236310,0.728216,0.406051,0.415435,0.906706,-0.072764,0.160456,-0.643081,0.349345,0.681442,-0.568293,0.000000,0.000000,0.000000,1.000000,0.038888176268408896,112.5594319446473
1782352653.184034,0.622877,-0.251750,0.740678,0.404623,0.417014,0.907922,-0.042107,0.160566,-0.661876,0.335112,0.670507,-0.569608,0.000000,0.000000,0.000000,1.000000,0.04006614517779976,113.72977995995176
1782352653.220276,0.622877,-0.251750,0.740678,0.404623,0.417014,0.907922,-0.042107,0.160566,-0.661876,0.335112,0.670507,-0.569608,0.000000,0.000000,0.000000,1.000000,0.04006614517779976,113.72977995995176
1782352653.255401,0.602138,-0.267442,0.752239,0.403171,0.417740,0.908493,-0.011401,0.160617,-0.680353,0.321116,0.658759,-0.570902,0.000000,0.000000,0.000000,1.000000,0.04128253731353634,114.91494323047193
1782352653.291004,0.602138,-0.267442,0.752239,0.403171,0.417740,0.908493,-0.011401,0.160617,-0.680353,0.321116,0.658759,-0.570902,0.000000,0.000000,0.000000,1.000000,0.04128253731353634,114.91494323047193
1782352653.326916,0.602138,-0.267442,0.752239,0.403171,0.417740,0.908493,-0.011401,0.160617,-0.680353,0.321116,0.658759,-0.570902,0.000000,0.000000,0.000000,1.000000,0.04128253731353634,114.91494323047193
1782352653.362593,0.581093,-0.283365,0.762885,0.401698,0.417610,0.908419,0.019316,0.160608,-0.698491,0.307375,0.646212,-0.572171,0.000000,0.000000,0.000000,1.000000,0.042532591002913275,116.11439078093379
1782352653.398322,0.581093,-0.283365,0.762885,0.401698,0.417610,0.908419,0.019316,0.160608,-0.698491,0.307375,0.646212,-0.572171,0.000000,0.000000,0.000000,1.000000,0.042532591002913275,116.11439078093379
1782352653.434077,0.559769,-0.299502,0.772603,0.400205,0.416625,0.907699,0.050007,0.160539,-0.716267,0.293904,0.632882,-0.573416,0.000000,0.000000,0.000000,1.000000,0.043811916129558856,117.32760478963596
1782352653.469784,0.559769,-0.299502,0.772603,0.400205,0.416625,0.907699,0.050007,0.160539,-0.716267,0.293904,0.632882,-0.573416,0.000000,0.000000,0.000000,1.000000,0.043811916129558856,117.32760478963596
1782352653.505121,0.538192,-0.315831,0.781382,0.398695,0.414787,0.906336,0.080634,0.160410,-0.733660,0.280721,0.618787,-0.574633,0.000000,0.000000,0.000000,1.000000,0.045116473961199596,118.55408028960791
1782352653.541246,0.538192,-0.315831,0.781382,0.398695,0.414787,0.906336,0.080634,0.160410,-0.733660,0.280721,0.618787,-0.574633,0.000000,0.000000,0.000000,1.000000,0.045116473961199596,118.55408028960791
1782352653.577354,0.538192,-0.315831,0.781382,0.398695,0.414787,0.906336,0.080634,0.160410,-0.733660,0.280721,0.618787,-0.574633,0.000000,0.000000,0.000000,1.000000,0.045116473961199596,118.55408028960791
1782352653.613197,0.516390,-0.332333,0.789211,0.397169,0.412097,0.904331,0.111159,0.160222,-0.750649,0.267840,0.603942,-0.575823,0.000000,0.000000,0.000000,1.000000,0.04644255279930256,119.79332478478807
1782352653.649009,0.516390,-0.332333,0.789211,0.397169,0.412097,0.904331,0.111159,0.160222,-0.750649,0.267840,0.603942,-0.575823,0.000000,0.000000,0.000000,1.000000,0.04644255279930256,119.79332478478807
1782352653.684864,0.494389,-0.348988,0.796081,0.395628,0.408559,0.901687,0.141546,0.159974,-0.767213,0.255278,0.588368,-0.576982,0.000000,0.000000,0.000000,1.000000,0.04778674137517939,121.04485776760448
1782352653.721158,0.494389,-0.348988,0.796081,0.395628,0.408559,0.901687,0.141546,0.159974,-0.767213,0.255278,0.588368,-0.576982,0.000000,0.000000,0.000000,1.000000,0.04778674137517939,121.04485776760448
1782352653.756621,0.472217,-0.365773,0.801984,0.394076,0.404177,0.898408,0.171756,0.159667,-0.783332,0.243048,0.572082,-0.578110,0.000000,0.000000,0.000000,1.000000,0.04914590128511494,122.3082101146049
1782352653.792778,0.472217,-0.365773,0.801984,0.394076,0.404177,0.898408,0.171756,0.159667,-0.783332,0.243048,0.572082,-0.578110,0.000000,0.000000,0.000000,1.000000,0.04914590128511494,122.3082101146049
1782352653.828766,0.472217,-0.365773,0.801984,0.394076,0.404177,0.898408,0.171756,0.159667,-0.783332,0.243048,0.572082,-0.578110,0.000000,0.000000,0.000000,1.000000,0.04914590128511494,122.3082101146049
1782352653.864689,0.449902,-0.382670,0.806914,0.392514,0.398957,0.894497,0.201753,0.159302,-0.798986,0.231165,0.555106,-0.579206,0.000000,0.000000,0.000000,1.000000,0.050517139213920745,123.58292332128025
1782352653.899849,0.449902,-0.382670,0.806914,0.392514,0.398957,0.894497,0.201753,0.159302,-0.798986,0.231165,0.555106,-0.579206,0.000000,0.000000,0.000000,1.000000,0.050517139213920745,123.58292332128025
1782352653.935566,0.427472,-0.399656,0.810864,0.390944,0.392904,0.889961,0.231499,0.158878,-0.814156,0.219643,0.537462,-0.580268,0.000000,0.000000,0.000000,1.000000,0.05189777920478546,124.8685485115855
1782352653.971644,0.427472,-0.399656,0.810864,0.390944,0.392904,0.889961,0.231499,0.158878,-0.814156,0.219643,0.537462,-0.580268,0.000000,0.000000,0.000000,1.000000,0.05189777920478546,124.8685485115855
1782352654.006103,0.404956,-0.416711,0.813831,0.389368,0.386027,0.884805,0.260958,0.158397,-0.828825,0.208495,0.519171,-0.581295,0.000000,0.000000,0.000000,1.000000,0.05328533472794588,126.16464511350915
1782352654.042152,0.404956,-0.416711,0.813831,0.389368,0.386027,0.884805,0.260958,0.158397,-0.828825,0.208495,0.519171,-0.581295,0.000000,0.000000,0.000000,1.000000,0.05328533472794588,126.16464511350915
1782352654.078335,0.404956,-0.416711,0.813831,0.389368,0.386027,0.884805,0.260958,0.158397,-0.828825,0.208495,0.519171,-0.581295,0.000000,0.000000,0.000000,1.000000,0.05328533472794588,126.16464511350915
1782352654.113641,0.404956,-0.416711,0.813831,0.389368,0.386027,0.884805,0.260958,0.158397,-0.828825,0.208495,0.519171,-0.581295,0.000000,0.000000,0.000000,1.000000,0.05328533472794588,126.16464511350915
1782352654.148975,0.404956,-0.416711,0.813831,0.389368,0.386027,0.884805,0.260958,0.158397,-0.828825,0.208495,0.519171,-0.581295,0.000000,0.000000,0.000000,1.000000,0.05328533472794588,126.16464511350915
1782352654.184402,0.404956,-0.416711,0.813831,0.389368,0.386027,0.884805,0.260958,0.158397,-0.828825,0.208495,0.519171,-0.581295,0.000000,0.000000,0.000000,1.000000,0.05328533472794588,126.16464511350915
1782352654.220250,0.427662,-0.399512,0.810835,0.390958,0.392848,0.890032,0.231322,0.158874,-0.814084,0.219618,0.537582,-0.580263,0.000000,0.000000,0.000000,1.000000,0.051883377039286034,124.86483194514273
1782352654.256003,0.427662,-0.399512,0.810835,0.390958,0.392848,0.890032,0.231322,0.158874,-0.814084,0.219618,0.537582,-0.580263,0.000000,0.000000,0.000000,1.000000,0.051883377039286034,124.86483194514273
1782352654.291602,0.427662,-0.399512,0.810835,0.390958,0.392848,0.890032,0.231322,0.158874,-0.814084,0.219618,0.537582,-0.580263,0.000000,0.000000,0.000000,1.000000,0.051883377039286034,124.86483194514273
1782352654.327228,0.427662,-0.399512,0.810835,0.390958,0.392848,0.890032,0.231322,0.158874,-0.814084,0.219618,0.537582,-0.580263,0.000000,0.000000,0.000000,1.000000,0.051883377039286034,124.86483194514273
1782352654.363269,0.427662,-0.399512,0.810835,0.390958,0.392848,0.890032,0.231322,0.158874,-0.814084,0.219618,0.537582,-0.580263,0.000000,0.000000,0.000000,1.000000,0.051883377039286034,124.86483194514273
1782352654.399377,0.427662,-0.399512,0.810835,0.390958,0.392848,0.890032,0.231322,0.158874,-0.814084,0.219618,0.537582,-0.580263,0.000000,0.000000,0.000000,1.000000,0.051883377039286034,124.86483194514273
1782352654.434456,0.427662,-0.399512,0.810835,0.390958,0.392848,0.890032,0.231322,0.158874,-0.814084,0.219618,0.537582,-0.580263,0.000000,0.000000,0.000000,1.000000,0.051883377039286034,124.86483194514273
1782352654.470094,0.427662,-0.399512,0.810835,0.390958,0.392848,0.890032,0.231322,0.158874,-0.814084,0.219618,0.537582,-0.580263,0.000000,0.000000,0.000000,1.000000,0.051883377039286034,124.86483194514273
1782352654.505783,0.427662,-0.399512,0.810835,0.390958,0.392848,0.890032,0.231322,0.158874,-0.814084,0.219618,0.537582,-0.580263,0.000000,0.000000,0.000000,1.000000,0.051883377039286034,124.86483194514273
1782352654.541515,0.427662,-0.399512,0.810835,0.390958,0.392848,0.890032,0.231322,0.158874,-0.814084,0.219618,0.537582,-0.580263,0.000000,0.000000,0.000000,1.000000,0.051883377039286034,124.86483194514273
1782352654.577367,0.427662,-0.399512,0.810835,0.390958,0.392848,0.890032,0.231322,0.158874,-0.814084,0.219618,0.537582,-0.580263,0.000000,0.000000,0.000000,1.000000,0.051883377039286034,124.86483194514273
1782352654.613438,0.427662,-0.399512,0.810835,0.390958,0.392848,0.890032,0.231322,0.158874,-0.814084,0.219618,0.537582,-0.580263,0.000000,0.000000,0.000000,1.000000,0.051883377039286034,124.86483194514273
1782352654.649342,0.427662,-0.399512,0.810835,0.390958,0.392848,0.890032,0.231322,0.158874,-0.814084,0.219618,0.537582,-0.580263,0.000000,0.000000,0.000000,1.000000,0.051883377039286034,124.86483194514273
1782352654.685384,0.427662,-0.399512,0.810835,0.390958,0.392848,0.890032,0.231322,0.158874,-0.814084,0.219618,0.537582,-0.580263,0.000000,0.000000,0.000000,1.000000,0.051883377039286034,124.86483194514273
1782352654.720741,0.450259,-0.382393,0.806846,0.392539,0.398841,0.894625,0.201412,0.159294,-0.798842,0.231126,0.555329,-0.579196,0.000000,0.000000,0.000000,1.000000,0.050489844544237265,123.5757923137352
1782352654.756680,0.450259,-0.382393,0.806846,0.392539,0.398841,0.894625,0.201412,0.159294,-0.798842,0.231126,0.555329,-0.579196,0.000000,0.000000,0.000000,1.000000,0.050489844544237265,123.5757923137352
1782352654.792632,0.450259,-0.382393,0.806846,0.392539,0.398841,0.894625,0.201412,0.159294,-0.798842,0.231126,0.555329,-0.579196,0.000000,0.000000,0.000000,1.000000,0.050489844544237265,123.5757923137352
1782352654.828310,0.472721,-0.365373,0.801869,0.394112,0.404000,0.898581,0.171262,0.159655,-0.783119,0.243007,0.572391,-0.578095,0.000000,0.000000,0.000000,1.000000,0.04910702925663964,122.29792590345917
1782352654.863994,0.472721,-0.365373,0.801869,0.394112,0.404000,0.898581,0.171262,0.159655,-0.783119,0.243007,0.572391,-0.578095,0.000000,0.000000,0.000000,1.000000,0.04910702925663964,122.29792590345917
1782352654.899356,0.495023,-0.348473,0.795913,0.395673,0.408318,0.901896,0.140909,0.159957,-0.766932,0.255243,0.588748,-0.576962,0.000000,0.000000,0.000000,1.000000,0.0477374635762779,121.03164986284419
1782352654.935521,0.495023,-0.348473,0.795913,0.395673,0.408318,0.901896,0.140909,0.159957,-0.766932,0.255243,0.588748,-0.576962,0.000000,0.000000,0.000000,1.000000,0.0477374635762779,121.03164986284419
1782352654.971676,0.517137,-0.331712,0.788983,0.397221,0.411790,0.904565,0.110389,0.160200,-0.750303,0.267820,0.604381,-0.575798,0.000000,0.000000,0.000000,1.000000,0.04638393432258184,119.7773975783402
1782352655.007476,0.517137,-0.331712,0.788983,0.397221,0.411790,0.904565,0.110389,0.160200,-0.750303,0.267820,0.604381,-0.575798,0.000000,0.000000,0.000000,1.000000,0.04638393432258184,119.7773975783402
1782352655.042391,0.539039,-0.315111,0.781089,0.398754,0.414412,0.906587,0.079738,0.160384,-0.733250,0.280722,0.619272,-0.574605,0.000000,0.000000,0.000000,1.000000,0.04504950127374608,118.53561794804249
1782352655.077417,0.539039,-0.315111,0.781089,0.398754,0.414412,0.906587,0.079738,0.160384,-0.733250,0.280722,0.619272,-0.574605,0.000000,0.000000,0.000000,1.000000,0.04504950127374608,118.53561794804249
1782352655.113468,0.539039,-0.315111,0.781089,0.398754,0.414412,0.906587,0.079738,0.160384,-0.733250,0.280722,0.619272,-0.574605,0.000000,0.000000,0.000000,1.000000,0.04504950127374608,118.53561794804249
1782352655.149335,0.539039,-0.315111,0.781089,0.398754,0.414412,0.906587,0.079738,0.160384,-0.733250,0.280722,0.619272,-0.574605,0.000000,0.000000,0.000000,1.000000,0.04504950127374608,118.53561794804249
1782352655.184333,0.539039,-0.315111,0.781089,0.398754,0.414412,0.906587,0.079738,0.160384,-0.733250,0.280722,0.619272,-0.574605,0.000000,0.000000,0.000000,1.000000,0.04504950127374608,118.53561794804249
1782352655.220048,0.539039,-0.315111,0.781089,0.398754,0.414412,0.906587,0.079738,0.160384,-0.733250,0.280722,0.619272,-0.574605,0.000000,0.000000,0.000000,1.000000,0.04504950127374608,118.53561794804249
1782352655.256330,0.539039,-0.315111,0.781089,0.398754,0.414412,0.906587,0.079738,0.160384,-0.733250,0.280722,0.619272,-0.574605,0.000000,0.000000,0.000000,1.000000,0.04504950127374608,118.53561794804249
1782352655.292082,0.527768,-0.333686,0.781071,0.397965,0.445778,0.891588,0.079678,0.162580,-0.722980,0.306143,0.619302,-0.573886,0.000000,0.000000,0.000000,1.000000,0.04685461328910794,117.33948124428315
1782352655.328098,0.527768,-0.333686,0.781071,0.397965,0.445778,0.891588,0.079678,0.162580,-0.722980,0.306143,0.619302,-0.573886,0.000000,0.000000,0.000000,1.000000,0.04685461328910794,117.33948124428315
1782352655.363608,0.527768,-0.333686,0.781071,0.397965,0.445778,0.891588,0.079678,0.162580,-0.722980,0.306143,0.619302,-0.573886,0.000000,0.000000,0.000000,1.000000,0.04685461328910794,117.33948124428315
1782352655.399367,0.527768,-0.333686,0.781071,0.397965,0.445778,0.891588,0.079678,0.162580,-0.722980,0.306143,0.619302,-0.573886,0.000000,0.000000,0.000000,1.000000,0.04685461328910794,117.33948124428315
1782352655.434476,0.527768,-0.333686,0.781071,0.397965,0.445778,0.891588,0.079678,0.162580,-0.722980,0.306143,0.619302,-0.573886,0.000000,0.000000,0.000000,1.000000,0.04685461328910794,117.33948124428315
1782352655.470445,0.527768,-0.333686,0.781071,0.397965,0.445778,0.891588,0.079678,0.162580,-0.722980,0.306143,0.619302,-0.573886,0.000000,0.000000,0.000000,1.000000,0.04685461328910794,117.33948124428315
1782352655.506090,0.527768,-0.333686,0.781071,0.397965,0.445778,0.891588,0.079678,0.162580,-0.722980,0.306143,0.619302,-0.573886,0.000000,0.000000,0.000000,1.000000,0.04685461328910794,117.33948124428315
1782352655.542236,0.527768,-0.333686,0.781071,0.397965,0.445778,0.891588,0.079678,0.162580,-0.722980,0.306143,0.619302,-0.573886,0.000000,0.000000,0.000000,1.000000,0.04685461328910794,117.33948124428315
1782352655.577931,0.527768,-0.333686,0.781071,0.397965,0.445778,0.891588,0.079678,0.162580,-0.722980,0.306143,0.619302,-0.573886,0.000000,0.000000,0.000000,1.000000,0.04685461328910794,117.33948124428315
1782352655.613692,0.527768,-0.333686,0.781071,0.397965,0.445778,0.891588,0.079678,0.162580,-0.722980,0.306143,0.619302,-0.573886,0.000000,0.000000,0.000000,1.000000,0.04685461328910794,117.33948124428315
1782352655.649823,0.527768,-0.333686,0.781071,0.397965,0.445778,0.891588,0.079678,0.162580,-0.722980,0.306143,0.619302,-0.573886,0.000000,0.000000,0.000000,1.000000,0.04685461328910794,117.33948124428315
1782352655.686050,0.527768,-0.333686,0.781071,0.397965,0.445778,0.891588,0.079678,0.162580,-0.722980,0.306143,0.619302,-0.573886,0.000000,0.000000,0.000000,1.000000,0.04685461328910794,117.33948124428315
1782352655.722083,0.527768,-0.333686,0.781071,0.397965,0.445778,0.891588,0.079678,0.162580,-0.722980,0.306143,0.619302,-0.573886,0.000000,0.000000,0.000000,1.000000,0.04685461328910794,117.33948124428315
1782352655.757851,0.527768,-0.333686,0.781071,0.397965,0.445778,0.891588,0.079678,0.162580,-0.722980,0.306143,0.619302,-0.573886,0.000000,0.000000,0.000000,1.000000,0.04685461328910794,117.33948124428315
1782352655.793836,0.515858,-0.351858,0.781053,0.397131,0.476602,0.875504,0.079618,0.164737,-0.711828,0.331190,0.619333,-0.573105,0.000000,0.000000,0.000000,1.000000,0.04872213311753081,116.15711941075872
1782352655.829179,0.515858,-0.351858,0.781053,0.397131,0.476602,0.875504,0.079618,0.164737,-0.711828,0.331190,0.619333,-0.573105,0.000000,0.000000,0.000000,1.000000,0.04872213311753081,116.15711941075872
1782352655.864824,0.503322,-0.369606,0.781035,0.396254,0.506846,0.858355,0.079558,0.166854,-0.699809,0.355832,0.619363,-0.572264,0.000000,0.000000,0.000000,1.000000,0.05064302005927702,114.98903495746542
1782352655.900156,0.503322,-0.369606,0.781035,0.396254,0.506846,0.858355,0.079558,0.166854,-0.699809,0.355832,0.619363,-0.572264,0.000000,0.000000,0.000000,1.000000,0.05064302005927702,114.98903495746542
1782352655.935439,0.503322,-0.369606,0.781035,0.396254,0.506846,0.858355,0.079558,0.166854,-0.699809,0.355832,0.619363,-0.572264,0.000000,0.000000,0.000000,1.000000,0.05064302005927702,114.98903495746542
1782352655.971294,0.490176,-0.386907,0.781017,0.395334,0.536474,0.840162,0.079498,0.168928,-0.686937,0.380038,0.619393,-0.571363,0.000000,0.000000,0.000000,1.000000,0.05260922852573387,113.83574321806222
1782352656.007240,0.490176,-0.386907,0.781017,0.395334,0.536474,0.840162,0.079498,0.168928,-0.686937,0.380038,0.619393,-0.571363,0.000000,0.000000,0.000000,1.000000,0.05260922852573387,113.83574321806222
1782352656.043063,0.476435,-0.403741,0.781000,0.394372,0.565449,0.820946,0.079438,0.170957,-0.673228,0.403779,0.619423,-0.570403,0.000000,0.000000,0.000000,1.000000,0.05461360903553727,112.69777241093107
1782352656.079184,0.476435,-0.403741,0.781000,0.394372,0.565449,0.820946,0.079438,0.170957,-0.673228,0.403779,0.619423,-0.570403,0.000000,0.000000,0.000000,1.000000,0.05461360903553727,112.69777241093107
1782352656.114990,0.476435,-0.403741,0.781000,0.394372,0.565449,0.820946,0.079438,0.170957,-0.673228,0.403779,0.619423,-0.570403,0.000000,0.000000,0.000000,1.000000,0.05461360903553727,112.69777241093107
1782352656.150746,0.476435,-0.403741,0.781000,0.394372,0.565449,0.820946,0.079438,0.170957,-0.673228,0.403779,0.619423,-0.570403,0.000000,0.000000,0.000000,1.000000,0.05461360903553727,112.69777241093107
1782352656.186631,0.476435,-0.403741,0.781000,0.394372,0.565449,0.820946,0.079438,0.170957,-0.673228,0.403779,0.619423,-0.570403,0.000000,0.000000,0.000000,1.000000,0.05461360903553727,112.69777241093107
1782352656.222686,0.476435,-0.403741,0.781000,0.394372,0.565449,0.820946,0.079438,0.170957,-0.673228,0.403779,0.619423,-0.570403,0.000000,0.000000,0.000000,1.000000,0.05461360903553727,112.69777241093107
1782352656.258865,0.476435,-0.403741,0.781000,0.394372,0.565449,0.820946,0.079438,0.170957,-0.673228,0.403779,0.619423,-0.570403,0.000000,0.000000,0.000000,1.000000,0.05461360903553727,112.69777241093107
1782352656.294862,0.476435,-0.403741,0.781000,0.394372,0.565449,0.820946,0.079438,0.170957,-0.673228,0.403779,0.619423,-0.570403,0.000000,0.000000,0.000000,1.000000,0.05461360903553727,112.69777241093107
1782352656.330505,0.476435,-0.403741,0.781000,0.394372,0.565449,0.820946,0.079438,0.170957,-0.673228,0.403779,0.619423,-0.570403,0.000000,0.000000,0.000000,1.000000,0.05461360903553727,112.69777241093107
1782352656.366329,0.476435,-0.403741,0.781000,0.394372,0.565449,0.820946,0.079438,0.170957,-0.673228,0.403779,0.619423,-0.570403,0.000000,0.000000,0.000000,1.000000,0.05461360903553727,112.69777241093107
1782352656.402307,0.462117,-0.420088,0.780982,0.393369,0.593737,0.800731,0.079379,0.172937,-0.658699,0.427026,0.619454,-0.569386,0.000000,0.000000,0.000000,1.000000,0.056649808593202816,111.5756636515388
1782352656.438147,0.462117,-0.420088,0.780982,0.393369,0.593737,0.800731,0.079379,0.172937,-0.658699,0.427026,0.619454,-0.569386,0.000000,0.000000,0.000000,1.000000,0.056649808593202816,111.5756636515388
1782352656.474045,0.462117,-0.420088,0.780982,0.393369,0.593737,0.800731,0.079379,0.172937,-0.658699,0.427026,0.619454,-0.569386,0.000000,0.000000,0.000000,1.000000,0.056649808593202816,111.5756636515388
1782352656.509445,0.462117,-0.420088,0.780982,0.393369,0.593737,0.800731,0.079379,0.172937,-0.658699,0.427026,0.619454,-0.569386,0.000000,0.000000,0.000000,1.000000,0.056649808593202816,111.5756636515388
1782352656.545380,0.462117,-0.420088,0.780982,0.393369,0.593737,0.800731,0.079379,0.172937,-0.658699,0.427026,0.619454,-0.569386,0.000000,0.000000,0.000000,1.000000,0.056649808593202816,111.5756636515388
1782352656.581473,0.462117,-0.420088,0.780982,0.393369,0.593737,0.800731,0.079379,0.172937,-0.658699,0.427026,0.619454,-0.569386,0.000000,0.000000,0.000000,1.000000,0.056649808593202816,111.5756636515388
1782352656.617505,0.462117,-0.420088,0.780982,0.393369,0.593737,0.800731,0.079379,0.172937,-0.658699,0.427026,0.619454,-0.569386,0.000000,0.000000,0.000000,1.000000,0.056649808593202816,111.5756636515388
1782352656.653414,0.462117,-0.420088,0.780982,0.393369,0.593737,0.800731,0.079379,0.172937,-0.658699,0.427026,0.619454,-0.569386,0.000000,0.000000,0.000000,1.000000,0.056649808593202816,111.5756636515388
1782352656.689806,0.462117,-0.420088,0.780982,0.393369,0.593737,0.800731,0.079379,0.172937,-0.658699,0.427026,0.619454,-0.569386,0.000000,0.000000,0.000000,1.000000,0.056649808593202816,111.5756636515388
1782352656.725496,0.462117,-0.420088,0.780982,0.393369,0.593737,0.800731,0.079379,0.172937,-0.658699,0.427026,0.619454,-0.569386,0.000000,0.000000,0.000000,1.000000,0.056649808593202816,111.5756636515388
1782352656.761296,0.462117,-0.420088,0.780982,0.393369,0.593737,0.800731,0.079379,0.172937,-0.658699,0.427026,0.619454,-0.569386,0.000000,0.000000,0.000000,1.000000,0.056649808593202816,111.5756636515388
1782352656.797281,0.462117,-0.420088,0.780982,0.393369,0.593737,0.800731,0.079379,0.172937,-0.658699,0.427026,0.619454,-0.569386,0.000000,0.000000,0.000000,1.000000,0.056649808593202816,111.5756636515388
1782352656.832363,0.476557,-0.403667,0.780964,0.394380,0.565412,0.820983,0.079319,0.170954,-0.673174,0.403776,0.619484,-0.570399,0.000000,0.000000,0.000000,1.000000,0.05460533480133944,112.69511368406174
1782352656.868327,0.476557,-0.403667,0.780964,0.394380,0.565412,0.820983,0.079319,0.170954,-0.673174,0.403776,0.619484,-0.570399,0.000000,0.000000,0.000000,1.000000,0.05460533480133944,112.69511368406174
1782352656.904588,0.476557,-0.403667,0.780964,0.394380,0.565412,0.820983,0.079319,0.170954,-0.673174,0.403776,0.619484,-0.570399,0.000000,0.000000,0.000000,1.000000,0.05460533480133944,112.69511368406174
1782352656.940187,0.476557,-0.403667,0.780964,0.394380,0.565412,0.820983,0.079319,0.170954,-0.673174,0.403776,0.619484,-0.570399,0.000000,0.000000,0.000000,1.000000,0.05460533480133944,112.69511368406174
1782352656.975785,0.476557,-0.403667,0.780964,0.394380,0.565412,0.820983,0.079319,0.170954,-0.673174,0.403776,0.619484,-0.570399,0.000000,0.000000,0.000000,1.000000,0.05460533480133944,112.69511368406174
1782352657.010761,0.476557,-0.403667,0.780964,0.394380,0.565412,0.820983,0.079319,0.170954,-0.673174,0.403776,0.619484,-0.570399,0.000000,0.000000,0.000000,1.000000,0.05460533480133944,112.69511368406174
1782352657.046718,0.476557,-0.403667,0.780964,0.394380,0.565412,0.820983,0.079319,0.170954,-0.673174,0.403776,0.619484,-0.570399,0.000000,0.000000,0.000000,1.000000,0.05460533480133944,112.69511368406174
1782352657.082608,0.476557,-0.403667,0.780964,0.394380,0.565412,0.820983,0.079319,0.170954,-0.673174,0.403776,0.619484,-0.570399,0.000000,0.000000,0.000000,1.000000,0.05460533480133944,112.69511368406174
1782352657.118280,0.476557,-0.403667,0.780964,0.394380,0.565412,0.820983,0.079319,0.170954,-0.673174,0.403776,0.619484,-0.570399,0.000000,0.000000,0.000000,1.000000,0.05460533480133944,112.69511368406174
1782352657.154262,0.476557,-0.403667,0.780964,0.394380,0.565412,0.820983,0.079319,0.170954,-0.673174,0.403776,0.619484,-0.570399,0.000000,0.000000,0.000000,1.000000,0.05460533480133944,112.69511368406174
1782352657.190317,0.476557,-0.403667,0.780964,0.394380,0.565412,0.820983,0.079319,0.170954,-0.673174,0.403776,0.619484,-0.570399,0.000000,0.000000,0.000000,1.000000,0.05460533480133944,112.69511368406174
1782352657.225977,0.476557,-0.403667,0.780964,0.394380,0.565412,0.820983,0.079319,0.170954,-0.673174,0.403776,0.619484,-0.570399,0.000000,0.000000,0.000000,1.000000,0.05460533480133944,112.69511368406174
1782352657.261849,0.476557,-0.403667,0.780964,0.394380,0.565412,0.820983,0.079319,0.170954,-0.673174,0.403776,0.619484,-0.570399,0.000000,0.000000,0.000000,1.000000,0.05460533480133944,112.69511368406174
1782352657.297426,0.476557,-0.403667,0.780964,0.394380,0.565412,0.820983,0.079319,0.170954,-0.673174,0.403776,0.619484,-0.570399,0.000000,0.000000,0.000000,1.000000,0.05460533480133944,112.69511368406174
1782352657.332616,0.490413,-0.386751,0.780946,0.395350,0.536396,0.840234,0.079259,0.168923,-0.686828,0.380037,0.619514,-0.571355,0.000000,0.000000,0.000000,1.000000,0.05259259585381981,113.830373314497
1782352657.368506,0.490413,-0.386751,0.780946,0.395350,0.536396,0.840234,0.079259,0.168923,-0.686828,0.380037,0.619514,-0.571355,0.000000,0.000000,0.000000,1.000000,0.05259259585381981,113.830373314497
1782352657.405599,0.490413,-0.386751,0.780946,0.395350,0.536396,0.840234,0.079259,0.168923,-0.686828,0.380037,0.619514,-0.571355,0.000000,0.000000,0.000000,1.000000,0.05259259585381981,113.830373314497
1782352657.441624,0.503670,-0.369359,0.780928,0.396278,0.506725,0.858460,0.079199,0.166846,-0.699646,0.355836,0.619544,-0.572252,0.000000,0.000000,0.000000,1.000000,0.05061798519849946,114.98090477949997
1782352657.477672,0.503670,-0.369359,0.780928,0.396278,0.506725,0.858460,0.079199,0.166846,-0.699646,0.355836,0.619544,-0.572252,0.000000,0.000000,0.000000,1.000000,0.05061798519849946,114.98090477949997
1782352657.512847,0.516310,-0.351513,0.780910,0.397163,0.476436,0.875638,0.079139,0.164726,-0.711611,0.331204,0.619575,-0.573090,0.000000,0.000000,0.000000,1.000000,0.048688703015667,116.1461830923696
1782352657.548756,0.516310,-0.351513,0.780910,0.397163,0.476436,0.875638,0.079139,0.164726,-0.711611,0.331204,0.619575,-0.573090,0.000000,0.000000,0.000000,1.000000,0.048688703015667,116.1461830923696
1782352657.583727,0.528318,-0.333234,0.780892,0.398003,0.445565,0.891748,0.079079,0.162565,-0.722709,0.306170,0.619605,-0.573867,0.000000,0.000000,0.000000,1.000000,0.04681285830111306,117.32569603251454
1782352657.619644,0.528318,-0.333234,0.780892,0.398003,0.445565,0.891748,0.079079,0.162565,-0.722709,0.306170,0.619605,-0.573867,0.000000,0.000000,0.000000,1.000000,0.04681285830111306,117.32569603251454
1782352657.655643,0.528318,-0.333234,0.780892,0.398003,0.445565,0.891748,0.079079,0.162565,-0.722709,0.306170,0.619605,-0.573867,0.000000,0.000000,0.000000,1.000000,0.04681285830111306,117.32569603251454
1782352657.691811,0.539679,-0.314546,0.780874,0.398799,0.414150,0.906770,0.079019,0.160366,-0.732927,0.280765,0.619635,-0.574582,0.000000,0.000000,0.000000,1.000000,0.044999570690665444,118.51894408671068
1782352657.727829,0.539679,-0.314546,0.780874,0.398799,0.414150,0.906770,0.079019,0.160366,-0.732927,0.280765,0.619635,-0.574582,0.000000,0.000000,0.000000,1.000000,0.044999570690665444,118.51894408671068
1782352657.763756,0.550380,-0.295471,0.780856,0.399548,0.382230,0.920685,0.078960,0.158131,-0.742253,0.255020,0.619665,-0.575235,0.000000,0.000000,0.000000,1.000000,0.04325906314934723,119.72544034740102
1782352657.799740,0.550380,-0.295471,0.780856,0.399548,0.382230,0.920685,0.078960,0.158131,-0.742253,0.255020,0.619665,-0.575235,0.000000,0.000000,0.000000,1.000000,0.04325906314934723,119.72544034740102
1782352657.834644,0.560406,-0.276033,0.780839,0.400250,0.349843,0.933478,0.078900,0.155864,-0.750674,0.228966,0.619695,-0.575824,0.000000,0.000000,0.000000,1.000000,0.04160273178498894,120.94471037295429
1782352657.870589,0.560406,-0.276033,0.780839,0.400250,0.349843,0.933478,0.078900,0.155864,-0.750674,0.228966,0.619695,-0.575824,0.000000,0.000000,0.000000,1.000000,0.04160273178498894,120.94471037295429
1782352657.906126,0.560406,-0.276033,0.780839,0.400250,0.349843,0.933478,0.078900,0.155864,-0.750674,0.228966,0.619695,-0.575824,0.000000,0.000000,0.000000,1.000000,0.04160273178498894,120.94471037295429
1782352657.941481,0.569746,-0.256255,0.780821,0.400903,0.317028,0.945131,0.078840,0.153567,-0.758181,0.202634,0.619725,-0.576350,0.000000,0.000000,0.000000,1.000000,0.04004317291724839,122.17629201445862
1782352657.977501,0.569746,-0.256255,0.780821,0.400903,0.317028,0.945131,0.078840,0.153567,-0.758181,0.202634,0.619725,-0.576350,0.000000,0.000000,0.000000,1.000000,0.04004317291724839,122.17629201445862
1782352658.013495,0.578388,-0.236161,0.780803,0.401508,0.283827,0.955631,0.078780,0.151243,-0.764765,0.176058,0.619756,-0.576811,0.000000,0.000000,0.000000,1.000000,0.03859414064552152,123.41973521328785
1782352658.049515,0.578388,-0.236161,0.780803,0.401508,0.283827,0.955631,0.078780,0.151243,-0.764765,0.176058,0.619756,-0.576811,0.000000,0.000000,0.000000,1.000000,0.03859414064552152,123.41973521328785
1782352658.084627,0.586322,-0.215776,0.780785,0.402064,0.250279,0.964966,0.078720,0.148895,-0.770417,0.149269,0.619786,-0.577206,0.000000,0.000000,0.000000,1.000000,0.03727040188100586,124.67460177334425
1782352658.120956,0.586322,-0.215776,0.780785,0.402064,0.250279,0.964966,0.078720,0.148895,-0.770417,0.149269,0.619786,-0.577206,0.000000,0.000000,0.000000,1.000000,0.03727040188100586,124.67460177334425
1782352658.156836,0.586322,-0.215776,0.780785,0.402064,0.250279,0.964966,0.078720,0.148895,-0.770417,0.149269,0.619786,-0.577206,0.000000,0.000000,0.000000,1.000000,0.03727040188100586,124.67460177334425
1782352658.192507,0.593538,-0.195125,0.780767,0.402569,0.216425,0.973123,0.078661,0.146525,-0.775132,0.122300,0.619816,-0.577536,0.000000,0.000000,0.000000,1.000000,0.036087452760481364,125.94046511155578
1782352658.228260,0.593538,-0.195125,0.780767,0.402569,0.216425,0.973123,0.078661,0.146525,-0.775132,0.122300,0.619816,-0.577536,0.000000,0.000000,0.000000,1.000000,0.036087452760481364,125.94046511155578
1782352658.263471,0.600026,-0.174234,0.780749,0.403023,0.182307,0.980093,0.078601,0.144137,-0.778903,0.095184,0.619846,-0.577800,0.000000,0.000000,0.000000,1.000000,0.03506106453687925,127.21690998989224
1782352658.298394,0.600026,-0.174234,0.780749,0.403023,0.182307,0.980093,0.078601,0.144137,-0.778903,0.095184,0.619846,-0.577800,0.000000,0.000000,0.000000,1.000000,0.03506106453687925,127.21690998989224
1782352658.333484,0.600026,-0.174234,0.780749,0.403023,0.182307,0.980093,0.078601,0.144137,-0.778903,0.095184,0.619846,-0.577800,0.000000,0.000000,0.000000,1.000000,0.03506106453687925,127.21690998989224
1782352658.369258,0.605780,-0.153127,0.780731,0.403426,0.147966,0.985867,0.078541,0.141733,-0.781725,0.067954,0.619876,-0.577998,0.000000,0.000000,0.000000,1.000000,0.03420664313675241,128.50353223186167
1782352658.404995,0.605780,-0.153127,0.780731,0.403426,0.147966,0.985867,0.078541,0.141733,-0.781725,0.067954,0.619876,-0.577998,0.000000,0.000000,0.000000,1.000000,0.03420664313675241,128.50353223186167
1782352658.440700,0.610791,-0.131831,0.780713,0.403777,0.113444,0.990438,0.078481,0.139316,-0.783596,0.040642,0.619906,-0.578129,0.000000,0.000000,0.000000,1.000000,0.0335384179218936,129.7999384261617
1782352658.476873,0.610791,-0.131831,0.780713,0.403777,0.113444,0.990438,0.078481,0.139316,-0.783596,0.040642,0.619906,-0.578129,0.000000,0.000000,0.000000,1.000000,0.0335384179218936,129.7999384261617
1782352658.511808,0.615053,-0.110372,0.780695,0.404075,0.078784,0.993800,0.078422,0.136890,-0.784513,0.013283,0.619936,-0.578193,0.000000,0.000000,0.000000,1.000000,0.033068520299028174,131.10574561988702
1782352658.547421,0.615053,-0.110372,0.780695,0.404075,0.078784,0.993800,0.078422,0.136890,-0.784513,0.013283,0.619936,-0.578193,0.000000,0.000000,0.000000,1.000000,0.033068520299028174,131.10574561988702
1782352658.582711,0.615053,-0.110372,0.780695,0.404075,0.078784,0.993800,0.078422,0.136890,-0.784513,0.013283,0.619936,-0.578193,0.000000,0.000000,0.000000,1.000000,0.033068520299028174,131.10574561988702
1782352658.618743,0.618562,-0.088777,0.780677,0.404321,0.044027,0.995950,0.078362,0.134457,-0.784475,-0.014091,0.619967,-0.578190,0.000000,0.000000,0.000000,1.000000,0.03280606193549566,132.42058100343536
1782352658.654424,0.618562,-0.088777,0.780677,0.404321,0.044027,0.995950,0.078362,0.134457,-0.784475,-0.014091,0.619967,-0.578190,0.000000,0.000000,0.000000,1.000000,0.03280606193549566,132.42058100343536
1782352658.690276,0.621313,-0.067070,0.780659,0.404513,0.009216,0.996885,0.078302,0.132020,-0.783483,-0.041446,0.619997,-0.578121,0.000000,0.000000,0.000000,1.000000,0.03275635729842818,133.74408158901244
1782352658.725540,0.621313,-0.067070,0.780659,0.404513,0.009216,0.996885,0.078302,0.132020,-0.783483,-0.041446,0.619997,-0.578121,0.000000,0.000000,0.000000,1.000000,0.03275635729842818,133.74408158901244
1782352658.760690,0.623303,-0.045281,0.780642,0.404652,-0.025607,0.996603,0.078242,0.129583,-0.781536,-0.068748,0.620027,-0.577985,0.000000,0.000000,0.000000,1.000000,0.03292043578703049,135.0758938844056
1782352658.796866,0.623303,-0.045281,0.780642,0.404652,-0.025607,0.996603,0.078242,0.129583,-0.781536,-0.068748,0.620027,-0.577985,0.000000,0.000000,0.000000,1.000000,0.03292043578703049,135.0758938844056
1782352658.833022,0.623303,-0.045281,0.780642,0.404652,-0.025607,0.996603,0.078242,0.129583,-0.781536,-0.068748,0.620027,-0.577985,0.000000,0.000000,0.000000,1.000000,0.03292043578703049,135.0758938844056
1782352658.868583,0.624528,-0.023434,0.780624,0.404738,-0.060399,0.995106,0.078183,0.127147,-0.778639,-0.095966,0.620057,-0.577782,0.000000,0.000000,0.000000,1.000000,0.03329494438816725,136.41567356348045
1782352658.904397,0.624528,-0.023434,0.780624,0.404738,-0.060399,0.995106,0.078183,0.127147,-0.778639,-0.095966,0.620057,-0.577782,0.000000,0.000000,0.000000,1.000000,0.03329494438816725,136.41567356348045
1782352658.940254,0.624528,-0.023434,0.780624,0.404738,-0.060399,0.995106,0.078183,0.127147,-0.778639,-0.095966,0.620057,-0.577782,0.000000,0.000000,0.000000,1.000000,0.03329494438816725,136.41567356348045
1782352658.976205,0.624528,-0.023434,0.780624,0.404738,-0.060399,0.995106,0.078183,0.127147,-0.778639,-0.095966,0.620057,-0.577782,0.000000,0.000000,0.000000,1.000000,0.03329494438816725,136.41567356348045
1782352659.012086,0.624528,-0.023434,0.780624,0.404738,-0.060399,0.995106,0.078183,0.127147,-0.778639,-0.095966,0.620057,-0.577782,0.000000,0.000000,0.000000,1.000000,0.03329494438816725,136.41567356348045
1782352659.047891,0.624528,-0.023434,0.780624,0.404738,-0.060399,0.995106,0.078183,0.127147,-0.778639,-0.095966,0.620057,-0.577782,0.000000,0.000000,0.000000,1.000000,0.03329494438816725,136.41567356348045
1782352659.083782,0.624528,-0.023434,0.780624,0.404738,-0.060399,0.995106,0.078183,0.127147,-0.778639,-0.095966,0.620057,-0.577782,0.000000,0.000000,0.000000,1.000000,0.03329494438816725,136.41567356348045
1782352659.119924,0.624528,-0.023434,0.780624,0.404738,-0.060399,0.995106,0.078183,0.127147,-0.778639,-0.095966,0.620057,-0.577782,0.000000,0.000000,0.000000,1.000000,0.03329494438816725,136.41567356348045
1782352659.155712,0.624528,-0.023434,0.780624,0.404738,-0.060399,0.995106,0.078183,0.127147,-0.778639,-0.095966,0.620057,-0.577782,0.000000,0.000000,0.000000,1.000000,0.03329494438816725,136.41567356348045
1782352659.191553,0.624528,-0.023434,0.780624,0.404738,-0.060399,0.995106,0.078183,0.127147,-0.778639,-0.095966,0.620057,-0.577782,0.000000,0.000000,0.000000,1.000000,0.03329494438816725,136.41567356348045
1782352659.227494,0.624528,-0.023434,0.780624,0.404738,-0.060399,0.995106,0.078183,0.127147,-0.778639,-0.095966,0.620057,-0.577782,0.000000,0.000000,0.000000,1.000000,0.03329494438816725,136.41567356348045
1782352659.262951,0.624528,-0.023434,0.780624,0.404738,-0.060399,0.995106,0.078183,0.127147,-0.778639,-0.095966,0.620057,-0.577782,0.000000,0.000000,0.000000,1.000000,0.03329494438816725,136.41567356348045
1782352659.297606,0.624528,-0.023434,0.780624,0.404738,-0.060399,0.995106,0.078183,0.127147,-0.778639,-0.095966,0.620057,-0.577782,0.000000,0.000000,0.000000,1.000000,0.03329494438816725,136.41567356348045
1782352659.333544,0.624528,-0.023434,0.780624,0.404738,-0.060399,0.995106,0.078183,0.127147,-0.778639,-0.095966,0.620057,-0.577782,0.000000,0.000000,0.000000,1.000000,0.03329494438816725,136.41567356348045
1782352659.369561,0.624528,-0.023434,0.780624,0.404738,-0.060399,0.995106,0.078183,0.127147,-0.778639,-0.095966,0.620057,-0.577782,0.000000,0.000000,0.000000,1.000000,0.03329494438816725,136.41567356348045
1782352659.405245,0.624528,-0.023434,0.780624,0.404738,-0.060399,0.995106,0.078183,0.127147,-0.778639,-0.095966,0.620057,-0.577782,0.000000,0.000000,0.000000,1.000000,0.03329494438816725,136.41567356348045
1782352659.441020,0.624528,-0.023434,0.780624,0.404738,-0.060399,0.995106,0.078183,0.127147,-0.778639,-0.095966,0.620057,-0.577782,0.000000,0.000000,0.000000,1.000000,0.03329494438816725,136.41567356348045
1782352659.477214,0.624528,-0.023434,0.780624,0.404738,-0.060399,0.995106,0.078183,0.127147,-0.778639,-0.095966,0.620057,-0.577782,0.000000,0.000000,0.000000,1.000000,0.03329494438816725,136.41567356348045
1782352659.513211,0.624528,-0.023434,0.780624,0.404738,-0.060399,0.995106,0.078183,0.127147,-0.778639,-0.095966,0.620057,-0.577782,0.000000,0.000000,0.000000,1.000000,0.03329494438816725,136.41567356348045
1782352659.549266,0.624528,-0.023434,0.780624,0.404738,-0.060399,0.995106,0.078183,0.127147,-0.778639,-0.095966,0.620057,-0.577782,0.000000,0.000000,0.000000,1.000000,0.03329494438816725,136.41567356348045
1782352659.585370,0.624528,-0.023434,0.780624,0.404738,-0.060399,0.995106,0.078183,0.127147,-0.778639,-0.095966,0.620057,-0.577782,0.000000,0.000000,0.000000,1.000000,0.03329494438816725,136.41567356348045
1782352659.621468,0.624528,-0.023434,0.780624,0.404738,-0.060399,0.995106,0.078183,0.127147,-0.778639,-0.095966,0.620057,-0.577782,0.000000,0.000000,0.000000,1.000000,0.03329494438816725,136.41567356348045
1782352659.657343,0.624528,-0.023434,0.780624,0.404738,-0.060399,0.995106,0.078183,0.127147,-0.778639,-0.095966,0.620057,-0.577782,0.000000,0.000000,0.000000,1.000000,0.03329494438816725,136.41567356348045
1782352659.693556,0.624528,-0.023434,0.780624,0.404738,-0.060399,0.995106,0.078183,0.127147,-0.778639,-0.095966,0.620057,-0.577782,0.000000,0.000000,0.000000,1.000000,0.03329494438816725,136.41567356348045
1782352659.729772,0.624528,-0.023434,0.780624,0.404738,-0.060399,0.995106,0.078183,0.127147,-0.778639,-0.095966,0.620057,-0.577782,0.000000,0.000000,0.000000,1.000000,0.03329494438816725,136.41567356348045
1782352659.765701,0.624528,-0.023434,0.780624,0.404738,-0.060399,0.995106,0.078183,0.127147,-0.778639,-0.095966,0.620057,-0.577782,0.000000,0.000000,0.000000,1.000000,0.03329494438816725,136.41567356348045
1782352659.800866,0.624528,-0.023434,0.780624,0.404738,-0.060399,0.995106,0.078183,0.127147,-0.778639,-0.095966,0.620057,-0.577782,0.000000,0.000000,0.000000,1.000000,0.03329494438816725,136.41567356348045
1782352659.835840,0.624528,-0.023434,0.780624,0.404738,-0.060399,0.995106,0.078183,0.127147,-0.778639,-0.095966,0.620057,-0.577782,0.000000,0.000000,0.000000,1.000000,0.03329494438816725,136.41567356348045
1782352659.871923,0.624528,-0.023434,0.780624,0.404738,-0.060399,0.995106,0.078183,0.127147,-0.778639,-0.095966,0.620057,-0.577782,0.000000,0.000000,0.000000,1.000000,0.03329494438816725,136.41567356348045
1782352659.907910,0.624528,-0.023434,0.780624,0.404738,-0.060399,0.995106,0.078183,0.127147,-0.778639,-0.095966,0.620057,-0.577782,0.000000,0.000000,0.000000,1.000000,0.03329494438816725,136.41567356348045
1782352659.942683,0.624528,-0.023434,0.780624,0.404738,-0.060399,0.995106,0.078183,0.127147,-0.778639,-0.095966,0.620057,-0.577782,0.000000,0.000000,0.000000,1.000000,0.03329494438816725,136.41567356348045
1782352659.977321,0.624528,-0.023434,0.780624,0.404738,-0.060399,0.995106,0.078183,0.127147,-0.778639,-0.095966,0.620057,-0.577782,0.000000,0.000000,0.000000,1.000000,0.03329494438816725,136.41567356348045
1782352660.012967,0.624528,-0.023434,0.780624,0.404738,-0.060399,0.995106,0.078183,0.127147,-0.778639,-0.095966,0.620057,-0.577782,0.000000,0.000000,0.000000,1.000000,0.03329494438816725,136.41567356348045
1782352660.048684,0.624528,-0.023434,0.780624,0.404738,-0.060399,0.995106,0.078183,0.127147,-0.778639,-0.095966,0.620057,-0.577782,0.000000,0.000000,0.000000,1.000000,0.03329494438816725,136.41567356348045
1782352660.084548,0.624528,-0.023434,0.780624,0.404738,-0.060399,0.995106,0.078183,0.127147,-0.778639,-0.095966,0.620057,-0.577782,0.000000,0.000000,0.000000,1.000000,0.03329494438816725,136.41567356348045
1782352660.120559,0.624528,-0.023434,0.780624,0.404738,-0.060399,0.995106,0.078183,0.127147,-0.778639,-0.095966,0.620057,-0.577782,0.000000,0.000000,0.000000,1.000000,0.03329494438816725,136.41567356348045
1782352660.156905,0.624528,-0.023434,0.780624,0.404738,-0.060399,0.995106,0.078183,0.127147,-0.778639,-0.095966,0.620057,-0.577782,0.000000,0.000000,0.000000,1.000000,0.03329494438816725,136.41567356348045
1782352660.192714,0.624528,-0.023434,0.780624,0.404738,-0.060399,0.995106,0.078183,0.127147,-0.778639,-0.095966,0.620057,-0.577782,0.000000,0.000000,0.000000,1.000000,0.03329494438816725,136.41567356348045
1782352660.228507,0.624528,-0.023434,0.780624,0.404738,-0.060399,0.995106,0.078183,0.127147,-0.778639,-0.095966,0.620057,-0.577782,0.000000,0.000000,0.000000,1.000000,0.03329494438816725,136.41567356348045
1782352660.263577,0.624528,-0.023434,0.780624,0.404738,-0.060399,0.995106,0.078183,0.127147,-0.778639,-0.095966,0.620057,-0.577782,0.000000,0.000000,0.000000,1.000000,0.03329494438816725,136.41567356348045
1782352660.299492,0.624528,-0.023434,0.780624,0.404738,-0.060399,0.995106,0.078183,0.127147,-0.778639,-0.095966,0.620057,-0.577782,0.000000,0.000000,0.000000,1.000000,0.03329494438816725,136.41567356348045
1782352660.335565,0.624528,-0.023434,0.780624,0.404738,-0.060399,0.995106,0.078183,0.127147,-0.778639,-0.095966,0.620057,-0.577782,0.000000,0.000000,0.000000,1.000000,0.03329494438816725,136.41567356348045
1782352660.371854,0.613061,-0.048229,0.788535,0.403935,-0.061793,0.992148,0.108715,0.127050,-0.787591,-0.115365,0.605268,-0.578408,0.000000,0.000000,0.000000,1.000000,0.034238781927079784,137.753552901376
1782352660.407415,0.613061,-0.048229,0.788535,0.403935,-0.061793,0.992148,0.108715,0.127050,-0.787591,-0.115365,0.605268,-0.578408,0.000000,0.000000,0.000000,1.000000,0.034238781927079784,137.753552901376
1782352660.442901,0.613061,-0.048229,0.788535,0.403935,-0.061793,0.992148,0.108715,0.127050,-0.787591,-0.115365,0.605268,-0.578408,0.000000,0.000000,0.000000,1.000000,0.034238781927079784,137.753552901376
1782352660.478889,0.613061,-0.048229,0.788535,0.403935,-0.061793,0.992148,0.108715,0.127050,-0.787591,-0.115365,0.605268,-0.578408,0.000000,0.000000,0.000000,1.000000,0.034238781927079784,137.753552901376
1782352660.515038,0.613061,-0.048229,0.788535,0.403935,-0.061793,0.992148,0.108715,0.127050,-0.787591,-0.115365,0.605268,-0.578408,0.000000,0.000000,0.000000,1.000000,0.034238781927079784,137.753552901376
1782352660.551033,0.613061,-0.048229,0.788535,0.403935,-0.061793,0.992148,0.108715,0.127050,-0.787591,-0.115365,0.605268,-0.578408,0.000000,0.000000,0.000000,1.000000,0.034238781927079784,137.753552901376
1782352660.586789,0.613061,-0.048229,0.788535,0.403935,-0.061793,0.992148,0.108715,0.127050,-0.787591,-0.115365,0.605268,-0.578408,0.000000,0.000000,0.000000,1.000000,0.034238781927079784,137.753552901376
1782352660.622008,0.613061,-0.048229,0.788535,0.403935,-0.061793,0.992148,0.108715,0.127050,-0.787591,-0.115365,0.605268,-0.578408,0.000000,0.000000,0.000000,1.000000,0.034238781927079784,137.753552901376
1782352660.658055,0.613061,-0.048229,0.788535,0.403935,-0.061793,0.992148,0.108715,0.127050,-0.787591,-0.115365,0.605268,-0.578408,0.000000,0.000000,0.000000,1.000000,0.034238781927079784,137.753552901376
1782352660.694233,0.613061,-0.048229,0.788535,0.403935,-0.061793,0.992148,0.108715,0.127050,-0.787591,-0.115365,0.605268,-0.578408,0.000000,0.000000,0.000000,1.000000,0.034238781927079784,137.753552901376
1782352660.730285,0.613061,-0.048229,0.788535,0.403935,-0.061793,0.992148,0.108715,0.127050,-0.787591,-0.115365,0.605268,-0.578408,0.000000,0.000000,0.000000,1.000000,0.034238781927079784,137.753552901376
1782352660.766290,0.613061,-0.048229,0.788535,0.403935,-0.061793,0.992148,0.108715,0.127050,-0.787591,-0.115365,0.605268,-0.578408,0.000000,0.000000,0.000000,1.000000,0.034238781927079784,137.753552901376
1782352660.802621,0.613061,-0.048229,0.788535,0.403935,-0.061793,0.992148,0.108715,0.127050,-0.787591,-0.115365,0.605268,-0.578408,0.000000,0.000000,0.000000,1.000000,0.034238781927079784,137.753552901376
1782352660.839112,0.613061,-0.048229,0.788535,0.403935,-0.061793,0.992148,0.108715,0.127050,-0.787591,-0.115365,0.605268,-0.578408,0.000000,0.000000,0.000000,1.000000,0.034238781927079784,137.753552901376
1782352660.874998,0.601489,-0.073255,0.795489,0.403125,-0.063636,0.988228,0.139111,0.126921,-0.796319,-0.134285,0.589748,-0.579019,0.000000,0.000000,0.000000,1.000000,0.03519669861456283,139.09875816353042
1782352660.910094,0.601489,-0.073255,0.795489,0.403125,-0.063636,0.988228,0.139111,0.126921,-0.796319,-0.134285,0.589748,-0.579019,0.000000,0.000000,0.000000,1.000000,0.03519669861456283,139.09875816353042
1782352660.945854,0.589827,-0.098481,0.801476,0.402309,-0.065924,0.983349,0.169333,0.126760,-0.804811,-0.152704,0.573515,-0.579614,0.000000,0.000000,0.000000,1.000000,0.0361664034448812,140.45096034356743
1782352660.981497,0.589827,-0.098481,0.801476,0.402309,-0.065924,0.983349,0.169333,0.126760,-0.804811,-0.152704,0.573515,-0.579614,0.000000,0.000000,0.000000,1.000000,0.0361664034448812,140.45096034356743
1782352661.017467,0.578089,-0.123874,0.806490,0.401487,-0.068656,0.977519,0.199345,0.126569,-0.813057,-0.170600,0.556590,-0.580191,0.000000,0.000000,0.000000,1.000000,0.03714577834460081,141.8098364050363
1782352661.053583,0.578089,-0.123874,0.806490,0.401487,-0.068656,0.977519,0.199345,0.126569,-0.813057,-0.170600,0.556590,-0.580191,0.000000,0.000000,0.000000,1.000000,0.03714577834460081,141.8098364050363
1782352661.088561,0.578089,-0.123874,0.806490,0.401487,-0.068656,0.977519,0.199345,0.126569,-0.813057,-0.170600,0.556590,-0.580191,0.000000,0.000000,0.000000,1.000000,0.03714577834460081,141.8098364050363
1782352661.124379,0.566291,-0.149403,0.810525,0.400662,-0.071828,0.970745,0.229110,0.126347,-0.821047,-0.187951,0.538994,-0.580750,0.000000,0.000000,0.000000,1.000000,0.038132860581683886,143.17506834216692
1782352661.158960,0.566291,-0.149403,0.810525,0.400662,-0.071828,0.970745,0.229110,0.126347,-0.821047,-0.187951,0.538994,-0.580750,0.000000,0.000000,0.000000,1.000000,0.038132860581683886,143.17506834216692
1782352661.194634,0.554447,-0.175036,0.813578,0.399832,-0.075436,0.963035,0.258589,0.126095,-0.828770,-0.204738,0.520750,-0.581291,0.000000,0.000000,0.000000,1.000000,0.03912582488407967,144.54634196077365
1782352661.230636,0.554447,-0.175036,0.813578,0.399832,-0.075436,0.963035,0.258589,0.126095,-0.828770,-0.204738,0.520750,-0.581291,0.000000,0.000000,0.000000,1.000000,0.03912582488407967,144.54634196077365
1782352661.266151,0.542574,-0.200739,0.815644,0.399001,-0.079477,0.954401,0.287747,0.125812,-0.836218,-0.220940,0.501881,-0.581812,0.000000,0.000000,0.000000,1.000000,0.040122964877024395,145.9233452100675
1782352661.302090,0.542574,-0.200739,0.815644,0.399001,-0.079477,0.954401,0.287747,0.125812,-0.836218,-0.220940,0.501881,-0.581812,0.000000,0.000000,0.000000,1.000000,0.040122964877024395,145.9233452100675
1782352661.338240,0.542574,-0.200739,0.815644,0.399001,-0.079477,0.954401,0.287747,0.125812,-0.836218,-0.220940,0.501881,-0.581812,0.000000,0.000000,0.000000,1.000000,0.040122964877024395,145.9233452100675
1782352661.374084,0.530687,-0.226479,0.816723,0.398169,-0.083947,0.944853,0.316546,0.125499,-0.843379,-0.236539,0.482411,-0.582314,0.000000,0.000000,0.000000,1.000000,0.041122672873816546,147.30576576333578
1782352661.410158,0.530687,-0.226479,0.816723,0.398169,-0.083947,0.944853,0.316546,0.125499,-0.843379,-0.236539,0.482411,-0.582314,0.000000,0.000000,0.000000,1.000000,0.041122672873816546,147.30576576333578
1782352661.445921,0.518802,-0.252222,0.816815,0.397337,-0.088841,0.934405,0.344950,0.125156,-0.850244,-0.251518,0.462367,-0.582794,0.000000,0.000000,0.000000,1.000000,0.042123416029838774,148.69328727916283
1782352661.481854,0.518802,-0.252222,0.816815,0.397337,-0.088841,0.934405,0.344950,0.125156,-0.850244,-0.251518,0.462367,-0.582794,0.000000,0.000000,0.000000,1.000000,0.042123416029838774,148.69328727916283
1782352661.517708,0.506938,-0.277932,0.815920,0.396507,-0.094154,0.923071,0.372920,0.124784,-0.856803,-0.265861,0.441775,-0.583253,0.000000,0.000000,0.000000,1.000000,0.04312370476047183,150.08558320236895
1782352661.553636,0.506938,-0.277932,0.815920,0.396507,-0.094154,0.923071,0.372920,0.124784,-0.856803,-0.265861,0.441775,-0.583253,0.000000,0.000000,0.000000,1.000000,0.04312370476047183,150.08558320236895
1782352661.590004,0.506938,-0.277932,0.815920,0.396507,-0.094154,0.923071,0.372920,0.124784,-0.856803,-0.265861,0.441775,-0.583253,0.000000,0.000000,0.000000,1.000000,0.04312370476047183,150.08558320236895
1782352661.626293,0.495113,-0.303571,0.814042,0.395679,-0.099883,0.910869,0.400419,0.124383,-0.863047,-0.279553,0.420666,-0.583690,0.000000,0.000000,0.000000,1.000000,0.04412204443683953,151.4823056226829
1782352661.661980,0.495113,-0.303571,0.814042,0.395679,-0.099883,0.910869,0.400419,0.124383,-0.863047,-0.279553,0.420666,-0.583690,0.000000,0.000000,0.000000,1.000000,0.04412204443683953,151.4823056226829
1782352661.698026,0.483349,-0.329097,0.811188,0.394856,-0.106023,0.897819,0.427406,0.123953,-0.868963,-0.292582,0.399072,-0.584104,0.000000,0.000000,0.000000,1.000000,0.0451168485766912,152.88306320634996
1782352661.734249,0.483349,-0.329097,0.811188,0.394856,-0.106023,0.897819,0.427406,0.123953,-0.868963,-0.292582,0.399072,-0.584104,0.000000,0.000000,0.000000,1.000000,0.0451168485766912,152.88306320634996
1782352661.769922,0.471673,-0.354459,0.807367,0.394038,-0.112575,0.883943,0.453836,0.123495,-0.874537,-0.304942,0.377033,-0.584495,0.000000,0.000000,0.000000,1.000000,0.046106252792151727,154.28737165924937
1782352661.805890,0.471673,-0.354459,0.807367,0.394038,-0.112575,0.883943,0.453836,0.123495,-0.874537,-0.304942,0.377033,-0.584495,0.000000,0.000000,0.000000,1.000000,0.046106252792151727,154.28737165924937
1782352661.841710,0.471673,-0.354459,0.807367,0.394038,-0.112575,0.883943,0.453836,0.123495,-0.874537,-0.304942,0.377033,-0.584495,0.000000,0.000000,0.000000,1.000000,0.046106252792151727,154.28737165924937
1782352661.877295,0.460124,-0.379588,0.802593,0.393230,-0.119543,0.869276,0.479649,0.123007,-0.879749,-0.316634,0.354602,-0.584860,0.000000,0.000000,0.000000,1.000000,0.04708762276489457,155.69452136378246
1782352661.912548,0.460124,-0.379588,0.802593,0.393230,-0.119543,0.869276,0.479649,0.123007,-0.879749,-0.316634,0.354602,-0.584860,0.000000,0.000000,0.000000,1.000000,0.04708762276489457,155.69452136378246
1782352661.948343,0.448782,-0.404352,0.796901,0.392436,-0.126957,0.853878,0.504748,0.122488,-0.884557,-0.327685,0.331874,-0.585196,0.000000,0.000000,0.000000,1.000000,0.048055794313439204,157.10311419876908
1782352661.984628,0.448782,-0.404352,0.796901,0.392436,-0.126957,0.853878,0.504748,0.122488,-0.884557,-0.327685,0.331874,-0.585196,0.000000,0.000000,0.000000,1.000000,0.048055794313439204,157.10311419876908
1782352662.019966,0.448782,-0.404352,0.796901,0.392436,-0.126957,0.853878,0.504748,0.122488,-0.884557,-0.327685,0.331874,-0.585196,0.000000,0.000000,0.000000,1.000000,0.048055794313439204,157.10311419876908
1782352662.055126,0.448782,-0.404352,0.796901,0.392436,-0.126957,0.853878,0.504748,0.122488,-0.884557,-0.327685,0.331874,-0.585196,0.000000,0.000000,0.000000,1.000000,0.048055794313439204,157.10311419876908
1782352662.091422,0.448782,-0.404352,0.796901,0.392436,-0.126957,0.853878,0.504748,0.122488,-0.884557,-0.327685,0.331874,-0.585196,0.000000,0.000000,0.000000,1.000000,0.048055794313439204,157.10311419876908
1782352662.127246,0.448782,-0.404352,0.796901,0.392436,-0.126957,0.853878,0.504748,0.122488,-0.884557,-0.327685,0.331874,-0.585196,0.000000,0.000000,0.000000,1.000000,0.048055794313439204,157.10311419876908
1782352662.163153,0.448782,-0.404352,0.796901,0.392436,-0.126957,0.853878,0.504748,0.122488,-0.884557,-0.327685,0.331874,-0.585196,0.000000,0.000000,0.000000,1.000000,0.048055794313439204,157.10311419876908
1782352662.198276,0.448782,-0.404352,0.796901,0.392436,-0.126957,0.853878,0.504748,0.122488,-0.884557,-0.327685,0.331874,-0.585196,0.000000,0.000000,0.000000,1.000000,0.048055794313439204,157.10311419876908
1782352662.234065,0.448782,-0.404352,0.796901,0.392436,-0.126957,0.853878,0.504748,0.122488,-0.884557,-0.327685,0.331874,-0.585196,0.000000,0.000000,0.000000,1.000000,0.048055794313439204,157.10311419876908
1782352662.269847,0.448782,-0.404352,0.796901,0.392436,-0.126957,0.853878,0.504748,0.122488,-0.884557,-0.327685,0.331874,-0.585196,0.000000,0.000000,0.000000,1.000000,0.048055794313439204,157.10311419876908
1782352662.305737,0.434406,-0.418167,0.797738,0.391430,-0.098055,0.858475,0.503390,0.124511,-0.895343,-0.296889,0.331927,-0.585951,0.000000,0.000000,0.000000,1.000000,0.04873547817438518,155.69628076145145
1782352662.341617,0.434406,-0.418167,0.797738,0.391430,-0.098055,0.858475,0.503390,0.124511,-0.895343,-0.296889,0.331927,-0.585951,0.000000,0.000000,0.000000,1.000000,0.04873547817438518,155.69628076145145
1782352662.377333,0.434406,-0.418167,0.797738,0.391430,-0.098055,0.858475,0.503390,0.124511,-0.895343,-0.296889,0.331927,-0.585951,0.000000,0.000000,0.000000,1.000000,0.04873547817438518,155.69628076145145
1782352662.413037,0.434406,-0.418167,0.797738,0.391430,-0.098055,0.858475,0.503390,0.124511,-0.895343,-0.296889,0.331927,-0.585951,0.000000,0.000000,0.000000,1.000000,0.04873547817438518,155.69628076145145
1782352662.448862,0.434406,-0.418167,0.797738,0.391430,-0.098055,0.858475,0.503390,0.124511,-0.895343,-0.296889,0.331927,-0.585951,0.000000,0.000000,0.000000,1.000000,0.04873547817438518,155.69628076145145
1782352662.484370,0.434406,-0.418167,0.797738,0.391430,-0.098055,0.858475,0.503390,0.124511,-0.895343,-0.296889,0.331927,-0.585951,0.000000,0.000000,0.000000,1.000000,0.04873547817438518,155.69628076145145
1782352662.520416,0.434406,-0.418167,0.797738,0.391430,-0.098055,0.858475,0.503390,0.124511,-0.895343,-0.296889,0.331927,-0.585951,0.000000,0.000000,0.000000,1.000000,0.04873547817438518,155.69628076145145
1782352662.556325,0.434406,-0.418167,0.797738,0.391430,-0.098055,0.858475,0.503390,0.124511,-0.895343,-0.296889,0.331927,-0.585951,0.000000,0.000000,0.000000,1.000000,0.04873547817438518,155.69628076145145
1782352662.591119,0.434406,-0.418167,0.797738,0.391430,-0.098055,0.858475,0.503390,0.124511,-0.895343,-0.296889,0.331927,-0.585951,0.000000,0.000000,0.000000,1.000000,0.04873547817438518,155.69628076145145
1782352662.627182,0.434406,-0.418167,0.797738,0.391430,-0.098055,0.858475,0.503390,0.124511,-0.895343,-0.296889,0.331927,-0.585951,0.000000,0.000000,0.000000,1.000000,0.04873547817438518,155.69628076145145
1782352662.663231,0.434406,-0.418167,0.797738,0.391430,-0.098055,0.858475,0.503390,0.124511,-0.895343,-0.296889,0.331927,-0.585951,0.000000,0.000000,0.000000,1.000000,0.04873547817438518,155.69628076145145
1782352662.699135,0.434406,-0.418167,0.797738,0.391430,-0.098055,0.858475,0.503390,0.124511,-0.895343,-0.296889,0.331927,-0.585951,0.000000,0.000000,0.000000,1.000000,0.04873547817438518,155.69628076145145
1782352662.735255,0.434406,-0.418167,0.797738,0.391430,-0.098055,0.858475,0.503390,0.124511,-0.895343,-0.296889,0.331927,-0.585951,0.000000,0.000000,0.000000,1.000000,0.04873547817438518,155.69628076145145
1782352662.771188,0.434406,-0.418167,0.797738,0.391430,-0.098055,0.858475,0.503390,0.124511,-0.895343,-0.296889,0.331927,-0.585951,0.000000,0.000000,0.000000,1.000000,0.04873547817438518,155.69628076145145
1782352662.806723,0.434406,-0.418167,0.797738,0.391430,-0.098055,0.858475,0.503390,0.124511,-0.895343,-0.296889,0.331927,-0.585951,0.000000,0.000000,0.000000,1.000000,0.04873547817438518,155.69628076145145
1782352662.842544,0.434406,-0.418167,0.797738,0.391430,-0.098055,0.858475,0.503390,0.124511,-0.895343,-0.296889,0.331927,-0.585951,0.000000,0.000000,0.000000,1.000000,0.04873547817438518,155.69628076145145
1782352662.878476,0.434406,-0.418167,0.797738,0.391430,-0.098055,0.858475,0.503390,0.124511,-0.895343,-0.296889,0.331927,-0.585951,0.000000,0.000000,0.000000,1.000000,0.04873547817438518,155.69628076145145
1782352662.914719,0.434406,-0.418167,0.797738,0.391430,-0.098055,0.858475,0.503390,0.124511,-0.895343,-0.296889,0.331927,-0.585951,0.000000,0.000000,0.000000,1.000000,0.04873547817438518,155.69628076145145
1782352662.950825,0.434406,-0.418167,0.797738,0.391430,-0.098055,0.858475,0.503390,0.124511,-0.895343,-0.296889,0.331927,-0.585951,0.000000,0.000000,0.000000,1.000000,0.04873547817438518,155.69628076145145
1782352662.986724,0.419500,-0.431523,0.798602,0.390386,-0.068995,0.862077,0.502054,0.126545,-0.905109,-0.265702,0.331873,-0.586635,0.000000,0.000000,0.000000,1.000000,0.04952661396010783,154.29222273394913
1782352663.022697,0.419500,-0.431523,0.798602,0.390386,-0.068995,0.862077,0.502054,0.126545,-0.905109,-0.265702,0.331873,-0.586635,0.000000,0.000000,0.000000,1.000000,0.04952661396010783,154.29222273394913
1782352663.058845,0.419500,-0.431523,0.798602,0.390386,-0.068995,0.862077,0.502054,0.126545,-0.905109,-0.265702,0.331873,-0.586635,0.000000,0.000000,0.000000,1.000000,0.04952661396010783,154.29222273394913
1782352663.094498,0.419500,-0.431523,0.798602,0.390386,-0.068995,0.862077,0.502054,0.126545,-0.905109,-0.265702,0.331873,-0.586635,0.000000,0.000000,0.000000,1.000000,0.04952661396010783,154.29222273394913
1782352663.130416,0.419500,-0.431523,0.798602,0.390386,-0.068995,0.862077,0.502054,0.126545,-0.905109,-0.265702,0.331873,-0.586635,0.000000,0.000000,0.000000,1.000000,0.04952661396010783,154.29222273394913
1782352663.166212,0.419500,-0.431523,0.798602,0.390386,-0.068995,0.862077,0.502054,0.126545,-0.905109,-0.265702,0.331873,-0.586635,0.000000,0.000000,0.000000,1.000000,0.04952661396010783,154.29222273394913
1782352663.201678,0.419500,-0.431523,0.798602,0.390386,-0.068995,0.862077,0.502054,0.126545,-0.905109,-0.265702,0.331873,-0.586635,0.000000,0.000000,0.000000,1.000000,0.04952661396010783,154.29222273394913
1782352663.237327,0.404083,-0.444395,0.799492,0.389307,-0.039812,0.864679,0.500740,0.128588,-0.913834,-0.234161,0.331714,-0.587245,0.000000,0.000000,0.000000,1.000000,0.050423349815342584,152.89122269451727
1782352663.273495,0.404083,-0.444395,0.799492,0.389307,-0.039812,0.864679,0.500740,0.128588,-0.913834,-0.234161,0.331714,-0.587245,0.000000,0.000000,0.000000,1.000000,0.050423349815342584,152.89122269451727
1782352663.309420,0.404083,-0.444395,0.799492,0.389307,-0.039812,0.864679,0.500740,0.128588,-0.913834,-0.234161,0.331714,-0.587245,0.000000,0.000000,0.000000,1.000000,0.050423349815342584,152.89122269451727
1782352663.345394,0.404083,-0.444395,0.799492,0.389307,-0.039812,0.864679,0.500740,0.128588,-0.913834,-0.234161,0.331714,-0.587245,0.000000,0.000000,0.000000,1.000000,0.050423349815342584,152.89122269451727
1782352663.382019,0.388173,-0.456762,0.800405,0.388193,-0.010540,0.866274,0.499453,0.130637,-0.921505,-0.202302,0.331454,-0.587782,0.000000,0.000000,0.000000,1.000000,0.05141941176812356,151.49356518330504
1782352663.417851,0.388173,-0.456762,0.800405,0.388193,-0.010540,0.866274,0.499453,0.130637,-0.921505,-0.202302,0.331454,-0.587782,0.000000,0.000000,0.000000,1.000000,0.05141941176812356,151.49356518330504
1782352663.453832,0.388173,-0.456762,0.800405,0.388193,-0.010540,0.866274,0.499453,0.130637,-0.921505,-0.202302,0.331454,-0.587782,0.000000,0.000000,0.000000,1.000000,0.05141941176812356,151.49356518330504
1782352663.490121,0.388173,-0.456762,0.800405,0.388193,-0.010540,0.866274,0.499453,0.130637,-0.921505,-0.202302,0.331454,-0.587782,0.000000,0.000000,0.000000,1.000000,0.05141941176812356,151.49356518330504
1782352663.526216,0.388173,-0.456762,0.800405,0.388193,-0.010540,0.866274,0.499453,0.130637,-0.921505,-0.202302,0.331454,-0.587782,0.000000,0.000000,0.000000,1.000000,0.05141941176812356,151.49356518330504
1782352663.561573,0.371791,-0.468603,0.801337,0.387047,0.018783,0.866859,0.498194,0.132690,-0.928105,-0.170163,0.331097,-0.588244,0.000000,0.000000,0.000000,1.000000,0.052508264134157275,150.0995379073306
1782352663.597008,0.371791,-0.468603,0.801337,0.387047,0.018783,0.866859,0.498194,0.132690,-0.928105,-0.170163,0.331097,-0.588244,0.000000,0.000000,0.000000,1.000000,0.052508264134157275,150.0995379073306
1782352663.633273,0.371791,-0.468603,0.801337,0.387047,0.018783,0.866859,0.498194,0.132690,-0.928105,-0.170163,0.331097,-0.588244,0.000000,0.000000,0.000000,1.000000,0.052508264134157275,150.0995379073306
1782352663.669182,0.371791,-0.468603,0.801337,0.387047,0.018783,0.866859,0.498194,0.132690,-0.928105,-0.170163,0.331097,-0.588244,0.000000,0.000000,0.000000,1.000000,0.052508264134157275,150.0995379073306
1782352663.705246,0.371791,-0.468603,0.801337,0.387047,0.018783,0.866859,0.498194,0.132690,-0.928105,-0.170163,0.331097,-0.588244,0.000000,0.000000,0.000000,1.000000,0.052508264134157275,150.0995379073306
1782352663.741224,0.371791,-0.468603,0.801337,0.387047,0.018783,0.866859,0.498194,0.132690,-0.928105,-0.170163,0.331097,-0.588244,0.000000,0.000000,0.000000,1.000000,0.052508264134157275,150.0995379073306
1782352663.777329,0.371791,-0.468603,0.801337,0.387047,0.018783,0.866859,0.498194,0.132690,-0.928105,-0.170163,0.331097,-0.588244,0.000000,0.000000,0.000000,1.000000,0.052508264134157275,150.0995379073306
1782352663.813103,0.354957,-0.479898,0.802285,0.385868,0.048123,0.866432,0.496966,0.134744,-0.933621,-0.137783,0.330644,-0.588631,0.000000,0.000000,0.000000,1.000000,0.053683252476734396,148.7094326904391
1782352663.848900,0.354957,-0.479898,0.802285,0.385868,0.048123,0.866432,0.496966,0.134744,-0.933621,-0.137783,0.330644,-0.588631,0.000000,0.000000,0.000000,1.000000,0.053683252476734396,148.7094326904391
1782352663.885098,0.354957,-0.479898,0.802285,0.385868,0.048123,0.866432,0.496966,0.134744,-0.933621,-0.137783,0.330644,-0.588631,0.000000,0.000000,0.000000,1.000000,0.053683252476734396,148.7094326904391
1782352663.921316,0.354957,-0.479898,0.802285,0.385868,0.048123,0.866432,0.496966,0.134744,-0.933621,-0.137783,0.330644,-0.588631,0.000000,0.000000,0.000000,1.000000,0.053683252476734396,148.7094326904391
1782352663.957214,0.354957,-0.479898,0.802285,0.385868,0.048123,0.866432,0.496966,0.134744,-0.933621,-0.137783,0.330644,-0.588631,0.000000,0.000000,0.000000,1.000000,0.053683252476734396,148.7094326904391
1782352663.992986,0.354957,-0.479898,0.802285,0.385868,0.048123,0.866432,0.496966,0.134744,-0.933621,-0.137783,0.330644,-0.588631,0.000000,0.000000,0.000000,1.000000,0.053683252476734396,148.7094326904391
1782352664.028935,0.354957,-0.479898,0.802285,0.385868,0.048123,0.866432,0.496966,0.134744,-0.933621,-0.137783,0.330644,-0.588631,0.000000,0.000000,0.000000,1.000000,0.053683252476734396,148.7094326904391
1782352664.064853,0.354957,-0.479898,0.802285,0.385868,0.048123,0.866432,0.496966,0.134744,-0.933621,-0.137783,0.330644,-0.588631,0.000000,0.000000,0.000000,1.000000,0.053683252476734396,148.7094326904391
1782352664.101297,0.354957,-0.479898,0.802285,0.385868,0.048123,0.866432,0.496966,0.134744,-0.933621,-0.137783,0.330644,-0.588631,0.000000,0.000000,0.000000,1.000000,0.053683252476734396,148.7094326904391
1782352664.136158,0.354957,-0.479898,0.802285,0.385868,0.048123,0.866432,0.496966,0.134744,-0.933621,-0.137783,0.330644,-0.588631,0.000000,0.000000,0.000000,1.000000,0.053683252476734396,148.7094326904391
1782352664.171690,0.354957,-0.479898,0.802285,0.385868,0.048123,0.866432,0.496966,0.134744,-0.933621,-0.137783,0.330644,-0.588631,0.000000,0.000000,0.000000,1.000000,0.053683252476734396,148.7094326904391
1782352664.207248,0.354957,-0.479898,0.802285,0.385868,0.048123,0.866432,0.496966,0.134744,-0.933621,-0.137783,0.330644,-0.588631,0.000000,0.000000,0.000000,1.000000,0.053683252476734396,148.7094326904391
1782352664.242880,0.354957,-0.479898,0.802285,0.385868,0.048123,0.866432,0.496966,0.134744,-0.933621,-0.137783,0.330644,-0.588631,0.000000,0.000000,0.000000,1.000000,0.053683252476734396,148.7094326904391
1782352664.278769,0.354957,-0.479898,0.802285,0.385868,0.048123,0.866432,0.496966,0.134744,-0.933621,-0.137783,0.330644,-0.588631,0.000000,0.000000,0.000000,1.000000,0.053683252476734396,148.7094326904391
1782352664.314815,0.354957,-0.479898,0.802285,0.385868,0.048123,0.866432,0.496966,0.134744,-0.933621,-0.137783,0.330644,-0.588631,0.000000,0.000000,0.000000,1.000000,0.053683252476734396,148.7094326904391
1782352664.350789,0.354957,-0.479898,0.802285,0.385868,0.048123,0.866432,0.496966,0.134744,-0.933621,-0.137783,0.330644,-0.588631,0.000000,0.000000,0.000000,1.000000,0.053683252476734396,148.7094326904391
1782352664.386630,0.354957,-0.479898,0.802285,0.385868,0.048123,0.866432,0.496966,0.134744,-0.933621,-0.137783,0.330644,-0.588631,0.000000,0.000000,0.000000,1.000000,0.053683252476734396,148.7094326904391
1782352664.422922,0.354957,-0.479898,0.802285,0.385868,0.048123,0.866432,0.496966,0.134744,-0.933621,-0.137783,0.330644,-0.588631,0.000000,0.000000,0.000000,1.000000,0.053683252476734396,148.7094326904391
1782352664.458746,0.354957,-0.479898,0.802285,0.385868,0.048123,0.866432,0.496966,0.134744,-0.933621,-0.137783,0.330644,-0.588631,0.000000,0.000000,0.000000,1.000000,0.053683252476734396,148.7094326904391
1782352664.494610,0.354957,-0.479898,0.802285,0.385868,0.048123,0.866432,0.496966,0.134744,-0.933621,-0.137783,0.330644,-0.588631,0.000000,0.000000,0.000000,1.000000,0.053683252476734396,148.7094326904391
1782352664.530216,0.354957,-0.479898,0.802285,0.385868,0.048123,0.866432,0.496966,0.134744,-0.933621,-0.137783,0.330644,-0.588631,0.000000,0.000000,0.000000,1.000000,0.053683252476734396,148.7094326904391
1782352664.566110,0.354957,-0.479898,0.802285,0.385868,0.048123,0.866432,0.496966,0.134744,-0.933621,-0.137783,0.330644,-0.588631,0.000000,0.000000,0.000000,1.000000,0.053683252476734396,148.7094326904391
1782352664.602306,0.354957,-0.479898,0.802285,0.385868,0.048123,0.866432,0.496966,0.134744,-0.933621,-0.137783,0.330644,-0.588631,0.000000,0.000000,0.000000,1.000000,0.053683252476734396,148.7094326904391
1782352664.638015,0.343979,-0.504285,0.792044,0.385100,0.040417,0.850711,0.524074,0.134204,-0.938085,-0.148248,0.313013,-0.588943,0.000000,0.000000,0.000000,1.000000,0.054521045522348766,150.14898880089225
1782352664.673989,0.343979,-0.504285,0.792044,0.385100,0.040417,0.850711,0.524074,0.134204,-0.938085,-0.148248,0.313013,-0.588943,0.000000,0.000000,0.000000,1.000000,0.054521045522348766,150.14898880089225
1782352664.709775,0.343979,-0.504285,0.792044,0.385100,0.040417,0.850711,0.524074,0.134204,-0.938085,-0.148248,0.313013,-0.588943,0.000000,0.000000,0.000000,1.000000,0.054521045522348766,150.14898880089225
1782352664.745833,0.343979,-0.504285,0.792044,0.385100,0.040417,0.850711,0.524074,0.134204,-0.938085,-0.148248,0.313013,-0.588943,0.000000,0.000000,0.000000,1.000000,0.054521045522348766,150.14898880089225
1782352664.782121,0.343979,-0.504285,0.792044,0.385100,0.040417,0.850711,0.524074,0.134204,-0.938085,-0.148248,0.313013,-0.588943,0.000000,0.000000,0.000000,1.000000,0.054521045522348766,150.14898880089225
1782352664.817971,0.343979,-0.504285,0.792044,0.385100,0.040417,0.850711,0.524074,0.134204,-0.938085,-0.148248,0.313013,-0.588943,0.000000,0.000000,0.000000,1.000000,0.054521045522348766,150.14898880089225
1782352664.853909,0.343979,-0.504285,0.792044,0.385100,0.040417,0.850711,0.524074,0.134204,-0.938085,-0.148248,0.313013,-0.588943,0.000000,0.000000,0.000000,1.000000,0.054521045522348766,150.14898880089225
1782352664.889177,0.343979,-0.504285,0.792044,0.385100,0.040417,0.850711,0.524074,0.134204,-0.938085,-0.148248,0.313013,-0.588943,0.000000,0.000000,0.000000,1.000000,0.054521045522348766,150.14898880089225
1782352664.925425,0.343979,-0.504285,0.792044,0.385100,0.040417,0.850711,0.524074,0.134204,-0.938085,-0.148248,0.313013,-0.588943,0.000000,0.000000,0.000000,1.000000,0.054521045522348766,150.14898880089225
1782352664.961310,0.343979,-0.504285,0.792044,0.385100,0.040417,0.850711,0.524074,0.134204,-0.938085,-0.148248,0.313013,-0.588943,0.000000,0.000000,0.000000,1.000000,0.054521045522348766,150.14898880089225
1782352664.997252,0.343979,-0.504285,0.792044,0.385100,0.040417,0.850711,0.524074,0.134204,-0.938085,-0.148248,0.313013,-0.588943,0.000000,0.000000,0.000000,1.000000,0.054521045522348766,150.14898880089225
1782352665.032342,0.338223,-0.522499,0.782661,0.384697,0.027895,0.836899,0.546643,0.133328,-0.940631,-0.163045,0.297638,-0.589121,0.000000,0.000000,0.000000,1.000000,0.05498588671324873,151.63974590599508
1782352665.068605,0.338223,-0.522499,0.782661,0.384697,0.027895,0.836899,0.546643,0.133328,-0.940631,-0.163045,0.297638,-0.589121,0.000000,0.000000,0.000000,1.000000,0.05498588671324873,151.63974590599508
1782352665.104327,0.338223,-0.522499,0.782661,0.384697,0.027895,0.836899,0.546643,0.133328,-0.940631,-0.163045,0.297638,-0.589121,0.000000,0.000000,0.000000,1.000000,0.05498588671324873,151.63974590599508
1782352665.139737,0.338223,-0.522499,0.782661,0.384697,0.027895,0.836899,0.546643,0.133328,-0.940631,-0.163045,0.297638,-0.589121,0.000000,0.000000,0.000000,1.000000,0.05498588671324873,151.63974590599508
1782352665.175134,0.338223,-0.522499,0.782661,0.384697,0.027895,0.836899,0.546643,0.133328,-0.940631,-0.163045,0.297638,-0.589121,0.000000,0.000000,0.000000,1.000000,0.05498588671324873,151.63974590599508
1782352665.210656,0.338223,-0.522499,0.782661,0.384697,0.027895,0.836899,0.546643,0.133328,-0.940631,-0.163045,0.297638,-0.589121,0.000000,0.000000,0.000000,1.000000,0.05498588671324873,151.63974590599508
1782352665.245620,0.338223,-0.522499,0.782661,0.384697,0.027895,0.836899,0.546643,0.133328,-0.940631,-0.163045,0.297638,-0.589121,0.000000,0.000000,0.000000,1.000000,0.05498588671324873,151.63974590599508
1782352665.281319,0.338223,-0.522499,0.782661,0.384697,0.027895,0.836899,0.546643,0.133328,-0.940631,-0.163045,0.297638,-0.589121,0.000000,0.000000,0.000000,1.000000,0.05498588671324873,151.63974590599508
1782352665.316451,0.338223,-0.522499,0.782661,0.384697,0.027895,0.836899,0.546643,0.133328,-0.940631,-0.163045,0.297638,-0.589121,0.000000,0.000000,0.000000,1.000000,0.05498588671324873,151.63974590599508
1782352665.351563,0.338223,-0.522499,0.782661,0.384697,0.027895,0.836899,0.546643,0.133328,-0.940631,-0.163045,0.297638,-0.589121,0.000000,0.000000,0.000000,1.000000,0.05498588671324873,151.63974590599508
1782352665.386719,0.338223,-0.522499,0.782661,0.384697,0.027895,0.836899,0.546643,0.133328,-0.940631,-0.163045,0.297638,-0.589121,0.000000,0.000000,0.000000,1.000000,0.05498588671324873,151.63974590599508
1782352665.422016,0.338223,-0.522499,0.782661,0.384697,0.027895,0.836899,0.546643,0.133328,-0.940631,-0.163045,0.297638,-0.589121,0.000000,0.000000,0.000000,1.000000,0.05498588671324873,151.63974590599508
1782352665.456718,0.338223,-0.522499,0.782661,0.384697,0.027895,0.836899,0.546643,0.133328,-0.940631,-0.163045,0.297638,-0.589121,0.000000,0.000000,0.000000,1.000000,0.05498588671324873,151.63974590599508
1782352665.492462,0.338223,-0.522499,0.782661,0.384697,0.027895,0.836899,0.546643,0.133328,-0.940631,-0.163045,0.297638,-0.589121,0.000000,0.000000,0.000000,1.000000,0.05498588671324873,151.63974590599508
1782352665.528024,0.338223,-0.522499,0.782661,0.384697,0.027895,0.836899,0.546643,0.133328,-0.940631,-0.163045,0.297638,-0.589121,0.000000,0.000000,0.000000,1.000000,0.05498588671324873,151.63974590599508
1782352665.563308,0.338223,-0.522499,0.782661,0.384697,0.027895,0.836899,0.546643,0.133328,-0.940631,-0.163045,0.297638,-0.589121,0.000000,0.000000,0.000000,1.000000,0.05498588671324873,151.63974590599508
1782352665.599049,0.338223,-0.522499,0.782661,0.384697,0.027895,0.836899,0.546643,0.133328,-0.940631,-0.163045,0.297638,-0.589121,0.000000,0.000000,0.000000,1.000000,0.05498588671324873,151.63974590599508
1782352665.635300,0.338223,-0.522499,0.782661,0.384697,0.027895,0.836899,0.546643,0.133328,-0.940631,-0.163045,0.297638,-0.589121,0.000000,0.000000,0.000000,1.000000,0.05498588671324873,151.63974590599508
1782352665.671609,0.338223,-0.522499,0.782661,0.384697,0.027895,0.836899,0.546643,0.133328,-0.940631,-0.163045,0.297638,-0.589121,0.000000,0.000000,0.000000,1.000000,0.05498588671324873,151.63974590599508
1782352665.707345,0.338223,-0.522499,0.782661,0.384697,0.027895,0.836899,0.546643,0.133328,-0.940631,-0.163045,0.297638,-0.589121,0.000000,0.000000,0.000000,1.000000,0.05498588671324873,151.63974590599508
1782352665.742693,0.338223,-0.522499,0.782661,0.384697,0.027895,0.836899,0.546643,0.133328,-0.940631,-0.163045,0.297638,-0.589121,0.000000,0.000000,0.000000,1.000000,0.05498588671324873,151.63974590599508
1782352665.778589,0.338223,-0.522499,0.782661,0.384697,0.027895,0.836899,0.546643,0.133328,-0.940631,-0.163045,0.297638,-0.589121,0.000000,0.000000,0.000000,1.000000,0.05498588671324873,151.63974590599508
1782352665.814821,0.338223,-0.522499,0.782661,0.384697,0.027895,0.836899,0.546643,0.133328,-0.940631,-0.163045,0.297638,-0.589121,0.000000,0.000000,0.000000,1.000000,0.05498588671324873,151.63974590599508
1782352665.850943,0.338223,-0.522499,0.782661,0.384697,0.027895,0.836899,0.546643,0.133328,-0.940631,-0.163045,0.297638,-0.589121,0.000000,0.000000,0.000000,1.000000,0.05498588671324873,151.63974590599508
1782352665.886899,0.338223,-0.522499,0.782661,0.384697,0.027895,0.836899,0.546643,0.133328,-0.940631,-0.163045,0.297638,-0.589121,0.000000,0.000000,0.000000,1.000000,0.05498588671324873,151.63974590599508
1782352665.923144,0.338223,-0.522499,0.782661,0.384697,0.027895,0.836899,0.546643,0.133328,-0.940631,-0.163045,0.297638,-0.589121,0.000000,0.000000,0.000000,1.000000,0.05498588671324873,151.63974590599508
1782352665.959648,0.338223,-0.522499,0.782661,0.384697,0.027895,0.836899,0.546643,0.133328,-0.940631,-0.163045,0.297638,-0.589121,0.000000,0.000000,0.000000,1.000000,0.05498588671324873,151.63974590599508
1782352665.995592,0.338223,-0.522499,0.782661,0.384697,0.027895,0.836899,0.546643,0.133328,-0.940631,-0.163045,0.297638,-0.589121,0.000000,0.000000,0.000000,1.000000,0.05498588671324873,151.63974590599508
1782352666.031670,0.338223,-0.522499,0.782661,0.384697,0.027895,0.836899,0.546643,0.133328,-0.940631,-0.163045,0.297638,-0.589121,0.000000,0.000000,0.000000,1.000000,0.05498588671324873,151.63974590599508
1782352666.067712,0.338223,-0.522499,0.782661,0.384697,0.027895,0.836899,0.546643,0.133328,-0.940631,-0.163045,0.297638,-0.589121,0.000000,0.000000,0.000000,1.000000,0.05498588671324873,151.63974590599508
1782352666.103718,0.338223,-0.522499,0.782661,0.384697,0.027895,0.836899,0.546643,0.133328,-0.940631,-0.163045,0.297638,-0.589121,0.000000,0.000000,0.000000,1.000000,0.05498588671324873,151.63974590599508
1782352666.139802,0.338223,-0.522499,0.782661,0.384697,0.027895,0.836899,0.546643,0.133328,-0.940631,-0.163045,0.297638,-0.589121,0.000000,0.000000,0.000000,1.000000,0.05498588671324873,151.63974590599508
1782352666.175538,0.338223,-0.522499,0.782661,0.384697,0.027895,0.836899,0.546643,0.133328,-0.940631,-0.163045,0.297638,-0.589121,0.000000,0.000000,0.000000,1.000000,0.05498588671324873,151.63974590599508
1782352666.211697,0.338223,-0.522499,0.782661,0.384697,0.027895,0.836899,0.546643,0.133328,-0.940631,-0.163045,0.297638,-0.589121,0.000000,0.000000,0.000000,1.000000,0.05498588671324873,151.63974590599508
1782352666.247584,0.338223,-0.522499,0.782661,0.384697,0.027895,0.836899,0.546643,0.133328,-0.940631,-0.163045,0.297638,-0.589121,0.000000,0.000000,0.000000,1.000000,0.05498588671324873,151.63974590599508
1782352666.283518,0.338223,-0.522499,0.782661,0.384697,0.027895,0.836899,0.546643,0.133328,-0.940631,-0.163045,0.297638,-0.589121,0.000000,0.000000,0.000000,1.000000,0.05498588671324873,151.63974590599508
1782352666.318268,0.338223,-0.522499,0.782661,0.384697,0.027895,0.836899,0.546643,0.133328,-0.940631,-0.163045,0.297638,-0.589121,0.000000,0.000000,0.000000,1.000000,0.05498588671324873,151.63974590599508
1782352666.353048,0.338223,-0.522499,0.782661,0.384697,0.027895,0.836899,0.546643,0.133328,-0.940631,-0.163045,0.297638,-0.589121,0.000000,0.000000,0.000000,1.000000,0.05498588671324873,151.63974590599508
1782352666.388970,0.338223,-0.522499,0.782661,0.384697,0.027895,0.836899,0.546643,0.133328,-0.940631,-0.163045,0.297638,-0.589121,0.000000,0.000000,0.000000,1.000000,0.05498588671324873,151.63974590599508
1782352666.424597,0.338223,-0.522499,0.782661,0.384697,0.027895,0.836899,0.546643,0.133328,-0.940631,-0.163045,0.297638,-0.589121,0.000000,0.000000,0.000000,1.000000,0.05498588671324873,151.63974590599508
1782352666.459768,0.338223,-0.522499,0.782661,0.384697,0.027895,0.836899,0.546643,0.133328,-0.940631,-0.163045,0.297638,-0.589121,0.000000,0.000000,0.000000,1.000000,0.05498588671324873,151.63974590599508
1782352666.495624,0.338223,-0.522499,0.782661,0.384697,0.027895,0.836899,0.546643,0.133328,-0.940631,-0.163045,0.297638,-0.589121,0.000000,0.000000,0.000000,1.000000,0.05498588671324873,151.63974590599508
1782352666.531613,0.338223,-0.522499,0.782661,0.390648,0.027895,0.836899,0.546643,0.127879,-0.940631,-0.163045,0.297638,-0.595028,0.000000,0.000000,0.000000,1.000000,0.05271593886786724,151.63974590599508
1782352666.567639,0.338223,-0.522499,0.782661,0.390648,0.027895,0.836899,0.546643,0.127879,-0.940631,-0.163045,0.297638,-0.595028,0.000000,0.000000,0.000000,1.000000,0.05271593886786724,151.63974590599508
1782352666.603650,0.338223,-0.522499,0.782661,0.390648,0.027895,0.836899,0.546643,0.127879,-0.940631,-0.163045,0.297638,-0.595028,0.000000,0.000000,0.000000,1.000000,0.05271593886786724,151.63974590599508
1782352666.639823,0.338223,-0.522499,0.782661,0.390648,0.027895,0.836899,0.546643,0.127879,-0.940631,-0.163045,0.297638,-0.595028,0.000000,0.000000,0.000000,1.000000,0.05271593886786724,151.63974590599508
1782352666.675990,0.338223,-0.522499,0.782661,0.390648,0.027895,0.836899,0.546643,0.127879,-0.940631,-0.163045,0.297638,-0.595028,0.000000,0.000000,0.000000,1.000000,0.05271593886786724,151.63974590599508
1782352666.711869,0.338223,-0.522499,0.782661,0.390648,0.027895,0.836899,0.546643,0.127879,-0.940631,-0.163045,0.297638,-0.595028,0.000000,0.000000,0.000000,1.000000,0.05271593886786724,151.63974590599508
1782352666.747483,0.338223,-0.522499,0.782661,0.390648,0.027895,0.836899,0.546643,0.127879,-0.940631,-0.163045,0.297638,-0.595028,0.000000,0.000000,0.000000,1.000000,0.05271593886786724,151.63974590599508
1782352666.782609,0.338223,-0.522499,0.782661,0.390648,0.027895,0.836899,0.546643,0.127879,-0.940631,-0.163045,0.297638,-0.595028,0.000000,0.000000,0.000000,1.000000,0.05271593886786724,151.63974590599508
1782352666.817695,0.338223,-0.522499,0.782661,0.390648,0.027895,0.836899,0.546643,0.127879,-0.940631,-0.163045,0.297638,-0.595028,0.000000,0.000000,0.000000,1.000000,0.05271593886786724,151.63974590599508
1782352666.853588,0.338223,-0.522499,0.782661,0.390648,0.027895,0.836899,0.546643,0.127879,-0.940631,-0.163045,0.297638,-0.595028,0.000000,0.000000,0.000000,1.000000,0.05271593886786724,151.63974590599508
1782352666.889849,0.338223,-0.522499,0.782661,0.390648,0.027895,0.836899,0.546643,0.127879,-0.940631,-0.163045,0.297638,-0.595028,0.000000,0.000000,0.000000,1.000000,0.05271593886786724,151.63974590599508
1782352666.925094,0.338223,-0.522499,0.782661,0.390648,0.027895,0.836899,0.546643,0.127879,-0.940631,-0.163045,0.297638,-0.595028,0.000000,0.000000,0.000000,1.000000,0.05271593886786724,151.63974590599508
1782352666.960955,0.338223,-0.522499,0.782661,0.390648,0.027895,0.836899,0.546643,0.127879,-0.940631,-0.163045,0.297638,-0.595028,0.000000,0.000000,0.000000,1.000000,0.05271593886786724,151.63974590599508
1782352666.996408,0.338223,-0.522499,0.782661,0.390648,0.027895,0.836899,0.546643,0.127879,-0.940631,-0.163045,0.297638,-0.595028,0.000000,0.000000,0.000000,1.000000,0.05271593886786724,151.63974590599508
1782352667.032369,0.338223,-0.522499,0.782661,0.390648,0.027895,0.836899,0.546643,0.127879,-0.940631,-0.163045,0.297638,-0.595028,0.000000,0.000000,0.000000,1.000000,0.05271593886786724,151.63974590599508
1782352667.068267,0.338223,-0.522499,0.782661,0.390648,0.027895,0.836899,0.546643,0.127879,-0.940631,-0.163045,0.297638,-0.595028,0.000000,0.000000,0.000000,1.000000,0.05271593886786724,151.63974590599508
1782352667.103850,0.338223,-0.522499,0.782661,0.390648,0.027895,0.836899,0.546643,0.127879,-0.940631,-0.163045,0.297638,-0.595028,0.000000,0.000000,0.000000,1.000000,0.05271593886786724,151.63974590599508
1782352667.139859,0.338223,-0.522499,0.782661,0.396599,0.027895,0.836899,0.546643,0.122430,-0.940631,-0.163045,0.297638,-0.600935,0.000000,0.000000,0.000000,1.000000,0.05229234430386732,151.63974590599508
1782352667.175282,0.338223,-0.522499,0.782661,0.396599,0.027895,0.836899,0.546643,0.122430,-0.940631,-0.163045,0.297638,-0.600935,0.000000,0.000000,0.000000,1.000000,0.05229234430386732,151.63974590599508
1782352667.210346,0.338223,-0.522499,0.782661,0.396599,0.027895,0.836899,0.546643,0.122430,-0.940631,-0.163045,0.297638,-0.600935,0.000000,0.000000,0.000000,1.000000,0.05229234430386732,151.63974590599508
1782352667.245690,0.338223,-0.522499,0.782661,0.396599,0.027895,0.836899,0.546643,0.122430,-0.940631,-0.163045,0.297638,-0.600935,0.000000,0.000000,0.000000,1.000000,0.05229234430386732,151.63974590599508
1782352667.281658,0.338223,-0.522499,0.782661,0.396599,0.027895,0.836899,0.546643,0.122430,-0.940631,-0.163045,0.297638,-0.600935,0.000000,0.000000,0.000000,1.000000,0.05229234430386732,151.63974590599508
1782352667.317589,0.338223,-0.522499,0.782661,0.396599,0.027895,0.836899,0.546643,0.122430,-0.940631,-0.163045,0.297638,-0.600935,0.000000,0.000000,0.000000,1.000000,0.05229234430386732,151.63974590599508
1782352667.353583,0.338223,-0.522499,0.782661,0.396599,0.027895,0.836899,0.546643,0.122430,-0.940631,-0.163045,0.297638,-0.600935,0.000000,0.000000,0.000000,1.000000,0.05229234430386732,151.63974590599508
1782352667.389726,0.338223,-0.522499,0.782661,0.396599,0.027895,0.836899,0.546643,0.122430,-0.940631,-0.163045,0.297638,-0.600935,0.000000,0.000000,0.000000,1.000000,0.05229234430386732,151.63974590599508
1782352667.425215,0.338223,-0.522499,0.782661,0.396599,0.027895,0.836899,0.546643,0.122430,-0.940631,-0.163045,0.297638,-0.600935,0.000000,0.000000,0.000000,1.000000,0.05229234430386732,151.63974590599508
1782352667.461143,0.338223,-0.522499,0.782661,0.402551,0.027895,0.836899,0.546643,0.116982,-0.940631,-0.163045,0.297638,-0.606842,0.000000,0.000000,0.000000,1.000000,0.05375876601878699,151.63974590599508
1782352667.496637,0.338223,-0.522499,0.782661,0.402551,0.027895,0.836899,0.546643,0.116982,-0.940631,-0.163045,0.297638,-0.606842,0.000000,0.000000,0.000000,1.000000,0.05375876601878699,151.63974590599508
1782352667.532461,0.338223,-0.522499,0.782661,0.402551,0.027895,0.836899,0.546643,0.116982,-0.940631,-0.163045,0.297638,-0.606842,0.000000,0.000000,0.000000,1.000000,0.05375876601878699,151.63974590599508
1782352667.568424,0.338223,-0.522499,0.782661,0.402551,0.027895,0.836899,0.546643,0.116982,-0.940631,-0.163045,0.297638,-0.606842,0.000000,0.000000,0.000000,1.000000,0.05375876601878699,151.63974590599508
1782352667.604697,0.338223,-0.522499,0.782661,0.402551,0.027895,0.836899,0.546643,0.116982,-0.940631,-0.163045,0.297638,-0.606842,0.000000,0.000000,0.000000,1.000000,0.05375876601878699,151.63974590599508
1782352667.640882,0.338223,-0.522499,0.782661,0.402551,0.027895,0.836899,0.546643,0.116982,-0.940631,-0.163045,0.297638,-0.606842,0.000000,0.000000,0.000000,1.000000,0.05375876601878699,151.63974590599508
1782352667.676491,0.338223,-0.522499,0.782661,0.402551,0.027895,0.836899,0.546643,0.116982,-0.940631,-0.163045,0.297638,-0.606842,0.000000,0.000000,0.000000,1.000000,0.05375876601878699,151.63974590599508
1782352667.711996,0.338223,-0.522499,0.782661,0.402551,0.027895,0.836899,0.546643,0.116982,-0.940631,-0.163045,0.297638,-0.606842,0.000000,0.000000,0.000000,1.000000,0.05375876601878699,151.63974590599508
1782352667.747720,0.338223,-0.522499,0.782661,0.402551,0.027895,0.836899,0.546643,0.116982,-0.940631,-0.163045,0.297638,-0.606842,0.000000,0.000000,0.000000,1.000000,0.05375876601878699,151.63974590599508
1782352667.783573,0.338223,-0.522499,0.782661,0.402551,0.027895,0.836899,0.546643,0.116982,-0.940631,-0.163045,0.297638,-0.606842,0.000000,0.000000,0.000000,1.000000,0.05375876601878699,151.63974590599508
1782352667.819338,0.338223,-0.522499,0.782661,0.402551,0.027895,0.836899,0.546643,0.116982,-0.940631,-0.163045,0.297638,-0.606842,0.000000,0.000000,0.000000,1.000000,0.05375876601878699,151.63974590599508
1782352667.855339,0.338223,-0.522499,0.782661,0.402551,0.027895,0.836899,0.546643,0.116982,-0.940631,-0.163045,0.297638,-0.606842,0.000000,0.000000,0.000000,1.000000,0.05375876601878699,151.63974590599508
1782352667.891386,0.338223,-0.522499,0.782661,0.402551,0.027895,0.836899,0.546643,0.116982,-0.940631,-0.163045,0.297638,-0.606842,0.000000,0.000000,0.000000,1.000000,0.05375876601878699,151.63974590599508
1782352667.926912,0.338223,-0.522499,0.782661,0.408502,0.027895,0.836899,0.546643,0.111533,-0.940631,-0.163045,0.297638,-0.612749,0.000000,0.000000,0.000000,1.000000,0.05696944061447475,151.63974590599508
1782352667.962729,0.338223,-0.522499,0.782661,0.408502,0.027895,0.836899,0.546643,0.111533,-0.940631,-0.163045,0.297638,-0.612749,0.000000,0.000000,0.000000,1.000000,0.05696944061447475,151.63974590599508
1782352667.998662,0.338223,-0.522499,0.782661,0.408502,0.027895,0.836899,0.546643,0.111533,-0.940631,-0.163045,0.297638,-0.612749,0.000000,0.000000,0.000000,1.000000,0.05696944061447475,151.63974590599508
1782352668.034696,0.338223,-0.522499,0.782661,0.408502,0.027895,0.836899,0.546643,0.111533,-0.940631,-0.163045,0.297638,-0.612749,0.000000,0.000000,0.000000,1.000000,0.05696944061447475,151.63974590599508
1782352668.070398,0.338223,-0.522499,0.782661,0.408502,0.027895,0.836899,0.546643,0.111533,-0.940631,-0.163045,0.297638,-0.612749,0.000000,0.000000,0.000000,1.000000,0.05696944061447475,151.63974590599508
1782352668.106246,0.338223,-0.522499,0.782661,0.408502,0.027895,0.836899,0.546643,0.111533,-0.940631,-0.163045,0.297638,-0.612749,0.000000,0.000000,0.000000,1.000000,0.05696944061447475,151.63974590599508
1782352668.142113,0.338223,-0.522499,0.782661,0.408502,0.027895,0.836899,0.546643,0.111533,-0.940631,-0.163045,0.297638,-0.612749,0.000000,0.000000,0.000000,1.000000,0.05696944061447475,151.63974590599508
1782352668.178120,0.338223,-0.522499,0.782661,0.408502,0.027895,0.836899,0.546643,0.111533,-0.940631,-0.163045,0.297638,-0.612749,0.000000,0.000000,0.000000,1.000000,0.05696944061447475,151.63974590599508
1782352668.214038,0.338223,-0.522499,0.782661,0.408502,0.027895,0.836899,0.546643,0.111533,-0.940631,-0.163045,0.297638,-0.612749,0.000000,0.000000,0.000000,1.000000,0.05696944061447475,151.63974590599508
1782352668.249164,0.338223,-0.522499,0.782661,0.414453,0.027895,0.836899,0.546643,0.106085,-0.940631,-0.163045,0.297638,-0.618656,0.000000,0.000000,0.000000,1.000000,0.061652461370042946,151.63974590599508
1782352668.285056,0.338223,-0.522499,0.782661,0.414453,0.027895,0.836899,0.546643,0.106085,-0.940631,-0.163045,0.297638,-0.618656,0.000000,0.000000,0.000000,1.000000,0.061652461370042946,151.63974590599508
1782352668.321036,0.338223,-0.522499,0.782661,0.414453,0.027895,0.836899,0.546643,0.106085,-0.940631,-0.163045,0.297638,-0.618656,0.000000,0.000000,0.000000,1.000000,0.061652461370042946,151.63974590599508
1782352668.356930,0.338223,-0.522499,0.782661,0.414453,0.027895,0.836899,0.546643,0.106085,-0.940631,-0.163045,0.297638,-0.618656,0.000000,0.000000,0.000000,1.000000,0.061652461370042946,151.63974590599508
1782352668.393037,0.338223,-0.522499,0.782661,0.414453,0.027895,0.836899,0.546643,0.106085,-0.940631,-0.163045,0.297638,-0.618656,0.000000,0.000000,0.000000,1.000000,0.061652461370042946,151.63974590599508
1782352668.429010,0.338223,-0.522499,0.782661,0.414453,0.027895,0.836899,0.546643,0.106085,-0.940631,-0.163045,0.297638,-0.618656,0.000000,0.000000,0.000000,1.000000,0.061652461370042946,151.63974590599508
1782352668.465039,0.338223,-0.522499,0.782661,0.414453,0.027895,0.836899,0.546643,0.106085,-0.940631,-0.163045,0.297638,-0.618656,0.000000,0.000000,0.000000,1.000000,0.061652461370042946,151.63974590599508
1782352668.501146,0.338223,-0.522499,0.782661,0.414453,0.027895,0.836899,0.546643,0.106085,-0.940631,-0.163045,0.297638,-0.618656,0.000000,0.000000,0.000000,1.000000,0.061652461370042946,151.63974590599508
1782352668.535874,0.338223,-0.522499,0.782661,0.420404,0.027895,0.836899,0.546643,0.100636,-0.940631,-0.163045,0.297638,-0.624563,0.000000,0.000000,0.000000,1.000000,0.06750208449402215,151.63974590599508
1782352668.571401,0.338223,-0.522499,0.782661,0.420404,0.027895,0.836899,0.546643,0.100636,-0.940631,-0.163045,0.297638,-0.624563,0.000000,0.000000,0.000000,1.000000,0.06750208449402215,151.63974590599508
1782352668.607044,0.338223,-0.522499,0.782661,0.420404,0.027895,0.836899,0.546643,0.100636,-0.940631,-0.163045,0.297638,-0.624563,0.000000,0.000000,0.000000,1.000000,0.06750208449402215,151.63974590599508
1782352668.642911,0.338223,-0.522499,0.782661,0.420404,0.027895,0.836899,0.546643,0.100636,-0.940631,-0.163045,0.297638,-0.624563,0.000000,0.000000,0.000000,1.000000,0.06750208449402215,151.63974590599508
1782352668.678677,0.338223,-0.522499,0.782661,0.420404,0.027895,0.836899,0.546643,0.100636,-0.940631,-0.163045,0.297638,-0.624563,0.000000,0.000000,0.000000,1.000000,0.06750208449402215,151.63974590599508
1782352668.714725,0.338223,-0.522499,0.782661,0.420404,0.027895,0.836899,0.546643,0.100636,-0.940631,-0.163045,0.297638,-0.624563,0.000000,0.000000,0.000000,1.000000,0.06750208449402215,151.63974590599508
1782352668.750782,0.338223,-0.522499,0.782661,0.420404,0.027895,0.836899,0.546643,0.100636,-0.940631,-0.163045,0.297638,-0.624563,0.000000,0.000000,0.000000,1.000000,0.06750208449402215,151.63974590599508
1782352668.786334,0.338223,-0.522499,0.782661,0.420404,0.027895,0.836899,0.546643,0.100636,-0.940631,-0.163045,0.297638,-0.624563,0.000000,0.000000,0.000000,1.000000,0.06750208449402215,151.63974590599508
1782352668.821915,0.338223,-0.522499,0.782661,0.420404,0.027895,0.836899,0.546643,0.100636,-0.940631,-0.163045,0.297638,-0.624563,0.000000,0.000000,0.000000,1.000000,0.06750208449402215,151.63974590599508
1782352668.857781,0.338223,-0.522499,0.782661,0.420404,0.027895,0.836899,0.546643,0.100636,-0.940631,-0.163045,0.297638,-0.624563,0.000000,0.000000,0.000000,1.000000,0.06750208449402215,151.63974590599508
1782352668.893753,0.338223,-0.522499,0.782661,0.420404,0.027895,0.836899,0.546643,0.100636,-0.940631,-0.163045,0.297638,-0.624563,0.000000,0.000000,0.000000,1.000000,0.06750208449402215,151.63974590599508
1782352668.929897,0.338223,-0.522499,0.782661,0.420404,0.027895,0.836899,0.546643,0.100636,-0.940631,-0.163045,0.297638,-0.624563,0.000000,0.000000,0.000000,1.000000,0.06750208449402215,151.63974590599508
1782352668.965798,0.338223,-0.522499,0.782661,0.420404,0.027895,0.836899,0.546643,0.100636,-0.940631,-0.163045,0.297638,-0.624563,0.000000,0.000000,0.000000,1.000000,0.06750208449402215,151.63974590599508
1782352669.001867,0.338223,-0.522499,0.782661,0.420404,0.027895,0.836899,0.546643,0.100636,-0.940631,-0.163045,0.297638,-0.624563,0.000000,0.000000,0.000000,1.000000,0.06750208449402215,151.63974590599508
1782352669.037942,0.338223,-0.522499,0.782661,0.420404,0.027895,0.836899,0.546643,0.100636,-0.940631,-0.163045,0.297638,-0.624563,0.000000,0.000000,0.000000,1.000000,0.06750208449402215,151.63974590599508
1782352669.073671,0.338223,-0.522499,0.782661,0.420404,0.027895,0.836899,0.546643,0.100636,-0.940631,-0.163045,0.297638,-0.624563,0.000000,0.000000,0.000000,1.000000,0.06750208449402215,151.63974590599508
1782352669.109619,0.338223,-0.522499,0.782661,0.420404,0.027895,0.836899,0.546643,0.100636,-0.940631,-0.163045,0.297638,-0.624563,0.000000,0.000000,0.000000,1.000000,0.06750208449402215,151.63974590599508
1782352669.145426,0.338223,-0.522499,0.782661,0.420404,0.027895,0.836899,0.546643,0.100636,-0.940631,-0.163045,0.297638,-0.624563,0.000000,0.000000,0.000000,1.000000,0.06750208449402215,151.63974590599508
1782352669.181119,0.338223,-0.522499,0.782661,0.420404,0.027895,0.836899,0.546643,0.100636,-0.940631,-0.163045,0.297638,-0.624563,0.000000,0.000000,0.000000,1.000000,0.06750208449402215,151.63974590599508
1782352669.217850,0.338223,-0.522499,0.782661,0.420404,0.027895,0.836899,0.546643,0.100636,-0.940631,-0.163045,0.297638,-0.624563,0.000000,0.000000,0.000000,1.000000,0.06750208449402215,151.63974590599508
1782352669.252939,0.338223,-0.522499,0.782661,0.420404,0.027895,0.836899,0.546643,0.100636,-0.940631,-0.163045,0.297638,-0.624563,0.000000,0.000000,0.000000,1.000000,0.06750208449402215,151.63974590599508
1782352669.287641,0.338223,-0.522499,0.782661,0.420404,0.027895,0.836899,0.546643,0.100636,-0.940631,-0.163045,0.297638,-0.624563,0.000000,0.000000,0.000000,1.000000,0.06750208449402215,151.63974590599508
1782352669.323482,0.348709,-0.498725,0.793494,0.421138,0.036031,0.853168,0.520386,0.101205,-0.936516,-0.152863,0.315481,-0.624275,0.000000,0.000000,0.000000,1.000000,0.06680814625669984,150.20184404800335
1782352669.359598,0.348709,-0.498725,0.793494,0.421138,0.036031,0.853168,0.520386,0.101205,-0.936516,-0.152863,0.315481,-0.624275,0.000000,0.000000,0.000000,1.000000,0.06680814625669984,150.20184404800335
1782352669.395594,0.348709,-0.498725,0.793494,0.421138,0.036031,0.853168,0.520386,0.101205,-0.936516,-0.152863,0.315481,-0.624275,0.000000,0.000000,0.000000,1.000000,0.06680814625669984,150.20184404800335
1782352669.431801,0.348709,-0.498725,0.793494,0.421138,0.036031,0.853168,0.520386,0.101205,-0.936516,-0.152863,0.315481,-0.624275,0.000000,0.000000,0.000000,1.000000,0.06680814625669984,150.20184404800335
1782352669.467762,0.348709,-0.498725,0.793494,0.421138,0.036031,0.853168,0.520386,0.101205,-0.936516,-0.152863,0.315481,-0.624275,0.000000,0.000000,0.000000,1.000000,0.06680814625669984,150.20184404800335
1782352669.503413,0.348709,-0.498725,0.793494,0.421138,0.036031,0.853168,0.520386,0.101205,-0.936516,-0.152863,0.315481,-0.624275,0.000000,0.000000,0.000000,1.000000,0.06680814625669984,150.20184404800335
1782352669.538687,0.348709,-0.498725,0.793494,0.421138,0.036031,0.853168,0.520386,0.101205,-0.936516,-0.152863,0.315481,-0.624275,0.000000,0.000000,0.000000,1.000000,0.06680814625669984,150.20184404800335
1782352669.574809,0.348709,-0.498725,0.793494,0.421138,0.036031,0.853168,0.520386,0.101205,-0.936516,-0.152863,0.315481,-0.624275,0.000000,0.000000,0.000000,1.000000,0.06680814625669984,150.20184404800335
1782352669.610818,0.348709,-0.498725,0.793494,0.421138,0.036031,0.853168,0.520386,0.101205,-0.936516,-0.152863,0.315481,-0.624275,0.000000,0.000000,0.000000,1.000000,0.06680814625669984,150.20184404800335
1782352669.646739,0.333889,-0.506945,0.794659,0.420101,0.064246,0.853340,0.517376,0.103180,-0.940398,-0.121683,0.317494,-0.624547,0.000000,0.000000,0.000000,1.000000,0.06628798915483648,148.79086018841252
1782352669.683116,0.333889,-0.506945,0.794659,0.420101,0.064246,0.853340,0.517376,0.103180,-0.940398,-0.121683,0.317494,-0.624547,0.000000,0.000000,0.000000,1.000000,0.06628798915483648,148.79086018841252
1782352669.718889,0.333889,-0.506945,0.794659,0.420101,0.064246,0.853340,0.517376,0.103180,-0.940398,-0.121683,0.317494,-0.624547,0.000000,0.000000,0.000000,1.000000,0.06628798915483648,148.79086018841252
1782352669.754674,0.333889,-0.506945,0.794659,0.420101,0.064246,0.853340,0.517376,0.103180,-0.940398,-0.121683,0.317494,-0.624547,0.000000,0.000000,0.000000,1.000000,0.06628798915483648,148.79086018841252
1782352669.790339,0.333889,-0.506945,0.794659,0.420101,0.064246,0.853340,0.517376,0.103180,-0.940398,-0.121683,0.317494,-0.624547,0.000000,0.000000,0.000000,1.000000,0.06628798915483648,148.79086018841252
1782352669.826340,0.333889,-0.506945,0.794659,0.420101,0.064246,0.853340,0.517376,0.103180,-0.940398,-0.121683,0.317494,-0.624547,0.000000,0.000000,0.000000,1.000000,0.06628798915483648,148.79086018841252
1782352669.862193,0.333889,-0.506945,0.794659,0.420101,0.064246,0.853340,0.517376,0.103180,-0.940398,-0.121683,0.317494,-0.624547,0.000000,0.000000,0.000000,1.000000,0.06628798915483648,148.79086018841252
1782352669.898137,0.333889,-0.506945,0.794659,0.420101,0.064246,0.853340,0.517376,0.103180,-0.940398,-0.121683,0.317494,-0.624547,0.000000,0.000000,0.000000,1.000000,0.06628798915483648,148.79086018841252
1782352669.934049,0.333889,-0.506945,0.794659,0.420101,0.064246,0.853340,0.517376,0.103180,-0.940398,-0.121683,0.317494,-0.624547,0.000000,0.000000,0.000000,1.000000,0.06628798915483648,148.79086018841252
1782352669.969638,0.333889,-0.506945,0.794659,0.420101,0.064246,0.853340,0.517376,0.103180,-0.940398,-0.121683,0.317494,-0.624547,0.000000,0.000000,0.000000,1.000000,0.06628798915483648,148.79086018841252
1782352670.005534,0.333889,-0.506945,0.794659,0.420101,0.064246,0.853340,0.517376,0.103180,-0.940398,-0.121683,0.317494,-0.624547,0.000000,0.000000,0.000000,1.000000,0.06628798915483648,148.79086018841252
1782352670.041488,0.333889,-0.506945,0.794659,0.420101,0.064246,0.853340,0.517376,0.103180,-0.940398,-0.121683,0.317494,-0.624547,0.000000,0.000000,0.000000,1.000000,0.06628798915483648,148.79086018841252
1782352670.077456,0.333889,-0.506945,0.794659,0.420101,0.064246,0.853340,0.517376,0.103180,-0.940398,-0.121683,0.317494,-0.624547,0.000000,0.000000,0.000000,1.000000,0.06628798915483648,148.79086018841252
1782352670.113316,0.333889,-0.506945,0.794659,0.420101,0.064246,0.853340,0.517376,0.103180,-0.940398,-0.121683,0.317494,-0.624547,0.000000,0.000000,0.000000,1.000000,0.06628798915483648,148.79086018841252
1782352670.149227,0.333889,-0.506945,0.794659,0.420101,0.064246,0.853340,0.517376,0.103180,-0.940398,-0.121683,0.317494,-0.624547,0.000000,0.000000,0.000000,1.000000,0.06628798915483648,148.79086018841252
1782352670.184827,0.333889,-0.506945,0.794659,0.420101,0.064246,0.853340,0.517376,0.103180,-0.940398,-0.121683,0.317494,-0.624547,0.000000,0.000000,0.000000,1.000000,0.06628798915483648,148.79086018841252
1782352670.220419,0.333889,-0.506945,0.794659,0.420101,0.064246,0.853340,0.517376,0.103180,-0.940398,-0.121683,0.317494,-0.624547,0.000000,0.000000,0.000000,1.000000,0.06628798915483648,148.79086018841252
1782352670.256400,0.333889,-0.506945,0.794659,0.420101,0.064246,0.853340,0.517376,0.103180,-0.940398,-0.121683,0.317494,-0.624547,0.000000,0.000000,0.000000,1.000000,0.06628798915483648,148.79086018841252
1782352670.292489,0.333889,-0.506945,0.794659,0.420101,0.064246,0.853340,0.517376,0.103180,-0.940398,-0.121683,0.317494,-0.624547,0.000000,0.000000,0.000000,1.000000,0.06628798915483648,148.79086018841252
1782352670.328427,0.333889,-0.506945,0.794659,0.420101,0.064246,0.853340,0.517376,0.103180,-0.940398,-0.121683,0.317494,-0.624547,0.000000,0.000000,0.000000,1.000000,0.06628798915483648,148.79086018841252
1782352670.364670,0.333889,-0.506945,0.794659,0.420101,0.064246,0.853340,0.517376,0.103180,-0.940398,-0.121683,0.317494,-0.624547,0.000000,0.000000,0.000000,1.000000,0.06628798915483648,148.79086018841252
1782352670.401165,0.333889,-0.506945,0.794659,0.420101,0.064246,0.853340,0.517376,0.103180,-0.940398,-0.121683,0.317494,-0.624547,0.000000,0.000000,0.000000,1.000000,0.06628798915483648,148.79086018841252
1782352670.436716,0.333889,-0.506945,0.794659,0.420101,0.064246,0.853340,0.517376,0.103180,-0.940398,-0.121683,0.317494,-0.624547,0.000000,0.000000,0.000000,1.000000,0.06628798915483648,148.79086018841252
1782352670.472517,0.333889,-0.506945,0.794659,0.420101,0.064246,0.853340,0.517376,0.103180,-0.940398,-0.121683,0.317494,-0.624547,0.000000,0.000000,0.000000,1.000000,0.06628798915483648,148.79086018841252
1782352670.507418,0.333889,-0.506945,0.794659,0.420101,0.064246,0.853340,0.517376,0.103180,-0.940398,-0.121683,0.317494,-0.624547,0.000000,0.000000,0.000000,1.000000,0.06628798915483648,148.79086018841252
1782352670.543578,0.333889,-0.506945,0.794659,0.420101,0.064246,0.853340,0.517376,0.103180,-0.940398,-0.121683,0.317494,-0.624547,0.000000,0.000000,0.000000,1.000000,0.06628798915483648,148.79086018841252
1782352670.579643,0.333889,-0.506945,0.794659,0.420101,0.064246,0.853340,0.517376,0.103180,-0.940398,-0.121683,0.317494,-0.624547,0.000000,0.000000,0.000000,1.000000,0.06628798915483648,148.79086018841252
1782352670.615852,0.333889,-0.506945,0.794659,0.420101,0.064246,0.853340,0.517376,0.103180,-0.940398,-0.121683,0.317494,-0.624547,0.000000,0.000000,0.000000,1.000000,0.06628798915483648,148.79086018841252
1782352670.651636,0.333889,-0.506945,0.794659,0.420101,0.064246,0.853340,0.517376,0.103180,-0.940398,-0.121683,0.317494,-0.624547,0.000000,0.000000,0.000000,1.000000,0.06628798915483648,148.79086018841252
1782352670.687360,0.333889,-0.506945,0.794659,0.420101,0.064246,0.853340,0.517376,0.103180,-0.940398,-0.121683,0.317494,-0.624547,0.000000,0.000000,0.000000,1.000000,0.06628798915483648,148.79086018841252
1782352670.723410,0.333889,-0.506945,0.794659,0.420101,0.064246,0.853340,0.517376,0.103180,-0.940398,-0.121683,0.317494,-0.624547,0.000000,0.000000,0.000000,1.000000,0.06628798915483648,148.79086018841252
1782352670.759444,0.333889,-0.506945,0.794659,0.420101,0.064246,0.853340,0.517376,0.103180,-0.940398,-0.121683,0.317494,-0.624547,0.000000,0.000000,0.000000,1.000000,0.06628798915483648,148.79086018841252
1782352670.795512,0.333889,-0.506945,0.794659,0.420101,0.064246,0.853340,0.517376,0.103180,-0.940398,-0.121683,0.317494,-0.624547,0.000000,0.000000,0.000000,1.000000,0.06628798915483648,148.79086018841252
1782352670.831349,0.333889,-0.506945,0.794659,0.420101,0.064246,0.853340,0.517376,0.103180,-0.940398,-0.121683,0.317494,-0.624547,0.000000,0.000000,0.000000,1.000000,0.06628798915483648,148.79086018841252
1782352670.866755,0.333889,-0.506945,0.794659,0.420101,0.064246,0.853340,0.517376,0.103180,-0.940398,-0.121683,0.317494,-0.624547,0.000000,0.000000,0.000000,1.000000,0.06628798915483648,148.79086018841252
1782352670.902552,0.353251,-0.492268,0.795515,0.421456,0.033408,0.856456,0.515133,0.101022,-0.934910,-0.155386,0.318994,-0.624163,0.000000,0.000000,0.000000,1.000000,0.06674008603628914,150.1102527737035
1782352670.938195,0.353251,-0.492268,0.795515,0.421456,0.033408,0.856456,0.515133,0.101022,-0.934910,-0.155386,0.318994,-0.624163,0.000000,0.000000,0.000000,1.000000,0.06674008603628914,150.1102527737035
1782352670.973744,0.353251,-0.492268,0.795515,0.421456,0.033408,0.856456,0.515133,0.101022,-0.934910,-0.155386,0.318994,-0.624163,0.000000,0.000000,0.000000,1.000000,0.06674008603628914,150.1102527737035
1782352671.009330,0.353251,-0.492268,0.795515,0.421456,0.033408,0.856456,0.515133,0.101022,-0.934910,-0.155386,0.318994,-0.624163,0.000000,0.000000,0.000000,1.000000,0.06674008603628914,150.1102527737035
1782352671.044559,0.353251,-0.492268,0.795515,0.421456,0.033408,0.856456,0.515133,0.101022,-0.934910,-0.155386,0.318994,-0.624163,0.000000,0.000000,0.000000,1.000000,0.06674008603628914,150.1102527737035
1782352671.080543,0.353251,-0.492268,0.795515,0.421456,0.033408,0.856456,0.515133,0.101022,-0.934910,-0.155386,0.318994,-0.624163,0.000000,0.000000,0.000000,1.000000,0.06674008603628914,150.1102527737035
1782352671.116630,0.353251,-0.492268,0.795515,0.421456,0.033408,0.856456,0.515133,0.101022,-0.934910,-0.155386,0.318994,-0.624163,0.000000,0.000000,0.000000,1.000000,0.06674008603628914,150.1102527737035
1782352671.152338,0.353251,-0.492268,0.795515,0.421456,0.033408,0.856456,0.515133,0.101022,-0.934910,-0.155386,0.318994,-0.624163,0.000000,0.000000,0.000000,1.000000,0.06674008603628914,150.1102527737035
1782352671.188006,0.353251,-0.492268,0.795515,0.421456,0.033408,0.856456,0.515133,0.101022,-0.934910,-0.155386,0.318994,-0.624163,0.000000,0.000000,0.000000,1.000000,0.06674008603628914,150.1102527737035
1782352671.223722,0.353251,-0.492268,0.795515,0.421456,0.033408,0.856456,0.515133,0.101022,-0.934910,-0.155386,0.318994,-0.624163,0.000000,0.000000,0.000000,1.000000,0.06674008603628914,150.1102527737035
1782352671.261464,0.353251,-0.492268,0.795515,0.421456,0.033408,0.856456,0.515133,0.101022,-0.934910,-0.155386,0.318994,-0.624163,0.000000,0.000000,0.000000,1.000000,0.06674008603628914,150.1102527737035
1782352671.296274,0.366265,-0.464517,0.806245,0.422367,0.039764,0.873501,0.485191,0.101467,-0.929638,-0.145640,0.338408,-0.623794,0.000000,0.000000,0.000000,1.000000,0.06601501006554325,148.61666248011284
1782352671.331803,0.366265,-0.464517,0.806245,0.422367,0.039764,0.873501,0.485191,0.101467,-0.929638,-0.145640,0.338408,-0.623794,0.000000,0.000000,0.000000,1.000000,0.06601501006554325,148.61666248011284
1782352671.367392,0.366265,-0.464517,0.806245,0.422367,0.039764,0.873501,0.485191,0.101467,-0.929638,-0.145640,0.338408,-0.623794,0.000000,0.000000,0.000000,1.000000,0.06601501006554325,148.61666248011284
1782352671.403100,0.366265,-0.464517,0.806245,0.422367,0.039764,0.873501,0.485191,0.101467,-0.929638,-0.145640,0.338408,-0.623794,0.000000,0.000000,0.000000,1.000000,0.06601501006554325,148.61666248011284
1782352671.438674,0.366265,-0.464517,0.806245,0.422367,0.039764,0.873501,0.485191,0.101467,-0.929638,-0.145640,0.338408,-0.623794,0.000000,0.000000,0.000000,1.000000,0.06601501006554325,148.61666248011284
1782352671.474382,0.366265,-0.464517,0.806245,0.422367,0.039764,0.873501,0.485191,0.101467,-0.929638,-0.145640,0.338408,-0.623794,0.000000,0.000000,0.000000,1.000000,0.06601501006554325,148.61666248011284
1782352671.510552,0.366265,-0.464517,0.806245,0.422367,0.039764,0.873501,0.485191,0.101467,-0.929638,-0.145640,0.338408,-0.623794,0.000000,0.000000,0.000000,1.000000,0.06601501006554325,148.61666248011284
1782352671.546443,0.382664,-0.450766,0.806434,0.423515,0.009032,0.874678,0.484615,0.099316,-0.923822,-0.178151,0.338783,-0.623387,0.000000,0.000000,0.000000,1.000000,0.06658989410407684,149.97533700315023
1782352671.582262,0.382664,-0.450766,0.806434,0.423515,0.009032,0.874678,0.484615,0.099316,-0.923822,-0.178151,0.338783,-0.623387,0.000000,0.000000,0.000000,1.000000,0.06658989410407684,149.97533700315023
1782352671.618495,0.382664,-0.450766,0.806434,0.423515,0.009032,0.874678,0.484615,0.099316,-0.923822,-0.178151,0.338783,-0.623387,0.000000,0.000000,0.000000,1.000000,0.06658989410407684,149.97533700315023
1782352671.654161,0.382664,-0.450766,0.806434,0.423515,0.009032,0.874678,0.484615,0.099316,-0.923822,-0.178151,0.338783,-0.623387,0.000000,0.000000,0.000000,1.000000,0.06658989410407684,149.97533700315023
1782352671.689773,0.382664,-0.450766,0.806434,0.423515,0.009032,0.874678,0.484615,0.099316,-0.923822,-0.178151,0.338783,-0.623387,0.000000,0.000000,0.000000,1.000000,0.06658989410407684,149.97533700315023
1782352671.725609,0.398543,-0.436446,0.806621,0.424627,-0.021730,0.874770,0.484046,0.097162,-0.916871,-0.210432,0.339153,-0.622900,0.000000,0.000000,0.000000,1.000000,0.06719393531600072,151.3393396434588
1782352671.761473,0.398543,-0.436446,0.806621,0.424627,-0.021730,0.874770,0.484046,0.097162,-0.916871,-0.210432,0.339153,-0.622900,0.000000,0.000000,0.000000,1.000000,0.06719393531600072,151.3393396434588
1782352671.797182,0.398543,-0.436446,0.806621,0.424627,-0.021730,0.874770,0.484046,0.097162,-0.916871,-0.210432,0.339153,-0.622900,0.000000,0.000000,0.000000,1.000000,0.06719393531600072,151.3393396434588
1782352671.833091,0.398543,-0.436446,0.806621,0.424627,-0.021730,0.874770,0.484046,0.097162,-0.916871,-0.210432,0.339153,-0.622900,0.000000,0.000000,0.000000,1.000000,0.06719393531600072,151.3393396434588
1782352671.868587,0.398543,-0.436446,0.806621,0.424627,-0.021730,0.874770,0.484046,0.097162,-0.916871,-0.210432,0.339153,-0.622900,0.000000,0.000000,0.000000,1.000000,0.06719393531600072,151.3393396434588
1782352671.904495,0.398543,-0.436446,0.806621,0.424627,-0.021730,0.874770,0.484046,0.097162,-0.916871,-0.210432,0.339153,-0.622900,0.000000,0.000000,0.000000,1.000000,0.06719393531600072,151.3393396434588
1782352671.940503,0.398543,-0.436446,0.806621,0.424627,-0.021730,0.874770,0.484046,0.097162,-0.916871,-0.210432,0.339153,-0.622900,0.000000,0.000000,0.000000,1.000000,0.06719393531600072,151.3393396434588
1782352671.976245,0.398543,-0.436446,0.806621,0.424627,-0.021730,0.874770,0.484046,0.097162,-0.916871,-0.210432,0.339153,-0.622900,0.000000,0.000000,0.000000,1.000000,0.06719393531600072,151.3393396434588
1782352672.012159,0.398543,-0.436446,0.806621,0.424627,-0.021730,0.874770,0.484046,0.097162,-0.916871,-0.210432,0.339153,-0.622900,0.000000,0.000000,0.000000,1.000000,0.06719393531600072,151.3393396434588
1782352672.048077,0.408702,-0.409185,0.815775,0.425338,-0.016301,0.890444,0.454795,0.097542,-0.912501,-0.199164,0.357260,-0.622594,0.000000,0.000000,0.000000,1.000000,0.06661713595623563,149.88246179074852
1782352672.084147,0.408702,-0.409185,0.815775,0.425338,-0.016301,0.890444,0.454795,0.097542,-0.912501,-0.199164,0.357260,-0.622594,0.000000,0.000000,0.000000,1.000000,0.06661713595623563,149.88246179074852
1782352672.119787,0.408702,-0.409185,0.815775,0.425338,-0.016301,0.890444,0.454795,0.097542,-0.912501,-0.199164,0.357260,-0.622594,0.000000,0.000000,0.000000,1.000000,0.06661713595623563,149.88246179074852
1782352672.155138,0.408702,-0.409185,0.815775,0.425338,-0.016301,0.890444,0.454795,0.097542,-0.912501,-0.199164,0.357260,-0.622594,0.000000,0.000000,0.000000,1.000000,0.06661713595623563,149.88246179074852
1782352672.190755,0.408702,-0.409185,0.815775,0.425338,-0.016301,0.890444,0.454795,0.097542,-0.912501,-0.199164,0.357260,-0.622594,0.000000,0.000000,0.000000,1.000000,0.06661713595623563,149.88246179074852
1782352672.226713,0.408702,-0.409185,0.815775,0.425338,-0.016301,0.890444,0.454795,0.097542,-0.912501,-0.199164,0.357260,-0.622594,0.000000,0.000000,0.000000,1.000000,0.06661713595623563,149.88246179074852
1782352672.262609,0.408702,-0.409185,0.815775,0.425338,-0.016301,0.890444,0.454795,0.097542,-0.912501,-0.199164,0.357260,-0.622594,0.000000,0.000000,0.000000,1.000000,0.06661713595623563,149.88246179074852
1782352672.298470,0.408702,-0.409185,0.815775,0.425338,-0.016301,0.890444,0.454795,0.097542,-0.912501,-0.199164,0.357260,-0.622594,0.000000,0.000000,0.000000,1.000000,0.06661713595623563,149.88246179074852
1782352672.334397,0.408702,-0.409185,0.815775,0.425338,-0.016301,0.890444,0.454795,0.097542,-0.912501,-0.199164,0.357260,-0.622594,0.000000,0.000000,0.000000,1.000000,0.06661713595623563,149.88246179074852
1782352672.370183,0.408702,-0.409185,0.815775,0.425338,-0.016301,0.890444,0.454795,0.097542,-0.912501,-0.199164,0.357260,-0.622594,0.000000,0.000000,0.000000,1.000000,0.06661713595623563,149.88246179074852
1782352672.406133,0.408702,-0.409185,0.815775,0.425338,-0.016301,0.890444,0.454795,0.097542,-0.912501,-0.199164,0.357260,-0.622594,0.000000,0.000000,0.000000,1.000000,0.06661713595623563,149.88246179074852
1782352672.441560,0.408702,-0.409185,0.815775,0.425338,-0.016301,0.890444,0.454795,0.097542,-0.912501,-0.199164,0.357260,-0.622594,0.000000,0.000000,0.000000,1.000000,0.06661713595623563,149.88246179074852
1782352672.476999,0.408702,-0.409185,0.815775,0.425338,-0.016301,0.890444,0.454795,0.097542,-0.912501,-0.199164,0.357260,-0.622594,0.000000,0.000000,0.000000,1.000000,0.06661713595623563,149.88246179074852
1782352672.512546,0.408702,-0.409185,0.815775,0.425338,-0.016301,0.890444,0.454795,0.097542,-0.912501,-0.199164,0.357260,-0.622594,0.000000,0.000000,0.000000,1.000000,0.06661713595623563,149.88246179074852
1782352672.548377,0.418806,-0.381911,0.823835,0.426045,-0.011134,0.905029,0.425200,0.097904,-0.907986,-0.187239,0.374783,-0.622278,0.000000,0.000000,0.000000,1.000000,0.06604929694861325,148.4349350147659
1782352672.584267,0.418806,-0.381911,0.823835,0.426045,-0.011134,0.905029,0.425200,0.097904,-0.907986,-0.187239,0.374783,-0.622278,0.000000,0.000000,0.000000,1.000000,0.06604929694861325,148.4349350147659
1782352672.620007,0.428933,-0.354503,0.830844,0.426754,-0.006288,0.918582,0.395175,0.098243,-0.903293,-0.174718,0.391784,-0.621950,0.000000,0.000000,0.000000,1.000000,0.06549007691144137,146.99430516677032
1782352672.656165,0.428933,-0.354503,0.830844,0.426754,-0.006288,0.918582,0.395175,0.098243,-0.903293,-0.174718,0.391784,-0.621950,0.000000,0.000000,0.000000,1.000000,0.06549007691144137,146.99430516677032
1782352672.691716,0.439098,-0.326947,0.836813,0.427466,-0.001785,0.931114,0.364718,0.098558,-0.898415,-0.161631,0.408270,-0.621608,0.000000,0.000000,0.000000,1.000000,0.06493993653487075,145.55992165909302
1782352672.727697,0.439098,-0.326947,0.836813,0.427466,-0.001785,0.931114,0.364718,0.098558,-0.898415,-0.161631,0.408270,-0.621608,0.000000,0.000000,0.000000,1.000000,0.06493993653487075,145.55992165909302
1782352672.763801,0.439098,-0.326947,0.836813,0.427466,-0.001785,0.931114,0.364718,0.098558,-0.898415,-0.161631,0.408270,-0.621608,0.000000,0.000000,0.000000,1.000000,0.06493993653487075,145.55992165909302
1782352672.799452,0.449304,-0.299253,0.841743,0.428180,0.002362,0.942622,0.333847,0.098849,-0.893353,-0.148001,0.424234,-0.621254,0.000000,0.000000,0.000000,1.000000,0.06439956960388657,144.1316364031012
1782352672.835563,0.449304,-0.299253,0.841743,0.428180,0.002362,0.942622,0.333847,0.098849,-0.893353,-0.148001,0.424234,-0.621254,0.000000,0.000000,0.000000,1.000000,0.06439956960388657,144.1316364031012
1782352672.871740,0.459546,-0.271443,0.845632,0.428897,0.006143,0.953098,0.302591,0.099113,-0.888110,-0.133849,0.439662,-0.620887,0.000000,0.000000,0.000000,1.000000,0.06386976678390671,142.70950025085392
1782352672.907039,0.459546,-0.271443,0.845632,0.428897,0.006143,0.953098,0.302591,0.099113,-0.888110,-0.133849,0.439662,-0.620887,0.000000,0.000000,0.000000,1.000000,0.06386976678390671,142.70950025085392
1782352672.942533,0.469814,-0.243544,0.848480,0.429616,0.009553,0.962535,0.270982,0.099352,-0.882691,-0.119196,0.454541,-0.620508,0.000000,0.000000,0.000000,1.000000,0.06335136787611628,141.2936612938637
1782352672.978403,0.469814,-0.243544,0.848480,0.429616,0.009553,0.962535,0.270982,0.099352,-0.882691,-0.119196,0.454541,-0.620508,0.000000,0.000000,0.000000,1.000000,0.06335136787611628,141.2936612938637
1782352673.014157,0.469814,-0.243544,0.848480,0.429616,0.009553,0.962535,0.270982,0.099352,-0.882691,-0.119196,0.454541,-0.620508,0.000000,0.000000,0.000000,1.000000,0.06335136787611628,141.2936612938637
1782352673.049728,0.480100,-0.215585,0.850285,0.430336,0.012585,0.970922,0.239056,0.099564,-0.877101,-0.104060,0.468855,-0.620116,0.000000,0.000000,0.000000,1.000000,0.06284524045810438,139.88432295064877
1782352673.085902,0.480100,-0.215585,0.850285,0.430336,0.012585,0.970922,0.239056,0.099564,-0.877101,-0.104060,0.468855,-0.620116,0.000000,0.000000,0.000000,1.000000,0.06284524045810438,139.88432295064877
1782352673.121511,0.490393,-0.187596,0.851046,0.431056,0.015235,0.978252,0.206848,0.099750,-0.871345,-0.088461,0.482588,-0.619713,0.000000,0.000000,0.000000,1.000000,0.06235226827859735,138.48172420341538
1782352673.156916,0.490393,-0.187596,0.851046,0.431056,0.015235,0.978252,0.206848,0.099750,-0.871345,-0.088461,0.482588,-0.619713,0.000000,0.000000,0.000000,1.000000,0.06235226827859735,138.48172420341538
1782352673.192483,0.500682,-0.159611,0.850764,0.431777,0.017498,0.984518,0.174396,0.099908,-0.865431,-0.072420,0.495724,-0.619299,0.000000,0.000000,0.000000,1.000000,0.061873343771234636,137.0861293732752
1782352673.228386,0.500682,-0.159611,0.850764,0.431777,0.017498,0.984518,0.174396,0.099908,-0.865431,-0.072420,0.495724,-0.619299,0.000000,0.000000,0.000000,1.000000,0.061873343771234636,137.0861293732752
1782352673.264487,0.500682,-0.159611,0.850764,0.431777,0.017498,0.984518,0.174396,0.099908,-0.865431,-0.072420,0.495724,-0.619299,0.000000,0.000000,0.000000,1.000000,0.061873343771234636,137.0861293732752
1782352673.300414,0.510955,-0.131660,0.849440,0.432496,0.019373,0.989712,0.141739,0.100039,-0.859366,-0.055956,0.508250,-0.618875,0.000000,0.000000,0.000000,1.000000,0.061409362449122026,135.69782247822744
1782352673.336916,0.510955,-0.131660,0.849440,0.432496,0.019373,0.989712,0.141739,0.100039,-0.859366,-0.055956,0.508250,-0.618875,0.000000,0.000000,0.000000,1.000000,0.061409362449122026,135.69782247822744
1782352673.372937,0.521201,-0.103778,0.847076,0.433213,0.020856,0.993830,0.108915,0.100143,-0.853156,-0.039090,0.520150,-0.618440,0.000000,0.000000,0.000000,1.000000,0.06096121818350401,134.31710398494033
1782352673.408771,0.521201,-0.103778,0.847076,0.433213,0.020856,0.993830,0.108915,0.100143,-0.853156,-0.039090,0.520150,-0.618440,0.000000,0.000000,0.000000,1.000000,0.06096121818350401,134.31710398494033
1782352673.443987,0.531407,-0.075997,0.843676,0.433927,0.021944,0.996867,0.075964,0.100219,-0.846808,-0.021844,0.531410,-0.617996,0.000000,0.000000,0.000000,1.000000,0.06052979888471726,132.94428889647887
1782352673.479790,0.531407,-0.075997,0.843676,0.433927,0.021944,0.996867,0.075964,0.100219,-0.846808,-0.021844,0.531410,-0.617996,0.000000,0.000000,0.000000,1.000000,0.06052979888471726,132.94428889647887
1782352673.515367,0.541563,-0.048349,0.839244,0.434638,0.022637,0.998820,0.042925,0.100268,-0.840332,-0.004238,0.542018,-0.617543,0.000000,0.000000,0.000000,1.000000,0.06011598233984151,131.57970562669848
1782352673.551008,0.541563,-0.048349,0.839244,0.434638,0.022637,0.998820,0.042925,0.100268,-0.840332,-0.004238,0.542018,-0.617543,0.000000,0.000000,0.000000,1.000000,0.06011598233984151,131.57970562669848
1782352673.587513,0.541563,-0.048349,0.839244,0.434638,0.022637,0.998820,0.042925,0.100268,-0.840332,-0.004238,0.542018,-0.617543,0.000000,0.000000,0.000000,1.000000,0.06011598233984151,131.57970562669848
1782352673.622348,0.551655,-0.020869,0.833786,0.435345,0.022934,0.999686,0.009838,0.100289,-0.833733,0.013706,0.551960,-0.617081,0.000000,0.000000,0.000000,1.000000,0.059720632079845536,130.22369535874296
1782352673.658311,0.551655,-0.020869,0.833786,0.435345,0.022934,0.999686,0.009838,0.100289,-0.833733,0.013706,0.551960,-0.617081,0.000000,0.000000,0.000000,1.000000,0.059720632079845536,130.22369535874296
1782352673.694019,0.561672,0.006411,0.827309,0.436046,0.022834,0.999466,-0.023257,0.100282,-0.827020,0.031964,0.561226,-0.616611,0.000000,0.000000,0.000000,1.000000,0.05934459321342729,128.87661171243386
1782352673.730048,0.561672,0.006411,0.827309,0.436046,0.022834,0.999466,-0.023257,0.100282,-0.827020,0.031964,0.561226,-0.616611,0.000000,0.000000,0.000000,1.000000,0.05934459321342729,128.87661171243386
1782352673.765685,0.571603,0.033458,0.819822,0.436741,0.022337,0.998161,-0.056321,0.100247,-0.820202,0.050516,0.569803,-0.616133,0.000000,0.000000,0.000000,1.000000,0.058988688202740835,127.53882061455761
1782352673.801470,0.571603,0.033458,0.819822,0.436741,0.022337,0.998161,-0.056321,0.100247,-0.820202,0.050516,0.569803,-0.616133,0.000000,0.000000,0.000000,1.000000,0.058988688202740835,127.53882061455761
1782352673.837282,0.571603,0.033458,0.819822,0.436741,0.022337,0.998161,-0.056321,0.100247,-0.820202,0.050516,0.569803,-0.616133,0.000000,0.000000,0.000000,1.000000,0.058988688202740835,127.53882061455761
1782352673.873066,0.581434,0.060240,0.811334,0.437429,0.021444,0.995771,-0.089312,0.100184,-0.813286,0.069337,0.577682,-0.615649,0.000000,0.000000,0.000000,1.000000,0.05865371258050263,126.2107003053359
1782352673.909256,0.581434,0.060240,0.811334,0.437429,0.021444,0.995771,-0.089312,0.100184,-0.813286,0.069337,0.577682,-0.615649,0.000000,0.000000,0.000000,1.000000,0.05865371258050263,126.2107003053359
1782352673.945109,0.591155,0.086724,0.801856,0.438110,0.020155,0.992300,-0.122191,0.100094,-0.806281,0.088405,0.584854,-0.615159,0.000000,0.000000,0.000000,1.000000,0.0583404306247158,124.89264143748393
1782352673.980959,0.591155,0.086724,0.801856,0.438110,0.020155,0.992300,-0.122191,0.100094,-0.806281,0.088405,0.584854,-0.615159,0.000000,0.000000,0.000000,1.000000,0.0583404306247158,124.89264143748393
1782352674.016872,0.591155,0.086724,0.801856,0.438110,0.020155,0.992300,-0.122191,0.100094,-0.806281,0.088405,0.584854,-0.615159,0.000000,0.000000,0.000000,1.000000,0.0583404306247158,124.89264143748393
1782352674.052812,0.600754,0.112878,0.791398,0.438782,0.018473,0.987752,-0.154918,0.099976,-0.799196,0.107697,0.591309,-0.614663,0.000000,0.000000,0.000000,1.000000,0.05804957101951854,123.58504723827991
1782352674.089353,0.600754,0.112878,0.791398,0.438782,0.018473,0.987752,-0.154918,0.099976,-0.799196,0.107697,0.591309,-0.614663,0.000000,0.000000,0.000000,1.000000,0.05804957101951854,123.58504723827991
1782352674.125158,0.610219,0.138671,0.779975,0.439444,0.016399,0.982134,-0.187453,0.099831,-0.792038,0.127188,0.597041,-0.614162,0.000000,0.000000,0.000000,1.000000,0.05778182254000507,122.28833371377978
1782352674.161025,0.610219,0.138671,0.779975,0.439444,0.016399,0.982134,-0.187453,0.099831,-0.792038,0.127188,0.597041,-0.614162,0.000000,0.000000,0.000000,1.000000,0.05778182254000507,122.28833371377978
1782352674.196792,0.619539,0.164071,0.767600,0.440096,0.013936,0.975453,-0.219758,0.099659,-0.784817,0.146856,0.602042,-0.613656,0.000000,0.000000,0.000000,1.000000,0.057537829806042745,121.0029298798189
1782352674.232715,0.619539,0.164071,0.767600,0.440096,0.013936,0.975453,-0.219758,0.099659,-0.784817,0.146856,0.602042,-0.613656,0.000000,0.000000,0.000000,1.000000,0.057537829806042745,121.0029298798189
1782352674.268811,0.619539,0.164071,0.767600,0.440096,0.013936,0.975453,-0.219758,0.099659,-0.784817,0.146856,0.602042,-0.613656,0.000000,0.000000,0.000000,1.000000,0.057537829806042745,121.0029298798189
1782352674.304730,0.628702,0.189048,0.754289,0.440738,0.011086,0.967716,-0.251792,0.099459,-0.777542,0.166674,0.606306,-0.613147,0.000000,0.000000,0.000000,1.000000,0.05731818915546137,119.72927800796259
1782352674.340836,0.628702,0.189048,0.754289,0.440738,0.011086,0.967716,-0.251792,0.099459,-0.777542,0.166674,0.606306,-0.613147,0.000000,0.000000,0.000000,1.000000,0.05731818915546137,119.72927800796259
1782352674.376424,0.637698,0.213572,0.740058,0.441368,0.007854,0.958933,-0.283516,0.099233,-0.770221,0.186620,0.609829,-0.612635,0.000000,0.000000,0.000000,1.000000,0.05712344469065215,118.46783387681978
1782352674.412247,0.637698,0.213572,0.740058,0.441368,0.007854,0.958933,-0.283516,0.099233,-0.770221,0.186620,0.609829,-0.612635,0.000000,0.000000,0.000000,1.000000,0.05712344469065215,118.46783387681978
1782352674.448001,0.646516,0.237612,0.724925,0.441985,0.004244,0.949115,-0.314893,0.098980,-0.762863,0.206669,0.612607,-0.612120,0.000000,0.000000,0.000000,1.000000,0.05695408455458585,117.21906702055279
1782352674.483261,0.646516,0.237612,0.724925,0.441985,0.004244,0.949115,-0.314893,0.098980,-0.762863,0.206669,0.612607,-0.612120,0.000000,0.000000,0.000000,1.000000,0.05695408455458585,117.21906702055279
1782352674.519146,0.655145,0.261140,0.708907,0.442589,0.000259,0.938275,-0.345883,0.098701,-0.755477,0.226797,0.614635,-0.611603,0.000000,0.000000,0.000000,1.000000,0.0568105374925262,115.98346096728258
1782352674.555297,0.655145,0.261140,0.708907,0.442589,0.000259,0.938275,-0.345883,0.098701,-0.755477,0.226797,0.614635,-0.611603,0.000000,0.000000,0.000000,1.000000,0.0568105374925262,115.98346096728258
1782352674.590986,0.655145,0.261140,0.708907,0.442589,0.000259,0.938275,-0.345883,0.098701,-0.755477,0.226797,0.614635,-0.611603,0.000000,0.000000,0.000000,1.000000,0.0568105374925262,115.98346096728258
1782352674.626832,0.663574,0.284127,0.692025,0.443179,-0.004096,0.926425,-0.376450,0.098397,-0.748073,0.246978,0.615912,-0.611084,0.000000,0.000000,0.000000,1.000000,0.05669316975423808,114.76151346057135
1782352674.662945,0.663574,0.284127,0.692025,0.443179,-0.004096,0.926425,-0.376450,0.098397,-0.748073,0.246978,0.615912,-0.611084,0.000000,0.000000,0.000000,1.000000,0.05669316975423808,114.76151346057135
1782352674.698989,0.671794,0.306545,0.674300,0.443754,-0.008815,0.913581,-0.406556,0.098066,-0.740659,0.267188,0.616436,-0.610565,0.000000,0.000000,0.000000,1.000000,0.05660228238828627,113.55373665738213
1782352674.735191,0.671794,0.306545,0.674300,0.443754,-0.008815,0.913581,-0.406556,0.098066,-0.740659,0.267188,0.616436,-0.610565,0.000000,0.000000,0.000000,1.000000,0.05660228238828627,113.55373665738213
1782352674.770547,0.671794,0.306545,0.674300,0.443754,-0.008815,0.913581,-0.406556,0.098066,-0.740659,0.267188,0.616436,-0.610565,0.000000,0.000000,0.000000,1.000000,0.05660228238828627,113.55373665738213
1782352674.806279,0.679794,0.328367,0.655753,0.444314,-0.013892,0.899757,-0.436164,0.097711,-0.733244,0.287402,0.616207,-0.610046,0.000000,0.000000,0.000000,1.000000,0.05653810897512981,112.36065729594533
1782352674.842555,0.679794,0.328367,0.655753,0.444314,-0.013892,0.899757,-0.436164,0.097711,-0.733244,0.287402,0.616207,-0.610046,0.000000,0.000000,0.000000,1.000000,0.05653810897512981,112.36065729594533
1782352674.878495,0.687566,0.349567,0.636407,0.444858,-0.019321,0.884972,-0.465239,0.097331,-0.725838,0.307596,0.615226,-0.609528,0.000000,0.000000,0.000000,1.000000,0.05650081383926813,111.18281682685836
1782352674.914658,0.687566,0.349567,0.636407,0.444858,-0.019321,0.884972,-0.465239,0.097331,-0.725838,0.307596,0.615226,-0.609528,0.000000,0.000000,0.000000,1.000000,0.05650081383926813,111.18281682685836
1782352674.950604,0.695099,0.370119,0.616285,0.445386,-0.025095,0.869242,-0.493745,0.096927,-0.718449,0.327744,0.613492,-0.609011,0.000000,0.000000,0.000000,1.000000,0.05649049077285946,110.02077150054721
1782352674.986556,0.695099,0.370119,0.616285,0.445386,-0.025095,0.869242,-0.493745,0.096927,-0.718449,0.327744,0.613492,-0.609011,0.000000,0.000000,0.000000,1.000000,0.05649049077285946,110.02077150054721
1782352675.021534,0.702384,0.389998,0.595413,0.445896,-0.031208,0.852588,-0.521647,0.096499,-0.711087,0.347823,0.611010,-0.608495,0.000000,0.000000,0.000000,1.000000,0.05650716229425465,108.87509240395701
1782352675.057630,0.702384,0.389998,0.595413,0.445896,-0.031208,0.852588,-0.521647,0.096499,-0.711087,0.347823,0.611010,-0.608495,0.000000,0.000000,0.000000,1.000000,0.05650716229425465,108.87509240395701
1782352675.093124,0.702384,0.389998,0.595413,0.445896,-0.031208,0.852588,-0.521647,0.096499,-0.711087,0.347823,0.611010,-0.608495,0.000000,0.000000,0.000000,1.000000,0.05650716229425465,108.87509240395701
1782352675.128972,0.709412,0.409179,0.573816,0.446388,-0.037652,0.835029,-0.548912,0.096048,-0.703760,0.367808,0.607781,-0.607982,0.000000,0.000000,0.000000,1.000000,0.056550779455073114,107.746365439038
1782352675.164959,0.709412,0.409179,0.573816,0.446388,-0.037652,0.835029,-0.548912,0.096048,-0.703760,0.367808,0.607781,-0.607982,0.000000,0.000000,0.000000,1.000000,0.056550779455073114,107.746365439038
1782352675.200812,0.716176,0.427641,0.551519,0.446861,-0.044419,0.816588,-0.575506,0.095574,-0.696477,0.387674,0.603811,-0.607473,0.000000,0.000000,0.000000,1.000000,0.05662122219912468,106.63519123527409
1782352675.236885,0.716176,0.427641,0.551519,0.446861,-0.044419,0.816588,-0.575506,0.095574,-0.696477,0.387674,0.603811,-0.607473,0.000000,0.000000,0.000000,1.000000,0.05662122219912468,106.63519123527409
1782352675.272802,0.716176,0.427641,0.551519,0.446861,-0.044419,0.816588,-0.575506,0.095574,-0.696477,0.387674,0.603811,-0.607473,0.000000,0.000000,0.000000,1.000000,0.05662122219912468,106.63519123527409
1782352675.308594,0.722667,0.445359,0.528551,0.447315,-0.051501,0.797286,-0.601397,0.095078,-0.689248,0.407397,0.599103,-0.606967,0.000000,0.000000,0.000000,1.000000,0.056718300266021204,105.54218498818358
1782352675.344431,0.722667,0.445359,0.528551,0.447315,-0.051501,0.797286,-0.601397,0.095078,-0.689248,0.407397,0.599103,-0.606967,0.000000,0.000000,0.000000,1.000000,0.056718300266021204,105.54218498818358
1782352675.380083,0.728876,0.462313,0.504939,0.447750,-0.058889,0.777148,-0.626553,0.094561,-0.682080,0.426952,0.593664,-0.606465,0.000000,0.000000,0.000000,1.000000,0.056841754622095904,104.46797621542437
1782352675.416133,0.728876,0.462313,0.504939,0.447750,-0.058889,0.777148,-0.626553,0.094561,-0.682080,0.426952,0.593664,-0.606465,0.000000,0.000000,0.000000,1.000000,0.056841754622095904,104.46797621542437
1782352675.452028,0.734797,0.478483,0.480713,0.448165,-0.066574,0.756197,-0.650945,0.094023,-0.674984,0.446317,0.587500,-0.605968,0.000000,0.000000,0.000000,1.000000,0.05699125939160796,103.41320842187844
1782352675.487895,0.734797,0.478483,0.480713,0.448165,-0.066574,0.756197,-0.650945,0.094023,-0.674984,0.446317,0.587500,-0.605968,0.000000,0.000000,0.000000,1.000000,0.05699125939160796,103.41320842187844
1782352675.523371,0.734797,0.478483,0.480713,0.448165,-0.066574,0.756197,-0.650945,0.094023,-0.674984,0.446317,0.587500,-0.605968,0.000000,0.000000,0.000000,1.000000,0.05699125939160796,103.41320842187844
1782352675.558908,0.740422,0.493848,0.455902,0.448558,-0.074547,0.734461,-0.674541,0.093465,-0.667967,0.465467,0.580620,-0.605477,0.000000,0.000000,0.000000,1.000000,0.05716642425248269,102.37853866489218
1782352675.594920,0.740422,0.493848,0.455902,0.448558,-0.074547,0.734461,-0.674541,0.093465,-0.667967,0.465467,0.580620,-0.605477,0.000000,0.000000,0.000000,1.000000,0.05716642425248269,102.37853866489218
1782352675.631026,0.745745,0.508391,0.430535,0.448931,-0.082797,0.711964,-0.697314,0.092887,-0.661038,0.484379,0.573031,-0.604992,0.000000,0.000000,0.000000,1.000000,0.05736679725329592,101.36463701073292
1782352675.666640,0.745745,0.508391,0.430535,0.448931,-0.082797,0.711964,-0.697314,0.092887,-0.661038,0.484379,0.573031,-0.604992,0.000000,0.000000,0.000000,1.000000,0.05736679725329592,101.36463701073292
1782352675.702552,0.750759,0.522092,0.404645,0.449282,-0.091316,0.688735,-0.719236,0.092291,-0.654206,0.503030,0.564743,-0.604514,0.000000,0.000000,0.000000,1.000000,0.05759186800206618,100.37218587330678
1782352675.738254,0.750759,0.522092,0.404645,0.449282,-0.091316,0.688735,-0.719236,0.092291,-0.654206,0.503030,0.564743,-0.604514,0.000000,0.000000,0.000000,1.000000,0.05759186800206618,100.37218587330678
1782352675.773401,0.750759,0.522092,0.404645,0.449282,-0.091316,0.688735,-0.719236,0.092291,-0.654206,0.503030,0.564743,-0.604514,0.000000,0.000000,0.000000,1.000000,0.05759186800206618,100.37218587330678
1782352675.809418,0.750759,0.522092,0.404645,0.449282,-0.091316,0.688735,-0.719236,0.092291,-0.654206,0.503030,0.564743,-0.604514,0.000000,0.000000,0.000000,1.000000,0.05759186800206618,100.37218587330678
1782352675.845369,0.750759,0.522092,0.404645,0.449282,-0.091316,0.688735,-0.719236,0.092291,-0.654206,0.503030,0.564743,-0.604514,0.000000,0.000000,0.000000,1.000000,0.05759186800206618,100.37218587330678
1782352675.881390,0.750759,0.522092,0.404645,0.449282,-0.091316,0.688735,-0.719236,0.092291,-0.654206,0.503030,0.564743,-0.604514,0.000000,0.000000,0.000000,1.000000,0.05759186800206618,100.37218587330678
1782352675.917344,0.750759,0.522092,0.404645,0.449282,-0.091316,0.688735,-0.719236,0.092291,-0.654206,0.503030,0.564743,-0.604514,0.000000,0.000000,0.000000,1.000000,0.05759186800206618,100.37218587330678
1782352675.953113,0.750759,0.522092,0.404645,0.449282,-0.091316,0.688735,-0.719236,0.092291,-0.654206,0.503030,0.564743,-0.604514,0.000000,0.000000,0.000000,1.000000,0.05759186800206618,100.37218587330678
1782352675.988456,0.745728,0.508422,0.430527,0.448930,-0.082797,0.711932,-0.697347,0.092888,-0.661057,0.484393,0.572997,-0.604993,0.000000,0.000000,0.000000,1.000000,0.057367329923664834,101.36318916442987
1782352676.024247,0.745728,0.508422,0.430527,0.448930,-0.082797,0.711932,-0.697347,0.092888,-0.661057,0.484393,0.572997,-0.604993,0.000000,0.000000,0.000000,1.000000,0.057367329923664834,101.36318916442987
1782352676.060031,0.745728,0.508422,0.430527,0.448930,-0.082797,0.711932,-0.697347,0.092888,-0.661057,0.484393,0.572997,-0.604993,0.000000,0.000000,0.000000,1.000000,0.057367329923664834,101.36318916442987
1782352676.095687,0.745728,0.508422,0.430527,0.448930,-0.082797,0.711932,-0.697347,0.092888,-0.661057,0.484393,0.572997,-0.604993,0.000000,0.000000,0.000000,1.000000,0.057367329923664834,101.36318916442987
1782352676.131553,0.745728,0.508422,0.430527,0.448930,-0.082797,0.711932,-0.697347,0.092888,-0.661057,0.484393,0.572997,-0.604993,0.000000,0.000000,0.000000,1.000000,0.057367329923664834,101.36318916442987
1782352676.167384,0.745728,0.508422,0.430527,0.448930,-0.082797,0.711932,-0.697347,0.092888,-0.661057,0.484393,0.572997,-0.604993,0.000000,0.000000,0.000000,1.000000,0.057367329923664834,101.36318916442987
1782352676.203113,0.745728,0.508422,0.430527,0.448930,-0.082797,0.711932,-0.697347,0.092888,-0.661057,0.484393,0.572997,-0.604993,0.000000,0.000000,0.000000,1.000000,0.057367329923664834,101.36318916442987
1782352676.239193,0.745728,0.508422,0.430527,0.448930,-0.082797,0.711932,-0.697347,0.092888,-0.661057,0.484393,0.572997,-0.604993,0.000000,0.000000,0.000000,1.000000,0.057367329923664834,101.36318916442987
1782352676.275323,0.745728,0.508422,0.430527,0.448930,-0.082797,0.711932,-0.697347,0.092888,-0.661057,0.484393,0.572997,-0.604993,0.000000,0.000000,0.000000,1.000000,0.057367329923664834,101.36318916442987
1782352676.311197,0.745728,0.508422,0.430527,0.448930,-0.082797,0.711932,-0.697347,0.092888,-0.661057,0.484393,0.572997,-0.604993,0.000000,0.000000,0.000000,1.000000,0.057367329923664834,101.36318916442987
1782352676.347190,0.745728,0.508422,0.430527,0.448930,-0.082797,0.711932,-0.697347,0.092888,-0.661057,0.484393,0.572997,-0.604993,0.000000,0.000000,0.000000,1.000000,0.057367329923664834,101.36318916442987
1782352676.383358,0.745728,0.508422,0.430527,0.448930,-0.082797,0.711932,-0.697347,0.092888,-0.661057,0.484393,0.572997,-0.604993,0.000000,0.000000,0.000000,1.000000,0.057367329923664834,101.36318916442987
1782352676.419312,0.745728,0.508422,0.430527,0.448930,-0.082797,0.711932,-0.697347,0.092888,-0.661057,0.484393,0.572997,-0.604993,0.000000,0.000000,0.000000,1.000000,0.057367329923664834,101.36318916442987
1782352676.454910,0.745728,0.508422,0.430527,0.448930,-0.082797,0.711932,-0.697347,0.092888,-0.661057,0.484393,0.572997,-0.604993,0.000000,0.000000,0.000000,1.000000,0.057367329923664834,101.36318916442987
1782352676.490182,0.740390,0.493913,0.455884,0.448556,-0.074547,0.734398,-0.674610,0.093465,-0.668003,0.465497,0.580554,-0.605480,0.000000,0.000000,0.000000,1.000000,0.05716752150540175,102.37555598071694
1782352676.526026,0.740390,0.493913,0.455884,0.448556,-0.074547,0.734398,-0.674610,0.093465,-0.668003,0.465497,0.580554,-0.605480,0.000000,0.000000,0.000000,1.000000,0.05716752150540175,102.37555598071694
1782352676.561910,0.740390,0.493913,0.455884,0.448556,-0.074547,0.734398,-0.674610,0.093465,-0.668003,0.465497,0.580554,-0.605480,0.000000,0.000000,0.000000,1.000000,0.05716752150540175,102.37555598071694
1782352676.597974,0.740390,0.493913,0.455884,0.448556,-0.074547,0.734398,-0.674610,0.093465,-0.668003,0.465497,0.580554,-0.605480,0.000000,0.000000,0.000000,1.000000,0.05716752150540175,102.37555598071694
1782352676.634042,0.740390,0.493913,0.455884,0.448556,-0.074547,0.734398,-0.674610,0.093465,-0.668003,0.465497,0.580554,-0.605480,0.000000,0.000000,0.000000,1.000000,0.05716752150540175,102.37555598071694
1782352676.669933,0.740390,0.493913,0.455884,0.448556,-0.074547,0.734398,-0.674610,0.093465,-0.668003,0.465497,0.580554,-0.605480,0.000000,0.000000,0.000000,1.000000,0.05716752150540175,102.37555598071694
1782352676.706099,0.740390,0.493913,0.455884,0.448556,-0.074547,0.734398,-0.674610,0.093465,-0.668003,0.465497,0.580554,-0.605480,0.000000,0.000000,0.000000,1.000000,0.05716752150540175,102.37555598071694
1782352676.741723,0.740390,0.493913,0.455884,0.448556,-0.074547,0.734398,-0.674610,0.093465,-0.668003,0.465497,0.580554,-0.605480,0.000000,0.000000,0.000000,1.000000,0.05716752150540175,102.37555598071694
1782352676.777638,0.740390,0.493913,0.455884,0.448556,-0.074547,0.734398,-0.674610,0.093465,-0.668003,0.465497,0.580554,-0.605480,0.000000,0.000000,0.000000,1.000000,0.05716752150540175,102.37555598071694
1782352676.813455,0.757169,0.467790,0.455878,0.449731,-0.048872,0.736535,-0.674628,0.095262,-0.651359,0.488535,0.580538,-0.604314,0.000000,0.000000,0.000000,1.000000,0.055390959064499944,101.08663477906906
1782352676.849160,0.757169,0.467790,0.455878,0.449731,-0.048872,0.736535,-0.674628,0.095262,-0.651359,0.488535,0.580538,-0.604314,0.000000,0.000000,0.000000,1.000000,0.055390959064499944,101.08663477906906
1782352676.885124,0.757169,0.467790,0.455878,0.449731,-0.048872,0.736535,-0.674628,0.095262,-0.651359,0.488535,0.580538,-0.604314,0.000000,0.000000,0.000000,1.000000,0.055390959064499944,101.08663477906906
1782352676.920930,0.757169,0.467790,0.455878,0.449731,-0.048872,0.736535,-0.674628,0.095262,-0.651359,0.488535,0.580538,-0.604314,0.000000,0.000000,0.000000,1.000000,0.055390959064499944,101.08663477906906
1782352676.956681,0.757169,0.467790,0.455878,0.449731,-0.048872,0.736535,-0.674628,0.095262,-0.651359,0.488535,0.580538,-0.604314,0.000000,0.000000,0.000000,1.000000,0.055390959064499944,101.08663477906906
1782352676.992604,0.757169,0.467790,0.455878,0.449731,-0.048872,0.736535,-0.674628,0.095262,-0.651359,0.488535,0.580538,-0.604314,0.000000,0.000000,0.000000,1.000000,0.055390959064499944,101.08663477906906
1782352677.028355,0.757169,0.467790,0.455878,0.449731,-0.048872,0.736535,-0.674628,0.095262,-0.651359,0.488535,0.580538,-0.604314,0.000000,0.000000,0.000000,1.000000,0.055390959064499944,101.08663477906906
1782352677.064290,0.757169,0.467790,0.455878,0.449731,-0.048872,0.736535,-0.674628,0.095262,-0.651359,0.488535,0.580538,-0.604314,0.000000,0.000000,0.000000,1.000000,0.055390959064499944,101.08663477906906
1782352677.100183,0.757169,0.467790,0.455878,0.449731,-0.048872,0.736535,-0.674628,0.095262,-0.651359,0.488535,0.580538,-0.604314,0.000000,0.000000,0.000000,1.000000,0.055390959064499944,101.08663477906906
1782352677.136150,0.757169,0.467790,0.455878,0.449731,-0.048872,0.736535,-0.674628,0.095262,-0.651359,0.488535,0.580538,-0.604314,0.000000,0.000000,0.000000,1.000000,0.055390959064499944,101.08663477906906
1782352677.171456,0.773027,0.441098,0.455873,0.450841,-0.023140,0.737776,-0.674646,0.097063,-0.633920,0.510979,0.580521,-0.603094,0.000000,0.000000,0.000000,1.000000,0.05360999204594447,99.81465867187957
1782352677.207422,0.773027,0.441098,0.455873,0.450841,-0.023140,0.737776,-0.674646,0.097063,-0.633920,0.510979,0.580521,-0.603094,0.000000,0.000000,0.000000,1.000000,0.05360999204594447,99.81465867187957
1782352677.242557,0.773027,0.441098,0.455873,0.450841,-0.023140,0.737776,-0.674646,0.097063,-0.633920,0.510979,0.580521,-0.603094,0.000000,0.000000,0.000000,1.000000,0.05360999204594447,99.81465867187957
1782352677.278445,0.773027,0.441098,0.455873,0.450841,-0.023140,0.737776,-0.674646,0.097063,-0.633920,0.510979,0.580521,-0.603094,0.000000,0.000000,0.000000,1.000000,0.05360999204594447,99.81465867187957
1782352677.314532,0.773027,0.441098,0.455873,0.450841,-0.023140,0.737776,-0.674646,0.097063,-0.633920,0.510979,0.580521,-0.603094,0.000000,0.000000,0.000000,1.000000,0.05360999204594447,99.81465867187957
1782352677.350543,0.773027,0.441098,0.455873,0.450841,-0.023140,0.737776,-0.674646,0.097063,-0.633920,0.510979,0.580521,-0.603094,0.000000,0.000000,0.000000,1.000000,0.05360999204594447,99.81465867187957
1782352677.386538,0.773027,0.441098,0.455873,0.450841,-0.023140,0.737776,-0.674646,0.097063,-0.633920,0.510979,0.580521,-0.603094,0.000000,0.000000,0.000000,1.000000,0.05360999204594447,99.81465867187957
1782352677.423020,0.773027,0.441098,0.455873,0.450841,-0.023140,0.737776,-0.674646,0.097063,-0.633920,0.510979,0.580521,-0.603094,0.000000,0.000000,0.000000,1.000000,0.05360999204594447,99.81465867187957
1782352677.458775,0.773027,0.441098,0.455873,0.450841,-0.023140,0.737776,-0.674646,0.097063,-0.633920,0.510979,0.580521,-0.603094,0.000000,0.000000,0.000000,1.000000,0.05360999204594447,99.81465867187957
1782352677.494389,0.773027,0.441098,0.455873,0.450841,-0.023140,0.737776,-0.674646,0.097063,-0.633920,0.510979,0.580521,-0.603094,0.000000,0.000000,0.000000,1.000000,0.05360999204594447,99.81465867187957
1782352677.530194,0.773027,0.441098,0.455873,0.450841,-0.023140,0.737776,-0.674646,0.097063,-0.633920,0.510979,0.580521,-0.603094,0.000000,0.000000,0.000000,1.000000,0.05360999204594447,99.81465867187957
1782352677.565794,0.773027,0.441098,0.455873,0.450841,-0.023140,0.737776,-0.674646,0.097063,-0.633920,0.510979,0.580521,-0.603094,0.000000,0.000000,0.000000,1.000000,0.05360999204594447,99.81465867187957
1782352677.601749,0.787944,0.413868,0.455867,0.451885,0.002620,0.738118,-0.674663,0.098867,-0.615709,0.532800,0.580505,-0.601819,0.000000,0.000000,0.000000,1.000000,0.05182644753478602,98.56033844999577
1782352677.637986,0.787944,0.413868,0.455867,0.451885,0.002620,0.738118,-0.674663,0.098867,-0.615709,0.532800,0.580505,-0.601819,0.000000,0.000000,0.000000,1.000000,0.05182644753478602,98.56033844999577
1782352677.673631,0.787944,0.413868,0.455867,0.451885,0.002620,0.738118,-0.674663,0.098867,-0.615709,0.532800,0.580505,-0.601819,0.000000,0.000000,0.000000,1.000000,0.05182644753478602,98.56033844999577
1782352677.709662,0.787944,0.413868,0.455867,0.451885,0.002620,0.738118,-0.674663,0.098867,-0.615709,0.532800,0.580505,-0.601819,0.000000,0.000000,0.000000,1.000000,0.05182644753478602,98.56033844999577
1782352677.745366,0.787944,0.413868,0.455867,0.451885,0.002620,0.738118,-0.674663,0.098867,-0.615709,0.532800,0.580505,-0.601819,0.000000,0.000000,0.000000,1.000000,0.05182644753478602,98.56033844999577
1782352677.781280,0.787944,0.413868,0.455867,0.451885,0.002620,0.738118,-0.674663,0.098867,-0.615709,0.532800,0.580505,-0.601819,0.000000,0.000000,0.000000,1.000000,0.05182644753478602,98.56033844999577
1782352677.816434,0.801903,0.386135,0.455861,0.452862,0.028376,0.737560,-0.674681,0.100670,-0.596747,0.553972,0.580488,-0.600492,0.000000,0.000000,0.000000,1.000000,0.05004233845786039,97.32441021842236
1782352677.853018,0.801903,0.386135,0.455861,0.452862,0.028376,0.737560,-0.674681,0.100670,-0.596747,0.553972,0.580488,-0.600492,0.000000,0.000000,0.000000,1.000000,0.05004233845786039,97.32441021842236
1782352677.888944,0.801903,0.386135,0.455861,0.452862,0.028376,0.737560,-0.674681,0.100670,-0.596747,0.553972,0.580488,-0.600492,0.000000,0.000000,0.000000,1.000000,0.05004233845786039,97.32441021842236
1782352677.924806,0.801903,0.386135,0.455861,0.452862,0.028376,0.737560,-0.674681,0.100670,-0.596747,0.553972,0.580488,-0.600492,0.000000,0.000000,0.000000,1.000000,0.05004233845786039,97.32441021842236
1782352677.960496,0.801903,0.386135,0.455861,0.452862,0.028376,0.737560,-0.674681,0.100670,-0.596747,0.553972,0.580488,-0.600492,0.000000,0.000000,0.000000,1.000000,0.05004233845786039,97.32441021842236
1782352677.996240,0.814885,0.357932,0.455856,0.453771,0.054095,0.736105,-0.674699,0.102470,-0.577057,0.574470,0.580472,-0.599113,0.000000,0.000000,0.000000,1.000000,0.04825989565040364,96.10763571306116
1782352678.032396,0.814885,0.357932,0.455856,0.453771,0.054095,0.736105,-0.674699,0.102470,-0.577057,0.574470,0.580472,-0.599113,0.000000,0.000000,0.000000,1.000000,0.04825989565040364,96.10763571306116
1782352678.068331,0.814885,0.357932,0.455856,0.453771,0.054095,0.736105,-0.674699,0.102470,-0.577057,0.574470,0.580472,-0.599113,0.000000,0.000000,0.000000,1.000000,0.04825989565040364,96.10763571306116
1782352678.104552,0.814885,0.357932,0.455856,0.453771,0.054095,0.736105,-0.674699,0.102470,-0.577057,0.574470,0.580472,-0.599113,0.000000,0.000000,0.000000,1.000000,0.04825989565040364,96.10763571306116
1782352678.139869,0.814885,0.357932,0.455856,0.453771,0.054095,0.736105,-0.674699,0.102470,-0.577057,0.574470,0.580472,-0.599113,0.000000,0.000000,0.000000,1.000000,0.04825989565040364,96.10763571306116
1782352678.175623,0.814885,0.357932,0.455856,0.453771,0.054095,0.736105,-0.674699,0.102470,-0.577057,0.574470,0.580472,-0.599113,0.000000,0.000000,0.000000,1.000000,0.04825989565040364,96.10763571306116
1782352678.211466,0.826876,0.329293,0.455850,0.454610,0.079748,0.733752,-0.674717,0.104266,-0.556663,0.594269,0.580456,-0.597686,0.000000,0.000000,0.000000,1.000000,0.04648160645880914,94.91080250666036
1782352678.247550,0.826876,0.329293,0.455850,0.454610,0.079748,0.733752,-0.674717,0.104266,-0.556663,0.594269,0.580456,-0.597686,0.000000,0.000000,0.000000,1.000000,0.04648160645880914,94.91080250666036
1782352678.283553,0.826876,0.329293,0.455850,0.454610,0.079748,0.733752,-0.674717,0.104266,-0.556663,0.594269,0.580456,-0.597686,0.000000,0.000000,0.000000,1.000000,0.04648160645880914,94.91080250666036
1782352678.319456,0.826876,0.329293,0.455850,0.454610,0.079748,0.733752,-0.674717,0.104266,-0.556663,0.594269,0.580456,-0.597686,0.000000,0.000000,0.000000,1.000000,0.04648160645880914,94.91080250666036
1782352678.354747,0.826876,0.329293,0.455850,0.454610,0.079748,0.733752,-0.674717,0.104266,-0.556663,0.594269,0.580456,-0.597686,0.000000,0.000000,0.000000,1.000000,0.04648160645880914,94.91080250666036
1782352678.390228,0.837861,0.300253,0.455845,0.455379,0.105303,0.730506,-0.674735,0.106054,-0.535591,0.613344,0.580439,-0.596211,0.000000,0.000000,0.000000,1.000000,0.0447102612743458,93.73472408565218
1782352678.425857,0.837861,0.300253,0.455845,0.455379,0.105303,0.730506,-0.674735,0.106054,-0.535591,0.613344,0.580439,-0.596211,0.000000,0.000000,0.000000,1.000000,0.0447102612743458,93.73472408565218
1782352678.461735,0.837861,0.300253,0.455845,0.455379,0.105303,0.730506,-0.674735,0.106054,-0.535591,0.613344,0.580439,-0.596211,0.000000,0.000000,0.000000,1.000000,0.0447102612743458,93.73472408565218
1782352678.497721,0.837861,0.300253,0.455845,0.455379,0.105303,0.730506,-0.674735,0.106054,-0.535591,0.613344,0.580439,-0.596211,0.000000,0.000000,0.000000,1.000000,0.0447102612743458,93.73472408565218
1782352678.533641,0.837861,0.300253,0.455845,0.455379,0.105303,0.730506,-0.674735,0.106054,-0.535591,0.613344,0.580439,-0.596211,0.000000,0.000000,0.000000,1.000000,0.0447102612743458,93.73472408565218
1782352678.569397,0.837861,0.300253,0.455845,0.455379,0.105303,0.730506,-0.674735,0.106054,-0.535591,0.613344,0.580439,-0.596211,0.000000,0.000000,0.000000,1.000000,0.0447102612743458,93.73472408565218
1782352678.605049,0.847827,0.270848,0.455839,0.456077,0.130728,0.726371,-0.674753,0.107834,-0.513865,0.631673,0.580423,-0.594690,0.000000,0.000000,0.000000,1.000000,0.04294900965725213,92.58023977804463
1782352678.640875,0.847827,0.270848,0.455839,0.456077,0.130728,0.726371,-0.674753,0.107834,-0.513865,0.631673,0.580423,-0.594690,0.000000,0.000000,0.000000,1.000000,0.04294900965725213,92.58023977804463
1782352678.675944,0.847827,0.270848,0.455839,0.456077,0.130728,0.726371,-0.674753,0.107834,-0.513865,0.631673,0.580423,-0.594690,0.000000,0.000000,0.000000,1.000000,0.04294900965725213,92.58023977804463
1782352678.711195,0.847827,0.270848,0.455839,0.456077,0.130728,0.726371,-0.674753,0.107834,-0.513865,0.631673,0.580423,-0.594690,0.000000,0.000000,0.000000,1.000000,0.04294900965725213,92.58023977804463
1782352678.746815,0.847827,0.270848,0.455839,0.456077,0.130728,0.726371,-0.674753,0.107834,-0.513865,0.631673,0.580423,-0.594690,0.000000,0.000000,0.000000,1.000000,0.04294900965725213,92.58023977804463
1782352678.782425,0.847827,0.270848,0.455839,0.456077,0.130728,0.726371,-0.674753,0.107834,-0.513865,0.631673,0.580423,-0.594690,0.000000,0.000000,0.000000,1.000000,0.04294900965725213,92.58023977804463
1782352678.818324,0.856761,0.241112,0.455833,0.456702,0.155992,0.721350,-0.674771,0.109603,-0.491513,0.649232,0.580407,-0.593125,0.000000,0.000000,0.000000,1.000000,0.04120142798700892,91.44821451109415
1782352678.854418,0.856761,0.241112,0.455833,0.456702,0.155992,0.721350,-0.674771,0.109603,-0.491513,0.649232,0.580407,-0.593125,0.000000,0.000000,0.000000,1.000000,0.04120142798700892,91.44821451109415
1782352678.890475,0.856761,0.241112,0.455833,0.456702,0.155992,0.721350,-0.674771,0.109603,-0.491513,0.649232,0.580407,-0.593125,0.000000,0.000000,0.000000,1.000000,0.04120142798700892,91.44821451109415
1782352678.926882,0.856761,0.241112,0.455833,0.456702,0.155992,0.721350,-0.674771,0.109603,-0.491513,0.649232,0.580407,-0.593125,0.000000,0.000000,0.000000,1.000000,0.04120142798700892,91.44821451109415
1782352678.962611,0.856761,0.241112,0.455833,0.456702,0.155992,0.721350,-0.674771,0.109603,-0.491513,0.649232,0.580407,-0.593125,0.000000,0.000000,0.000000,1.000000,0.04120142798700892,91.44821451109415
1782352678.998384,0.856761,0.241112,0.455833,0.456702,0.155992,0.721350,-0.674771,0.109603,-0.491513,0.649232,0.580407,-0.593125,0.000000,0.000000,0.000000,1.000000,0.04120142798700892,91.44821451109415
1782352679.034299,0.864652,0.211083,0.455828,0.457254,0.181066,0.715452,-0.674789,0.111358,-0.468561,0.666001,0.580390,-0.591519,0.000000,0.000000,0.000000,1.000000,0.03947160082724911,90.33953837616765
1782352679.070327,0.864652,0.211083,0.455828,0.457254,0.181066,0.715452,-0.674789,0.111358,-0.468561,0.666001,0.580390,-0.591519,0.000000,0.000000,0.000000,1.000000,0.03947160082724911,90.33953837616765
1782352679.105557,0.864652,0.211083,0.455828,0.457254,0.181066,0.715452,-0.674789,0.111358,-0.468561,0.666001,0.580390,-0.591519,0.000000,0.000000,0.000000,1.000000,0.03947160082724911,90.33953837616765
1782352679.141504,0.864652,0.211083,0.455828,0.457254,0.181066,0.715452,-0.674789,0.111358,-0.468561,0.666001,0.580390,-0.591519,0.000000,0.000000,0.000000,1.000000,0.03947160082724911,90.33953837616765
1782352679.177128,0.864652,0.211083,0.455828,0.457254,0.181066,0.715452,-0.674789,0.111358,-0.468561,0.666001,0.580390,-0.591519,0.000000,0.000000,0.000000,1.000000,0.03947160082724911,90.33953837616765
1782352679.212918,0.871491,0.180797,0.455822,0.457733,0.205918,0.708682,-0.674806,0.113098,-0.445037,0.681958,0.580374,-0.589872,0.000000,0.000000,0.000000,1.000000,0.03776421835260317,89.25512597707828
1782352679.249024,0.871491,0.180797,0.455822,0.457733,0.205918,0.708682,-0.674806,0.113098,-0.445037,0.681958,0.580374,-0.589872,0.000000,0.000000,0.000000,1.000000,0.03776421835260317,89.25512597707828
1782352679.285089,0.871491,0.180797,0.455822,0.457733,0.205918,0.708682,-0.674806,0.113098,-0.445037,0.681958,0.580374,-0.589872,0.000000,0.000000,0.000000,1.000000,0.03776421835260317,89.25512597707828
1782352679.321353,0.871491,0.180797,0.455822,0.457733,0.205918,0.708682,-0.674806,0.113098,-0.445037,0.681958,0.580374,-0.589872,0.000000,0.000000,0.000000,1.000000,0.03776421835260317,89.25512597707828
1782352679.356999,0.871491,0.180797,0.455822,0.457733,0.205918,0.708682,-0.674806,0.113098,-0.445037,0.681958,0.580374,-0.589872,0.000000,0.000000,0.000000,1.000000,0.03776421835260317,89.25512597707828
1782352679.392482,0.871491,0.180797,0.455822,0.457733,0.205918,0.708682,-0.674806,0.113098,-0.445037,0.681958,0.580374,-0.589872,0.000000,0.000000,0.000000,1.000000,0.03776421835260317,89.25512597707828
1782352679.428167,0.877269,0.150291,0.455816,0.458138,0.230518,0.701049,-0.674824,0.114820,-0.420970,0.697085,0.580357,-0.588187,0.000000,0.000000,0.000000,1.000000,0.036084692121286274,88.19591553731833
1782352679.464415,0.877269,0.150291,0.455816,0.458138,0.230518,0.701049,-0.674824,0.114820,-0.420970,0.697085,0.580357,-0.588187,0.000000,0.000000,0.000000,1.000000,0.036084692121286274,88.19591553731833
1782352679.500483,0.877269,0.150291,0.455816,0.458138,0.230518,0.701049,-0.674824,0.114820,-0.420970,0.697085,0.580357,-0.588187,0.000000,0.000000,0.000000,1.000000,0.036084692121286274,88.19591553731833
1782352679.536166,0.877269,0.150291,0.455816,0.458138,0.230518,0.701049,-0.674824,0.114820,-0.420970,0.697085,0.580357,-0.588187,0.000000,0.000000,0.000000,1.000000,0.036084692121286274,88.19591553731833
1782352679.571708,0.877269,0.150291,0.455816,0.458138,0.230518,0.701049,-0.674824,0.114820,-0.420970,0.697085,0.580357,-0.588187,0.000000,0.000000,0.000000,1.000000,0.036084692121286274,88.19591553731833
1782352679.607585,0.877269,0.150291,0.455816,0.458138,0.230518,0.701049,-0.674824,0.114820,-0.420970,0.697085,0.580357,-0.588187,0.000000,0.000000,0.000000,1.000000,0.036084692121286274,88.19591553731833
1782352679.643283,0.881981,0.119602,0.455811,0.458467,0.254836,0.692562,-0.674842,0.116522,-0.396390,0.711363,0.580341,-0.586467,0.000000,0.000000,0.000000,1.000000,0.034439290968052046,87.16286774110698
1782352679.679222,0.881981,0.119602,0.455811,0.458467,0.254836,0.692562,-0.674842,0.116522,-0.396390,0.711363,0.580341,-0.586467,0.000000,0.000000,0.000000,1.000000,0.034439290968052046,87.16286774110698
1782352679.714876,0.881981,0.119602,0.455811,0.458467,0.254836,0.692562,-0.674842,0.116522,-0.396390,0.711363,0.580341,-0.586467,0.000000,0.000000,0.000000,1.000000,0.034439290968052046,87.16286774110698
1782352679.750535,0.881981,0.119602,0.455811,0.458467,0.254836,0.692562,-0.674842,0.116522,-0.396390,0.711363,0.580341,-0.586467,0.000000,0.000000,0.000000,1.000000,0.034439290968052046,87.16286774110698
1782352679.786313,0.881981,0.119602,0.455811,0.458467,0.254836,0.692562,-0.674842,0.116522,-0.396390,0.711363,0.580341,-0.586467,0.000000,0.000000,0.000000,1.000000,0.034439290968052046,87.16286774110698
1782352679.821667,0.881981,0.119602,0.455811,0.458467,0.254836,0.692562,-0.674842,0.116522,-0.396390,0.711363,0.580341,-0.586467,0.000000,0.000000,0.000000,1.000000,0.034439290968052046,87.16286774110698
1782352679.857012,0.885618,0.088767,0.455805,0.458722,0.278842,0.683232,-0.674860,0.118202,-0.371326,0.724775,0.580325,-0.584712,0.000000,0.000000,0.000000,1.000000,0.03283529746728697,86.15696428311055
1782352679.893029,0.885618,0.088767,0.455805,0.458722,0.278842,0.683232,-0.674860,0.118202,-0.371326,0.724775,0.580325,-0.584712,0.000000,0.000000,0.000000,1.000000,0.03283529746728697,86.15696428311055
1782352679.928825,0.885618,0.088767,0.455805,0.458722,0.278842,0.683232,-0.674860,0.118202,-0.371326,0.724775,0.580325,-0.584712,0.000000,0.000000,0.000000,1.000000,0.03283529746728697,86.15696428311055
1782352679.964686,0.885618,0.088767,0.455805,0.458722,0.278842,0.683232,-0.674860,0.118202,-0.371326,0.724775,0.580325,-0.584712,0.000000,0.000000,0.000000,1.000000,0.03283529746728697,86.15696428311055
1782352680.000590,0.885618,0.088767,0.455805,0.458722,0.278842,0.683232,-0.674860,0.118202,-0.371326,0.724775,0.580325,-0.584712,0.000000,0.000000,0.000000,1.000000,0.03283529746728697,86.15696428311055
1782352680.036631,0.885618,0.088767,0.455805,0.458722,0.278842,0.683232,-0.674860,0.118202,-0.371326,0.724775,0.580325,-0.584712,0.000000,0.000000,0.000000,1.000000,0.03283529746728697,86.15696428311055
1782352680.073112,0.885618,0.088767,0.455805,0.458722,0.278842,0.683232,-0.674860,0.118202,-0.371326,0.724775,0.580325,-0.584712,0.000000,0.000000,0.000000,1.000000,0.03283529746728697,86.15696428311055
1782352680.108138,0.888178,0.057824,0.455800,0.458901,0.302508,0.673071,-0.674878,0.119859,-0.345809,0.737304,0.580308,-0.582926,0.000000,0.000000,0.000000,1.000000,0.03128118269447989,85.17920610219045
1782352680.143850,0.888178,0.057824,0.455800,0.458901,0.302508,0.673071,-0.674878,0.119859,-0.345809,0.737304,0.580308,-0.582926,0.000000,0.000000,0.000000,1.000000,0.03128118269447989,85.17920610219045
1782352680.179769,0.888178,0.057824,0.455800,0.458901,0.302508,0.673071,-0.674878,0.119859,-0.345809,0.737304,0.580308,-0.582926,0.000000,0.000000,0.000000,1.000000,0.03128118269447989,85.17920610219045
1782352680.215618,0.888178,0.057824,0.455800,0.458901,0.302508,0.673071,-0.674878,0.119859,-0.345809,0.737304,0.580308,-0.582926,0.000000,0.000000,0.000000,1.000000,0.03128118269447989,85.17920610219045
1782352680.250685,0.888178,0.057824,0.455800,0.458901,0.302508,0.673071,-0.674878,0.119859,-0.345809,0.737304,0.580308,-0.582926,0.000000,0.000000,0.000000,1.000000,0.03128118269447989,85.17920610219045
1782352680.286447,0.888178,0.057824,0.455800,0.458901,0.302508,0.673071,-0.674878,0.119859,-0.345809,0.737304,0.580308,-0.582926,0.000000,0.000000,0.000000,1.000000,0.03128118269447989,85.17920610219045
1782352680.321706,0.888178,0.057824,0.455800,0.458901,0.302508,0.673071,-0.674878,0.119859,-0.345809,0.737304,0.580308,-0.582926,0.000000,0.000000,0.000000,1.000000,0.03128118269447989,85.17920610219045
1782352680.358093,0.888178,0.057824,0.455800,0.458901,0.302508,0.673071,-0.674878,0.119859,-0.345809,0.737304,0.580308,-0.582926,0.000000,0.000000,0.000000,1.000000,0.03128118269447989,85.17920610219045
1782352680.394053,0.889658,0.026810,0.455794,0.459005,0.325804,0.662090,-0.674896,0.121490,-0.319870,0.748935,0.580292,-0.581110,0.000000,0.000000,0.000000,1.000000,0.029786792045239537,84.23061127569326
1782352680.429807,0.889658,0.026810,0.455794,0.459005,0.325804,0.662090,-0.674896,0.121490,-0.319870,0.748935,0.580292,-0.581110,0.000000,0.000000,0.000000,1.000000,0.029786792045239537,84.23061127569326
1782352680.465628,0.889658,0.026810,0.455794,0.459005,0.325804,0.662090,-0.674896,0.121490,-0.319870,0.748935,0.580292,-0.581110,0.000000,0.000000,0.000000,1.000000,0.029786792045239537,84.23061127569326
1782352680.501748,0.889658,0.026810,0.455794,0.459005,0.325804,0.662090,-0.674896,0.121490,-0.319870,0.748935,0.580292,-0.581110,0.000000,0.000000,0.000000,1.000000,0.029786792045239537,84.23061127569326
1782352680.537632,0.889658,0.026810,0.455794,0.459005,0.325804,0.662090,-0.674896,0.121490,-0.319870,0.748935,0.580292,-0.581110,0.000000,0.000000,0.000000,1.000000,0.029786792045239537,84.23061127569326
1782352680.573711,0.889658,0.026810,0.455794,0.459005,0.325804,0.662090,-0.674896,0.121490,-0.319870,0.748935,0.580292,-0.581110,0.000000,0.000000,0.000000,1.000000,0.029786792045239537,84.23061127569326
1782352680.609862,0.890054,-0.004237,0.455788,0.459033,0.348703,0.650302,-0.674914,0.123092,-0.293540,0.759653,0.580276,-0.579267,0.000000,0.000000,0.000000,1.000000,0.02836352653647142,83.31221255273563
1782352680.645914,0.890054,-0.004237,0.455788,0.459033,0.348703,0.650302,-0.674914,0.123092,-0.293540,0.759653,0.580276,-0.579267,0.000000,0.000000,0.000000,1.000000,0.02836352653647142,83.31221255273563
1782352680.682135,0.890054,-0.004237,0.455788,0.459033,0.348703,0.650302,-0.674914,0.123092,-0.293540,0.759653,0.580276,-0.579267,0.000000,0.000000,0.000000,1.000000,0.02836352653647142,83.31221255273563
1782352680.717854,0.890054,-0.004237,0.455788,0.459033,0.348703,0.650302,-0.674914,0.123092,-0.293540,0.759653,0.580276,-0.579267,0.000000,0.000000,0.000000,1.000000,0.02836352653647142,83.31221255273563
1782352680.753565,0.890054,-0.004237,0.455788,0.459033,0.348703,0.650302,-0.674914,0.123092,-0.293540,0.759653,0.580276,-0.579267,0.000000,0.000000,0.000000,1.000000,0.02836352653647142,83.31221255273563
1782352680.789499,0.890054,-0.004237,0.455788,0.459033,0.348703,0.650302,-0.674914,0.123092,-0.293540,0.759653,0.580276,-0.579267,0.000000,0.000000,0.000000,1.000000,0.02836352653647142,83.31221255273563
1782352680.825496,0.890054,-0.004237,0.455788,0.459033,0.348703,0.650302,-0.674914,0.123092,-0.293540,0.759653,0.580276,-0.579267,0.000000,0.000000,0.000000,1.000000,0.02836352653647142,83.31221255273563
1782352680.861346,0.890054,-0.004237,0.455788,0.459033,0.348703,0.650302,-0.674914,0.123092,-0.293540,0.759653,0.580276,-0.579267,0.000000,0.000000,0.000000,1.000000,0.02836352653647142,83.31221255273563
1782352680.896938,0.890054,-0.004237,0.455788,0.459033,0.348703,0.650302,-0.674914,0.123092,-0.293540,0.759653,0.580276,-0.579267,0.000000,0.000000,0.000000,1.000000,0.02836352653647142,83.31221255273563
1782352680.933003,0.890054,-0.004237,0.455788,0.459033,0.348703,0.650302,-0.674914,0.123092,-0.293540,0.759653,0.580276,-0.579267,0.000000,0.000000,0.000000,1.000000,0.02836352653647142,83.31221255273563
1782352680.968927,0.890054,-0.004237,0.455788,0.459033,0.348703,0.650302,-0.674914,0.123092,-0.293540,0.759653,0.580276,-0.579267,0.000000,0.000000,0.000000,1.000000,0.02836352653647142,83.31221255273563
1782352681.004947,0.890054,-0.004237,0.455788,0.459033,0.348703,0.650302,-0.674914,0.123092,-0.293540,0.759653,0.580276,-0.579267,0.000000,0.000000,0.000000,1.000000,0.02836352653647142,83.31221255273563
1782352681.040066,0.889368,-0.035278,0.455783,0.458985,0.371176,0.637724,-0.674932,0.124666,-0.266852,0.769447,0.580259,-0.577399,0.000000,0.000000,0.000000,1.000000,0.027024491121977277,82.42505450776208
1782352681.075923,0.889368,-0.035278,0.455783,0.458985,0.371176,0.637724,-0.674932,0.124666,-0.266852,0.769447,0.580259,-0.577399,0.000000,0.000000,0.000000,1.000000,0.027024491121977277,82.42505450776208
1782352681.111906,0.889368,-0.035278,0.455783,0.458985,0.371176,0.637724,-0.674932,0.124666,-0.266852,0.769447,0.580259,-0.577399,0.000000,0.000000,0.000000,1.000000,0.027024491121977277,82.42505450776208
1782352681.148177,0.889368,-0.035278,0.455783,0.458985,0.371176,0.637724,-0.674932,0.124666,-0.266852,0.769447,0.580259,-0.577399,0.000000,0.000000,0.000000,1.000000,0.027024491121977277,82.42505450776208
1782352681.184233,0.889368,-0.035278,0.455783,0.458985,0.371176,0.637724,-0.674932,0.124666,-0.266852,0.769447,0.580259,-0.577399,0.000000,0.000000,0.000000,1.000000,0.027024491121977277,82.42505450776208
1782352681.220175,0.889368,-0.035278,0.455783,0.458985,0.371176,0.637724,-0.674932,0.124666,-0.266852,0.769447,0.580259,-0.577399,0.000000,0.000000,0.000000,1.000000,0.027024491121977277,82.42505450776208
1782352681.256408,0.889368,-0.035278,0.455783,0.458985,0.371176,0.637724,-0.674932,0.124666,-0.266852,0.769447,0.580259,-0.577399,0.000000,0.000000,0.000000,1.000000,0.027024491121977277,82.42505450776208
1782352681.292830,0.889368,-0.035278,0.455783,0.458985,0.371176,0.637724,-0.674932,0.124666,-0.266852,0.769447,0.580259,-0.577399,0.000000,0.000000,0.000000,1.000000,0.027024491121977277,82.42505450776208
1782352681.328429,0.887599,-0.066277,0.455777,0.458861,0.393195,0.624369,-0.674949,0.126207,-0.239838,0.778303,0.580243,-0.575508,0.000000,0.000000,0.000000,1.000000,0.025784563461588264,81.57019029946768
1782352681.364284,0.887599,-0.066277,0.455777,0.458861,0.393195,0.624369,-0.674949,0.126207,-0.239838,0.778303,0.580243,-0.575508,0.000000,0.000000,0.000000,1.000000,0.025784563461588264,81.57019029946768
1782352681.399543,0.887599,-0.066277,0.455777,0.458861,0.393195,0.624369,-0.674949,0.126207,-0.239838,0.778303,0.580243,-0.575508,0.000000,0.000000,0.000000,1.000000,0.025784563461588264,81.57019029946768
1782352681.435220,0.887599,-0.066277,0.455777,0.458861,0.393195,0.624369,-0.674949,0.126207,-0.239838,0.778303,0.580243,-0.575508,0.000000,0.000000,0.000000,1.000000,0.025784563461588264,81.57019029946768
1782352681.471128,0.887599,-0.066277,0.455777,0.458861,0.393195,0.624369,-0.674949,0.126207,-0.239838,0.778303,0.580243,-0.575508,0.000000,0.000000,0.000000,1.000000,0.025784563461588264,81.57019029946768
1782352681.507074,0.887599,-0.066277,0.455777,0.458861,0.393195,0.624369,-0.674949,0.126207,-0.239838,0.778303,0.580243,-0.575508,0.000000,0.000000,0.000000,1.000000,0.025784563461588264,81.57019029946768
1782352681.542814,0.887599,-0.066277,0.455777,0.458861,0.393195,0.624369,-0.674949,0.126207,-0.239838,0.778303,0.580243,-0.575508,0.000000,0.000000,0.000000,1.000000,0.025784563461588264,81.57019029946768
1782352681.578239,0.887599,-0.066277,0.455777,0.458861,0.393195,0.624369,-0.674949,0.126207,-0.239838,0.778303,0.580243,-0.575508,0.000000,0.000000,0.000000,1.000000,0.025784563461588264,81.57019029946768
1782352681.613673,0.887599,-0.066277,0.455777,0.458861,0.393195,0.624369,-0.674949,0.126207,-0.239838,0.778303,0.580243,-0.575508,0.000000,0.000000,0.000000,1.000000,0.025784563461588264,81.57019029946768
1782352681.649516,0.887599,-0.066277,0.455777,0.458861,0.393195,0.624369,-0.674949,0.126207,-0.239838,0.778303,0.580243,-0.575508,0.000000,0.000000,0.000000,1.000000,0.025784563461588264,81.57019029946768
1782352681.685570,0.884750,-0.097196,0.455772,0.458661,0.414735,0.610254,-0.674967,0.127715,-0.212531,0.786210,0.580226,-0.573596,0.000000,0.000000,0.000000,1.000000,0.024660314586400466,80.74867802506378
1782352681.721663,0.884750,-0.097196,0.455772,0.458661,0.414735,0.610254,-0.674967,0.127715,-0.212531,0.786210,0.580226,-0.573596,0.000000,0.000000,0.000000,1.000000,0.024660314586400466,80.74867802506378
1782352681.757686,0.884750,-0.097196,0.455772,0.458661,0.414735,0.610254,-0.674967,0.127715,-0.212531,0.786210,0.580226,-0.573596,0.000000,0.000000,0.000000,1.000000,0.024660314586400466,80.74867802506378
1782352681.793844,0.884750,-0.097196,0.455772,0.458661,0.414735,0.610254,-0.674967,0.127715,-0.212531,0.786210,0.580226,-0.573596,0.000000,0.000000,0.000000,1.000000,0.024660314586400466,80.74867802506378
1782352681.829540,0.884750,-0.097196,0.455772,0.458661,0.414735,0.610254,-0.674967,0.127715,-0.212531,0.786210,0.580226,-0.573596,0.000000,0.000000,0.000000,1.000000,0.024660314586400466,80.74867802506378
1782352681.865278,0.884750,-0.097196,0.455772,0.458661,0.414735,0.610254,-0.674967,0.127715,-0.212531,0.786210,0.580226,-0.573596,0.000000,0.000000,0.000000,1.000000,0.024660314586400466,80.74867802506378
1782352681.901223,0.884750,-0.097196,0.455772,0.458661,0.414735,0.610254,-0.674967,0.127715,-0.212531,0.786210,0.580226,-0.573596,0.000000,0.000000,0.000000,1.000000,0.024660314586400466,80.74867802506378
1782352681.936968,0.884750,-0.097196,0.455772,0.458661,0.414735,0.610254,-0.674967,0.127715,-0.212531,0.786210,0.580226,-0.573596,0.000000,0.000000,0.000000,1.000000,0.024660314586400466,80.74867802506378
1782352681.972620,0.884750,-0.097196,0.455772,0.458661,0.414735,0.610254,-0.674967,0.127715,-0.212531,0.786210,0.580226,-0.573596,0.000000,0.000000,0.000000,1.000000,0.024660314586400466,80.74867802506378
1782352682.008366,0.884750,-0.097196,0.455772,0.458661,0.414735,0.610254,-0.674967,0.127715,-0.212531,0.786210,0.580226,-0.573596,0.000000,0.000000,0.000000,1.000000,0.024660314586400466,80.74867802506378
1782352682.044329,0.884750,-0.097196,0.455772,0.458661,0.414735,0.610254,-0.674967,0.127715,-0.212531,0.786210,0.580226,-0.573596,0.000000,0.000000,0.000000,1.000000,0.024660314586400466,80.74867802506378
1782352682.079797,0.884750,-0.097196,0.455772,0.458661,0.414735,0.610254,-0.674967,0.127715,-0.212531,0.786210,0.580226,-0.573596,0.000000,0.000000,0.000000,1.000000,0.024660314586400466,80.74867802506378
1782352682.115715,0.884750,-0.097196,0.455772,0.458661,0.414735,0.610254,-0.674967,0.127715,-0.212531,0.786210,0.580226,-0.573596,0.000000,0.000000,0.000000,1.000000,0.024660314586400466,80.74867802506378
1782352682.151819,0.884750,-0.097196,0.455772,0.458661,0.414735,0.610254,-0.674967,0.127715,-0.212531,0.786210,0.580226,-0.573596,0.000000,0.000000,0.000000,1.000000,0.024660314586400466,80.74867802506378
1782352682.187957,0.884750,-0.097196,0.455772,0.458661,0.414735,0.610254,-0.674967,0.127715,-0.212531,0.786210,0.580226,-0.573596,0.000000,0.000000,0.000000,1.000000,0.024660314586400466,80.74867802506378
1782352682.223974,0.884750,-0.097196,0.455772,0.458661,0.414735,0.610254,-0.674967,0.127715,-0.212531,0.786210,0.580226,-0.573596,0.000000,0.000000,0.000000,1.000000,0.024660314586400466,80.74867802506378
1782352682.259974,0.884750,-0.097196,0.455772,0.458661,0.414735,0.610254,-0.674967,0.127715,-0.212531,0.786210,0.580226,-0.573596,0.000000,0.000000,0.000000,1.000000,0.024660314586400466,80.74867802506378
1782352682.296636,0.884750,-0.097196,0.455772,0.458661,0.414735,0.610254,-0.674967,0.127715,-0.212531,0.786210,0.580226,-0.573596,0.000000,0.000000,0.000000,1.000000,0.024660314586400466,80.74867802506378
1782352682.332631,0.884750,-0.097196,0.455772,0.458661,0.414735,0.610254,-0.674967,0.127715,-0.212531,0.786210,0.580226,-0.573596,0.000000,0.000000,0.000000,1.000000,0.024660314586400466,80.74867802506378
1782352682.368287,0.884750,-0.097196,0.455772,0.458661,0.414735,0.610254,-0.674967,0.127715,-0.212531,0.786210,0.580226,-0.573596,0.000000,0.000000,0.000000,1.000000,0.024660314586400466,80.74867802506378
1782352682.403847,0.884750,-0.097196,0.455772,0.458661,0.414735,0.610254,-0.674967,0.127715,-0.212531,0.786210,0.580226,-0.573596,0.000000,0.000000,0.000000,1.000000,0.024660314586400466,80.74867802506378
1782352682.439940,0.884750,-0.097196,0.455772,0.458661,0.414735,0.610254,-0.674967,0.127715,-0.212531,0.786210,0.580226,-0.573596,0.000000,0.000000,0.000000,1.000000,0.024660314586400466,80.74867802506378
1782352682.476066,0.884750,-0.097196,0.455772,0.458661,0.414735,0.610254,-0.674967,0.127715,-0.212531,0.786210,0.580226,-0.573596,0.000000,0.000000,0.000000,1.000000,0.024660314586400466,80.74867802506378
1782352682.512017,0.884750,-0.097196,0.455772,0.458661,0.414735,0.610254,-0.674967,0.127715,-0.212531,0.786210,0.580226,-0.573596,0.000000,0.000000,0.000000,1.000000,0.024660314586400466,80.74867802506378
1782352682.547918,0.884750,-0.097196,0.455772,0.458661,0.414735,0.610254,-0.674967,0.127715,-0.212531,0.786210,0.580226,-0.573596,0.000000,0.000000,0.000000,1.000000,0.024660314586400466,80.74867802506378
1782352682.583961,0.884750,-0.097196,0.455772,0.458661,0.414735,0.610254,-0.674967,0.127715,-0.212531,0.786210,0.580226,-0.573596,0.000000,0.000000,0.000000,1.000000,0.024660314586400466,80.74867802506378
1782352682.619899,0.884750,-0.097196,0.455772,0.458661,0.414735,0.610254,-0.674967,0.127715,-0.212531,0.786210,0.580226,-0.573596,0.000000,0.000000,0.000000,1.000000,0.024660314586400466,80.74867802506378
1782352682.656051,0.884750,-0.097196,0.455772,0.458661,0.414735,0.610254,-0.674967,0.127715,-0.212531,0.786210,0.580226,-0.573596,0.000000,0.000000,0.000000,1.000000,0.024660314586400466,80.74867802506378
1782352682.692272,0.884750,-0.097196,0.455772,0.458661,0.414735,0.610254,-0.674967,0.127715,-0.212531,0.786210,0.580226,-0.573596,0.000000,0.000000,0.000000,1.000000,0.024660314586400466,80.74867802506378
1782352682.728042,0.884750,-0.097196,0.455772,0.458661,0.414735,0.610254,-0.674967,0.127715,-0.212531,0.786210,0.580226,-0.573596,0.000000,0.000000,0.000000,1.000000,0.024660314586400466,80.74867802506378
1782352682.763484,0.884750,-0.097196,0.455772,0.458661,0.414735,0.610254,-0.674967,0.127715,-0.212531,0.786210,0.580226,-0.573596,0.000000,0.000000,0.000000,1.000000,0.024660314586400466,80.74867802506378
1782352682.798965,0.884750,-0.097196,0.455772,0.458661,0.414735,0.610254,-0.674967,0.127715,-0.212531,0.786210,0.580226,-0.573596,0.000000,0.000000,0.000000,1.000000,0.024660314586400466,80.74867802506378
1782352682.834548,0.884750,-0.097196,0.455772,0.458661,0.414735,0.610254,-0.674967,0.127715,-0.212531,0.786210,0.580226,-0.573596,0.000000,0.000000,0.000000,1.000000,0.024660314586400466,80.74867802506378
1782352682.870439,0.884750,-0.097196,0.455772,0.458661,0.414735,0.610254,-0.674967,0.127715,-0.212531,0.786210,0.580226,-0.573596,0.000000,0.000000,0.000000,1.000000,0.024660314586400466,80.74867802506378
1782352682.906378,0.884750,-0.097196,0.455772,0.458661,0.414735,0.610254,-0.674967,0.127715,-0.212531,0.786210,0.580226,-0.573596,0.000000,0.000000,0.000000,1.000000,0.024660314586400466,80.74867802506378
1782352682.942263,0.884750,-0.097196,0.455772,0.458661,0.414735,0.610254,-0.674967,0.127715,-0.212531,0.786210,0.580226,-0.573596,0.000000,0.000000,0.000000,1.000000,0.024660314586400466,80.74867802506378
1782352682.978091,0.884750,-0.097196,0.455772,0.458661,0.414735,0.610254,-0.674967,0.127715,-0.212531,0.786210,0.580226,-0.573596,0.000000,0.000000,0.000000,1.000000,0.024660314586400466,80.74867802506378
1782352683.014134,0.884750,-0.097196,0.455772,0.458661,0.414735,0.610254,-0.674967,0.127715,-0.212531,0.786210,0.580226,-0.573596,0.000000,0.000000,0.000000,1.000000,0.024660314586400466,80.74867802506378
1782352683.049333,0.884750,-0.097196,0.455772,0.458661,0.414735,0.610254,-0.674967,0.127715,-0.212531,0.786210,0.580226,-0.573596,0.000000,0.000000,0.000000,1.000000,0.024660314586400466,80.74867802506378
1782352683.085339,0.884750,-0.097196,0.455772,0.458661,0.414735,0.610254,-0.674967,0.127715,-0.212531,0.786210,0.580226,-0.573596,0.000000,0.000000,0.000000,1.000000,0.024660314586400466,80.74867802506378
1782352683.121302,0.884750,-0.097196,0.455772,0.458661,0.414735,0.610254,-0.674967,0.127715,-0.212531,0.786210,0.580226,-0.573596,0.000000,0.000000,0.000000,1.000000,0.024660314586400466,80.74867802506378
1782352683.157146,0.884750,-0.097196,0.455772,0.458661,0.414735,0.610254,-0.674967,0.127715,-0.212531,0.786210,0.580226,-0.573596,0.000000,0.000000,0.000000,1.000000,0.024660314586400466,80.74867802506378
1782352683.193245,0.884750,-0.097196,0.455772,0.458661,0.414735,0.610254,-0.674967,0.127715,-0.212531,0.786210,0.580226,-0.573596,0.000000,0.000000,0.000000,1.000000,0.024660314586400466,80.74867802506378
1782352683.229495,0.884750,-0.097196,0.455772,0.458661,0.414735,0.610254,-0.674967,0.127715,-0.212531,0.786210,0.580226,-0.573596,0.000000,0.000000,0.000000,1.000000,0.024660314586400466,80.74867802506378
1782352683.265116,0.884750,-0.097196,0.455772,0.458661,0.414735,0.610254,-0.674967,0.127715,-0.212531,0.786210,0.580226,-0.573596,0.000000,0.000000,0.000000,1.000000,0.024660314586400466,80.74867802506378
1782352683.300512,0.884750,-0.097196,0.455772,0.458661,0.414735,0.610254,-0.674967,0.127715,-0.212531,0.786210,0.580226,-0.573596,0.000000,0.000000,0.000000,1.000000,0.024660314586400466,80.74867802506378
1782352683.336111,0.884750,-0.097196,0.455772,0.458661,0.414735,0.610254,-0.674967,0.127715,-0.212531,0.786210,0.580226,-0.573596,0.000000,0.000000,0.000000,1.000000,0.024660314586400466,80.74867802506378
1782352683.371985,0.884750,-0.097196,0.455772,0.458661,0.414735,0.610254,-0.674967,0.127715,-0.212531,0.786210,0.580226,-0.573596,0.000000,0.000000,0.000000,1.000000,0.024660314586400466,80.74867802506378
1782352683.407853,0.884750,-0.097196,0.455772,0.458661,0.414735,0.610254,-0.674967,0.127715,-0.212531,0.786210,0.580226,-0.573596,0.000000,0.000000,0.000000,1.000000,0.024660314586400466,80.74867802506378
1782352683.444072,0.884750,-0.097196,0.455772,0.458661,0.414735,0.610254,-0.674967,0.127715,-0.212531,0.786210,0.580226,-0.573596,0.000000,0.000000,0.000000,1.000000,0.024660314586400466,80.74867802506378
1782352683.480112,0.884750,-0.097196,0.455772,0.458661,0.414735,0.610254,-0.674967,0.127715,-0.212531,0.786210,0.580226,-0.573596,0.000000,0.000000,0.000000,1.000000,0.024660314586400466,80.74867802506378
1782352683.515317,0.884750,-0.097196,0.455772,0.458661,0.414735,0.610254,-0.674967,0.127715,-0.212531,0.786210,0.580226,-0.573596,0.000000,0.000000,0.000000,1.000000,0.024660314586400466,80.74867802506378
1782352683.551322,0.884750,-0.097196,0.455772,0.458661,0.414735,0.610254,-0.674967,0.127715,-0.212531,0.786210,0.580226,-0.573596,0.000000,0.000000,0.000000,1.000000,0.024660314586400466,80.74867802506378
1782352683.587123,0.884750,-0.097196,0.455772,0.458661,0.414735,0.610254,-0.674967,0.127715,-0.212531,0.786210,0.580226,-0.573596,0.000000,0.000000,0.000000,1.000000,0.024660314586400466,80.74867802506378
1782352683.623212,0.884750,-0.097196,0.455772,0.458661,0.414735,0.610254,-0.674967,0.127715,-0.212531,0.786210,0.580226,-0.573596,0.000000,0.000000,0.000000,1.000000,0.024660314586400466,80.74867802506378
1782352683.659175,0.884750,-0.097196,0.455772,0.458661,0.414735,0.610254,-0.674967,0.127715,-0.212531,0.786210,0.580226,-0.573596,0.000000,0.000000,0.000000,1.000000,0.024660314586400466,80.74867802506378
1782352683.694891,0.884750,-0.097196,0.455772,0.458661,0.414735,0.610254,-0.674967,0.127715,-0.212531,0.786210,0.580226,-0.573596,0.000000,0.000000,0.000000,1.000000,0.024660314586400466,80.74867802506378
1782352683.730558,0.884750,-0.097196,0.455772,0.458661,0.414735,0.610254,-0.674967,0.127715,-0.212531,0.786210,0.580226,-0.573596,0.000000,0.000000,0.000000,1.000000,0.024660314586400466,80.74867802506378
1782352683.765406,0.884750,-0.097196,0.455772,0.458661,0.414735,0.610254,-0.674967,0.127715,-0.212531,0.786210,0.580226,-0.573596,0.000000,0.000000,0.000000,1.000000,0.024660314586400466,80.74867802506378
1782352683.801288,0.884750,-0.097196,0.455772,0.458661,0.414735,0.610254,-0.674967,0.127715,-0.212531,0.786210,0.580226,-0.573596,0.000000,0.000000,0.000000,1.000000,0.024660314586400466,80.74867802506378
1782352683.837182,0.884750,-0.097196,0.455772,0.458661,0.414735,0.610254,-0.674967,0.127715,-0.212531,0.786210,0.580226,-0.573596,0.000000,0.000000,0.000000,1.000000,0.024660314586400466,80.74867802506378
1782352683.873244,0.884750,-0.097196,0.455772,0.458661,0.414735,0.610254,-0.674967,0.127715,-0.212531,0.786210,0.580226,-0.573596,0.000000,0.000000,0.000000,1.000000,0.024660314586400466,80.74867802506378
1782352683.909313,0.884750,-0.097196,0.455772,0.458661,0.414735,0.610254,-0.674967,0.127715,-0.212531,0.786210,0.580226,-0.573596,0.000000,0.000000,0.000000,1.000000,0.024660314586400466,80.74867802506378
1782352683.945265,0.884750,-0.097196,0.455772,0.458661,0.414735,0.610254,-0.674967,0.127715,-0.212531,0.786210,0.580226,-0.573596,0.000000,0.000000,0.000000,1.000000,0.024660314586400466,80.74867802506378
1782352683.981716,0.884750,-0.097196,0.455772,0.458661,0.414735,0.610254,-0.674967,0.127715,-0.212531,0.786210,0.580226,-0.573596,0.000000,0.000000,0.000000,1.000000,0.024660314586400466,80.74867802506378
1782352684.017461,0.884750,-0.097196,0.455772,0.458661,0.414735,0.610254,-0.674967,0.127715,-0.212531,0.786210,0.580226,-0.573596,0.000000,0.000000,0.000000,1.000000,0.024660314586400466,80.74867802506378
1782352684.053376,0.884750,-0.097196,0.455772,0.458661,0.414735,0.610254,-0.674967,0.127715,-0.212531,0.786210,0.580226,-0.573596,0.000000,0.000000,0.000000,1.000000,0.024660314586400466,80.74867802506378
1782352684.089238,0.884750,-0.097196,0.455772,0.458661,0.414735,0.610254,-0.674967,0.127715,-0.212531,0.786210,0.580226,-0.573596,0.000000,0.000000,0.000000,1.000000,0.024660314586400466,80.74867802506378
1782352684.125062,0.884750,-0.097196,0.455772,0.458661,0.414735,0.610254,-0.674967,0.127715,-0.212531,0.786210,0.580226,-0.573596,0.000000,0.000000,0.000000,1.000000,0.024660314586400466,80.74867802506378
1782352684.160834,0.884750,-0.097196,0.455772,0.458661,0.414735,0.610254,-0.674967,0.127715,-0.212531,0.786210,0.580226,-0.573596,0.000000,0.000000,0.000000,1.000000,0.024660314586400466,80.74867802506378
1782352684.196935,0.884750,-0.097196,0.455772,0.458661,0.414735,0.610254,-0.674967,0.127715,-0.212531,0.786210,0.580226,-0.573596,0.000000,0.000000,0.000000,1.000000,0.024660314586400466,80.74867802506378
1782352684.232923,0.884750,-0.097196,0.455772,0.458661,0.414735,0.610254,-0.674967,0.127715,-0.212531,0.786210,0.580226,-0.573596,0.000000,0.000000,0.000000,1.000000,0.024660314586400466,80.74867802506378
1782352684.268801,0.884750,-0.097196,0.455772,0.458661,0.414735,0.610254,-0.674967,0.127715,-0.212531,0.786210,0.580226,-0.573596,0.000000,0.000000,0.000000,1.000000,0.024660314586400466,80.74867802506378
1782352684.304858,0.884750,-0.097196,0.455772,0.458661,0.414735,0.610254,-0.674967,0.127715,-0.212531,0.786210,0.580226,-0.573596,0.000000,0.000000,0.000000,1.000000,0.024660314586400466,80.74867802506378
1782352684.340841,0.884750,-0.097196,0.455772,0.458661,0.414735,0.610254,-0.674967,0.127715,-0.212531,0.786210,0.580226,-0.573596,0.000000,0.000000,0.000000,1.000000,0.024660314586400466,80.74867802506378
1782352684.377008,0.884750,-0.097196,0.455772,0.458661,0.414735,0.610254,-0.674967,0.127715,-0.212531,0.786210,0.580226,-0.573596,0.000000,0.000000,0.000000,1.000000,0.024660314586400466,80.74867802506378
1782352684.413045,0.884750,-0.097196,0.455772,0.458661,0.414735,0.610254,-0.674967,0.127715,-0.212531,0.786210,0.580226,-0.573596,0.000000,0.000000,0.000000,1.000000,0.024660314586400466,80.74867802506378
1782352684.448352,0.884750,-0.097196,0.455772,0.458661,0.414735,0.610254,-0.674967,0.127715,-0.212531,0.786210,0.580226,-0.573596,0.000000,0.000000,0.000000,1.000000,0.024660314586400466,80.74867802506378
1782352684.484131,0.884750,-0.097196,0.455772,0.458661,0.414735,0.610254,-0.674967,0.127715,-0.212531,0.786210,0.580226,-0.573596,0.000000,0.000000,0.000000,1.000000,0.024660314586400466,80.74867802506378
1782352684.519932,0.884750,-0.097196,0.455772,0.458661,0.414735,0.610254,-0.674967,0.127715,-0.212531,0.786210,0.580226,-0.573596,0.000000,0.000000,0.000000,1.000000,0.024660314586400466,80.74867802506378
1782352684.555529,0.884750,-0.097196,0.455772,0.458661,0.414735,0.610254,-0.674967,0.127715,-0.212531,0.786210,0.580226,-0.573596,0.000000,0.000000,0.000000,1.000000,0.024660314586400466,80.74867802506378
1782352684.591159,0.884750,-0.097196,0.455772,0.458661,0.414735,0.610254,-0.674967,0.127715,-0.212531,0.786210,0.580226,-0.573596,0.000000,0.000000,0.000000,1.000000,0.024660314586400466,80.74867802506378
1782352684.626351,0.884750,-0.097196,0.455772,0.458661,0.414735,0.610254,-0.674967,0.127715,-0.212531,0.786210,0.580226,-0.573596,0.000000,0.000000,0.000000,1.000000,0.024660314586400466,80.74867802506378
1782352684.662870,0.884750,-0.097196,0.455772,0.458661,0.414735,0.610254,-0.674967,0.127715,-0.212531,0.786210,0.580226,-0.573596,0.000000,0.000000,0.000000,1.000000,0.024660314586400466,80.74867802506378
1782352684.698627,0.884750,-0.097196,0.455772,0.458661,0.414735,0.610254,-0.674967,0.127715,-0.212531,0.786210,0.580226,-0.573596,0.000000,0.000000,0.000000,1.000000,0.024660314586400466,80.74867802506378
1782352684.734678,0.884750,-0.097196,0.455772,0.458661,0.414735,0.610254,-0.674967,0.127715,-0.212531,0.786210,0.580226,-0.573596,0.000000,0.000000,0.000000,1.000000,0.024660314586400466,80.74867802506378
1782352684.770749,0.884750,-0.097196,0.455772,0.458661,0.414735,0.610254,-0.674967,0.127715,-0.212531,0.786210,0.580226,-0.573596,0.000000,0.000000,0.000000,1.000000,0.024660314586400466,80.74867802506378
1782352684.806691,0.884750,-0.097196,0.455772,0.458661,0.414735,0.610254,-0.674967,0.127715,-0.212531,0.786210,0.580226,-0.573596,0.000000,0.000000,0.000000,1.000000,0.024660314586400466,80.74867802506378
1782352684.842787,0.884750,-0.097196,0.455772,0.458661,0.414735,0.610254,-0.674967,0.127715,-0.212531,0.786210,0.580226,-0.573596,0.000000,0.000000,0.000000,1.000000,0.024660314586400466,80.74867802506378
1782352684.879066,0.884750,-0.097196,0.455772,0.458661,0.414735,0.610254,-0.674967,0.127715,-0.212531,0.786210,0.580226,-0.573596,0.000000,0.000000,0.000000,1.000000,0.024660314586400466,80.74867802506378
1782352684.914812,0.884750,-0.097196,0.455772,0.458661,0.414735,0.610254,-0.674967,0.127715,-0.212531,0.786210,0.580226,-0.573596,0.000000,0.000000,0.000000,1.000000,0.024660314586400466,80.74867802506378
1782352684.950762,0.884750,-0.097196,0.455772,0.458661,0.414735,0.610254,-0.674967,0.127715,-0.212531,0.786210,0.580226,-0.573596,0.000000,0.000000,0.000000,1.000000,0.024660314586400466,80.74867802506378
1782352684.986552,0.884750,-0.097196,0.455772,0.458661,0.414735,0.610254,-0.674967,0.127715,-0.212531,0.786210,0.580226,-0.573596,0.000000,0.000000,0.000000,1.000000,0.024660314586400466,80.74867802506378
1782352685.021745,0.884750,-0.097196,0.455772,0.458661,0.414735,0.610254,-0.674967,0.127715,-0.212531,0.786210,0.580226,-0.573596,0.000000,0.000000,0.000000,1.000000,0.024660314586400466,80.74867802506378
1782352685.057562,0.884750,-0.097196,0.455772,0.458661,0.414735,0.610254,-0.674967,0.127715,-0.212531,0.786210,0.580226,-0.573596,0.000000,0.000000,0.000000,1.000000,0.024660314586400466,80.74867802506378
1782352685.093719,0.884750,-0.097196,0.455772,0.458661,0.414735,0.610254,-0.674967,0.127715,-0.212531,0.786210,0.580226,-0.573596,0.000000,0.000000,0.000000,1.000000,0.024660314586400466,80.74867802506378
1782352685.129453,0.880825,-0.127996,0.455766,0.458387,0.435768,0.595396,-0.674985,0.129187,-0.184964,0.793160,0.580210,-0.571667,0.000000,0.000000,0.000000,1.000000,0.023669692602619728,79.9615766658821
1782352685.165175,0.880825,-0.127996,0.455766,0.458387,0.435768,0.595396,-0.674985,0.129187,-0.184964,0.793160,0.580210,-0.571667,0.000000,0.000000,0.000000,1.000000,0.023669692602619728,79.9615766658821
1782352685.200570,0.880825,-0.127996,0.455766,0.458387,0.435768,0.595396,-0.674985,0.129187,-0.184964,0.793160,0.580210,-0.571667,0.000000,0.000000,0.000000,1.000000,0.023669692602619728,79.9615766658821
1782352685.236318,0.880825,-0.127996,0.455766,0.458387,0.435768,0.595396,-0.674985,0.129187,-0.184964,0.793160,0.580210,-0.571667,0.000000,0.000000,0.000000,1.000000,0.023669692602619728,79.9615766658821
1782352685.272115,0.880825,-0.127996,0.455766,0.458387,0.435768,0.595396,-0.674985,0.129187,-0.184964,0.793160,0.580210,-0.571667,0.000000,0.000000,0.000000,1.000000,0.023669692602619728,79.9615766658821
1782352685.307440,0.880825,-0.127996,0.455766,0.458387,0.435768,0.595396,-0.674985,0.129187,-0.184964,0.793160,0.580210,-0.571667,0.000000,0.000000,0.000000,1.000000,0.023669692602619728,79.9615766658821
1782352685.343500,0.880825,-0.127996,0.455766,0.458387,0.435768,0.595396,-0.674985,0.129187,-0.184964,0.793160,0.580210,-0.571667,0.000000,0.000000,0.000000,1.000000,0.023669692602619728,79.9615766658821
1782352685.379720,0.880825,-0.127996,0.455766,0.458387,0.435768,0.595396,-0.674985,0.129187,-0.184964,0.793160,0.580210,-0.571667,0.000000,0.000000,0.000000,1.000000,0.023669692602619728,79.9615766658821
1782352685.415274,0.880825,-0.127996,0.455766,0.458387,0.435768,0.595396,-0.674985,0.129187,-0.184964,0.793160,0.580210,-0.571667,0.000000,0.000000,0.000000,1.000000,0.023669692602619728,79.9615766658821
1782352685.450878,0.880825,-0.127996,0.455766,0.458387,0.435768,0.595396,-0.674985,0.129187,-0.184964,0.793160,0.580210,-0.571667,0.000000,0.000000,0.000000,1.000000,0.023669692602619728,79.9615766658821
1782352685.486700,0.880825,-0.127996,0.455766,0.458387,0.435768,0.595396,-0.674985,0.129187,-0.184964,0.793160,0.580210,-0.571667,0.000000,0.000000,0.000000,1.000000,0.023669692602619728,79.9615766658821
1782352685.522076,0.875827,-0.158641,0.455760,0.458037,0.456270,0.579814,-0.675003,0.130622,-0.157171,0.799144,0.580194,-0.569721,0.000000,0.000000,0.000000,1.000000,0.0228313745788249,79.20994162748259
1782352685.558131,0.875827,-0.158641,0.455760,0.458037,0.456270,0.579814,-0.675003,0.130622,-0.157171,0.799144,0.580194,-0.569721,0.000000,0.000000,0.000000,1.000000,0.0228313745788249,79.20994162748259
1782352685.594078,0.875827,-0.158641,0.455760,0.458037,0.456270,0.579814,-0.675003,0.130622,-0.157171,0.799144,0.580194,-0.569721,0.000000,0.000000,0.000000,1.000000,0.0228313745788249,79.20994162748259
1782352685.629930,0.875827,-0.158641,0.455760,0.458037,0.456270,0.579814,-0.675003,0.130622,-0.157171,0.799144,0.580194,-0.569721,0.000000,0.000000,0.000000,1.000000,0.0228313745788249,79.20994162748259
1782352685.665510,0.875827,-0.158641,0.455760,0.458037,0.456270,0.579814,-0.675003,0.130622,-0.157171,0.799144,0.580194,-0.569721,0.000000,0.000000,0.000000,1.000000,0.0228313745788249,79.20994162748259
1782352685.701418,0.875827,-0.158641,0.455760,0.458037,0.456270,0.579814,-0.675003,0.130622,-0.157171,0.799144,0.580194,-0.569721,0.000000,0.000000,0.000000,1.000000,0.0228313745788249,79.20994162748259
1782352685.737100,0.869764,-0.189093,0.455755,0.457612,0.476215,0.563526,-0.675021,0.132018,-0.129185,0.804154,0.580177,-0.567762,0.000000,0.000000,0.000000,1.000000,0.022163720057636012,78.49481988572985
1782352685.773142,0.869764,-0.189093,0.455755,0.457612,0.476215,0.563526,-0.675021,0.132018,-0.129185,0.804154,0.580177,-0.567762,0.000000,0.000000,0.000000,1.000000,0.022163720057636012,78.49481988572985
1782352685.809137,0.869764,-0.189093,0.455755,0.457612,0.476215,0.563526,-0.675021,0.132018,-0.129185,0.804154,0.580177,-0.567762,0.000000,0.000000,0.000000,1.000000,0.022163720057636012,78.49481988572985
1782352685.845037,0.869764,-0.189093,0.455755,0.457612,0.476215,0.563526,-0.675021,0.132018,-0.129185,0.804154,0.580177,-0.567762,0.000000,0.000000,0.000000,1.000000,0.022163720057636012,78.49481988572985
1782352685.880993,0.869764,-0.189093,0.455755,0.457612,0.476215,0.563526,-0.675021,0.132018,-0.129185,0.804154,0.580177,-0.567762,0.000000,0.000000,0.000000,1.000000,0.022163720057636012,78.49481988572985
1782352685.916865,0.869764,-0.189093,0.455755,0.457612,0.476215,0.563526,-0.675021,0.132018,-0.129185,0.804154,0.580177,-0.567762,0.000000,0.000000,0.000000,1.000000,0.022163720057636012,78.49481988572985
1782352685.952704,0.862642,-0.219315,0.455749,0.457114,0.495579,0.546553,-0.675039,0.133374,-0.101042,0.808185,0.580161,-0.565792,0.000000,0.000000,0.000000,1.000000,0.02168334243510513,77.81724475965308
1782352685.988338,0.862642,-0.219315,0.455749,0.457114,0.495579,0.546553,-0.675039,0.133374,-0.101042,0.808185,0.580161,-0.565792,0.000000,0.000000,0.000000,1.000000,0.02168334243510513,77.81724475965308
1782352686.024271,0.862642,-0.219315,0.455749,0.457114,0.495579,0.546553,-0.675039,0.133374,-0.101042,0.808185,0.580161,-0.565792,0.000000,0.000000,0.000000,1.000000,0.02168334243510513,77.81724475965308
1782352686.060371,0.862642,-0.219315,0.455749,0.457114,0.495579,0.546553,-0.675039,0.133374,-0.101042,0.808185,0.580161,-0.565792,0.000000,0.000000,0.000000,1.000000,0.02168334243510513,77.81724475965308
1782352686.096392,0.862642,-0.219315,0.455749,0.457114,0.495579,0.546553,-0.675039,0.133374,-0.101042,0.808185,0.580161,-0.565792,0.000000,0.000000,0.000000,1.000000,0.02168334243510513,77.81724475965308
1782352686.132236,0.862642,-0.219315,0.455749,0.457114,0.495579,0.546553,-0.675039,0.133374,-0.101042,0.808185,0.580161,-0.565792,0.000000,0.000000,0.000000,1.000000,0.02168334243510513,77.81724475965308
1782352686.167402,0.854470,-0.249270,0.455744,0.456542,0.514338,0.528914,-0.675057,0.134687,-0.072774,0.811231,0.580144,-0.563814,0.000000,0.000000,0.000000,1.000000,0.021403453250711635,77.17823034215897
1782352686.203379,0.854470,-0.249270,0.455744,0.456542,0.514338,0.528914,-0.675057,0.134687,-0.072774,0.811231,0.580144,-0.563814,0.000000,0.000000,0.000000,1.000000,0.021403453250711635,77.17823034215897
1782352686.239265,0.854470,-0.249270,0.455744,0.456542,0.514338,0.528914,-0.675057,0.134687,-0.072774,0.811231,0.580144,-0.563814,0.000000,0.000000,0.000000,1.000000,0.021403453250711635,77.17823034215897
1782352686.275394,0.854470,-0.249270,0.455744,0.456542,0.514338,0.528914,-0.675057,0.134687,-0.072774,0.811231,0.580144,-0.563814,0.000000,0.000000,0.000000,1.000000,0.021403453250711635,77.17823034215897
1782352686.310824,0.854470,-0.249270,0.455744,0.456542,0.514338,0.528914,-0.675057,0.134687,-0.072774,0.811231,0.580144,-0.563814,0.000000,0.000000,0.000000,1.000000,0.021403453250711635,77.17823034215897
1782352686.346976,0.854470,-0.249270,0.455744,0.456542,0.514338,0.528914,-0.675057,0.134687,-0.072774,0.811231,0.580144,-0.563814,0.000000,0.000000,0.000000,1.000000,0.021403453250711635,77.17823034215897
1782352686.382654,0.845259,-0.278923,0.455738,0.455897,0.532470,0.510632,-0.675075,0.135956,-0.044417,0.813288,0.580128,-0.561829,0.000000,0.000000,0.000000,1.000000,0.021332288266643455,76.57876563061193
1782352686.418729,0.845259,-0.278923,0.455738,0.455897,0.532470,0.510632,-0.675075,0.135956,-0.044417,0.813288,0.580128,-0.561829,0.000000,0.000000,0.000000,1.000000,0.021332288266643455,76.57876563061193
1782352686.454529,0.845259,-0.278923,0.455738,0.455897,0.532470,0.510632,-0.675075,0.135956,-0.044417,0.813288,0.580128,-0.561829,0.000000,0.000000,0.000000,1.000000,0.021332288266643455,76.57876563061193
1782352686.490240,0.845259,-0.278923,0.455738,0.455897,0.532470,0.510632,-0.675075,0.135956,-0.044417,0.813288,0.580128,-0.561829,0.000000,0.000000,0.000000,1.000000,0.021332288266643455,76.57876563061193
1782352686.525452,0.845259,-0.278923,0.455738,0.455897,0.532470,0.510632,-0.675075,0.135956,-0.044417,0.813288,0.580128,-0.561829,0.000000,0.000000,0.000000,1.000000,0.021332288266643455,76.57876563061193
1782352686.561161,0.835019,-0.308236,0.455732,0.455180,0.549953,0.491729,-0.675092,0.137180,-0.016006,0.814354,0.580112,-0.559840,0.000000,0.000000,0.000000,1.000000,0.02147200754454391,76.01980841063781
1782352686.597619,0.835019,-0.308236,0.455732,0.455180,0.549953,0.491729,-0.675092,0.137180,-0.016006,0.814354,0.580112,-0.559840,0.000000,0.000000,0.000000,1.000000,0.02147200754454391,76.01980841063781
1782352686.633224,0.835019,-0.308236,0.455732,0.455180,0.549953,0.491729,-0.675092,0.137180,-0.016006,0.814354,0.580112,-0.559840,0.000000,0.000000,0.000000,1.000000,0.02147200754454391,76.01980841063781
1782352686.669126,0.835019,-0.308236,0.455732,0.455180,0.549953,0.491729,-0.675092,0.137180,-0.016006,0.814354,0.580112,-0.559840,0.000000,0.000000,0.000000,1.000000,0.02147200754454391,76.01980841063781
1782352686.705037,0.835019,-0.308236,0.455732,0.455180,0.549953,0.491729,-0.675092,0.137180,-0.016006,0.814354,0.580112,-0.559840,0.000000,0.000000,0.000000,1.000000,0.02147200754454391,76.01980841063781
1782352686.740269,0.823763,-0.337174,0.455727,0.454392,0.566765,0.472227,-0.675110,0.138357,0.012427,0.814428,0.580095,-0.557849,0.000000,0.000000,0.000000,1.000000,0.021818391561149477,75.50227895788446
1782352686.775943,0.823763,-0.337174,0.455727,0.454392,0.566765,0.472227,-0.675110,0.138357,0.012427,0.814428,0.580095,-0.557849,0.000000,0.000000,0.000000,1.000000,0.021818391561149477,75.50227895788446
1782352686.811599,0.823763,-0.337174,0.455727,0.454392,0.566765,0.472227,-0.675110,0.138357,0.012427,0.814428,0.580095,-0.557849,0.000000,0.000000,0.000000,1.000000,0.021818391561149477,75.50227895788446
1782352686.847296,0.823763,-0.337174,0.455727,0.454392,0.566765,0.472227,-0.675110,0.138357,0.012427,0.814428,0.580095,-0.557849,0.000000,0.000000,0.000000,1.000000,0.021818391561149477,75.50227895788446
1782352686.882188,0.823763,-0.337174,0.455727,0.454392,0.566765,0.472227,-0.675110,0.138357,0.012427,0.814428,0.580095,-0.557849,0.000000,0.000000,0.000000,1.000000,0.021818391561149477,75.50227895788446
1782352686.918195,0.823763,-0.337174,0.455727,0.454392,0.566765,0.472227,-0.675110,0.138357,0.012427,0.814428,0.580095,-0.557849,0.000000,0.000000,0.000000,1.000000,0.021818391561149477,75.50227895788446
1782352686.954102,0.823763,-0.337174,0.455727,0.454392,0.566765,0.472227,-0.675110,0.138357,0.012427,0.814428,0.580095,-0.557849,0.000000,0.000000,0.000000,1.000000,0.021818391561149477,75.50227895788446
1782352686.990112,0.823763,-0.337174,0.455727,0.454392,0.566765,0.472227,-0.675110,0.138357,0.012427,0.814428,0.580095,-0.557849,0.000000,0.000000,0.000000,1.000000,0.021818391561149477,75.50227895788446
1782352687.025598,0.823763,-0.337174,0.455727,0.454392,0.566765,0.472227,-0.675110,0.138357,0.012427,0.814428,0.580095,-0.557849,0.000000,0.000000,0.000000,1.000000,0.021818391561149477,75.50227895788446
1782352687.060540,0.823763,-0.337174,0.455727,0.454392,0.566765,0.472227,-0.675110,0.138357,0.012427,0.814428,0.580095,-0.557849,0.000000,0.000000,0.000000,1.000000,0.021818391561149477,75.50227895788446
1782352687.096269,0.823763,-0.337174,0.455727,0.454392,0.566765,0.472227,-0.675110,0.138357,0.012427,0.814428,0.580095,-0.557849,0.000000,0.000000,0.000000,1.000000,0.021818391561149477,75.50227895788446
1782352687.132151,0.823763,-0.337174,0.455727,0.454392,0.566765,0.472227,-0.675110,0.138357,0.012427,0.814428,0.580095,-0.557849,0.000000,0.000000,0.000000,1.000000,0.021818391561149477,75.50227895788446
1782352687.167430,0.823763,-0.337174,0.455727,0.454392,0.566765,0.472227,-0.675110,0.138357,0.012427,0.814428,0.580095,-0.557849,0.000000,0.000000,0.000000,1.000000,0.021818391561149477,75.50227895788446
1782352687.203426,0.823763,-0.337174,0.455727,0.454392,0.566765,0.472227,-0.675110,0.138357,0.012427,0.814428,0.580095,-0.557849,0.000000,0.000000,0.000000,1.000000,0.021818391561149477,75.50227895788446
1782352687.239526,0.823763,-0.337174,0.455727,0.454392,0.566765,0.472227,-0.675110,0.138357,0.012427,0.814428,0.580095,-0.557849,0.000000,0.000000,0.000000,1.000000,0.021818391561149477,75.50227895788446
1782352687.275776,0.823763,-0.337174,0.455727,0.454392,0.566765,0.472227,-0.675110,0.138357,0.012427,0.814428,0.580095,-0.557849,0.000000,0.000000,0.000000,1.000000,0.021818391561149477,75.50227895788446
1782352687.311449,0.823763,-0.337174,0.455727,0.454392,0.566765,0.472227,-0.675110,0.138357,0.012427,0.814428,0.580095,-0.557849,0.000000,0.000000,0.000000,1.000000,0.021818391561149477,75.50227895788446
1782352687.346782,0.823763,-0.337174,0.455727,0.454392,0.566765,0.472227,-0.675110,0.138357,0.012427,0.814428,0.580095,-0.557849,0.000000,0.000000,0.000000,1.000000,0.021818391561149477,75.50227895788446
1782352687.382619,0.823763,-0.337174,0.455727,0.454392,0.566765,0.472227,-0.675110,0.138357,0.012427,0.814428,0.580095,-0.557849,0.000000,0.000000,0.000000,1.000000,0.021818391561149477,75.50227895788446
1782352687.418656,0.823763,-0.337174,0.455727,0.454392,0.566765,0.472227,-0.675110,0.138357,0.012427,0.814428,0.580095,-0.557849,0.000000,0.000000,0.000000,1.000000,0.021818391561149477,75.50227895788446
1782352687.454552,0.823763,-0.337174,0.455727,0.454392,0.566765,0.472227,-0.675110,0.138357,0.012427,0.814428,0.580095,-0.557849,0.000000,0.000000,0.000000,1.000000,0.021818391561149477,75.50227895788446
1782352687.490185,0.823763,-0.337174,0.455727,0.454392,0.566765,0.472227,-0.675110,0.138357,0.012427,0.814428,0.580095,-0.557849,0.000000,0.000000,0.000000,1.000000,0.021818391561149477,75.50227895788446
1782352687.525777,0.823763,-0.337174,0.455727,0.454392,0.566765,0.472227,-0.675110,0.138357,0.012427,0.814428,0.580095,-0.557849,0.000000,0.000000,0.000000,1.000000,0.021818391561149477,75.50227895788446
1782352687.561627,0.823763,-0.337174,0.455727,0.454392,0.566765,0.472227,-0.675110,0.138357,0.012427,0.814428,0.580095,-0.557849,0.000000,0.000000,0.000000,1.000000,0.021818391561149477,75.50227895788446
1782352687.597363,0.823763,-0.337174,0.455727,0.454392,0.566765,0.472227,-0.675110,0.138357,0.012427,0.814428,0.580095,-0.557849,0.000000,0.000000,0.000000,1.000000,0.021818391561149477,75.50227895788446
1782352687.633222,0.823763,-0.337174,0.455727,0.454392,0.566765,0.472227,-0.675110,0.138357,0.012427,0.814428,0.580095,-0.557849,0.000000,0.000000,0.000000,1.000000,0.021818391561149477,75.50227895788446
1782352687.669311,0.823763,-0.337174,0.455727,0.454392,0.566765,0.472227,-0.675110,0.138357,0.012427,0.814428,0.580095,-0.557849,0.000000,0.000000,0.000000,1.000000,0.021818391561149477,75.50227895788446
1782352687.704936,0.823763,-0.337174,0.455727,0.454392,0.566765,0.472227,-0.675110,0.138357,0.012427,0.814428,0.580095,-0.557849,0.000000,0.000000,0.000000,1.000000,0.021818391561149477,75.50227895788446
1782352687.739817,0.823763,-0.337174,0.455727,0.454392,0.566765,0.472227,-0.675110,0.138357,0.012427,0.814428,0.580095,-0.557849,0.000000,0.000000,0.000000,1.000000,0.021818391561149477,75.50227895788446
1782352687.775856,0.823763,-0.337174,0.455727,0.454392,0.566765,0.472227,-0.675110,0.138357,0.012427,0.814428,0.580095,-0.557849,0.000000,0.000000,0.000000,1.000000,0.021818391561149477,75.50227895788446
1782352687.811714,0.811504,-0.365702,0.455721,0.453534,0.582886,0.452152,-0.675128,0.139485,0.040845,0.813510,0.580079,-0.555860,0.000000,0.000000,0.000000,1.000000,0.022361428656035975,75.0270536334507
1782352687.847862,0.811504,-0.365702,0.455721,0.453534,0.582886,0.452152,-0.675128,0.139485,0.040845,0.813510,0.580079,-0.555860,0.000000,0.000000,0.000000,1.000000,0.022361428656035975,75.0270536334507
1782352687.883799,0.811504,-0.365702,0.455721,0.453534,0.582886,0.452152,-0.675128,0.139485,0.040845,0.813510,0.580079,-0.555860,0.000000,0.000000,0.000000,1.000000,0.022361428656035975,75.0270536334507
1782352687.919592,0.811504,-0.365702,0.455721,0.453534,0.582886,0.452152,-0.675128,0.139485,0.040845,0.813510,0.580079,-0.555860,0.000000,0.000000,0.000000,1.000000,0.022361428656035975,75.0270536334507
1782352687.955456,0.811504,-0.365702,0.455721,0.453534,0.582886,0.452152,-0.675128,0.139485,0.040845,0.813510,0.580079,-0.555860,0.000000,0.000000,0.000000,1.000000,0.022361428656035975,75.0270536334507
1782352687.990358,0.811504,-0.365702,0.455721,0.453534,0.582886,0.452152,-0.675128,0.139485,0.040845,0.813510,0.580079,-0.555860,0.000000,0.000000,0.000000,1.000000,0.022361428656035975,75.0270536334507
1782352688.026251,0.811504,-0.365702,0.455721,0.453534,0.582886,0.452152,-0.675128,0.139485,0.040845,0.813510,0.580079,-0.555860,0.000000,0.000000,0.000000,1.000000,0.022361428656035975,75.0270536334507
1782352688.062102,0.811504,-0.365702,0.455721,0.453534,0.582886,0.452152,-0.675128,0.139485,0.040845,0.813510,0.580079,-0.555860,0.000000,0.000000,0.000000,1.000000,0.022361428656035975,75.0270536334507
1782352688.098213,0.811504,-0.365702,0.455721,0.453534,0.582886,0.452152,-0.675128,0.139485,0.040845,0.813510,0.580079,-0.555860,0.000000,0.000000,0.000000,1.000000,0.022361428656035975,75.0270536334507
1782352688.134297,0.811504,-0.365702,0.455721,0.453534,0.582886,0.452152,-0.675128,0.139485,0.040845,0.813510,0.580079,-0.555860,0.000000,0.000000,0.000000,1.000000,0.022361428656035975,75.0270536334507
1782352688.170043,0.811504,-0.365702,0.455721,0.453534,0.582886,0.452152,-0.675128,0.139485,0.040845,0.813510,0.580079,-0.555860,0.000000,0.000000,0.000000,1.000000,0.022361428656035975,75.0270536334507
1782352688.205729,0.811504,-0.365702,0.455721,0.453534,0.582886,0.452152,-0.675128,0.139485,0.040845,0.813510,0.580079,-0.555860,0.000000,0.000000,0.000000,1.000000,0.022361428656035975,75.0270536334507
1782352688.241778,0.798257,-0.393785,0.455716,0.452607,0.598296,0.431526,-0.675146,0.140564,0.069214,0.811601,0.580063,-0.553874,0.000000,0.000000,0.000000,1.000000,0.023086612019643987,74.59495845879395
1782352688.277517,0.798257,-0.393785,0.455716,0.452607,0.598296,0.431526,-0.675146,0.140564,0.069214,0.811601,0.580063,-0.553874,0.000000,0.000000,0.000000,1.000000,0.023086612019643987,74.59495845879395
1782352688.312735,0.798257,-0.393785,0.455716,0.452607,0.598296,0.431526,-0.675146,0.140564,0.069214,0.811601,0.580063,-0.553874,0.000000,0.000000,0.000000,1.000000,0.023086612019643987,74.59495845879395
1782352688.348529,0.798257,-0.393785,0.455716,0.452607,0.598296,0.431526,-0.675146,0.140564,0.069214,0.811601,0.580063,-0.553874,0.000000,0.000000,0.000000,1.000000,0.023086612019643987,74.59495845879395
1782352688.384720,0.798257,-0.393785,0.455716,0.452607,0.598296,0.431526,-0.675146,0.140564,0.069214,0.811601,0.580063,-0.553874,0.000000,0.000000,0.000000,1.000000,0.023086612019643987,74.59495845879395
1782352688.421133,0.798257,-0.393785,0.455716,0.452607,0.598296,0.431526,-0.675146,0.140564,0.069214,0.811601,0.580063,-0.553874,0.000000,0.000000,0.000000,1.000000,0.023086612019643987,74.59495845879395
1782352688.456795,0.798257,-0.393785,0.455716,0.452607,0.598296,0.431526,-0.675146,0.140564,0.069214,0.811601,0.580063,-0.553874,0.000000,0.000000,0.000000,1.000000,0.023086612019643987,74.59495845879395
1782352688.492415,0.798257,-0.393785,0.455716,0.452607,0.598296,0.431526,-0.675146,0.140564,0.069214,0.811601,0.580063,-0.553874,0.000000,0.000000,0.000000,1.000000,0.023086612019643987,74.59495845879395
1782352688.528554,0.798257,-0.393785,0.455716,0.452607,0.598296,0.431526,-0.675146,0.140564,0.069214,0.811601,0.580063,-0.553874,0.000000,0.000000,0.000000,1.000000,0.023086612019643987,74.59495845879395
1782352688.564629,0.798257,-0.393785,0.455716,0.452607,0.598296,0.431526,-0.675146,0.140564,0.069214,0.811601,0.580063,-0.553874,0.000000,0.000000,0.000000,1.000000,0.023086612019643987,74.59495845879395
1782352688.600606,0.798257,-0.393785,0.455716,0.452607,0.598296,0.431526,-0.675146,0.140564,0.069214,0.811601,0.580063,-0.553874,0.000000,0.000000,0.000000,1.000000,0.023086612019643987,74.59495845879395
1782352688.636305,0.798257,-0.393785,0.455716,0.452607,0.598296,0.431526,-0.675146,0.140564,0.069214,0.811601,0.580063,-0.553874,0.000000,0.000000,0.000000,1.000000,0.023086612019643987,74.59495845879395
1782352688.672281,0.798257,-0.393785,0.455716,0.452607,0.598296,0.431526,-0.675146,0.140564,0.069214,0.811601,0.580063,-0.553874,0.000000,0.000000,0.000000,1.000000,0.023086612019643987,74.59495845879395
1782352688.707998,0.798257,-0.393785,0.455716,0.452607,0.598296,0.431526,-0.675146,0.140564,0.069214,0.811601,0.580063,-0.553874,0.000000,0.000000,0.000000,1.000000,0.023086612019643987,74.59495845879395
1782352688.742775,0.784039,-0.421389,0.455710,0.451612,0.612977,0.410376,-0.675164,0.141592,0.097499,0.808702,0.580046,-0.551894,0.000000,0.000000,0.000000,1.000000,0.023976581888406626,74.20676276462626
1782352688.778459,0.784039,-0.421389,0.455710,0.451612,0.612977,0.410376,-0.675164,0.141592,0.097499,0.808702,0.580046,-0.551894,0.000000,0.000000,0.000000,1.000000,0.023976581888406626,74.20676276462626
1782352688.813767,0.784039,-0.421389,0.455710,0.451612,0.612977,0.410376,-0.675164,0.141592,0.097499,0.808702,0.580046,-0.551894,0.000000,0.000000,0.000000,1.000000,0.023976581888406626,74.20676276462626
1782352688.849985,0.784039,-0.421389,0.455710,0.451612,0.612977,0.410376,-0.675164,0.141592,0.097499,0.808702,0.580046,-0.551894,0.000000,0.000000,0.000000,1.000000,0.023976581888406626,74.20676276462626
1782352688.885738,0.784039,-0.421389,0.455710,0.451612,0.612977,0.410376,-0.675164,0.141592,0.097499,0.808702,0.580046,-0.551894,0.000000,0.000000,0.000000,1.000000,0.023976581888406626,74.20676276462626
1782352688.921341,0.784039,-0.421389,0.455710,0.451612,0.612977,0.410376,-0.675164,0.141592,0.097499,0.808702,0.580046,-0.551894,0.000000,0.000000,0.000000,1.000000,0.023976581888406626,74.20676276462626
1782352688.957023,0.784039,-0.421389,0.455710,0.451612,0.612977,0.410376,-0.675164,0.141592,0.097499,0.808702,0.580046,-0.551894,0.000000,0.000000,0.000000,1.000000,0.023976581888406626,74.20676276462626
1782352688.993018,0.784039,-0.421389,0.455710,0.451612,0.612977,0.410376,-0.675164,0.141592,0.097499,0.808702,0.580046,-0.551894,0.000000,0.000000,0.000000,1.000000,0.023976581888406626,74.20676276462626
1782352689.029233,0.784039,-0.421389,0.455710,0.451612,0.612977,0.410376,-0.675164,0.141592,0.097499,0.808702,0.580046,-0.551894,0.000000,0.000000,0.000000,1.000000,0.023976581888406626,74.20676276462626
1782352689.065268,0.784039,-0.421389,0.455710,0.451612,0.612977,0.410376,-0.675164,0.141592,0.097499,0.808702,0.580046,-0.551894,0.000000,0.000000,0.000000,1.000000,0.023976581888406626,74.20676276462626
1782352689.100832,0.784039,-0.421389,0.455710,0.451612,0.612977,0.410376,-0.675164,0.141592,0.097499,0.808702,0.580046,-0.551894,0.000000,0.000000,0.000000,1.000000,0.023976581888406626,74.20676276462626
1782352689.136631,0.784039,-0.421389,0.455710,0.451612,0.612977,0.410376,-0.675164,0.141592,0.097499,0.808702,0.580046,-0.551894,0.000000,0.000000,0.000000,1.000000,0.023976581888406626,74.20676276462626
1782352689.172725,0.784039,-0.421389,0.455710,0.451612,0.612977,0.410376,-0.675164,0.141592,0.097499,0.808702,0.580046,-0.551894,0.000000,0.000000,0.000000,1.000000,0.023976581888406626,74.20676276462626
1782352689.208648,0.784039,-0.421389,0.455710,0.451612,0.612977,0.410376,-0.675164,0.141592,0.097499,0.808702,0.580046,-0.551894,0.000000,0.000000,0.000000,1.000000,0.023976581888406626,74.20676276462626
1782352689.244520,0.784039,-0.421389,0.455710,0.451612,0.612977,0.410376,-0.675164,0.141592,0.097499,0.808702,0.580046,-0.551894,0.000000,0.000000,0.000000,1.000000,0.023976581888406626,74.20676276462626
1782352689.279936,0.784039,-0.421389,0.455710,0.451612,0.612977,0.410376,-0.675164,0.141592,0.097499,0.808702,0.580046,-0.551894,0.000000,0.000000,0.000000,1.000000,0.023976581888406626,74.20676276462626
1782352689.316119,0.784039,-0.421389,0.455710,0.451612,0.612977,0.410376,-0.675164,0.141592,0.097499,0.808702,0.580046,-0.551894,0.000000,0.000000,0.000000,1.000000,0.023976581888406626,74.20676276462626
1782352689.352143,0.784039,-0.421389,0.455710,0.451612,0.612977,0.410376,-0.675164,0.141592,0.097499,0.808702,0.580046,-0.551894,0.000000,0.000000,0.000000,1.000000,0.023976581888406626,74.20676276462626
1782352689.387995,0.784039,-0.421389,0.455710,0.451612,0.612977,0.410376,-0.675164,0.141592,0.097499,0.808702,0.580046,-0.551894,0.000000,0.000000,0.000000,1.000000,0.023976581888406626,74.20676276462626
1782352689.423758,0.784039,-0.421389,0.455710,0.451612,0.612977,0.410376,-0.675164,0.141592,0.097499,0.808702,0.580046,-0.551894,0.000000,0.000000,0.000000,1.000000,0.023976581888406626,74.20676276462626
1782352689.459940,0.784039,-0.421389,0.455710,0.451612,0.612977,0.410376,-0.675164,0.141592,0.097499,0.808702,0.580046,-0.551894,0.000000,0.000000,0.000000,1.000000,0.023976581888406626,74.20676276462626
1782352689.496099,0.784039,-0.421389,0.455710,0.451612,0.612977,0.410376,-0.675164,0.141592,0.097499,0.808702,0.580046,-0.551894,0.000000,0.000000,0.000000,1.000000,0.023976581888406626,74.20676276462626
1782352689.531995,0.784039,-0.421389,0.455710,0.451612,0.612977,0.410376,-0.675164,0.141592,0.097499,0.808702,0.580046,-0.551894,0.000000,0.000000,0.000000,1.000000,0.023976581888406626,74.20676276462626
1782352689.567414,0.784039,-0.421389,0.455710,0.451612,0.612977,0.410376,-0.675164,0.141592,0.097499,0.808702,0.580046,-0.551894,0.000000,0.000000,0.000000,1.000000,0.023976581888406626,74.20676276462626
1782352689.603220,0.784039,-0.421389,0.455710,0.451612,0.612977,0.410376,-0.675164,0.141592,0.097499,0.808702,0.580046,-0.551894,0.000000,0.000000,0.000000,1.000000,0.023976581888406626,74.20676276462626
1782352689.639433,0.784039,-0.421389,0.455710,0.451612,0.612977,0.410376,-0.675164,0.141592,0.097499,0.808702,0.580046,-0.551894,0.000000,0.000000,0.000000,1.000000,0.023976581888406626,74.20676276462626
1782352689.675496,0.784039,-0.421389,0.455710,0.451612,0.612977,0.410376,-0.675164,0.141592,0.097499,0.808702,0.580046,-0.551894,0.000000,0.000000,0.000000,1.000000,0.023976581888406626,74.20676276462626
1782352689.711677,0.784039,-0.421389,0.455710,0.451612,0.612977,0.410376,-0.675164,0.141592,0.097499,0.808702,0.580046,-0.551894,0.000000,0.000000,0.000000,1.000000,0.023976581888406626,74.20676276462626
1782352689.746517,0.784039,-0.421389,0.455710,0.451612,0.612977,0.410376,-0.675164,0.141592,0.097499,0.808702,0.580046,-0.551894,0.000000,0.000000,0.000000,1.000000,0.023976581888406626,74.20676276462626
1782352689.782227,0.784039,-0.421389,0.455710,0.451612,0.612977,0.410376,-0.675164,0.141592,0.097499,0.808702,0.580046,-0.551894,0.000000,0.000000,0.000000,1.000000,0.023976581888406626,74.20676276462626
1782352689.816940,0.784039,-0.421389,0.455710,0.451612,0.612977,0.410376,-0.675164,0.141592,0.097499,0.808702,0.580046,-0.551894,0.000000,0.000000,0.000000,1.000000,0.023976581888406626,74.20676276462626
1782352689.852791,0.784039,-0.421389,0.455710,0.451612,0.612977,0.410376,-0.675164,0.141592,0.097499,0.808702,0.580046,-0.551894,0.000000,0.000000,0.000000,1.000000,0.023976581888406626,74.20676276462626
1782352689.888786,0.784039,-0.421389,0.455710,0.451612,0.612977,0.410376,-0.675164,0.141592,0.097499,0.808702,0.580046,-0.551894,0.000000,0.000000,0.000000,1.000000,0.023976581888406626,74.20676276462626
1782352689.924702,0.784039,-0.421389,0.455710,0.451612,0.612977,0.410376,-0.675164,0.141592,0.097499,0.808702,0.580046,-0.551894,0.000000,0.000000,0.000000,1.000000,0.023976581888406626,74.20676276462626
1782352689.960608,0.784039,-0.421389,0.455710,0.451612,0.612977,0.410376,-0.675164,0.141592,0.097499,0.808702,0.580046,-0.551894,0.000000,0.000000,0.000000,1.000000,0.023976581888406626,74.20676276462626
1782352689.996575,0.784039,-0.421389,0.455710,0.451612,0.612977,0.410376,-0.675164,0.141592,0.097499,0.808702,0.580046,-0.551894,0.000000,0.000000,0.000000,1.000000,0.023976581888406626,74.20676276462626
1782352690.032408,0.784039,-0.421389,0.455710,0.451612,0.612977,0.410376,-0.675164,0.141592,0.097499,0.808702,0.580046,-0.551894,0.000000,0.000000,0.000000,1.000000,0.023976581888406626,74.20676276462626
1782352690.068438,0.784039,-0.421389,0.455710,0.451612,0.612977,0.410376,-0.675164,0.141592,0.097499,0.808702,0.580046,-0.551894,0.000000,0.000000,0.000000,1.000000,0.023976581888406626,74.20676276462626
1782352690.104581,0.784039,-0.421389,0.455710,0.451612,0.612977,0.410376,-0.675164,0.141592,0.097499,0.808702,0.580046,-0.551894,0.000000,0.000000,0.000000,1.000000,0.023976581888406626,74.20676276462626
1782352690.140629,0.784039,-0.421389,0.455710,0.451612,0.612977,0.410376,-0.675164,0.141592,0.097499,0.808702,0.580046,-0.551894,0.000000,0.000000,0.000000,1.000000,0.023976581888406626,74.20676276462626
1782352690.176689,0.784039,-0.421389,0.455710,0.451612,0.612977,0.410376,-0.675164,0.141592,0.097499,0.808702,0.580046,-0.551894,0.000000,0.000000,0.000000,1.000000,0.023976581888406626,74.20676276462626
1782352690.212549,0.784039,-0.421389,0.455710,0.451612,0.612977,0.410376,-0.675164,0.141592,0.097499,0.808702,0.580046,-0.551894,0.000000,0.000000,0.000000,1.000000,0.023976581888406626,74.20676276462626
1782352690.248525,0.784039,-0.421389,0.455710,0.451612,0.612977,0.410376,-0.675164,0.141592,0.097499,0.808702,0.580046,-0.551894,0.000000,0.000000,0.000000,1.000000,0.023976581888406626,74.20676276462626
1782352690.284733,0.784039,-0.421389,0.455710,0.451612,0.612977,0.410376,-0.675164,0.141592,0.097499,0.808702,0.580046,-0.551894,0.000000,0.000000,0.000000,1.000000,0.023976581888406626,74.20676276462626
1782352690.320937,0.784039,-0.421389,0.455710,0.451612,0.612977,0.410376,-0.675164,0.141592,0.097499,0.808702,0.580046,-0.551894,0.000000,0.000000,0.000000,1.000000,0.023976581888406626,74.20676276462626
1782352690.357439,0.784039,-0.421389,0.455710,0.451612,0.612977,0.410376,-0.675164,0.141592,0.097499,0.808702,0.580046,-0.551894,0.000000,0.000000,0.000000,1.000000,0.023976581888406626,74.20676276462626
1782352690.393569,0.784039,-0.421389,0.455710,0.451612,0.612977,0.410376,-0.675164,0.141592,0.097499,0.808702,0.580046,-0.551894,0.000000,0.000000,0.000000,1.000000,0.023976581888406626,74.20676276462626
1782352690.428415,0.784039,-0.421389,0.455710,0.451612,0.612977,0.410376,-0.675164,0.141592,0.097499,0.808702,0.580046,-0.551894,0.000000,0.000000,0.000000,1.000000,0.023976581888406626,74.20676276462626
1782352690.464560,0.784039,-0.421389,0.455710,0.451612,0.612977,0.410376,-0.675164,0.141592,0.097499,0.808702,0.580046,-0.551894,0.000000,0.000000,0.000000,1.000000,0.023976581888406626,74.20676276462626
1782352690.500379,0.784039,-0.421389,0.455710,0.451612,0.612977,0.410376,-0.675164,0.141592,0.097499,0.808702,0.580046,-0.551894,0.000000,0.000000,0.000000,1.000000,0.023976581888406626,74.20676276462626
1782352690.536223,0.784039,-0.421389,0.455710,0.451612,0.612977,0.410376,-0.675164,0.141592,0.097499,0.808702,0.580046,-0.551894,0.000000,0.000000,0.000000,1.000000,0.023976581888406626,74.20676276462626
1782352690.571628,0.784039,-0.421389,0.455710,0.451612,0.612977,0.410376,-0.675164,0.141592,0.097499,0.808702,0.580046,-0.551894,0.000000,0.000000,0.000000,1.000000,0.023976581888406626,74.20676276462626
1782352690.607455,0.784039,-0.421389,0.455710,0.451612,0.612977,0.410376,-0.675164,0.141592,0.097499,0.808702,0.580046,-0.551894,0.000000,0.000000,0.000000,1.000000,0.023976581888406626,74.20676276462626
1782352690.642510,0.784039,-0.421389,0.455710,0.451612,0.612977,0.410376,-0.675164,0.141592,0.097499,0.808702,0.580046,-0.551894,0.000000,0.000000,0.000000,1.000000,0.023976581888406626,74.20676276462626
1782352690.678480,0.784039,-0.421389,0.455710,0.451612,0.612977,0.410376,-0.675164,0.141592,0.097499,0.808702,0.580046,-0.551894,0.000000,0.000000,0.000000,1.000000,0.023976581888406626,74.20676276462626
1782352690.713039,0.784039,-0.421389,0.455710,0.451612,0.612977,0.410376,-0.675164,0.141592,0.097499,0.808702,0.580046,-0.551894,0.000000,0.000000,0.000000,1.000000,0.023976581888406626,74.20676276462626
1782352690.748554,0.784039,-0.421389,0.455710,0.451612,0.612977,0.410376,-0.675164,0.141592,0.097499,0.808702,0.580046,-0.551894,0.000000,0.000000,0.000000,1.000000,0.023976581888406626,74.20676276462626
1782352690.784261,0.798279,-0.393754,0.455704,0.452608,0.598267,0.431511,-0.675182,0.140562,0.069219,0.811624,0.580030,-0.553874,0.000000,0.000000,0.000000,1.000000,0.02308748808371057,74.59297017277021
1782352690.820239,0.798279,-0.393754,0.455704,0.452608,0.598267,0.431511,-0.675182,0.140562,0.069219,0.811624,0.580030,-0.553874,0.000000,0.000000,0.000000,1.000000,0.02308748808371057,74.59297017277021
1782352690.856152,0.798279,-0.393754,0.455704,0.452608,0.598267,0.431511,-0.675182,0.140562,0.069219,0.811624,0.580030,-0.553874,0.000000,0.000000,0.000000,1.000000,0.02308748808371057,74.59297017277021
1782352690.891890,0.798279,-0.393754,0.455704,0.452608,0.598267,0.431511,-0.675182,0.140562,0.069219,0.811624,0.580030,-0.553874,0.000000,0.000000,0.000000,1.000000,0.02308748808371057,74.59297017277021
1782352690.927878,0.798279,-0.393754,0.455704,0.452608,0.598267,0.431511,-0.675182,0.140562,0.069219,0.811624,0.580030,-0.553874,0.000000,0.000000,0.000000,1.000000,0.02308748808371057,74.59297017277021
1782352690.963723,0.798279,-0.393754,0.455704,0.452608,0.598267,0.431511,-0.675182,0.140562,0.069219,0.811624,0.580030,-0.553874,0.000000,0.000000,0.000000,1.000000,0.02308748808371057,74.59297017277021
1782352690.998789,0.798279,-0.393754,0.455704,0.452608,0.598267,0.431511,-0.675182,0.140562,0.069219,0.811624,0.580030,-0.553874,0.000000,0.000000,0.000000,1.000000,0.02308748808371057,74.59297017277021
1782352691.034654,0.798279,-0.393754,0.455704,0.452608,0.598267,0.431511,-0.675182,0.140562,0.069219,0.811624,0.580030,-0.553874,0.000000,0.000000,0.000000,1.000000,0.02308748808371057,74.59297017277021
1782352691.070544,0.798279,-0.393754,0.455704,0.452608,0.598267,0.431511,-0.675182,0.140562,0.069219,0.811624,0.580030,-0.553874,0.000000,0.000000,0.000000,1.000000,0.02308748808371057,74.59297017277021
1782352691.106735,0.798279,-0.393754,0.455704,0.452608,0.598267,0.431511,-0.675182,0.140562,0.069219,0.811624,0.580030,-0.553874,0.000000,0.000000,0.000000,1.000000,0.02308748808371057,74.59297017277021
1782352691.142690,0.798279,-0.393754,0.455704,0.452608,0.598267,0.431511,-0.675182,0.140562,0.069219,0.811624,0.580030,-0.553874,0.000000,0.000000,0.000000,1.000000,0.02308748808371057,74.59297017277021
1782352691.178882,0.798279,-0.393754,0.455704,0.452608,0.598267,0.431511,-0.675182,0.140562,0.069219,0.811624,0.580030,-0.553874,0.000000,0.000000,0.000000,1.000000,0.02308748808371057,74.59297017277021
1782352691.215061,0.798279,-0.393754,0.455704,0.452608,0.598267,0.431511,-0.675182,0.140562,0.069219,0.811624,0.580030,-0.553874,0.000000,0.000000,0.000000,1.000000,0.02308748808371057,74.59297017277021
1782352691.250790,0.798279,-0.393754,0.455704,0.452608,0.598267,0.431511,-0.675182,0.140562,0.069219,0.811624,0.580030,-0.553874,0.000000,0.000000,0.000000,1.000000,0.02308748808371057,74.59297017277021
1782352691.286530,0.798279,-0.393754,0.455704,0.452608,0.598267,0.431511,-0.675182,0.140562,0.069219,0.811624,0.580030,-0.553874,0.000000,0.000000,0.000000,1.000000,0.02308748808371057,74.59297017277021
1782352691.322284,0.798279,-0.393754,0.455704,0.452608,0.598267,0.431511,-0.675182,0.140562,0.069219,0.811624,0.580030,-0.553874,0.000000,0.000000,0.000000,1.000000,0.02308748808371057,74.59297017277021
1782352691.358331,0.798279,-0.393754,0.455704,0.452608,0.598267,0.431511,-0.675182,0.140562,0.069219,0.811624,0.580030,-0.553874,0.000000,0.000000,0.000000,1.000000,0.02308748808371057,74.59297017277021
1782352691.394314,0.798279,-0.393754,0.455704,0.452608,0.598267,0.431511,-0.675182,0.140562,0.069219,0.811624,0.580030,-0.553874,0.000000,0.000000,0.000000,1.000000,0.02308748808371057,74.59297017277021
1782352691.430062,0.784062,-0.421359,0.455699,0.451613,0.612948,0.410361,-0.675200,0.141590,0.097505,0.808725,0.580013,-0.551894,0.000000,0.000000,0.000000,1.000000,0.023977385539066906,74.20477456330244
1782352691.466186,0.784062,-0.421359,0.455699,0.451613,0.612948,0.410361,-0.675200,0.141590,0.097505,0.808725,0.580013,-0.551894,0.000000,0.000000,0.000000,1.000000,0.023977385539066906,74.20477456330244
1782352691.502216,0.784062,-0.421359,0.455699,0.451613,0.612948,0.410361,-0.675200,0.141590,0.097505,0.808725,0.580013,-0.551894,0.000000,0.000000,0.000000,1.000000,0.023977385539066906,74.20477456330244
1782352691.537720,0.784062,-0.421359,0.455699,0.451613,0.612948,0.410361,-0.675200,0.141590,0.097505,0.808725,0.580013,-0.551894,0.000000,0.000000,0.000000,1.000000,0.023977385539066906,74.20477456330244
1782352691.573732,0.784062,-0.421359,0.455699,0.451613,0.612948,0.410361,-0.675200,0.141590,0.097505,0.808725,0.580013,-0.551894,0.000000,0.000000,0.000000,1.000000,0.023977385539066906,74.20477456330244
1782352691.609538,0.784062,-0.421359,0.455699,0.451613,0.612948,0.410361,-0.675200,0.141590,0.097505,0.808725,0.580013,-0.551894,0.000000,0.000000,0.000000,1.000000,0.023977385539066906,74.20477456330244
1782352691.645303,0.784062,-0.421359,0.455699,0.451613,0.612948,0.410361,-0.675200,0.141590,0.097505,0.808725,0.580013,-0.551894,0.000000,0.000000,0.000000,1.000000,0.023977385539066906,74.20477456330244
1782352691.680412,0.784062,-0.421359,0.455699,0.451613,0.612948,0.410361,-0.675200,0.141590,0.097505,0.808725,0.580013,-0.551894,0.000000,0.000000,0.000000,1.000000,0.023977385539066906,74.20477456330244
1782352691.715926,0.784062,-0.421359,0.455699,0.451613,0.612948,0.410361,-0.675200,0.141590,0.097505,0.808725,0.580013,-0.551894,0.000000,0.000000,0.000000,1.000000,0.023977385539066906,74.20477456330244
1782352691.751283,0.784062,-0.421359,0.455699,0.451613,0.612948,0.410361,-0.675200,0.141590,0.097505,0.808725,0.580013,-0.551894,0.000000,0.000000,0.000000,1.000000,0.023977385539066906,74.20477456330244
1782352691.787852,0.784062,-0.421359,0.455699,0.451613,0.612948,0.410361,-0.675200,0.141590,0.097505,0.808725,0.580013,-0.551894,0.000000,0.000000,0.000000,1.000000,0.023977385539066906,74.20477456330244
1782352691.823942,0.784062,-0.421359,0.455699,0.451613,0.612948,0.410361,-0.675200,0.141590,0.097505,0.808725,0.580013,-0.551894,0.000000,0.000000,0.000000,1.000000,0.023977385539066906,74.20477456330244
1782352691.859746,0.784062,-0.421359,0.455699,0.451613,0.612948,0.410361,-0.675200,0.141590,0.097505,0.808725,0.580013,-0.551894,0.000000,0.000000,0.000000,1.000000,0.023977385539066906,74.20477456330244
1782352691.895087,0.784062,-0.421359,0.455699,0.451613,0.612948,0.410361,-0.675200,0.141590,0.097505,0.808725,0.580013,-0.551894,0.000000,0.000000,0.000000,1.000000,0.023977385539066906,74.20477456330244
1782352691.931048,0.784062,-0.421359,0.455699,0.451613,0.612948,0.410361,-0.675200,0.141590,0.097505,0.808725,0.580013,-0.551894,0.000000,0.000000,0.000000,1.000000,0.023977385539066906,74.20477456330244
1782352691.967025,0.784062,-0.421359,0.455699,0.451613,0.612948,0.410361,-0.675200,0.141590,0.097505,0.808725,0.580013,-0.551894,0.000000,0.000000,0.000000,1.000000,0.023977385539066906,74.20477456330244
1782352692.002935,0.784062,-0.421359,0.455699,0.451613,0.612948,0.410361,-0.675200,0.141590,0.097505,0.808725,0.580013,-0.551894,0.000000,0.000000,0.000000,1.000000,0.023977385539066906,74.20477456330244
1782352692.038835,0.767885,-0.423582,0.480508,0.450481,0.635875,0.413526,-0.651655,0.143195,0.077332,0.805947,0.586880,-0.553306,0.000000,0.000000,0.000000,1.000000,0.022746876029416645,74.60854912917767
1782352692.074790,0.767885,-0.423582,0.480508,0.450481,0.635875,0.413526,-0.651655,0.143195,0.077332,0.805947,0.586880,-0.553306,0.000000,0.000000,0.000000,1.000000,0.022746876029416645,74.60854912917767
1782352692.110866,0.767885,-0.423582,0.480508,0.450481,0.635875,0.413526,-0.651655,0.143195,0.077332,0.805947,0.586880,-0.553306,0.000000,0.000000,0.000000,1.000000,0.022746876029416645,74.60854912917767
1782352692.146626,0.767885,-0.423582,0.480508,0.450481,0.635875,0.413526,-0.651655,0.143195,0.077332,0.805947,0.586880,-0.553306,0.000000,0.000000,0.000000,1.000000,0.022746876029416645,74.60854912917767
1782352692.182532,0.767885,-0.423582,0.480508,0.450481,0.635875,0.413526,-0.651655,0.143195,0.077332,0.805947,0.586880,-0.553306,0.000000,0.000000,0.000000,1.000000,0.022746876029416645,74.60854912917767
1782352692.218653,0.767885,-0.423582,0.480508,0.450481,0.635875,0.413526,-0.651655,0.143195,0.077332,0.805947,0.586880,-0.553306,0.000000,0.000000,0.000000,1.000000,0.022746876029416645,74.60854912917767
1782352692.254744,0.767885,-0.423582,0.480508,0.450481,0.635875,0.413526,-0.651655,0.143195,0.077332,0.805947,0.586880,-0.553306,0.000000,0.000000,0.000000,1.000000,0.022746876029416645,74.60854912917767
1782352692.290682,0.767885,-0.423582,0.480508,0.450481,0.635875,0.413526,-0.651655,0.143195,0.077332,0.805947,0.586880,-0.553306,0.000000,0.000000,0.000000,1.000000,0.022746876029416645,74.60854912917767
1782352692.326781,0.767885,-0.423582,0.480508,0.450481,0.635875,0.413526,-0.651655,0.143195,0.077332,0.805947,0.586880,-0.553306,0.000000,0.000000,0.000000,1.000000,0.022746876029416645,74.60854912917767
1782352692.363030,0.767885,-0.423582,0.480508,0.450481,0.635875,0.413526,-0.651655,0.143195,0.077332,0.805947,0.586880,-0.553306,0.000000,0.000000,0.000000,1.000000,0.022746876029416645,74.60854912917767
1782352692.399496,0.767885,-0.423582,0.480508,0.450481,0.635875,0.413526,-0.651655,0.143195,0.077332,0.805947,0.586880,-0.553306,0.000000,0.000000,0.000000,1.000000,0.022746876029416645,74.60854912917767
1782352692.434579,0.767885,-0.423582,0.480508,0.450481,0.635875,0.413526,-0.651655,0.143195,0.077332,0.805947,0.586880,-0.553306,0.000000,0.000000,0.000000,1.000000,0.022746876029416645,74.60854912917767
1782352692.470431,0.767885,-0.423582,0.480508,0.450481,0.635875,0.413526,-0.651655,0.143195,0.077332,0.805947,0.586880,-0.553306,0.000000,0.000000,0.000000,1.000000,0.022746876029416645,74.60854912917767
1782352692.506462,0.767885,-0.423582,0.480508,0.450481,0.635875,0.413526,-0.651655,0.143195,0.077332,0.805947,0.586880,-0.553306,0.000000,0.000000,0.000000,1.000000,0.022746876029416645,74.60854912917767
1782352692.542273,0.767885,-0.423582,0.480508,0.450481,0.635875,0.413526,-0.651655,0.143195,0.077332,0.805947,0.586880,-0.553306,0.000000,0.000000,0.000000,1.000000,0.022746876029416645,74.60854912917767
1782352692.578158,0.767885,-0.423582,0.480508,0.450481,0.635875,0.413526,-0.651655,0.143195,0.077332,0.805947,0.586880,-0.553306,0.000000,0.000000,0.000000,1.000000,0.022746876029416645,74.60854912917767
1782352692.614254,0.767885,-0.423582,0.480508,0.450481,0.635875,0.413526,-0.651655,0.143195,0.077332,0.805947,0.586880,-0.553306,0.000000,0.000000,0.000000,1.000000,0.022746876029416645,74.60854912917767
1782352692.649649,0.767885,-0.423582,0.480508,0.450481,0.635875,0.413526,-0.651655,0.143195,0.077332,0.805947,0.586880,-0.553306,0.000000,0.000000,0.000000,1.000000,0.022746876029416645,74.60854912917767
1782352692.685641,0.767885,-0.423582,0.480508,0.450481,0.635875,0.413526,-0.651655,0.143195,0.077332,0.805947,0.586880,-0.553306,0.000000,0.000000,0.000000,1.000000,0.022746876029416645,74.60854912917767
1782352692.721176,0.784085,-0.421330,0.455686,0.451615,0.612917,0.410347,-0.675236,0.141587,0.097512,0.808748,0.579981,-0.551893,0.000000,0.000000,0.000000,1.000000,0.023978235850235476,74.2027952943332
1782352692.756930,0.784085,-0.421330,0.455686,0.451615,0.612917,0.410347,-0.675236,0.141587,0.097512,0.808748,0.579981,-0.551893,0.000000,0.000000,0.000000,1.000000,0.023978235850235476,74.2027952943332
1782352692.792917,0.784085,-0.421330,0.455686,0.451615,0.612917,0.410347,-0.675236,0.141587,0.097512,0.808748,0.579981,-0.551893,0.000000,0.000000,0.000000,1.000000,0.023978235850235476,74.2027952943332
1782352692.828731,0.784085,-0.421330,0.455686,0.451615,0.612917,0.410347,-0.675236,0.141587,0.097512,0.808748,0.579981,-0.551893,0.000000,0.000000,0.000000,1.000000,0.023978235850235476,74.2027952943332
1782352692.864776,0.784085,-0.421330,0.455686,0.451615,0.612917,0.410347,-0.675236,0.141587,0.097512,0.808748,0.579981,-0.551893,0.000000,0.000000,0.000000,1.000000,0.023978235850235476,74.2027952943332
1782352692.900686,0.784085,-0.421330,0.455686,0.451615,0.612917,0.410347,-0.675236,0.141587,0.097512,0.808748,0.579981,-0.551893,0.000000,0.000000,0.000000,1.000000,0.023978235850235476,74.2027952943332
1782352692.936415,0.784085,-0.421330,0.455686,0.451615,0.612917,0.410347,-0.675236,0.141587,0.097512,0.808748,0.579981,-0.551893,0.000000,0.000000,0.000000,1.000000,0.023978235850235476,74.2027952943332
1782352692.972232,0.784085,-0.421330,0.455686,0.451615,0.612917,0.410347,-0.675236,0.141587,0.097512,0.808748,0.579981,-0.551893,0.000000,0.000000,0.000000,1.000000,0.023978235850235476,74.2027952943332
1782352693.008008,0.784085,-0.421330,0.455686,0.451615,0.612917,0.410347,-0.675236,0.141587,0.097512,0.808748,0.579981,-0.551893,0.000000,0.000000,0.000000,1.000000,0.023978235850235476,74.2027952943332
1782352693.044042,0.784085,-0.421330,0.455686,0.451615,0.612917,0.410347,-0.675236,0.141587,0.097512,0.808748,0.579981,-0.551893,0.000000,0.000000,0.000000,1.000000,0.023978235850235476,74.2027952943332
1782352693.079896,0.784085,-0.421330,0.455686,0.451615,0.612917,0.410347,-0.675236,0.141587,0.097512,0.808748,0.579981,-0.551893,0.000000,0.000000,0.000000,1.000000,0.023978235850235476,74.2027952943332
1782352693.115302,0.799415,-0.419197,0.430311,0.452688,0.589158,0.407057,-0.697992,0.139924,0.117440,0.811514,0.572374,-0.550499,0.000000,0.000000,0.000000,1.000000,0.02531773197207433,73.84151217581734
1782352693.151523,0.799415,-0.419197,0.430311,0.452688,0.589158,0.407057,-0.697992,0.139924,0.117440,0.811514,0.572374,-0.550499,0.000000,0.000000,0.000000,1.000000,0.02531773197207433,73.84151217581734
1782352693.187734,0.799415,-0.419197,0.430311,0.452688,0.589158,0.407057,-0.697992,0.139924,0.117440,0.811514,0.572374,-0.550499,0.000000,0.000000,0.000000,1.000000,0.02531773197207433,73.84151217581734
1782352693.223791,0.799415,-0.419197,0.430311,0.452688,0.589158,0.407057,-0.697992,0.139924,0.117440,0.811514,0.572374,-0.550499,0.000000,0.000000,0.000000,1.000000,0.02531773197207433,73.84151217581734
1782352693.259281,0.799415,-0.419197,0.430311,0.452688,0.589158,0.407057,-0.697992,0.139924,0.117440,0.811514,0.572374,-0.550499,0.000000,0.000000,0.000000,1.000000,0.02531773197207433,73.84151217581734
1782352693.294906,0.799415,-0.419197,0.430311,0.452688,0.589158,0.407057,-0.697992,0.139924,0.117440,0.811514,0.572374,-0.550499,0.000000,0.000000,0.000000,1.000000,0.02531773197207433,73.84151217581734
1782352693.330841,0.799415,-0.419197,0.430311,0.452688,0.589158,0.407057,-0.697992,0.139924,0.117440,0.811514,0.572374,-0.550499,0.000000,0.000000,0.000000,1.000000,0.02531773197207433,73.84151217581734
1782352693.366826,0.799415,-0.419197,0.430311,0.452688,0.589158,0.407057,-0.697992,0.139924,0.117440,0.811514,0.572374,-0.550499,0.000000,0.000000,0.000000,1.000000,0.02531773197207433,73.84151217581734
1782352693.402515,0.799415,-0.419197,0.430311,0.452688,0.589158,0.407057,-0.697992,0.139924,0.117440,0.811514,0.572374,-0.550499,0.000000,0.000000,0.000000,1.000000,0.02531773197207433,73.84151217581734
1782352693.438466,0.799415,-0.419197,0.430311,0.452688,0.589158,0.407057,-0.697992,0.139924,0.117440,0.811514,0.572374,-0.550499,0.000000,0.000000,0.000000,1.000000,0.02531773197207433,73.84151217581734
1782352693.474463,0.799415,-0.419197,0.430311,0.452688,0.589158,0.407057,-0.697992,0.139924,0.117440,0.811514,0.572374,-0.550499,0.000000,0.000000,0.000000,1.000000,0.02531773197207433,73.84151217581734
1782352693.510497,0.799415,-0.419197,0.430311,0.452688,0.589158,0.407057,-0.697992,0.139924,0.117440,0.811514,0.572374,-0.550499,0.000000,0.000000,0.000000,1.000000,0.02531773197207433,73.84151217581734
1782352693.546353,0.795165,-0.408374,0.448219,0.452390,0.594545,0.379883,-0.708661,0.140301,0.119133,0.829996,0.544859,-0.550380,0.000000,0.000000,0.000000,1.000000,0.025277037801165112,71.87032334777753
1782352693.582065,0.795165,-0.408374,0.448219,0.452390,0.594545,0.379883,-0.708661,0.140301,0.119133,0.829996,0.544859,-0.550380,0.000000,0.000000,0.000000,1.000000,0.025277037801165112,71.87032334777753
1782352693.617594,0.795165,-0.408374,0.448219,0.452390,0.594545,0.379883,-0.708661,0.140301,0.119133,0.829996,0.544859,-0.550380,0.000000,0.000000,0.000000,1.000000,0.025277037801165112,71.87032334777753
1782352693.652870,0.795165,-0.408374,0.448219,0.452390,0.594545,0.379883,-0.708661,0.140301,0.119133,0.829996,0.544859,-0.550380,0.000000,0.000000,0.000000,1.000000,0.025277037801165112,71.87032334777753
1782352693.688803,0.795165,-0.408374,0.448219,0.452390,0.594545,0.379883,-0.708661,0.140301,0.119133,0.829996,0.544859,-0.550380,0.000000,0.000000,0.000000,1.000000,0.025277037801165112,71.87032334777753
1782352693.724502,0.795165,-0.408374,0.448219,0.452390,0.594545,0.379883,-0.708661,0.140301,0.119133,0.829996,0.544859,-0.550380,0.000000,0.000000,0.000000,1.000000,0.025277037801165112,71.87032334777753
1782352693.760243,0.795165,-0.408374,0.448219,0.452390,0.594545,0.379883,-0.708661,0.140301,0.119133,0.829996,0.544859,-0.550380,0.000000,0.000000,0.000000,1.000000,0.025277037801165112,71.87032334777753
1782352693.795817,0.795165,-0.408374,0.448219,0.452390,0.594545,0.379883,-0.708661,0.140301,0.119133,0.829996,0.544859,-0.550380,0.000000,0.000000,0.000000,1.000000,0.025277037801165112,71.87032334777753
1782352693.831412,0.795165,-0.408374,0.448219,0.452390,0.594545,0.379883,-0.708661,0.140301,0.119133,0.829996,0.544859,-0.550380,0.000000,0.000000,0.000000,1.000000,0.025277037801165112,71.87032334777753
1782352693.866510,0.795165,-0.408374,0.448219,0.452390,0.594545,0.379883,-0.708661,0.140301,0.119133,0.829996,0.544859,-0.550380,0.000000,0.000000,0.000000,1.000000,0.025277037801165112,71.87032334777753
1782352693.902122,0.790891,-0.396924,0.465727,0.452091,0.599836,0.352332,-0.718370,0.140672,0.121052,0.847518,0.516738,-0.550246,0.000000,0.000000,0.000000,1.000000,0.02525497459034822,69.90059030606609
1782352693.937934,0.790891,-0.396924,0.465727,0.452091,0.599836,0.352332,-0.718370,0.140672,0.121052,0.847518,0.516738,-0.550246,0.000000,0.000000,0.000000,1.000000,0.02525497459034822,69.90059030606609
1782352693.973784,0.790891,-0.396924,0.465727,0.452091,0.599836,0.352332,-0.718370,0.140672,0.121052,0.847518,0.516738,-0.550246,0.000000,0.000000,0.000000,1.000000,0.02525497459034822,69.90059030606609
1782352694.009974,0.790891,-0.396924,0.465727,0.452091,0.599836,0.352332,-0.718370,0.140672,0.121052,0.847518,0.516738,-0.550246,0.000000,0.000000,0.000000,1.000000,0.02525497459034822,69.90059030606609
1782352694.046107,0.790891,-0.396924,0.465727,0.452091,0.599836,0.352332,-0.718370,0.140672,0.121052,0.847518,0.516738,-0.550246,0.000000,0.000000,0.000000,1.000000,0.02525497459034822,69.90059030606609
1782352694.081990,0.790891,-0.396924,0.465727,0.452091,0.599836,0.352332,-0.718370,0.140672,0.121052,0.847518,0.516738,-0.550246,0.000000,0.000000,0.000000,1.000000,0.02525497459034822,69.90059030606609
1782352694.118049,0.790891,-0.396924,0.465727,0.452091,0.599836,0.352332,-0.718370,0.140672,0.121052,0.847518,0.516738,-0.550246,0.000000,0.000000,0.000000,1.000000,0.02525497459034822,69.90059030606609
1782352694.153379,0.790891,-0.396924,0.465727,0.452091,0.599836,0.352332,-0.718370,0.140672,0.121052,0.847518,0.516738,-0.550246,0.000000,0.000000,0.000000,1.000000,0.02525497459034822,69.90059030606609
1782352694.189667,0.790891,-0.396924,0.465727,0.452091,0.599836,0.352332,-0.718370,0.140672,0.121052,0.847518,0.516738,-0.550246,0.000000,0.000000,0.000000,1.000000,0.02525497459034822,69.90059030606609
1782352694.225354,0.790891,-0.396924,0.465727,0.452091,0.599836,0.352332,-0.718370,0.140672,0.121052,0.847518,0.516738,-0.550246,0.000000,0.000000,0.000000,1.000000,0.02525497459034822,69.90059030606609
1782352694.261082,0.790891,-0.396924,0.465727,0.452091,0.599836,0.352332,-0.718370,0.140672,0.121052,0.847518,0.516738,-0.550246,0.000000,0.000000,0.000000,1.000000,0.02525497459034822,69.90059030606609
1782352694.296912,0.790891,-0.396924,0.465727,0.452091,0.599836,0.352332,-0.718370,0.140672,0.121052,0.847518,0.516738,-0.550246,0.000000,0.000000,0.000000,1.000000,0.02525497459034822,69.90059030606609
1782352694.332508,0.790891,-0.396924,0.465727,0.452091,0.599836,0.352332,-0.718370,0.140672,0.121052,0.847518,0.516738,-0.550246,0.000000,0.000000,0.000000,1.000000,0.02525497459034822,69.90059030606609
1782352694.367459,0.790891,-0.396924,0.465727,0.452091,0.599836,0.352332,-0.718370,0.140672,0.121052,0.847518,0.516738,-0.550246,0.000000,0.000000,0.000000,1.000000,0.02525497459034822,69.90059030606609
1782352694.402878,0.786597,-0.384859,0.482812,0.451791,0.605024,0.324439,-0.727105,0.141035,0.123194,0.864057,0.488044,-0.550096,0.000000,0.000000,0.000000,1.000000,0.025251617086075904,67.93244624547772
1782352694.438325,0.786597,-0.384859,0.482812,0.451791,0.605024,0.324439,-0.727105,0.141035,0.123194,0.864057,0.488044,-0.550096,0.000000,0.000000,0.000000,1.000000,0.025251617086075904,67.93244624547772
1782352694.473069,0.782288,-0.372194,0.499454,0.451489,0.610103,0.296237,-0.734856,0.141390,0.125558,0.879594,0.458812,-0.549930,0.000000,0.000000,0.000000,1.000000,0.02526697567395053,65.96603942007897
1782352694.508937,0.782288,-0.372194,0.499454,0.451489,0.610103,0.296237,-0.734856,0.141390,0.125558,0.879594,0.458812,-0.549930,0.000000,0.000000,0.000000,1.000000,0.02526697567395053,65.96603942007897
1782352694.544917,0.782288,-0.372194,0.499454,0.451489,0.610103,0.296237,-0.734856,0.141390,0.125558,0.879594,0.458812,-0.549930,0.000000,0.000000,0.000000,1.000000,0.02526697567395053,65.96603942007897
1782352694.580766,0.777971,-0.358946,0.515633,0.451187,0.615067,0.267760,-0.741615,0.141738,0.128139,0.894109,0.429078,-0.549750,0.000000,0.000000,0.000000,1.000000,0.025300996261116773,64.00153540932038
1782352694.617110,0.777971,-0.358946,0.515633,0.451187,0.615067,0.267760,-0.741615,0.141738,0.128139,0.894109,0.429078,-0.549750,0.000000,0.000000,0.000000,1.000000,0.025300996261116773,64.00153540932038
1782352694.652616,0.773650,-0.345130,0.531328,0.450884,0.619909,0.239045,-0.747373,0.142077,0.130934,0.907585,0.398878,-0.549554,0.000000,0.000000,0.000000,1.000000,0.02535356090141531,62.039119808931666
1782352694.688517,0.773650,-0.345130,0.531328,0.450884,0.619909,0.239045,-0.747373,0.142077,0.130934,0.907585,0.398878,-0.549554,0.000000,0.000000,0.000000,1.000000,0.02535356090141531,62.039119808931666
1782352694.723397,0.769331,-0.330762,0.546520,0.450582,0.624624,0.210125,-0.752122,0.142407,0.133941,0.920006,0.368250,-0.549343,0.000000,0.000000,0.000000,1.000000,0.02542448914567612,60.07900144037672
1782352694.759081,0.769331,-0.330762,0.546520,0.450582,0.624624,0.210125,-0.752122,0.142407,0.133941,0.920006,0.368250,-0.549343,0.000000,0.000000,0.000000,1.000000,0.02542448914567612,60.07900144037672
1782352694.795010,0.769331,-0.330762,0.546520,0.450582,0.624624,0.210125,-0.752122,0.142407,0.133941,0.920006,0.368250,-0.549343,0.000000,0.000000,0.000000,1.000000,0.02542448914567612,60.07900144037672
1782352694.831022,0.765018,-0.315862,0.561192,0.450280,0.629207,0.181035,-0.755858,0.142728,0.137156,0.931355,0.337230,-0.549118,0.000000,0.000000,0.000000,1.000000,0.025513540079446624,58.12141619674328
1782352694.867269,0.765018,-0.315862,0.561192,0.450280,0.629207,0.181035,-0.755858,0.142728,0.137156,0.931355,0.337230,-0.549118,0.000000,0.000000,0.000000,1.000000,0.025513540079446624,58.12141619674328
1782352694.903608,0.760718,-0.300446,0.575324,0.449979,0.633651,0.151813,-0.758575,0.143039,0.140574,0.941621,0.305856,-0.548879,0.000000,0.000000,0.000000,1.000000,0.02562041499227132,56.16663167414873
1782352694.939561,0.760718,-0.300446,0.575324,0.449979,0.633651,0.151813,-0.758575,0.143039,0.140574,0.941621,0.305856,-0.548879,0.000000,0.000000,0.000000,1.000000,0.02562041499227132,56.16663167414873
1782352694.974945,0.756435,-0.284534,0.588901,0.449679,0.637951,0.122492,-0.760270,0.143340,0.144192,0.950789,0.274168,-0.548626,0.000000,0.000000,0.000000,1.000000,0.02574476060721995,54.2149527784306
1782352695.010806,0.756435,-0.284534,0.588901,0.449679,0.637951,0.122492,-0.760270,0.143340,0.144192,0.950789,0.274168,-0.548626,0.000000,0.000000,0.000000,1.000000,0.02574476060721995,54.2149527784306
1782352695.046791,0.756435,-0.284534,0.588901,0.449679,0.637951,0.122492,-0.760270,0.143340,0.144192,0.950789,0.274168,-0.548626,0.000000,0.000000,0.000000,1.000000,0.02574476060721995,54.2149527784306
1782352695.082767,0.752175,-0.268145,0.601905,0.449381,0.642102,0.093110,-0.760941,0.143630,0.148005,0.958849,0.242203,-0.548359,0.000000,0.000000,0.000000,1.000000,0.025886172787336598,52.266728550306716
1782352695.119132,0.752175,-0.268145,0.601905,0.449381,0.642102,0.093110,-0.760941,0.143630,0.148005,0.958849,0.242203,-0.548359,0.000000,0.000000,0.000000,1.000000,0.025886172787336598,52.266728550306716
1782352695.154979,0.747942,-0.251299,0.614320,0.449085,0.646098,0.063701,-0.760588,0.143910,0.152008,0.965791,0.210000,-0.548079,0.000000,0.000000,0.000000,1.000000,0.026044200627452264,50.322360522831715
1782352695.190813,0.747942,-0.251299,0.614320,0.449085,0.646098,0.063701,-0.760588,0.143910,0.152008,0.965791,0.210000,-0.548079,0.000000,0.000000,0.000000,1.000000,0.026044200627452264,50.322360522831715
1782352695.226496,0.747942,-0.251299,0.614320,0.449085,0.646098,0.063701,-0.760588,0.143910,0.152008,0.965791,0.210000,-0.548079,0.000000,0.000000,0.000000,1.000000,0.026044200627452264,50.322360522831715
1782352695.262212,0.743743,-0.234018,0.626131,0.448791,0.649936,0.034302,-0.759212,0.144179,0.156197,0.971607,0.177600,-0.547786,0.000000,0.000000,0.000000,1.000000,0.026218350835496347,48.382313019103705
1782352695.298194,0.743743,-0.234018,0.626131,0.448791,0.649936,0.034302,-0.759212,0.144179,0.156197,0.971607,0.177600,-0.547786,0.000000,0.000000,0.000000,1.000000,0.026218350835496347,48.382313019103705
1782352695.333467,0.739581,-0.216321,0.637325,0.448499,0.653610,0.004949,-0.756813,0.144436,0.160566,0.976289,0.145041,-0.547480,0.000000,0.000000,0.000000,1.000000,0.02640809230693482,46.44712592457213
1782352695.369495,0.739581,-0.216321,0.637325,0.448499,0.653610,0.004949,-0.756813,0.144436,0.160566,0.976289,0.145041,-0.547480,0.000000,0.000000,0.000000,1.000000,0.02640809230693482,46.44712592457213
1782352695.404503,0.735463,-0.198230,0.647887,0.448211,0.657116,-0.024323,-0.753394,0.144681,0.165110,0.979833,0.112363,-0.547162,0.000000,0.000000,0.000000,1.000000,0.026612860798933723,44.51743063938384
1782352695.440241,0.735463,-0.198230,0.647887,0.448211,0.657116,-0.024323,-0.753394,0.144681,0.165110,0.979833,0.112363,-0.547162,0.000000,0.000000,0.000000,1.000000,0.026612860798933723,44.51743063938384
1782352695.475260,0.731393,-0.179769,0.657804,0.447926,0.660449,-0.053478,-0.748961,0.144915,0.169823,0.982233,0.079606,-0.546832,0.000000,0.000000,0.000000,1.000000,0.026832063616780765,42.59397014967486
1782352695.510554,0.731393,-0.179769,0.657804,0.447926,0.660449,-0.053478,-0.748961,0.144915,0.169823,0.982233,0.079606,-0.546832,0.000000,0.000000,0.000000,1.000000,0.026832063616780765,42.59397014967486
1782352695.545536,0.731393,-0.179769,0.657804,0.447926,0.660449,-0.053478,-0.748961,0.144915,0.169823,0.982233,0.079606,-0.546832,0.000000,0.000000,0.000000,1.000000,0.026832063616780765,42.59397014967486
1782352695.581711,0.727375,-0.160958,0.667065,0.447645,0.663606,-0.082480,-0.743519,0.145136,0.174700,0.983487,0.046810,-0.546490,0.000000,0.000000,0.000000,1.000000,0.027065084233397596,40.677624477935794
1782352695.617152,0.727375,-0.160958,0.667065,0.447645,0.663606,-0.082480,-0.743519,0.145136,0.174700,0.983487,0.046810,-0.546490,0.000000,0.000000,0.000000,1.000000,0.027065084233397596,40.677624477935794
1782352695.652852,0.723416,-0.141822,0.675658,0.447368,0.666583,-0.111293,-0.737073,0.145344,0.179735,0.983594,0.014015,-0.546138,0.000000,0.000000,0.000000,1.000000,0.027311286772767673,38.76944321815369
1782352695.688185,0.723416,-0.141822,0.675658,0.447368,0.666583,-0.111293,-0.737073,0.145344,0.179735,0.983594,0.014015,-0.546138,0.000000,0.000000,0.000000,1.000000,0.027311286772767673,38.76944321815369
1782352695.723906,0.723416,-0.141822,0.675658,0.447368,0.666583,-0.111293,-0.737073,0.145344,0.179735,0.983594,0.014015,-0.546138,0.000000,0.000000,0.000000,1.000000,0.027311286772767673,38.76944321815369
1782352695.759547,0.719520,-0.122383,0.683572,0.447095,0.669375,-0.139884,-0.729633,0.145540,0.184921,0.982554,-0.018738,-0.545775,0.000000,0.000000,0.000000,1.000000,0.027570020299141174,36.870687484412365
1782352695.795928,0.719520,-0.122383,0.683572,0.447095,0.669375,-0.139884,-0.729633,0.145540,0.184921,0.982554,-0.018738,-0.545775,0.000000,0.000000,0.000000,1.000000,0.027570020299141174,36.870687484412365
1782352695.831894,0.715691,-0.102666,0.690799,0.446827,0.671981,-0.168217,-0.721207,0.145722,0.190253,0.980367,-0.051411,-0.545402,0.000000,0.000000,0.000000,1.000000,0.0278406228653282,34.98288447910326
1782352695.868225,0.715691,-0.102666,0.690799,0.446827,0.671981,-0.168217,-0.721207,0.145722,0.190253,0.980367,-0.051411,-0.545402,0.000000,0.000000,0.000000,1.000000,0.0278406228653282,34.98288447910326
1782352695.904212,0.711935,-0.082693,0.697330,0.446564,0.674396,-0.196257,-0.711806,0.145891,0.195723,0.977037,-0.083963,-0.545019,0.000000,0.000000,0.000000,1.000000,0.028122425284726967,33.10789913074698
1782352695.939971,0.711935,-0.082693,0.697330,0.446564,0.674396,-0.196257,-0.711806,0.145891,0.195723,0.977037,-0.083963,-0.545019,0.000000,0.000000,0.000000,1.000000,0.028122425284726967,33.10789913074698
1782352695.975850,0.708255,-0.062491,0.703156,0.446307,0.676618,-0.223971,-0.701442,0.146047,0.201326,0.972568,-0.116355,-0.544626,0.000000,0.000000,0.000000,1.000000,0.028414754602516402,31.248029022918704
1782352696.011618,0.708255,-0.062491,0.703156,0.446307,0.676618,-0.223971,-0.701442,0.146047,0.201326,0.972568,-0.116355,-0.544626,0.000000,0.000000,0.000000,1.000000,0.028414754602516402,31.248029022918704
1782352696.047644,0.708255,-0.062491,0.703156,0.446307,0.676618,-0.223971,-0.701442,0.146047,0.201326,0.972568,-0.116355,-0.544626,0.000000,0.000000,0.000000,1.000000,0.028414754602516402,31.248029022918704
1782352696.083653,0.704656,-0.042083,0.708270,0.446055,0.678644,-0.251324,-0.690126,0.146188,0.207053,0.966965,-0.148547,-0.544226,0.000000,0.000000,0.000000,1.000000,0.028716937251321614,29.406131363370392
1782352696.119312,0.704656,-0.042083,0.708270,0.446055,0.678644,-0.251324,-0.690126,0.146188,0.207053,0.966965,-0.148547,-0.544226,0.000000,0.000000,0.000000,1.000000,0.028716937251321614,29.406131363370392
1782352696.154587,0.701143,-0.021494,0.712667,0.445809,0.680472,-0.278283,-0.677873,0.146316,0.212899,0.960236,-0.180500,-0.543816,0.000000,0.000000,0.000000,1.000000,0.029028301885436363,27.58579433814828
1782352696.190145,0.701143,-0.021494,0.712667,0.445809,0.680472,-0.278283,-0.677873,0.146316,0.212899,0.960236,-0.180500,-0.543816,0.000000,0.000000,0.000000,1.000000,0.029028301885436363,27.58579433814828
1782352696.225990,0.701143,-0.021494,0.712667,0.445809,0.680472,-0.278283,-0.677873,0.146316,0.212899,0.960236,-0.180500,-0.543816,0.000000,0.000000,0.000000,1.000000,0.029028301885436363,27.58579433814828
1782352696.261694,0.697720,-0.000749,0.716341,0.445569,0.682098,-0.304816,-0.664699,0.146430,0.218856,0.952388,-0.212175,-0.543399,0.000000,0.000000,0.000000,1.000000,0.02934818189519809,25.791570253297024
1782352696.297992,0.697720,-0.000749,0.716341,0.445569,0.682098,-0.304816,-0.664699,0.146430,0.218856,0.952388,-0.212175,-0.543399,0.000000,0.000000,0.000000,1.000000,0.02934818189519809,25.791570253297024
1782352696.334226,0.694391,0.020126,0.719287,0.445336,0.683523,-0.330891,-0.650618,0.146530,0.224917,0.943431,-0.243533,-0.542975,0.000000,0.000000,0.000000,1.000000,0.029675917609336282,24.029294795552612
1782352696.370120,0.694391,0.020126,0.719287,0.445336,0.683523,-0.330891,-0.650618,0.146530,0.224917,0.943431,-0.243533,-0.542975,0.000000,0.000000,0.000000,1.000000,0.029675917609336282,24.029294795552612
1782352696.405698,0.691160,0.041107,0.721502,0.445110,0.684743,-0.356474,-0.635648,0.146615,0.231074,0.933377,-0.274537,-0.542544,0.000000,0.000000,0.000000,1.000000,0.03001085819806441,22.306525709363456
1782352696.441813,0.691160,0.041107,0.721502,0.445110,0.684743,-0.356474,-0.635648,0.146615,0.231074,0.933377,-0.274537,-0.542544,0.000000,0.000000,0.000000,1.000000,0.03001085819806441,22.306525709363456
1782352696.477597,0.691160,0.041107,0.721502,0.445110,0.684743,-0.356474,-0.635648,0.146615,0.231074,0.933377,-0.274537,-0.542544,0.000000,0.000000,0.000000,1.000000,0.03001085819806441,22.306525709363456
1782352696.513204,0.688031,0.062166,0.722984,0.444891,0.685757,-0.381537,-0.619809,0.146686,0.237320,0.922238,-0.305149,-0.542107,0.000000,0.000000,0.000000,1.000000,0.030352363293431384,20.633144356567698
1782352696.549077,0.688031,0.062166,0.722984,0.444891,0.685757,-0.381537,-0.619809,0.146686,0.237320,0.922238,-0.305149,-0.542107,0.000000,0.000000,0.000000,1.000000,0.030352363293431384,20.633144356567698
1782352696.584961,0.685008,0.083280,0.723731,0.444679,0.686564,-0.406047,-0.603118,0.146743,0.243648,0.910026,-0.335331,-0.541664,0.000000,0.000000,0.000000,1.000000,0.030699804346107376,19.022171197826466
1782352696.619947,0.685008,0.083280,0.723731,0.444679,0.686564,-0.406047,-0.603118,0.146743,0.243648,0.910026,-0.335331,-0.541664,0.000000,0.000000,0.000000,1.000000,0.030699804346107376,19.022171197826466
1782352696.655543,0.682094,0.104421,0.723742,0.444475,0.687164,-0.429975,-0.585596,0.146785,0.250049,0.896758,-0.365047,-0.541216,0.000000,0.000000,0.000000,1.000000,0.031052565739478837,17.490839834415645
1782352696.691704,0.682094,0.104421,0.723742,0.444475,0.687164,-0.429975,-0.585596,0.146785,0.250049,0.896758,-0.365047,-0.541216,0.000000,0.000000,0.000000,1.000000,0.031052565739478837,17.490839834415645
1782352696.727610,0.682094,0.104421,0.723742,0.444475,0.687164,-0.429975,-0.585596,0.146785,0.250049,0.896758,-0.365047,-0.541216,0.000000,0.000000,0.000000,1.000000,0.031052565739478837,17.490839834415645
1782352696.763435,0.679293,0.125565,0.723016,0.444279,0.687555,-0.453293,-0.567265,0.146812,0.256516,0.882449,-0.394260,-0.540763,0.000000,0.000000,0.000000,1.000000,0.03141004568280388,16.06192543907327
1782352696.799435,0.679293,0.125565,0.723016,0.444279,0.687555,-0.453293,-0.567265,0.146812,0.256516,0.882449,-0.394260,-0.540763,0.000000,0.000000,0.000000,1.000000,0.03141004568280388,16.06192543907327
1782352696.835226,0.676608,0.146686,0.721555,0.444091,0.687737,-0.475972,-0.548147,0.146825,0.263041,0.867118,-0.422936,-0.540306,0.000000,0.000000,0.000000,1.000000,0.031771656905385824,14.76517181987071
1782352696.870727,0.676608,0.146686,0.721555,0.444091,0.687737,-0.475972,-0.548147,0.146825,0.263041,0.867118,-0.422936,-0.540306,0.000000,0.000000,0.000000,1.000000,0.031771656905385824,14.76517181987071
1782352696.906546,0.674043,0.167758,0.719361,0.443912,0.687709,-0.497984,-0.528265,0.146823,0.269616,0.850782,-0.451040,-0.539846,0.000000,0.000000,0.000000,1.000000,0.03213682717337969,13.638308320579975
1782352696.942434,0.674043,0.167758,0.719361,0.443912,0.687709,-0.497984,-0.528265,0.146823,0.269616,0.850782,-0.451040,-0.539846,0.000000,0.000000,0.000000,1.000000,0.03213682717337969,13.638308320579975
1782352696.978367,0.674043,0.167758,0.719361,0.443912,0.687709,-0.497984,-0.528265,0.146823,0.269616,0.850782,-0.451040,-0.539846,0.000000,0.000000,0.000000,1.000000,0.03213682717337969,13.638308320579975
1782352697.014188,0.671601,0.188755,0.716437,0.443741,0.687473,-0.519302,-0.507644,0.146806,0.276233,0.833461,-0.478536,-0.539383,0.000000,0.000000,0.000000,1.000000,0.032504999650094075,12.726522723540407
1782352697.050133,0.671601,0.188755,0.716437,0.443741,0.687473,-0.519302,-0.507644,0.146806,0.276233,0.833461,-0.478536,-0.539383,0.000000,0.000000,0.000000,1.000000,0.032504999650094075,12.726522723540407
1782352697.086054,0.669284,0.209653,0.712785,0.443579,0.687027,-0.539901,-0.486308,0.146775,0.282884,0.815177,-0.505392,-0.538917,0.000000,0.000000,0.000000,1.000000,0.03287563311958373,12.078600604342373
1782352697.122232,0.669284,0.209653,0.712785,0.443579,0.687027,-0.539901,-0.486308,0.146775,0.282884,0.815177,-0.505392,-0.538917,0.000000,0.000000,0.000000,1.000000,0.03287563311958373,12.078600604342373
1782352697.158087,0.667096,0.230424,0.708410,0.443426,0.686373,-0.559756,-0.464285,0.146729,0.289561,0.795952,-0.531576,-0.538450,0.000000,0.000000,0.000000,1.000000,0.03324820209205595,11.738298602732275
1782352697.194036,0.667096,0.230424,0.708410,0.443426,0.686373,-0.559756,-0.464285,0.146729,0.289561,0.795952,-0.531576,-0.538450,0.000000,0.000000,0.000000,1.000000,0.03324820209205595,11.738298602732275
1782352697.230065,0.667096,0.230424,0.708410,0.443426,0.686373,-0.559756,-0.464285,0.146729,0.289561,0.795952,-0.531576,-0.538450,0.000000,0.000000,0.000000,1.000000,0.03324820209205595,11.738298602732275
1782352697.265740,0.665039,0.251045,0.703319,0.443282,0.685512,-0.578843,-0.441599,0.146669,0.296256,0.775810,-0.557055,-0.537981,0.000000,0.000000,0.000000,1.000000,0.03362219680820267,11.732398946733042
1782352697.301277,0.665039,0.251045,0.703319,0.443282,0.685512,-0.578843,-0.441599,0.146669,0.296256,0.775810,-0.557055,-0.537981,0.000000,0.000000,0.000000,1.000000,0.03362219680820267,11.732398946733042
1782352697.336888,0.663116,0.271490,0.697516,0.443147,0.684444,-0.597138,-0.418280,0.146594,0.302961,0.754774,-0.581799,-0.537512,0.000000,0.000000,0.000000,1.000000,0.03399712315810144,12.061379042100695
1782352697.372639,0.663116,0.271490,0.697516,0.443147,0.684444,-0.597138,-0.418280,0.146594,0.302961,0.754774,-0.581799,-0.537512,0.000000,0.000000,0.000000,1.000000,0.03399712315810144,12.061379042100695
1782352697.408701,0.663116,0.271490,0.697516,0.443147,0.684444,-0.597138,-0.418280,0.146594,0.302961,0.754774,-0.581799,-0.537512,0.000000,0.000000,0.000000,1.000000,0.03399712315810144,12.061379042100695
1782352697.444613,0.663116,0.271490,0.697516,0.443147,0.684444,-0.597138,-0.418280,0.146594,0.302961,0.754774,-0.581799,-0.537512,0.000000,0.000000,0.000000,1.000000,0.03399712315810144,12.061379042100695
1782352697.480724,0.663116,0.271490,0.697516,0.443147,0.684444,-0.597138,-0.418280,0.146594,0.302961,0.754774,-0.581799,-0.537512,0.000000,0.000000,0.000000,1.000000,0.03399712315810144,12.061379042100695
1782352697.516939,0.663116,0.271490,0.697516,0.443147,0.684444,-0.597138,-0.418280,0.146594,0.302961,0.754774,-0.581799,-0.537512,0.000000,0.000000,0.000000,1.000000,0.03399712315810144,12.061379042100695
1782352697.552940,0.663116,0.271490,0.697516,0.443147,0.684444,-0.597138,-0.418280,0.146594,0.302961,0.754774,-0.581799,-0.537512,0.000000,0.000000,0.000000,1.000000,0.03399712315810144,12.061379042100695
1782352697.589053,0.663116,0.271490,0.697516,0.443147,0.684444,-0.597138,-0.418280,0.146594,0.302961,0.754774,-0.581799,-0.537512,0.000000,0.000000,0.000000,1.000000,0.03399712315810144,12.061379042100695
1782352697.625099,0.663116,0.271490,0.697516,0.443147,0.684444,-0.597138,-0.418280,0.146594,0.302961,0.754774,-0.581799,-0.537512,0.000000,0.000000,0.000000,1.000000,0.03399712315810144,12.061379042100695
1782352697.660919,0.663116,0.271490,0.697516,0.443147,0.684444,-0.597138,-0.418280,0.146594,0.302961,0.754774,-0.581799,-0.537512,0.000000,0.000000,0.000000,1.000000,0.03399712315810144,12.061379042100695
1782352697.696244,0.663116,0.271490,0.697516,0.443147,0.684444,-0.597138,-0.418280,0.146594,0.302961,0.754774,-0.581799,-0.537512,0.000000,0.000000,0.000000,1.000000,0.03399712315810144,12.061379042100695
1782352697.731834,0.663116,0.271490,0.697516,0.443147,0.684444,-0.597138,-0.418280,0.146594,0.302961,0.754774,-0.581799,-0.537512,0.000000,0.000000,0.000000,1.000000,0.03399712315810144,12.061379042100695
1782352697.767826,0.663116,0.271490,0.697516,0.443147,0.684444,-0.597138,-0.418280,0.146594,0.302961,0.754774,-0.581799,-0.537512,0.000000,0.000000,0.000000,1.000000,0.03399712315810144,12.061379042100695
1782352697.803302,0.663116,0.271490,0.697516,0.443147,0.684444,-0.597138,-0.418280,0.146594,0.302961,0.754774,-0.581799,-0.537512,0.000000,0.000000,0.000000,1.000000,0.03399712315810144,12.061379042100695
1782352697.838829,0.663116,0.271490,0.697516,0.443147,0.684444,-0.597138,-0.418280,0.146594,0.302961,0.754774,-0.581799,-0.537512,0.000000,0.000000,0.000000,1.000000,0.03399712315810144,12.061379042100695
1782352697.874579,0.663116,0.271490,0.697516,0.443147,0.684444,-0.597138,-0.418280,0.146594,0.302961,0.754774,-0.581799,-0.537512,0.000000,0.000000,0.000000,1.000000,0.03399712315810144,12.061379042100695
1782352697.910640,0.663116,0.271490,0.697516,0.443147,0.684444,-0.597138,-0.418280,0.146594,0.302961,0.754774,-0.581799,-0.537512,0.000000,0.000000,0.000000,1.000000,0.03399712315810144,12.061379042100695
1782352697.946526,0.663116,0.271490,0.697516,0.443147,0.684444,-0.597138,-0.418280,0.146594,0.302961,0.754774,-0.581799,-0.537512,0.000000,0.000000,0.000000,1.000000,0.03399712315810144,12.061379042100695
1782352697.982065,0.663116,0.271490,0.697516,0.443147,0.684444,-0.597138,-0.418280,0.146594,0.302961,0.754774,-0.581799,-0.537512,0.000000,0.000000,0.000000,1.000000,0.03399712315810144,12.061379042100695
1782352698.018029,0.663116,0.271490,0.697516,0.443147,0.684444,-0.597138,-0.418280,0.146594,0.302961,0.754774,-0.581799,-0.537512,0.000000,0.000000,0.000000,1.000000,0.03399712315810144,12.061379042100695
1782352698.053970,0.663116,0.271490,0.697516,0.443147,0.684444,-0.597138,-0.418280,0.146594,0.302961,0.754774,-0.581799,-0.537512,0.000000,0.000000,0.000000,1.000000,0.03399712315810144,12.061379042100695
1782352698.089735,0.663116,0.271490,0.697516,0.443147,0.684444,-0.597138,-0.418280,0.146594,0.302961,0.754774,-0.581799,-0.537512,0.000000,0.000000,0.000000,1.000000,0.03399712315810144,12.061379042100695
1782352698.125678,0.663116,0.271490,0.697516,0.443147,0.684444,-0.597138,-0.418280,0.146594,0.302961,0.754774,-0.581799,-0.537512,0.000000,0.000000,0.000000,1.000000,0.03399712315810144,12.061379042100695
1782352698.161201,0.663116,0.271490,0.697516,0.443147,0.684444,-0.597138,-0.418280,0.146594,0.302961,0.754774,-0.581799,-0.537512,0.000000,0.000000,0.000000,1.000000,0.03399712315810144,12.061379042100695
1782352698.196522,0.663116,0.271490,0.697516,0.443147,0.684444,-0.597138,-0.418280,0.146594,0.302961,0.754774,-0.581799,-0.537512,0.000000,0.000000,0.000000,1.000000,0.03399712315810144,12.061379042100695
1782352698.232418,0.663116,0.271490,0.697516,0.443147,0.684444,-0.597138,-0.418280,0.146594,0.302961,0.754774,-0.581799,-0.537512,0.000000,0.000000,0.000000,1.000000,0.03399712315810144,12.061379042100695
1782352698.268452,0.661328,0.291735,0.691010,0.443022,0.683171,-0.614619,-0.394355,0.146505,0.309667,0.732871,-0.605777,-0.537043,0.000000,0.000000,0.000000,1.000000,0.034372502528836404,12.69922964200944
1782352698.304514,0.661328,0.291735,0.691010,0.443022,0.683171,-0.614619,-0.394355,0.146505,0.309667,0.732871,-0.605777,-0.537043,0.000000,0.000000,0.000000,1.000000,0.034372502528836404,12.69922964200944
1782352698.340445,0.661328,0.291735,0.691010,0.443022,0.683171,-0.614619,-0.394355,0.146505,0.309667,0.732871,-0.605777,-0.537043,0.000000,0.000000,0.000000,1.000000,0.034372502528836404,12.69922964200944
1782352698.376585,0.661328,0.291735,0.691010,0.443022,0.683171,-0.614619,-0.394355,0.146505,0.309667,0.732871,-0.605777,-0.537043,0.000000,0.000000,0.000000,1.000000,0.034372502528836404,12.69922964200944
1782352698.412573,0.661328,0.291735,0.691010,0.443022,0.683171,-0.614619,-0.394355,0.146505,0.309667,0.732871,-0.605777,-0.537043,0.000000,0.000000,0.000000,1.000000,0.034372502528836404,12.69922964200944
1782352698.448325,0.661328,0.291735,0.691010,0.443022,0.683171,-0.614619,-0.394355,0.146505,0.309667,0.732871,-0.605777,-0.537043,0.000000,0.000000,0.000000,1.000000,0.034372502528836404,12.69922964200944
1782352698.484016,0.661328,0.291735,0.691010,0.443022,0.683171,-0.614619,-0.394355,0.146505,0.309667,0.732871,-0.605777,-0.537043,0.000000,0.000000,0.000000,1.000000,0.034372502528836404,12.69922964200944
1782352698.519784,0.661328,0.291735,0.691010,0.443022,0.683171,-0.614619,-0.394355,0.146505,0.309667,0.732871,-0.605777,-0.537043,0.000000,0.000000,0.000000,1.000000,0.034372502528836404,12.69922964200944
1782352698.555990,0.661328,0.291735,0.691010,0.443022,0.683171,-0.614619,-0.394355,0.146505,0.309667,0.732871,-0.605777,-0.537043,0.000000,0.000000,0.000000,1.000000,0.034372502528836404,12.69922964200944
1782352698.591667,0.661328,0.291735,0.691010,0.443022,0.683171,-0.614619,-0.394355,0.146505,0.309667,0.732871,-0.605777,-0.537043,0.000000,0.000000,0.000000,1.000000,0.034372502528836404,12.69922964200944
1782352698.627307,0.659678,0.311754,0.683807,0.442906,0.681695,-0.631266,-0.369853,0.146402,0.316367,0.710127,-0.628960,-0.536574,0.000000,0.000000,0.000000,1.000000,0.03474787159352981,13.602562216135148
1782352698.662794,0.659678,0.311754,0.683807,0.442906,0.681695,-0.631266,-0.369853,0.146402,0.316367,0.710127,-0.628960,-0.536574,0.000000,0.000000,0.000000,1.000000,0.03474787159352981,13.602562216135148
1782352698.698374,0.659678,0.311754,0.683807,0.442906,0.681695,-0.631266,-0.369853,0.146402,0.316367,0.710127,-0.628960,-0.536574,0.000000,0.000000,0.000000,1.000000,0.03474787159352981,13.602562216135148
1782352698.733959,0.659678,0.311754,0.683807,0.442906,0.681695,-0.631266,-0.369853,0.146402,0.316367,0.710127,-0.628960,-0.536574,0.000000,0.000000,0.000000,1.000000,0.03474787159352981,13.602562216135148
1782352698.769818,0.659678,0.311754,0.683807,0.442906,0.681695,-0.631266,-0.369853,0.146402,0.316367,0.710127,-0.628960,-0.536574,0.000000,0.000000,0.000000,1.000000,0.03474787159352981,13.602562216135148
1782352698.805988,0.659678,0.311754,0.683807,0.442906,0.681695,-0.631266,-0.369853,0.146402,0.316367,0.710127,-0.628960,-0.536574,0.000000,0.000000,0.000000,1.000000,0.03474787159352981,13.602562216135148
1782352698.841704,0.659678,0.311754,0.683807,0.442906,0.681695,-0.631266,-0.369853,0.146402,0.316367,0.710127,-0.628960,-0.536574,0.000000,0.000000,0.000000,1.000000,0.03474787159352981,13.602562216135148
1782352698.877459,0.659678,0.311754,0.683807,0.442906,0.681695,-0.631266,-0.369853,0.146402,0.316367,0.710127,-0.628960,-0.536574,0.000000,0.000000,0.000000,1.000000,0.03474787159352981,13.602562216135148
1782352698.913040,0.659678,0.311754,0.683807,0.442906,0.681695,-0.631266,-0.369853,0.146402,0.316367,0.710127,-0.628960,-0.536574,0.000000,0.000000,0.000000,1.000000,0.03474787159352981,13.602562216135148
1782352698.948832,0.659678,0.311754,0.683807,0.442906,0.681695,-0.631266,-0.369853,0.146402,0.316367,0.710127,-0.628960,-0.536574,0.000000,0.000000,0.000000,1.000000,0.03474787159352981,13.602562216135148
1782352698.984943,0.659678,0.311754,0.683807,0.442906,0.681695,-0.631266,-0.369853,0.146402,0.316367,0.710127,-0.628960,-0.536574,0.000000,0.000000,0.000000,1.000000,0.03474787159352981,13.602562216135148
1782352699.021026,0.659678,0.311754,0.683807,0.442906,0.681695,-0.631266,-0.369853,0.146402,0.316367,0.710127,-0.628960,-0.536574,0.000000,0.000000,0.000000,1.000000,0.03474787159352981,13.602562216135148
1782352699.056938,0.659678,0.311754,0.683807,0.442906,0.681695,-0.631266,-0.369853,0.146402,0.316367,0.710127,-0.628960,-0.536574,0.000000,0.000000,0.000000,1.000000,0.03474787159352981,13.602562216135148
1782352699.093138,0.659678,0.311754,0.683807,0.442906,0.681695,-0.631266,-0.369853,0.146402,0.316367,0.710127,-0.628960,-0.536574,0.000000,0.000000,0.000000,1.000000,0.03474787159352981,13.602562216135148
1782352699.129155,0.659678,0.311754,0.683807,0.442906,0.681695,-0.631266,-0.369853,0.146402,0.316367,0.710127,-0.628960,-0.536574,0.000000,0.000000,0.000000,1.000000,0.03474787159352981,13.602562216135148
1782352699.164886,0.659678,0.311754,0.683807,0.442906,0.681695,-0.631266,-0.369853,0.146402,0.316367,0.710127,-0.628960,-0.536574,0.000000,0.000000,0.000000,1.000000,0.03474787159352981,13.602562216135148
1782352699.200753,0.659678,0.311754,0.683807,0.442906,0.681695,-0.631266,-0.369853,0.146402,0.316367,0.710127,-0.628960,-0.536574,0.000000,0.000000,0.000000,1.000000,0.03474787159352981,13.602562216135148
1782352699.236506,0.659678,0.311754,0.683807,0.442906,0.681695,-0.631266,-0.369853,0.146402,0.316367,0.710127,-0.628960,-0.536574,0.000000,0.000000,0.000000,1.000000,0.03474787159352981,13.602562216135148
1782352699.272522,0.659678,0.311754,0.683807,0.442906,0.681695,-0.631266,-0.369853,0.146402,0.316367,0.710127,-0.628960,-0.536574,0.000000,0.000000,0.000000,1.000000,0.03474787159352981,13.602562216135148
1782352699.308803,0.659678,0.311754,0.683807,0.442906,0.681695,-0.631266,-0.369853,0.146402,0.316367,0.710127,-0.628960,-0.536574,0.000000,0.000000,0.000000,1.000000,0.03474787159352981,13.602562216135148
1782352699.344288,0.659678,0.311754,0.683807,0.442906,0.681695,-0.631266,-0.369853,0.146402,0.316367,0.710127,-0.628960,-0.536574,0.000000,0.000000,0.000000,1.000000,0.03474787159352981,13.602562216135148
1782352699.379951,0.670173,0.288527,0.683797,0.443641,0.659236,-0.654672,-0.369876,0.144830,0.340950,0.698659,-0.628957,-0.534853,0.000000,0.000000,0.000000,1.000000,0.036051163180245184,12.644054410643959
1782352699.416000,0.670173,0.288527,0.683797,0.443641,0.659236,-0.654672,-0.369876,0.144830,0.340950,0.698659,-0.628957,-0.534853,0.000000,0.000000,0.000000,1.000000,0.036051163180245184,12.644054410643959
1782352699.452001,0.670173,0.288527,0.683797,0.443641,0.659236,-0.654672,-0.369876,0.144830,0.340950,0.698659,-0.628957,-0.534853,0.000000,0.000000,0.000000,1.000000,0.036051163180245184,12.644054410643959
1782352699.487943,0.670173,0.288527,0.683797,0.443641,0.659236,-0.654672,-0.369876,0.144830,0.340950,0.698659,-0.628957,-0.534853,0.000000,0.000000,0.000000,1.000000,0.036051163180245184,12.644054410643959
1782352699.522852,0.670173,0.288527,0.683797,0.443641,0.659236,-0.654672,-0.369876,0.144830,0.340950,0.698659,-0.628957,-0.534853,0.000000,0.000000,0.000000,1.000000,0.036051163180245184,12.644054410643959
1782352699.559062,0.670173,0.288527,0.683797,0.443641,0.659236,-0.654672,-0.369876,0.144830,0.340950,0.698659,-0.628957,-0.534853,0.000000,0.000000,0.000000,1.000000,0.036051163180245184,12.644054410643959
1782352699.594731,0.670173,0.288527,0.683797,0.443641,0.659236,-0.654672,-0.369876,0.144830,0.340950,0.698659,-0.628957,-0.534853,0.000000,0.000000,0.000000,1.000000,0.036051163180245184,12.644054410643959
1782352699.630373,0.670173,0.288527,0.683797,0.443641,0.659236,-0.654672,-0.369876,0.144830,0.340950,0.698659,-0.628957,-0.534853,0.000000,0.000000,0.000000,1.000000,0.036051163180245184,12.644054410643959
1782352699.666131,0.670173,0.288527,0.683797,0.443641,0.659236,-0.654672,-0.369876,0.144830,0.340950,0.698659,-0.628957,-0.534853,0.000000,0.000000,0.000000,1.000000,0.036051163180245184,12.644054410643959
1782352699.702045,0.670173,0.288527,0.683797,0.443641,0.659236,-0.654672,-0.369876,0.144830,0.340950,0.698659,-0.628957,-0.534853,0.000000,0.000000,0.000000,1.000000,0.036051163180245184,12.644054410643959
1782352699.737851,0.670173,0.288527,0.683797,0.443641,0.659236,-0.654672,-0.369876,0.144830,0.340950,0.698659,-0.628957,-0.534853,0.000000,0.000000,0.000000,1.000000,0.036051163180245184,12.644054410643959
1782352699.773483,0.670173,0.288527,0.683797,0.443641,0.659236,-0.654672,-0.369876,0.144830,0.340950,0.698659,-0.628957,-0.534853,0.000000,0.000000,0.000000,1.000000,0.036051163180245184,12.644054410643959
1782352699.809340,0.670173,0.288527,0.683797,0.443641,0.659236,-0.654672,-0.369876,0.144830,0.340950,0.698659,-0.628957,-0.534853,0.000000,0.000000,0.000000,1.000000,0.036051163180245184,12.644054410643959
1782352699.845048,0.670173,0.288527,0.683797,0.443641,0.659236,-0.654672,-0.369876,0.144830,0.340950,0.698659,-0.628957,-0.534853,0.000000,0.000000,0.000000,1.000000,0.036051163180245184,12.644054410643959
1782352699.880901,0.670173,0.288527,0.683797,0.443641,0.659236,-0.654672,-0.369876,0.144830,0.340950,0.698659,-0.628957,-0.534853,0.000000,0.000000,0.000000,1.000000,0.036051163180245184,12.644054410643959
1782352699.916915,0.670173,0.288527,0.683797,0.443641,0.659236,-0.654672,-0.369876,0.144830,0.340950,0.698659,-0.628957,-0.534853,0.000000,0.000000,0.000000,1.000000,0.036051163180245184,12.644054410643959
1782352699.952913,0.670173,0.288527,0.683797,0.443641,0.659236,-0.654672,-0.369876,0.144830,0.340950,0.698659,-0.628957,-0.534853,0.000000,0.000000,0.000000,1.000000,0.036051163180245184,12.644054410643959
1782352699.989094,0.670173,0.288527,0.683797,0.443641,0.659236,-0.654672,-0.369876,0.144830,0.340950,0.698659,-0.628957,-0.534853,0.000000,0.000000,0.000000,1.000000,0.036051163180245184,12.644054410643959
1782352700.025245,0.670173,0.288527,0.683797,0.443641,0.659236,-0.654672,-0.369876,0.144830,0.340950,0.698659,-0.628957,-0.534853,0.000000,0.000000,0.000000,1.000000,0.036051163180245184,12.644054410643959
1782352700.061050,0.670173,0.288527,0.683797,0.443641,0.659236,-0.654672,-0.369876,0.144830,0.340950,0.698659,-0.628957,-0.534853,0.000000,0.000000,0.000000,1.000000,0.036051163180245184,12.644054410643959
1782352700.096872,0.670173,0.288527,0.683797,0.443641,0.659236,-0.654672,-0.369876,0.144830,0.340950,0.698659,-0.628957,-0.534853,0.000000,0.000000,0.000000,1.000000,0.036051163180245184,12.644054410643959
1782352700.132624,0.670173,0.288527,0.683797,0.443641,0.659236,-0.654672,-0.369876,0.144830,0.340950,0.698659,-0.628957,-0.534853,0.000000,0.000000,0.000000,1.000000,0.036051163180245184,12.644054410643959
1782352700.168707,0.670173,0.288527,0.683797,0.443641,0.659236,-0.654672,-0.369876,0.144830,0.340950,0.698659,-0.628957,-0.534853,0.000000,0.000000,0.000000,1.000000,0.036051163180245184,12.644054410643959
1782352700.204802,0.670173,0.288527,0.683797,0.443641,0.659236,-0.654672,-0.369876,0.144830,0.340950,0.698659,-0.628957,-0.534853,0.000000,0.000000,0.000000,1.000000,0.036051163180245184,12.644054410643959
1782352700.240729,0.670173,0.288527,0.683797,0.443641,0.659236,-0.654672,-0.369876,0.144830,0.340950,0.698659,-0.628957,-0.534853,0.000000,0.000000,0.000000,1.000000,0.036051163180245184,12.644054410643959
1782352700.276855,0.670173,0.288527,0.683797,0.443641,0.659236,-0.654672,-0.369876,0.144830,0.340950,0.698659,-0.628957,-0.534853,0.000000,0.000000,0.000000,1.000000,0.036051163180245184,12.644054410643959
1782352700.313042,0.670173,0.288527,0.683797,0.443641,0.659236,-0.654672,-0.369876,0.144830,0.340950,0.698659,-0.628957,-0.534853,0.000000,0.000000,0.000000,1.000000,0.036051163180245184,12.644054410643959
1782352700.348842,0.670173,0.288527,0.683797,0.443641,0.659236,-0.654672,-0.369876,0.144830,0.340950,0.698659,-0.628957,-0.534853,0.000000,0.000000,0.000000,1.000000,0.036051163180245184,12.644054410643959
1782352700.384017,0.670173,0.288527,0.683797,0.443641,0.659236,-0.654672,-0.369876,0.144830,0.340950,0.698659,-0.628957,-0.534853,0.000000,0.000000,0.000000,1.000000,0.036051163180245184,12.644054410643959
1782352700.420016,0.670173,0.288527,0.683797,0.443641,0.659236,-0.654672,-0.369876,0.144830,0.340950,0.698659,-0.628957,-0.534853,0.000000,0.000000,0.000000,1.000000,0.036051163180245184,12.644054410643959
1782352700.455947,0.659712,0.311725,0.683788,0.442909,0.681669,-0.631267,-0.369898,0.146400,0.316352,0.710138,-0.628954,-0.536575,0.000000,0.000000,0.000000,1.000000,0.03474684247288661,13.599711628262686
1782352700.491874,0.659712,0.311725,0.683788,0.442909,0.681669,-0.631267,-0.369898,0.146400,0.316352,0.710138,-0.628954,-0.536575,0.000000,0.000000,0.000000,1.000000,0.03474684247288661,13.599711628262686
1782352700.527765,0.659712,0.311725,0.683788,0.442909,0.681669,-0.631267,-0.369898,0.146400,0.316352,0.710138,-0.628954,-0.536575,0.000000,0.000000,0.000000,1.000000,0.03474684247288661,13.599711628262686
1782352700.563160,0.659712,0.311725,0.683788,0.442909,0.681669,-0.631267,-0.369898,0.146400,0.316352,0.710138,-0.628954,-0.536575,0.000000,0.000000,0.000000,1.000000,0.03474684247288661,13.599711628262686
1782352700.599083,0.659712,0.311725,0.683788,0.442909,0.681669,-0.631267,-0.369898,0.146400,0.316352,0.710138,-0.628954,-0.536575,0.000000,0.000000,0.000000,1.000000,0.03474684247288661,13.599711628262686
1782352700.634893,0.659712,0.311725,0.683788,0.442909,0.681669,-0.631267,-0.369898,0.146400,0.316352,0.710138,-0.628954,-0.536575,0.000000,0.000000,0.000000,1.000000,0.03474684247288661,13.599711628262686
1782352700.670992,0.659712,0.311725,0.683788,0.442909,0.681669,-0.631267,-0.369898,0.146400,0.316352,0.710138,-0.628954,-0.536575,0.000000,0.000000,0.000000,1.000000,0.03474684247288661,13.599711628262686
1782352700.706919,0.659712,0.311725,0.683788,0.442909,0.681669,-0.631267,-0.369898,0.146400,0.316352,0.710138,-0.628954,-0.536575,0.000000,0.000000,0.000000,1.000000,0.03474684247288661,13.599711628262686
1782352700.742263,0.659712,0.311725,0.683788,0.442909,0.681669,-0.631267,-0.369898,0.146400,0.316352,0.710138,-0.628954,-0.536575,0.000000,0.000000,0.000000,1.000000,0.03474684247288661,13.599711628262686
1782352700.778116,0.659712,0.311725,0.683788,0.442909,0.681669,-0.631267,-0.369898,0.146400,0.316352,0.710138,-0.628954,-0.536575,0.000000,0.000000,0.000000,1.000000,0.03474684247288661,13.599711628262686
1782352700.813660,0.659712,0.311725,0.683788,0.442909,0.681669,-0.631267,-0.369898,0.146400,0.316352,0.710138,-0.628954,-0.536575,0.000000,0.000000,0.000000,1.000000,0.03474684247288661,13.599711628262686
1782352700.849636,0.659712,0.311725,0.683788,0.442909,0.681669,-0.631267,-0.369898,0.146400,0.316352,0.710138,-0.628954,-0.536575,0.000000,0.000000,0.000000,1.000000,0.03474684247288661,13.599711628262686
1782352700.885120,0.659712,0.311725,0.683788,0.442909,0.681669,-0.631267,-0.369898,0.146400,0.316352,0.710138,-0.628954,-0.536575,0.000000,0.000000,0.000000,1.000000,0.03474684247288661,13.599711628262686
1782352700.921227,0.659712,0.311725,0.683788,0.442909,0.681669,-0.631267,-0.369898,0.146400,0.316352,0.710138,-0.628954,-0.536575,0.000000,0.000000,0.000000,1.000000,0.03474684247288661,13.599711628262686
1782352700.957123,0.659712,0.311725,0.683788,0.442909,0.681669,-0.631267,-0.369898,0.146400,0.316352,0.710138,-0.628954,-0.536575,0.000000,0.000000,0.000000,1.000000,0.03474684247288661,13.599711628262686
1782352700.993316,0.659712,0.311725,0.683788,0.442909,0.681669,-0.631267,-0.369898,0.146400,0.316352,0.710138,-0.628954,-0.536575,0.000000,0.000000,0.000000,1.000000,0.03474684247288661,13.599711628262686
1782352701.029780,0.659712,0.311725,0.683788,0.442909,0.681669,-0.631267,-0.369898,0.146400,0.316352,0.710138,-0.628954,-0.536575,0.000000,0.000000,0.000000,1.000000,0.03474684247288661,13.599711628262686
1782352701.065432,0.659712,0.311725,0.683788,0.442909,0.681669,-0.631267,-0.369898,0.146400,0.316352,0.710138,-0.628954,-0.536575,0.000000,0.000000,0.000000,1.000000,0.03474684247288661,13.599711628262686
1782352701.101357,0.659712,0.311725,0.683788,0.442909,0.681669,-0.631267,-0.369898,0.146400,0.316352,0.710138,-0.628954,-0.536575,0.000000,0.000000,0.000000,1.000000,0.03474684247288661,13.599711628262686
1782352701.137251,0.659712,0.311725,0.683788,0.442909,0.681669,-0.631267,-0.369898,0.146400,0.316352,0.710138,-0.628954,-0.536575,0.000000,0.000000,0.000000,1.000000,0.03474684247288661,13.599711628262686
1782352701.173118,0.659712,0.311725,0.683788,0.442909,0.681669,-0.631267,-0.369898,0.146400,0.316352,0.710138,-0.628954,-0.536575,0.000000,0.000000,0.000000,1.000000,0.03474684247288661,13.599711628262686
1782352701.209198,0.659712,0.311725,0.683788,0.442909,0.681669,-0.631267,-0.369898,0.146400,0.316352,0.710138,-0.628954,-0.536575,0.000000,0.000000,0.000000,1.000000,0.03474684247288661,13.599711628262686
1782352701.245246,0.659712,0.311725,0.683788,0.442909,0.681669,-0.631267,-0.369898,0.146400,0.316352,0.710138,-0.628954,-0.536575,0.000000,0.000000,0.000000,1.000000,0.03474684247288661,13.599711628262686
1782352701.281422,0.659712,0.311725,0.683788,0.442909,0.681669,-0.631267,-0.369898,0.146400,0.316352,0.710138,-0.628954,-0.536575,0.000000,0.000000,0.000000,1.000000,0.03474684247288661,13.599711628262686
1782352701.317226,0.659712,0.311725,0.683788,0.442909,0.681669,-0.631267,-0.369898,0.146400,0.316352,0.710138,-0.628954,-0.536575,0.000000,0.000000,0.000000,1.000000,0.03474684247288661,13.599711628262686
1782352701.352952,0.659712,0.311725,0.683788,0.442909,0.681669,-0.631267,-0.369898,0.146400,0.316352,0.710138,-0.628954,-0.536575,0.000000,0.000000,0.000000,1.000000,0.03474684247288661,13.599711628262686
1782352701.388189,0.659712,0.311725,0.683788,0.442909,0.681669,-0.631267,-0.369898,0.146400,0.316352,0.710138,-0.628954,-0.536575,0.000000,0.000000,0.000000,1.000000,0.03474684247288661,13.599711628262686
1782352701.424082,0.659712,0.311725,0.683788,0.442909,0.681669,-0.631267,-0.369898,0.146400,0.316352,0.710138,-0.628954,-0.536575,0.000000,0.000000,0.000000,1.000000,0.03474684247288661,13.599711628262686
1782352701.460201,0.659712,0.311725,0.683788,0.442909,0.681669,-0.631267,-0.369898,0.146400,0.316352,0.710138,-0.628954,-0.536575,0.000000,0.000000,0.000000,1.000000,0.03474684247288661,13.599711628262686
1782352701.496693,0.659712,0.311725,0.683788,0.442909,0.681669,-0.631267,-0.369898,0.146400,0.316352,0.710138,-0.628954,-0.536575,0.000000,0.000000,0.000000,1.000000,0.03474684247288661,13.599711628262686
1782352701.532695,0.659712,0.311725,0.683788,0.442909,0.681669,-0.631267,-0.369898,0.146400,0.316352,0.710138,-0.628954,-0.536575,0.000000,0.000000,0.000000,1.000000,0.03474684247288661,13.599711628262686
1782352701.568318,0.659712,0.311725,0.683788,0.442909,0.681669,-0.631267,-0.369898,0.146400,0.316352,0.710138,-0.628954,-0.536575,0.000000,0.000000,0.000000,1.000000,0.03474684247288661,13.599711628262686
1782352701.605019,0.659712,0.311725,0.683788,0.442909,0.681669,-0.631267,-0.369898,0.146400,0.316352,0.710138,-0.628954,-0.536575,0.000000,0.000000,0.000000,1.000000,0.03474684247288661,13.599711628262686
1782352701.640797,0.659712,0.311725,0.683788,0.442909,0.681669,-0.631267,-0.369898,0.146400,0.316352,0.710138,-0.628954,-0.536575,0.000000,0.000000,0.000000,1.000000,0.03474684247288661,13.599711628262686
1782352701.676797,0.659712,0.311725,0.683788,0.442909,0.681669,-0.631267,-0.369898,0.146400,0.316352,0.710138,-0.628954,-0.536575,0.000000,0.000000,0.000000,1.000000,0.03474684247288661,13.599711628262686
1782352701.712578,0.659712,0.311725,0.683788,0.442909,0.681669,-0.631267,-0.369898,0.146400,0.316352,0.710138,-0.628954,-0.536575,0.000000,0.000000,0.000000,1.000000,0.03474684247288661,13.599711628262686
1782352701.748545,0.659712,0.311725,0.683788,0.442909,0.681669,-0.631267,-0.369898,0.146400,0.316352,0.710138,-0.628954,-0.536575,0.000000,0.000000,0.000000,1.000000,0.03474684247288661,13.599711628262686
1782352701.784199,0.659712,0.311725,0.683788,0.442909,0.681669,-0.631267,-0.369898,0.146400,0.316352,0.710138,-0.628954,-0.536575,0.000000,0.000000,0.000000,1.000000,0.03474684247288661,13.599711628262686
1782352701.819047,0.670205,0.288497,0.683779,0.443643,0.659211,-0.654672,-0.369921,0.144828,0.340936,0.698671,-0.628951,-0.534854,0.000000,0.000000,0.000000,1.000000,0.03605025825900254,12.64112979949803
1782352701.854267,0.670205,0.288497,0.683779,0.443643,0.659211,-0.654672,-0.369921,0.144828,0.340936,0.698671,-0.628951,-0.534854,0.000000,0.000000,0.000000,1.000000,0.03605025825900254,12.64112979949803
1782352701.890249,0.670205,0.288497,0.683779,0.443643,0.659211,-0.654672,-0.369921,0.144828,0.340936,0.698671,-0.628951,-0.534854,0.000000,0.000000,0.000000,1.000000,0.03605025825900254,12.64112979949803
1782352701.926013,0.670205,0.288497,0.683779,0.443643,0.659211,-0.654672,-0.369921,0.144828,0.340936,0.698671,-0.628951,-0.534854,0.000000,0.000000,0.000000,1.000000,0.03605025825900254,12.64112979949803
1782352701.962119,0.670205,0.288497,0.683779,0.443643,0.659211,-0.654672,-0.369921,0.144828,0.340936,0.698671,-0.628951,-0.534854,0.000000,0.000000,0.000000,1.000000,0.03605025825900254,12.64112979949803
1782352701.998167,0.670205,0.288497,0.683779,0.443643,0.659211,-0.654672,-0.369921,0.144828,0.340936,0.698671,-0.628951,-0.534854,0.000000,0.000000,0.000000,1.000000,0.03605025825900254,12.64112979949803
1782352702.034021,0.670205,0.288497,0.683779,0.443643,0.659211,-0.654672,-0.369921,0.144828,0.340936,0.698671,-0.628951,-0.534854,0.000000,0.000000,0.000000,1.000000,0.03605025825900254,12.64112979949803
1782352702.069958,0.670205,0.288497,0.683779,0.443643,0.659211,-0.654672,-0.369921,0.144828,0.340936,0.698671,-0.628951,-0.534854,0.000000,0.000000,0.000000,1.000000,0.03605025825900254,12.64112979949803
1782352702.106118,0.670205,0.288497,0.683779,0.443643,0.659211,-0.654672,-0.369921,0.144828,0.340936,0.698671,-0.628951,-0.534854,0.000000,0.000000,0.000000,1.000000,0.03605025825900254,12.64112979949803
1782352702.140968,0.679880,0.264916,0.683769,0.444320,0.635949,-0.677279,-0.369943,0.143200,0.365105,0.686353,-0.628948,-0.533162,0.000000,0.000000,0.000000,1.000000,0.03741523570921573,11.942397785429389
1782352702.175971,0.679880,0.264916,0.683769,0.444320,0.635949,-0.677279,-0.369943,0.143200,0.365105,0.686353,-0.628948,-0.533162,0.000000,0.000000,0.000000,1.000000,0.03741523570921573,11.942397785429389
1782352702.212171,0.679880,0.264916,0.683769,0.444320,0.635949,-0.677279,-0.369943,0.143200,0.365105,0.686353,-0.628948,-0.533162,0.000000,0.000000,0.000000,1.000000,0.03741523570921573,11.942397785429389
1782352702.248236,0.679880,0.264916,0.683769,0.444320,0.635949,-0.677279,-0.369943,0.143200,0.365105,0.686353,-0.628948,-0.533162,0.000000,0.000000,0.000000,1.000000,0.03741523570921573,11.942397785429389
1782352702.284487,0.679880,0.264916,0.683769,0.444320,0.635949,-0.677279,-0.369943,0.143200,0.365105,0.686353,-0.628948,-0.533162,0.000000,0.000000,0.000000,1.000000,0.03741523570921573,11.942397785429389
1782352702.320549,0.679880,0.264916,0.683769,0.444320,0.635949,-0.677279,-0.369943,0.143200,0.365105,0.686353,-0.628948,-0.533162,0.000000,0.000000,0.000000,1.000000,0.03741523570921573,11.942397785429389
1782352702.356161,0.679880,0.264916,0.683769,0.444320,0.635949,-0.677279,-0.369943,0.143200,0.365105,0.686353,-0.628948,-0.533162,0.000000,0.000000,0.000000,1.000000,0.03741523570921573,11.942397785429389
1782352702.391896,0.688727,0.241011,0.683760,0.444940,0.611912,-0.699060,-0.369966,0.141517,0.388829,0.673200,-0.628946,-0.531501,0.000000,0.000000,0.000000,1.000000,0.0388337122496454,11.550770412341741
1782352702.427380,0.688727,0.241011,0.683760,0.444940,0.611912,-0.699060,-0.369966,0.141517,0.388829,0.673200,-0.628946,-0.531501,0.000000,0.000000,0.000000,1.000000,0.0388337122496454,11.550770412341741
1782352702.462973,0.688727,0.241011,0.683760,0.444940,0.611912,-0.699060,-0.369966,0.141517,0.388829,0.673200,-0.628946,-0.531501,0.000000,0.000000,0.000000,1.000000,0.0388337122496454,11.550770412341741
1782352702.497886,0.688727,0.241011,0.683760,0.444940,0.611912,-0.699060,-0.369966,0.141517,0.388829,0.673200,-0.628946,-0.531501,0.000000,0.000000,0.000000,1.000000,0.0388337122496454,11.550770412341741
1782352702.533637,0.688727,0.241011,0.683760,0.444940,0.611912,-0.699060,-0.369966,0.141517,0.388829,0.673200,-0.628946,-0.531501,0.000000,0.000000,0.000000,1.000000,0.0388337122496454,11.550770412341741
1782352702.569650,0.688727,0.241011,0.683760,0.444940,0.611912,-0.699060,-0.369966,0.141517,0.388829,0.673200,-0.628946,-0.531501,0.000000,0.000000,0.000000,1.000000,0.0388337122496454,11.550770412341741
1782352702.605632,0.688727,0.241011,0.683760,0.444940,0.611912,-0.699060,-0.369966,0.141517,0.388829,0.673200,-0.628946,-0.531501,0.000000,0.000000,0.000000,1.000000,0.0388337122496454,11.550770412341741
1782352702.641348,0.688727,0.241011,0.683760,0.444940,0.611912,-0.699060,-0.369966,0.141517,0.388829,0.673200,-0.628946,-0.531501,0.000000,0.000000,0.000000,1.000000,0.0388337122496454,11.550770412341741
1782352702.676753,0.688727,0.241011,0.683760,0.444940,0.611912,-0.699060,-0.369966,0.141517,0.388829,0.673200,-0.628946,-0.531501,0.000000,0.000000,0.000000,1.000000,0.0388337122496454,11.550770412341741
1782352702.712460,0.688727,0.241011,0.683760,0.444940,0.611912,-0.699060,-0.369966,0.141517,0.388829,0.673200,-0.628946,-0.531501,0.000000,0.000000,0.000000,1.000000,0.0388337122496454,11.550770412341741
1782352702.748218,0.688727,0.241011,0.683760,0.444940,0.611912,-0.699060,-0.369966,0.141517,0.388829,0.673200,-0.628946,-0.531501,0.000000,0.000000,0.000000,1.000000,0.0388337122496454,11.550770412341741
1782352702.783812,0.688727,0.241011,0.683760,0.444940,0.611912,-0.699060,-0.369966,0.141517,0.388829,0.673200,-0.628946,-0.531501,0.000000,0.000000,0.000000,1.000000,0.0388337122496454,11.550770412341741
1782352702.819676,0.688727,0.241011,0.683760,0.444940,0.611912,-0.699060,-0.369966,0.141517,0.388829,0.673200,-0.628946,-0.531501,0.000000,0.000000,0.000000,1.000000,0.0388337122496454,11.550770412341741
1782352702.854848,0.688727,0.241011,0.683760,0.444940,0.611912,-0.699060,-0.369966,0.141517,0.388829,0.673200,-0.628946,-0.531501,0.000000,0.000000,0.000000,1.000000,0.0388337122496454,11.550770412341741
1782352702.890869,0.688727,0.241011,0.683760,0.444940,0.611912,-0.699060,-0.369966,0.141517,0.388829,0.673200,-0.628946,-0.531501,0.000000,0.000000,0.000000,1.000000,0.0388337122496454,11.550770412341741
1782352702.926962,0.688727,0.241011,0.683760,0.444940,0.611912,-0.699060,-0.369966,0.141517,0.388829,0.673200,-0.628946,-0.531501,0.000000,0.000000,0.000000,1.000000,0.0388337122496454,11.550770412341741
1782352702.963061,0.688727,0.241011,0.683760,0.444940,0.611912,-0.699060,-0.369966,0.141517,0.388829,0.673200,-0.628946,-0.531501,0.000000,0.000000,0.000000,1.000000,0.0388337122496454,11.550770412341741
1782352702.999143,0.688727,0.241011,0.683760,0.444940,0.611912,-0.699060,-0.369966,0.141517,0.388829,0.673200,-0.628946,-0.531501,0.000000,0.000000,0.000000,1.000000,0.0388337122496454,11.550770412341741
1782352703.035071,0.688727,0.241011,0.683760,0.444940,0.611912,-0.699060,-0.369966,0.141517,0.388829,0.673200,-0.628946,-0.531501,0.000000,0.000000,0.000000,1.000000,0.0388337122496454,11.550770412341741
1782352703.071284,0.688727,0.241011,0.683760,0.444940,0.611912,-0.699060,-0.369966,0.141517,0.388829,0.673200,-0.628946,-0.531501,0.000000,0.000000,0.000000,1.000000,0.0388337122496454,11.550770412341741
1782352703.107284,0.688727,0.241011,0.683760,0.444940,0.611912,-0.699060,-0.369966,0.141517,0.388829,0.673200,-0.628946,-0.531501,0.000000,0.000000,0.000000,1.000000,0.0388337122496454,11.550770412341741
1782352703.143422,0.688727,0.241011,0.683760,0.444940,0.611912,-0.699060,-0.369966,0.141517,0.388829,0.673200,-0.628946,-0.531501,0.000000,0.000000,0.000000,1.000000,0.0388337122496454,11.550770412341741
1782352703.178878,0.688727,0.241011,0.683760,0.444940,0.611912,-0.699060,-0.369966,0.141517,0.388829,0.673200,-0.628946,-0.531501,0.000000,0.000000,0.000000,1.000000,0.0388337122496454,11.550770412341741
1782352703.214470,0.688727,0.241011,0.683760,0.444940,0.611912,-0.699060,-0.369966,0.141517,0.388829,0.673200,-0.628946,-0.531501,0.000000,0.000000,0.000000,1.000000,0.0388337122496454,11.550770412341741
1782352703.250525,0.688727,0.241011,0.683760,0.444940,0.611912,-0.699060,-0.369966,0.141517,0.388829,0.673200,-0.628946,-0.531501,0.000000,0.000000,0.000000,1.000000,0.0388337122496454,11.550770412341741
1782352703.286275,0.688727,0.241011,0.683760,0.444940,0.611912,-0.699060,-0.369966,0.141517,0.388829,0.673200,-0.628946,-0.531501,0.000000,0.000000,0.000000,1.000000,0.0388337122496454,11.550770412341741
1782352703.322334,0.688727,0.241011,0.683760,0.444940,0.611912,-0.699060,-0.369966,0.141517,0.388829,0.673200,-0.628946,-0.531501,0.000000,0.000000,0.000000,1.000000,0.0388337122496454,11.550770412341741
1782352703.358358,0.688727,0.241011,0.683760,0.444940,0.611912,-0.699060,-0.369966,0.141517,0.388829,0.673200,-0.628946,-0.531501,0.000000,0.000000,0.000000,1.000000,0.0388337122496454,11.550770412341741
1782352703.394295,0.688727,0.241011,0.683760,0.444940,0.611912,-0.699060,-0.369966,0.141517,0.388829,0.673200,-0.628946,-0.531501,0.000000,0.000000,0.000000,1.000000,0.0388337122496454,11.550770412341741
1782352703.430415,0.688727,0.241011,0.683760,0.444940,0.611912,-0.699060,-0.369966,0.141517,0.388829,0.673200,-0.628946,-0.531501,0.000000,0.000000,0.000000,1.000000,0.0388337122496454,11.550770412341741
1782352703.465819,0.688727,0.241011,0.683760,0.450891,0.611912,-0.699060,-0.369966,0.136068,0.388829,0.673200,-0.628946,-0.537408,0.000000,0.000000,0.000000,1.000000,0.03479444960659489,11.550770412341741
1782352703.501439,0.688727,0.241011,0.683760,0.450891,0.611912,-0.699060,-0.369966,0.136068,0.388829,0.673200,-0.628946,-0.537408,0.000000,0.000000,0.000000,1.000000,0.03479444960659489,11.550770412341741
1782352703.537333,0.688727,0.241011,0.683760,0.450891,0.611912,-0.699060,-0.369966,0.136068,0.388829,0.673200,-0.628946,-0.537408,0.000000,0.000000,0.000000,1.000000,0.03479444960659489,11.550770412341741
1782352703.573362,0.688727,0.241011,0.683760,0.450891,0.611912,-0.699060,-0.369966,0.136068,0.388829,0.673200,-0.628946,-0.537408,0.000000,0.000000,0.000000,1.000000,0.03479444960659489,11.550770412341741
1782352703.609431,0.688727,0.241011,0.683760,0.450891,0.611912,-0.699060,-0.369966,0.136068,0.388829,0.673200,-0.628946,-0.537408,0.000000,0.000000,0.000000,1.000000,0.03479444960659489,11.550770412341741
1782352703.645288,0.688727,0.241011,0.683760,0.450891,0.611912,-0.699060,-0.369966,0.136068,0.388829,0.673200,-0.628946,-0.537408,0.000000,0.000000,0.000000,1.000000,0.03479444960659489,11.550770412341741
1782352703.681259,0.688727,0.241011,0.683760,0.450891,0.611912,-0.699060,-0.369966,0.136068,0.388829,0.673200,-0.628946,-0.537408,0.000000,0.000000,0.000000,1.000000,0.03479444960659489,11.550770412341741
1782352703.717257,0.688727,0.241011,0.683760,0.450891,0.611912,-0.699060,-0.369966,0.136068,0.388829,0.673200,-0.628946,-0.537408,0.000000,0.000000,0.000000,1.000000,0.03479444960659489,11.550770412341741
1782352703.753056,0.688727,0.241011,0.683760,0.450891,0.611912,-0.699060,-0.369966,0.136068,0.388829,0.673200,-0.628946,-0.537408,0.000000,0.000000,0.000000,1.000000,0.03479444960659489,11.550770412341741
1782352703.789101,0.688727,0.241011,0.683760,0.450891,0.611912,-0.699060,-0.369966,0.136068,0.388829,0.673200,-0.628946,-0.537408,0.000000,0.000000,0.000000,1.000000,0.03479444960659489,11.550770412341741
1782352703.825130,0.688727,0.241011,0.683760,0.450891,0.611912,-0.699060,-0.369966,0.136068,0.388829,0.673200,-0.628946,-0.537408,0.000000,0.000000,0.000000,1.000000,0.03479444960659489,11.550770412341741
1782352703.861117,0.688727,0.241011,0.683760,0.450891,0.611912,-0.699060,-0.369966,0.136068,0.388829,0.673200,-0.628946,-0.537408,0.000000,0.000000,0.000000,1.000000,0.03479444960659489,11.550770412341741
1782352703.896758,0.688727,0.241011,0.683760,0.450891,0.611912,-0.699060,-0.369966,0.136068,0.388829,0.673200,-0.628946,-0.537408,0.000000,0.000000,0.000000,1.000000,0.03479444960659489,11.550770412341741
1782352703.932230,0.688727,0.241011,0.683760,0.450891,0.611912,-0.699060,-0.369966,0.136068,0.388829,0.673200,-0.628946,-0.537408,0.000000,0.000000,0.000000,1.000000,0.03479444960659489,11.550770412341741
1782352703.967343,0.688727,0.241011,0.683760,0.450891,0.611912,-0.699060,-0.369966,0.136068,0.388829,0.673200,-0.628946,-0.537408,0.000000,0.000000,0.000000,1.000000,0.03479444960659489,11.550770412341741
1782352704.003049,0.688727,0.241011,0.683760,0.456842,0.611912,-0.699060,-0.369966,0.130620,0.388829,0.673200,-0.628946,-0.543315,0.000000,0.000000,0.000000,1.000000,0.033365353718467876,11.550770412341741
1782352704.039051,0.688727,0.241011,0.683760,0.456842,0.611912,-0.699060,-0.369966,0.130620,0.388829,0.673200,-0.628946,-0.543315,0.000000,0.000000,0.000000,1.000000,0.033365353718467876,11.550770412341741
1782352704.074780,0.688727,0.241011,0.683760,0.456842,0.611912,-0.699060,-0.369966,0.130620,0.388829,0.673200,-0.628946,-0.543315,0.000000,0.000000,0.000000,1.000000,0.033365353718467876,11.550770412341741
1782352704.110315,0.688727,0.241011,0.683760,0.456842,0.611912,-0.699060,-0.369966,0.130620,0.388829,0.673200,-0.628946,-0.543315,0.000000,0.000000,0.000000,1.000000,0.033365353718467876,11.550770412341741
1782352704.146382,0.688727,0.241011,0.683760,0.456842,0.611912,-0.699060,-0.369966,0.130620,0.388829,0.673200,-0.628946,-0.543315,0.000000,0.000000,0.000000,1.000000,0.033365353718467876,11.550770412341741
1782352704.182295,0.688727,0.241011,0.683760,0.456842,0.611912,-0.699060,-0.369966,0.130620,0.388829,0.673200,-0.628946,-0.543315,0.000000,0.000000,0.000000,1.000000,0.033365353718467876,11.550770412341741
1782352704.218452,0.688727,0.241011,0.683760,0.456842,0.611912,-0.699060,-0.369966,0.130620,0.388829,0.673200,-0.628946,-0.543315,0.000000,0.000000,0.000000,1.000000,0.033365353718467876,11.550770412341741
1782352704.254308,0.688727,0.241011,0.683760,0.456842,0.611912,-0.699060,-0.369966,0.130620,0.388829,0.673200,-0.628946,-0.543315,0.000000,0.000000,0.000000,1.000000,0.033365353718467876,11.550770412341741
1782352704.290407,0.688727,0.241011,0.683760,0.456842,0.611912,-0.699060,-0.369966,0.130620,0.388829,0.673200,-0.628946,-0.543315,0.000000,0.000000,0.000000,1.000000,0.033365353718467876,11.550770412341741
1782352704.326773,0.688727,0.241011,0.683760,0.456842,0.611912,-0.699060,-0.369966,0.130620,0.388829,0.673200,-0.628946,-0.543315,0.000000,0.000000,0.000000,1.000000,0.033365353718467876,11.550770412341741
1782352704.363103,0.688727,0.241011,0.683760,0.456842,0.611912,-0.699060,-0.369966,0.130620,0.388829,0.673200,-0.628946,-0.543315,0.000000,0.000000,0.000000,1.000000,0.033365353718467876,11.550770412341741
1782352704.398989,0.688727,0.241011,0.683760,0.456842,0.611912,-0.699060,-0.369966,0.130620,0.388829,0.673200,-0.628946,-0.543315,0.000000,0.000000,0.000000,1.000000,0.033365353718467876,11.550770412341741
1782352704.434808,0.688727,0.241011,0.683760,0.456842,0.611912,-0.699060,-0.369966,0.130620,0.388829,0.673200,-0.628946,-0.543315,0.000000,0.000000,0.000000,1.000000,0.033365353718467876,11.550770412341741
1782352704.470916,0.688727,0.241011,0.683760,0.456842,0.611912,-0.699060,-0.369966,0.130620,0.388829,0.673200,-0.628946,-0.543315,0.000000,0.000000,0.000000,1.000000,0.033365353718467876,11.550770412341741
1782352704.506667,0.688727,0.241011,0.683760,0.456842,0.611912,-0.699060,-0.369966,0.130620,0.388829,0.673200,-0.628946,-0.543315,0.000000,0.000000,0.000000,1.000000,0.033365353718467876,11.550770412341741
1782352704.542213,0.688727,0.241011,0.683760,0.456842,0.611912,-0.699060,-0.369966,0.130620,0.388829,0.673200,-0.628946,-0.543315,0.000000,0.000000,0.000000,1.000000,0.033365353718467876,11.550770412341741
1782352704.577933,0.688727,0.241011,0.683760,0.456842,0.611912,-0.699060,-0.369966,0.130620,0.388829,0.673200,-0.628946,-0.543315,0.000000,0.000000,0.000000,1.000000,0.033365353718467876,11.550770412341741
1782352704.614100,0.688727,0.241011,0.683760,0.456842,0.611912,-0.699060,-0.369966,0.130620,0.388829,0.673200,-0.628946,-0.543315,0.000000,0.000000,0.000000,1.000000,0.033365353718467876,11.550770412341741
1782352704.650268,0.688727,0.241011,0.683760,0.456842,0.611912,-0.699060,-0.369966,0.130620,0.388829,0.673200,-0.628946,-0.543315,0.000000,0.000000,0.000000,1.000000,0.033365353718467876,11.550770412341741
1782352704.686246,0.688727,0.241011,0.683760,0.456842,0.611912,-0.699060,-0.369966,0.130620,0.388829,0.673200,-0.628946,-0.543315,0.000000,0.000000,0.000000,1.000000,0.033365353718467876,11.550770412341741
1782352704.722023,0.688727,0.241011,0.683760,0.456842,0.611912,-0.699060,-0.369966,0.130620,0.388829,0.673200,-0.628946,-0.543315,0.000000,0.000000,0.000000,1.000000,0.033365353718467876,11.550770412341741
1782352704.758123,0.688727,0.241011,0.683760,0.456842,0.611912,-0.699060,-0.369966,0.130620,0.388829,0.673200,-0.628946,-0.543315,0.000000,0.000000,0.000000,1.000000,0.033365353718467876,11.550770412341741
1782352704.793930,0.689292,0.260831,0.675871,0.456882,0.608594,-0.714591,-0.344918,0.130388,0.393012,0.649074,-0.651308,-0.543023,0.000000,0.000000,0.000000,1.000000,0.03364686020495772,12.9226662030791
1782352704.829482,0.689292,0.260831,0.675871,0.456882,0.608594,-0.714591,-0.344918,0.130388,0.393012,0.649074,-0.651308,-0.543023,0.000000,0.000000,0.000000,1.000000,0.03364686020495772,12.9226662030791
1782352704.865897,0.689292,0.260831,0.675871,0.456882,0.608594,-0.714591,-0.344918,0.130388,0.393012,0.649074,-0.651308,-0.543023,0.000000,0.000000,0.000000,1.000000,0.03364686020495772,12.9226662030791
1782352704.901820,0.689292,0.260831,0.675871,0.456882,0.608594,-0.714591,-0.344918,0.130388,0.393012,0.649074,-0.651308,-0.543023,0.000000,0.000000,0.000000,1.000000,0.03364686020495772,12.9226662030791
1782352704.937895,0.689292,0.260831,0.675871,0.456882,0.608594,-0.714591,-0.344918,0.130388,0.393012,0.649074,-0.651308,-0.543023,0.000000,0.000000,0.000000,1.000000,0.03364686020495772,12.9226662030791
1782352704.973784,0.689292,0.260831,0.675871,0.456882,0.608594,-0.714591,-0.344918,0.130388,0.393012,0.649074,-0.651308,-0.543023,0.000000,0.000000,0.000000,1.000000,0.03364686020495772,12.9226662030791
1782352705.009247,0.689292,0.260831,0.675871,0.456882,0.608594,-0.714591,-0.344918,0.130388,0.393012,0.649074,-0.651308,-0.543023,0.000000,0.000000,0.000000,1.000000,0.03364686020495772,12.9226662030791
1782352705.045292,0.689292,0.260831,0.675871,0.456882,0.608594,-0.714591,-0.344918,0.130388,0.393012,0.649074,-0.651308,-0.543023,0.000000,0.000000,0.000000,1.000000,0.03364686020495772,12.9226662030791
1782352705.081435,0.689292,0.260831,0.675871,0.456882,0.608594,-0.714591,-0.344918,0.130388,0.393012,0.649074,-0.651308,-0.543023,0.000000,0.000000,0.000000,1.000000,0.03364686020495772,12.9226662030791
1782352705.117465,0.689292,0.260831,0.675871,0.456882,0.608594,-0.714591,-0.344918,0.130388,0.393012,0.649074,-0.651308,-0.543023,0.000000,0.000000,0.000000,1.000000,0.03364686020495772,12.9226662030791
1782352705.153740,0.689292,0.260831,0.675871,0.456882,0.608594,-0.714591,-0.344918,0.130388,0.393012,0.649074,-0.651308,-0.543023,0.000000,0.000000,0.000000,1.000000,0.03364686020495772,12.9226662030791
1782352705.189557,0.689292,0.260831,0.675871,0.456882,0.608594,-0.714591,-0.344918,0.130388,0.393012,0.649074,-0.651308,-0.543023,0.000000,0.000000,0.000000,1.000000,0.03364686020495772,12.9226662030791
1782352705.225472,0.689292,0.260831,0.675871,0.456882,0.608594,-0.714591,-0.344918,0.130388,0.393012,0.649074,-0.651308,-0.543023,0.000000,0.000000,0.000000,1.000000,0.03364686020495772,12.9226662030791
1782352705.261186,0.689292,0.260831,0.675871,0.456882,0.608594,-0.714591,-0.344918,0.130388,0.393012,0.649074,-0.651308,-0.543023,0.000000,0.000000,0.000000,1.000000,0.03364686020495772,12.9226662030791
1782352705.296823,0.688756,0.240978,0.683741,0.456844,0.611887,-0.699058,-0.370010,0.130618,0.388816,0.673213,-0.628939,-0.543316,0.000000,0.000000,0.000000,1.000000,0.03336624480112882,11.547888353438267
1782352705.332563,0.688756,0.240978,0.683741,0.456844,0.611887,-0.699058,-0.370010,0.130618,0.388816,0.673213,-0.628939,-0.543316,0.000000,0.000000,0.000000,1.000000,0.03336624480112882,11.547888353438267
1782352705.368569,0.688756,0.240978,0.683741,0.456844,0.611887,-0.699058,-0.370010,0.130618,0.388816,0.673213,-0.628939,-0.543316,0.000000,0.000000,0.000000,1.000000,0.03336624480112882,11.547888353438267
1782352705.404368,0.688756,0.240978,0.683741,0.456844,0.611887,-0.699058,-0.370010,0.130618,0.388816,0.673213,-0.628939,-0.543316,0.000000,0.000000,0.000000,1.000000,0.03336624480112882,11.547888353438267
1782352705.440401,0.688756,0.240978,0.683741,0.456844,0.611887,-0.699058,-0.370010,0.130618,0.388816,0.673213,-0.628939,-0.543316,0.000000,0.000000,0.000000,1.000000,0.03336624480112882,11.547888353438267
1782352705.476529,0.688756,0.240978,0.683741,0.456844,0.611887,-0.699058,-0.370010,0.130618,0.388816,0.673213,-0.628939,-0.543316,0.000000,0.000000,0.000000,1.000000,0.03336624480112882,11.547888353438267
1782352705.512107,0.688756,0.240978,0.683741,0.456844,0.611887,-0.699058,-0.370010,0.130618,0.388816,0.673213,-0.628939,-0.543316,0.000000,0.000000,0.000000,1.000000,0.03336624480112882,11.547888353438267
1782352705.548010,0.688756,0.240978,0.683741,0.456844,0.611887,-0.699058,-0.370010,0.130618,0.388816,0.673213,-0.628939,-0.543316,0.000000,0.000000,0.000000,1.000000,0.03336624480112882,11.547888353438267
1782352705.584702,0.688756,0.240978,0.683741,0.456844,0.611887,-0.699058,-0.370010,0.130618,0.388816,0.673213,-0.628939,-0.543316,0.000000,0.000000,0.000000,1.000000,0.03336624480112882,11.547888353438267
1782352705.620429,0.688756,0.240978,0.683741,0.456844,0.611887,-0.699058,-0.370010,0.130618,0.388816,0.673213,-0.628939,-0.543316,0.000000,0.000000,0.000000,1.000000,0.03336624480112882,11.547888353438267
1782352705.656251,0.689322,0.260798,0.675853,0.456884,0.608569,-0.714590,-0.344963,0.130386,0.392998,0.649088,-0.651303,-0.543024,0.000000,0.000000,0.000000,1.000000,0.03364767856386419,12.919823845636923
1782352705.692260,0.689322,0.260798,0.675853,0.456884,0.608569,-0.714590,-0.344963,0.130386,0.392998,0.649088,-0.651303,-0.543024,0.000000,0.000000,0.000000,1.000000,0.03364767856386419,12.919823845636923
1782352705.728185,0.689322,0.260798,0.675853,0.456884,0.608569,-0.714590,-0.344963,0.130386,0.392998,0.649088,-0.651303,-0.543024,0.000000,0.000000,0.000000,1.000000,0.03364767856386419,12.919823845636923
1782352705.764118,0.689322,0.260798,0.675853,0.456884,0.608569,-0.714590,-0.344963,0.130386,0.392998,0.649088,-0.651303,-0.543024,0.000000,0.000000,0.000000,1.000000,0.03364767856386419,12.919823845636923
1782352705.799940,0.689322,0.260798,0.675853,0.456884,0.608569,-0.714590,-0.344963,0.130386,0.392998,0.649088,-0.651303,-0.543024,0.000000,0.000000,0.000000,1.000000,0.03364767856386419,12.919823845636923
1782352705.835480,0.689322,0.260798,0.675853,0.456884,0.608569,-0.714590,-0.344963,0.130386,0.392998,0.649088,-0.651303,-0.543024,0.000000,0.000000,0.000000,1.000000,0.03364767856386419,12.919823845636923
1782352705.871914,0.689322,0.260798,0.675853,0.456884,0.608569,-0.714590,-0.344963,0.130386,0.392998,0.649088,-0.651303,-0.543024,0.000000,0.000000,0.000000,1.000000,0.03364767856386419,12.919823845636923
1782352705.907946,0.689322,0.260798,0.675853,0.456884,0.608569,-0.714590,-0.344963,0.130386,0.392998,0.649088,-0.651303,-0.543024,0.000000,0.000000,0.000000,1.000000,0.03364767856386419,12.919823845636923
1782352705.943900,0.689322,0.260798,0.675853,0.456884,0.608569,-0.714590,-0.344963,0.130386,0.392998,0.649088,-0.651303,-0.543024,0.000000,0.000000,0.000000,1.000000,0.03364767856386419,12.919823845636923
1782352705.979760,0.689322,0.260798,0.675853,0.456884,0.608569,-0.714590,-0.344963,0.130386,0.392998,0.649088,-0.651303,-0.543024,0.000000,0.000000,0.000000,1.000000,0.03364767856386419,12.919823845636923
1782352706.015495,0.689322,0.260798,0.675853,0.456884,0.608569,-0.714590,-0.344963,0.130386,0.392998,0.649088,-0.651303,-0.543024,0.000000,0.000000,0.000000,1.000000,0.03364767856386419,12.919823845636923
1782352706.050611,0.689322,0.260798,0.675853,0.456884,0.608569,-0.714590,-0.344963,0.130386,0.392998,0.649088,-0.651303,-0.543024,0.000000,0.000000,0.000000,1.000000,0.03364767856386419,12.919823845636923
1782352706.085991,0.689322,0.260798,0.675853,0.456884,0.608569,-0.714590,-0.344963,0.130386,0.392998,0.649088,-0.651303,-0.543024,0.000000,0.000000,0.000000,1.000000,0.03364767856386419,12.919823845636923
1782352706.121453,0.689322,0.260798,0.675853,0.456884,0.608569,-0.714590,-0.344963,0.130386,0.392998,0.649088,-0.651303,-0.543024,0.000000,0.000000,0.000000,1.000000,0.03364767856386419,12.919823845636923
1782352706.157395,0.690000,0.280332,0.667288,0.456931,0.605145,-0.729232,-0.319400,0.130146,0.397075,0.624185,-0.672817,-0.542738,0.000000,0.000000,0.000000,1.000000,0.033931392447003376,14.438392879954254
1782352706.193495,0.690000,0.280332,0.667288,0.456931,0.605145,-0.729232,-0.319400,0.130146,0.397075,0.624185,-0.672817,-0.542738,0.000000,0.000000,0.000000,1.000000,0.033931392447003376,14.438392879954254
1782352706.229300,0.690789,0.299554,0.658055,0.456987,0.601618,-0.742965,-0.293351,0.129899,0.401042,0.598535,-0.693455,-0.542460,0.000000,0.000000,0.000000,1.000000,0.03421698906932589,16.06206020413922
1782352706.265408,0.690789,0.299554,0.658055,0.456987,0.601618,-0.742965,-0.293351,0.129899,0.401042,0.598535,-0.693455,-0.542460,0.000000,0.000000,0.000000,1.000000,0.03421698906932589,16.06206020413922
1782352706.301255,0.691689,0.318443,0.648166,0.457050,0.597992,-0.755773,-0.266849,0.129645,0.404896,0.572167,-0.713192,-0.542191,0.000000,0.000000,0.000000,1.000000,0.034504078811039555,17.762030266234426
1782352706.337207,0.691689,0.318443,0.648166,0.457050,0.597992,-0.755773,-0.266849,0.129645,0.404896,0.572167,-0.713192,-0.542191,0.000000,0.000000,0.000000,1.000000,0.034504078811039555,17.762030266234426
1782352706.373118,0.691689,0.318443,0.648166,0.457050,0.597992,-0.755773,-0.266849,0.129645,0.404896,0.572167,-0.713192,-0.542191,0.000000,0.000000,0.000000,1.000000,0.034504078811039555,17.762030266234426
1782352706.408836,0.692698,0.336974,0.637632,0.457120,0.594272,-0.767641,-0.239925,0.129385,0.408630,0.545115,-0.732004,-0.541929,0.000000,0.000000,0.000000,1.000000,0.034792280088196244,19.5183808172656
1782352706.444518,0.692698,0.336974,0.637632,0.457120,0.594272,-0.767641,-0.239925,0.129385,0.408630,0.545115,-0.732004,-0.541929,0.000000,0.000000,0.000000,1.000000,0.034792280088196244,19.5183808172656
1782352706.480209,0.692698,0.336974,0.637632,0.457120,0.594272,-0.767641,-0.239925,0.129385,0.408630,0.545115,-0.732004,-0.541929,0.000000,0.000000,0.000000,1.000000,0.034792280088196244,19.5183808172656
1782352706.516158,0.692698,0.336974,0.637632,0.457120,0.594272,-0.767641,-0.239925,0.129385,0.408630,0.545115,-0.732004,-0.541929,0.000000,0.000000,0.000000,1.000000,0.034792280088196244,19.5183808172656
1782352706.551985,0.692698,0.336974,0.637632,0.457120,0.594272,-0.767641,-0.239925,0.129385,0.408630,0.545115,-0.732004,-0.541929,0.000000,0.000000,0.000000,1.000000,0.034792280088196244,19.5183808172656
1782352706.587981,0.692698,0.336974,0.637632,0.457120,0.594272,-0.767641,-0.239925,0.129385,0.408630,0.545115,-0.732004,-0.541929,0.000000,0.000000,0.000000,1.000000,0.034792280088196244,19.5183808172656
1782352706.624027,0.692698,0.336974,0.637632,0.457120,0.594272,-0.767641,-0.239925,0.129385,0.408630,0.545115,-0.732004,-0.541929,0.000000,0.000000,0.000000,1.000000,0.034792280088196244,19.5183808172656
1782352706.659808,0.692698,0.336974,0.637632,0.457120,0.594272,-0.767641,-0.239925,0.129385,0.408630,0.545115,-0.732004,-0.541929,0.000000,0.000000,0.000000,1.000000,0.034792280088196244,19.5183808172656
1782352706.695501,0.692698,0.336974,0.637632,0.457120,0.594272,-0.767641,-0.239925,0.129385,0.408630,0.545115,-0.732004,-0.541929,0.000000,0.000000,0.000000,1.000000,0.034792280088196244,19.5183808172656
1782352706.731210,0.692698,0.336974,0.637632,0.457120,0.594272,-0.767641,-0.239925,0.129385,0.408630,0.545115,-0.732004,-0.541929,0.000000,0.000000,0.000000,1.000000,0.034792280088196244,19.5183808172656
1782352706.766962,0.692698,0.336974,0.637632,0.457120,0.594272,-0.767641,-0.239925,0.129385,0.408630,0.545115,-0.732004,-0.541929,0.000000,0.000000,0.000000,1.000000,0.034792280088196244,19.5183808172656
1782352706.803073,0.692698,0.336974,0.637632,0.457120,0.594272,-0.767641,-0.239925,0.129385,0.408630,0.545115,-0.732004,-0.541929,0.000000,0.000000,0.000000,1.000000,0.034792280088196244,19.5183808172656
1782352706.839111,0.692698,0.336974,0.637632,0.457120,0.594272,-0.767641,-0.239925,0.129385,0.408630,0.545115,-0.732004,-0.541929,0.000000,0.000000,0.000000,1.000000,0.034792280088196244,19.5183808172656
1782352706.875144,0.692698,0.336974,0.637632,0.457120,0.594272,-0.767641,-0.239925,0.129385,0.408630,0.545115,-0.732004,-0.541929,0.000000,0.000000,0.000000,1.000000,0.034792280088196244,19.5183808172656
1782352706.911060,0.692698,0.336974,0.637632,0.457120,0.594272,-0.767641,-0.239925,0.129385,0.408630,0.545115,-0.732004,-0.541929,0.000000,0.000000,0.000000,1.000000,0.034792280088196244,19.5183808172656
1782352706.947212,0.692698,0.336974,0.637632,0.457120,0.594272,-0.767641,-0.239925,0.129385,0.408630,0.545115,-0.732004,-0.541929,0.000000,0.000000,0.000000,1.000000,0.034792280088196244,19.5183808172656
1782352706.983298,0.692698,0.336974,0.637632,0.457120,0.594272,-0.767641,-0.239925,0.129385,0.408630,0.545115,-0.732004,-0.541929,0.000000,0.000000,0.000000,1.000000,0.034792280088196244,19.5183808172656
1782352707.018973,0.692698,0.336974,0.637632,0.457120,0.594272,-0.767641,-0.239925,0.129385,0.408630,0.545115,-0.732004,-0.541929,0.000000,0.000000,0.000000,1.000000,0.034792280088196244,19.5183808172656
1782352707.054752,0.692698,0.336974,0.637632,0.457120,0.594272,-0.767641,-0.239925,0.129385,0.408630,0.545115,-0.732004,-0.541929,0.000000,0.000000,0.000000,1.000000,0.034792280088196244,19.5183808172656
1782352707.090730,0.692698,0.336974,0.637632,0.457120,0.594272,-0.767641,-0.239925,0.129385,0.408630,0.545115,-0.732004,-0.541929,0.000000,0.000000,0.000000,1.000000,0.034792280088196244,19.5183808172656
1782352707.126858,0.692698,0.336974,0.637632,0.457120,0.594272,-0.767641,-0.239925,0.129385,0.408630,0.545115,-0.732004,-0.541929,0.000000,0.000000,0.000000,1.000000,0.034792280088196244,19.5183808172656
1782352707.162573,0.692698,0.336974,0.637632,0.457120,0.594272,-0.767641,-0.239925,0.129385,0.408630,0.545115,-0.732004,-0.541929,0.000000,0.000000,0.000000,1.000000,0.034792280088196244,19.5183808172656
1782352707.198689,0.692698,0.336974,0.637632,0.457120,0.594272,-0.767641,-0.239925,0.129385,0.408630,0.545115,-0.732004,-0.541929,0.000000,0.000000,0.000000,1.000000,0.034792280088196244,19.5183808172656
1782352707.234557,0.692698,0.336974,0.637632,0.457120,0.594272,-0.767641,-0.239925,0.129385,0.408630,0.545115,-0.732004,-0.541929,0.000000,0.000000,0.000000,1.000000,0.034792280088196244,19.5183808172656
1782352707.270164,0.692698,0.336974,0.637632,0.457120,0.594272,-0.767641,-0.239925,0.129385,0.408630,0.545115,-0.732004,-0.541929,0.000000,0.000000,0.000000,1.000000,0.034792280088196244,19.5183808172656
1782352707.306194,0.692698,0.336974,0.637632,0.457120,0.594272,-0.767641,-0.239925,0.129385,0.408630,0.545115,-0.732004,-0.541929,0.000000,0.000000,0.000000,1.000000,0.034792280088196244,19.5183808172656
1782352707.342173,0.692698,0.336974,0.637632,0.457120,0.594272,-0.767641,-0.239925,0.129385,0.408630,0.545115,-0.732004,-0.541929,0.000000,0.000000,0.000000,1.000000,0.034792280088196244,19.5183808172656
1782352707.378073,0.692698,0.336974,0.637632,0.457120,0.594272,-0.767641,-0.239925,0.129385,0.408630,0.545115,-0.732004,-0.541929,0.000000,0.000000,0.000000,1.000000,0.034792280088196244,19.5183808172656
1782352707.413954,0.691718,0.318409,0.648151,0.457052,0.597968,-0.755777,-0.266893,0.129644,0.404882,0.572181,-0.713188,-0.542192,0.000000,0.000000,0.000000,1.000000,0.034504880151304894,17.75945542189518
1782352707.450054,0.691718,0.318409,0.648151,0.457052,0.597968,-0.755777,-0.266893,0.129644,0.404882,0.572181,-0.713188,-0.542192,0.000000,0.000000,0.000000,1.000000,0.034504880151304894,17.75945542189518
1782352707.485101,0.691718,0.318409,0.648151,0.457052,0.597968,-0.755777,-0.266893,0.129644,0.404882,0.572181,-0.713188,-0.542192,0.000000,0.000000,0.000000,1.000000,0.034504880151304894,17.75945542189518
1782352707.520856,0.691718,0.318409,0.648151,0.457052,0.597968,-0.755777,-0.266893,0.129644,0.404882,0.572181,-0.713188,-0.542192,0.000000,0.000000,0.000000,1.000000,0.034504880151304894,17.75945542189518
1782352707.556749,0.691718,0.318409,0.648151,0.457052,0.597968,-0.755777,-0.266893,0.129644,0.404882,0.572181,-0.713188,-0.542192,0.000000,0.000000,0.000000,1.000000,0.034504880151304894,17.75945542189518
1782352707.592114,0.691718,0.318409,0.648151,0.457052,0.597968,-0.755777,-0.266893,0.129644,0.404882,0.572181,-0.713188,-0.542192,0.000000,0.000000,0.000000,1.000000,0.034504880151304894,17.75945542189518
